#ifndef SMOKE_VOLUME_H
#define SMOKE_VOLUME_H

#include <stdint.h>

#define VOL_SIZE 32

UINT8 vol3d[131072] = {
    0x00, 0x00, 0x00, 0x00, 0x07, 0x00, 0x00, 0x00, 0x0F, 0x00, 0x00, 0x00,
    0x17, 0x00, 0x00, 0x00, 0x1F, 0x00, 0x00, 0x00, 0x27, 0x00, 0x00, 0x00,
    0x2F, 0x00, 0x00, 0x00, 0x37, 0x00, 0x00, 0x00, 0x3F, 0x00, 0x00, 0x00,
    0x47, 0x00, 0x00, 0x00, 0x4F, 0x00, 0x00, 0x00, 0x57, 0x00, 0x00, 0x00,
    0x5F, 0x00, 0x00, 0x00, 0x67, 0x00, 0x00, 0x00, 0x6F, 0x00, 0x00, 0x00,
    0x77, 0x00, 0x00, 0x00, 0x7F, 0x00, 0x00, 0x00, 0x87, 0x00, 0x00, 0x00,
    0x8F, 0x00, 0x00, 0x00, 0x97, 0x00, 0x00, 0x00, 0x9F, 0x00, 0x00, 0x00,
    0xA7, 0x00, 0x00, 0x00, 0xAF, 0x00, 0x00, 0x00, 0xB7, 0x00, 0x00, 0x00,
    0xBF, 0x00, 0x00, 0x00, 0xC7, 0x00, 0x00, 0x00, 0xCF, 0x00, 0x00, 0x00,
    0xD7, 0x00, 0x00, 0x00, 0xDF, 0x00, 0x00, 0x00, 0xE7, 0x00, 0x00, 0x00,
    0xEF, 0x00, 0x00, 0x00, 0xF7, 0x00, 0x00, 0x00, 0x00, 0x07, 0x00, 0x00,
    0x07, 0x07, 0x00, 0x00, 0x0F, 0x07, 0x00, 0x00, 0x17, 0x07, 0x00, 0x00,
    0x1F, 0x07, 0x00, 0x00, 0x27, 0x07, 0x00, 0x00, 0x2F, 0x07, 0x00, 0x00,
    0x37, 0x07, 0x00, 0x00, 0x3F, 0x07, 0x00, 0x00, 0x47, 0x07, 0x00, 0x00,
    0x4F, 0x07, 0x00, 0x00, 0x57, 0x07, 0x00, 0x00, 0x5F, 0x07, 0x00, 0x00,
    0x67, 0x07, 0x00, 0x00, 0x6F, 0x07, 0x00, 0x00, 0x77, 0x07, 0x00, 0x00,
    0x7F, 0x07, 0x00, 0x00, 0x87, 0x07, 0x00, 0x00, 0x8F, 0x07, 0x00, 0x00,
    0x97, 0x07, 0x00, 0x00, 0x9F, 0x07, 0x00, 0x00, 0xA7, 0x07, 0x00, 0x00,
    0xAF, 0x07, 0x00, 0x00, 0xB7, 0x07, 0x00, 0x00, 0xBF, 0x07, 0x00, 0x00,
    0xC7, 0x07, 0x00, 0x00, 0xCF, 0x07, 0x00, 0x00, 0xD7, 0x07, 0x00, 0x00,
    0xDF, 0x07, 0x00, 0x00, 0xE7, 0x07, 0x00, 0x00, 0xEF, 0x07, 0x00, 0x00,
    0xF7, 0x07, 0x00, 0x00, 0x00, 0x0F, 0x00, 0x00, 0x07, 0x0F, 0x00, 0x00,
    0x0F, 0x0F, 0x00, 0x00, 0x17, 0x0F, 0x00, 0x00, 0x1F, 0x0F, 0x00, 0x00,
    0x27, 0x0F, 0x00, 0x00, 0x2F, 0x0F, 0x00, 0x00, 0x37, 0x0F, 0x00, 0x00,
    0x3F, 0x0F, 0x00, 0x00, 0x47, 0x0F, 0x00, 0x00, 0x4F, 0x0F, 0x00, 0x00,
    0x57, 0x0F, 0x00, 0x00, 0x5F, 0x0F, 0x00, 0x00, 0x67, 0x0F, 0x00, 0x00,
    0x6F, 0x0F, 0x00, 0x00, 0x77, 0x0F, 0x00, 0x00, 0x7F, 0x0F, 0x00, 0x00,
    0x87, 0x0F, 0x00, 0x00, 0x8F, 0x0F, 0x00, 0x00, 0x97, 0x0F, 0x00, 0x00,
    0x9F, 0x0F, 0x00, 0x00, 0xA7, 0x0F, 0x00, 0x00, 0xAF, 0x0F, 0x00, 0x00,
    0xB7, 0x0F, 0x00, 0x00, 0xBF, 0x0F, 0x00, 0x00, 0xC7, 0x0F, 0x00, 0x00,
    0xCF, 0x0F, 0x00, 0x00, 0xD7, 0x0F, 0x00, 0x00, 0xDF, 0x0F, 0x00, 0x00,
    0xE7, 0x0F, 0x00, 0x00, 0xEF, 0x0F, 0x00, 0x00, 0xF7, 0x0F, 0x00, 0x00,
    0x00, 0x17, 0x00, 0x00, 0x07, 0x17, 0x00, 0x00, 0x0F, 0x17, 0x00, 0x00,
    0x17, 0x17, 0x00, 0x00, 0x1F, 0x17, 0x00, 0x00, 0x27, 0x17, 0x00, 0x00,
    0x2F, 0x17, 0x00, 0x00, 0x37, 0x17, 0x00, 0x00, 0x3F, 0x17, 0x00, 0x00,
    0x47, 0x17, 0x00, 0x00, 0x4F, 0x17, 0x00, 0x00, 0x57, 0x17, 0x00, 0x00,
    0x5F, 0x17, 0x00, 0x00, 0x67, 0x17, 0x00, 0x00, 0x6F, 0x17, 0x00, 0x00,
    0x77, 0x17, 0x00, 0x00, 0x7F, 0x17, 0x00, 0x00, 0x87, 0x17, 0x00, 0x00,
    0x8F, 0x17, 0x00, 0x00, 0x97, 0x17, 0x00, 0x00, 0x9F, 0x17, 0x00, 0x00,
    0xA7, 0x17, 0x00, 0x00, 0xAF, 0x17, 0x00, 0x00, 0xB7, 0x17, 0x00, 0x00,
    0xBF, 0x17, 0x00, 0x00, 0xC7, 0x17, 0x00, 0x00, 0xCF, 0x17, 0x00, 0x00,
    0xD7, 0x17, 0x00, 0x00, 0xDF, 0x17, 0x00, 0x00, 0xE7, 0x17, 0x00, 0x00,
    0xEF, 0x17, 0x00, 0x00, 0xF7, 0x17, 0x00, 0x00, 0x00, 0x1F, 0x00, 0x00,
    0x07, 0x1F, 0x00, 0x00, 0x0F, 0x1F, 0x00, 0x00, 0x17, 0x1F, 0x00, 0x00,
    0x1F, 0x1F, 0x00, 0x00, 0x27, 0x1F, 0x00, 0x00, 0x2F, 0x1F, 0x00, 0x00,
    0x37, 0x1F, 0x00, 0x00, 0x3F, 0x1F, 0x00, 0x00, 0x47, 0x1F, 0x00, 0x00,
    0x4F, 0x1F, 0x00, 0x00, 0x57, 0x1F, 0x00, 0x00, 0x5F, 0x1F, 0x00, 0x00,
    0x67, 0x1F, 0x00, 0x00, 0x6F, 0x1F, 0x00, 0x00, 0x77, 0x1F, 0x00, 0x00,
    0x7F, 0x1F, 0x00, 0x00, 0x87, 0x1F, 0x00, 0x00, 0x8F, 0x1F, 0x00, 0x00,
    0x97, 0x1F, 0x00, 0x00, 0x9F, 0x1F, 0x00, 0x00, 0xA7, 0x1F, 0x00, 0x00,
    0xAF, 0x1F, 0x00, 0x00, 0xB7, 0x1F, 0x00, 0x00, 0xBF, 0x1F, 0x00, 0x00,
    0xC7, 0x1F, 0x00, 0x00, 0xCF, 0x1F, 0x00, 0x00, 0xD7, 0x1F, 0x00, 0x00,
    0xDF, 0x1F, 0x00, 0x00, 0xE7, 0x1F, 0x00, 0x00, 0xEF, 0x1F, 0x00, 0x00,
    0xF7, 0x1F, 0x00, 0x00, 0x00, 0x27, 0x00, 0x00, 0x07, 0x27, 0x00, 0x00,
    0x0F, 0x27, 0x00, 0x00, 0x17, 0x27, 0x00, 0x00, 0x1F, 0x27, 0x00, 0x00,
    0x27, 0x27, 0x00, 0x00, 0x2F, 0x27, 0x00, 0x00, 0x37, 0x27, 0x00, 0x00,
    0x3F, 0x27, 0x00, 0x00, 0x47, 0x27, 0x00, 0x00, 0x4F, 0x27, 0x00, 0x00,
    0x57, 0x27, 0x00, 0x00, 0x5F, 0x27, 0x00, 0x00, 0x67, 0x27, 0x00, 0x00,
    0x6F, 0x27, 0x00, 0x00, 0x77, 0x27, 0x00, 0x00, 0x7F, 0x27, 0x00, 0x00,
    0x87, 0x27, 0x00, 0x00, 0x8F, 0x27, 0x00, 0x00, 0x97, 0x27, 0x00, 0x00,
    0x9F, 0x27, 0x00, 0x00, 0xA7, 0x27, 0x00, 0x00, 0xAF, 0x27, 0x00, 0x00,
    0xB7, 0x27, 0x00, 0x00, 0xBF, 0x27, 0x00, 0x00, 0xC7, 0x27, 0x00, 0x00,
    0xCF, 0x27, 0x00, 0x00, 0xD7, 0x27, 0x00, 0x00, 0xDF, 0x27, 0x00, 0x00,
    0xE7, 0x27, 0x00, 0x00, 0xEF, 0x27, 0x00, 0x00, 0xF7, 0x27, 0x00, 0x00,
    0x00, 0x2F, 0x00, 0x00, 0x07, 0x2F, 0x00, 0x00, 0x0F, 0x2F, 0x00, 0x00,
    0x17, 0x2F, 0x00, 0x00, 0x1F, 0x2F, 0x00, 0x00, 0x27, 0x2F, 0x00, 0x00,
    0x2F, 0x2F, 0x00, 0x00, 0x37, 0x2F, 0x00, 0x00, 0x3F, 0x2F, 0x00, 0x00,
    0x47, 0x2F, 0x00, 0x00, 0x4F, 0x2F, 0x00, 0x00, 0x57, 0x2F, 0x00, 0x00,
    0x5F, 0x2F, 0x00, 0x00, 0x67, 0x2F, 0x00, 0x00, 0x6F, 0x2F, 0x00, 0x00,
    0x77, 0x2F, 0x00, 0x00, 0x7F, 0x2F, 0x00, 0x00, 0x87, 0x2F, 0x00, 0x00,
    0x8F, 0x2F, 0x00, 0x00, 0x97, 0x2F, 0x00, 0x00, 0x9F, 0x2F, 0x00, 0x00,
    0xA7, 0x2F, 0x00, 0x00, 0xAF, 0x2F, 0x00, 0x00, 0xB7, 0x2F, 0x00, 0x00,
    0xBF, 0x2F, 0x00, 0x00, 0xC7, 0x2F, 0x00, 0x00, 0xCF, 0x2F, 0x00, 0x00,
    0xD7, 0x2F, 0x00, 0x00, 0xDF, 0x2F, 0x00, 0x00, 0xE7, 0x2F, 0x00, 0x00,
    0xEF, 0x2F, 0x00, 0x00, 0xF7, 0x2F, 0x00, 0x00, 0x00, 0x37, 0x00, 0x00,
    0x07, 0x37, 0x00, 0x00, 0x0F, 0x37, 0x00, 0x00, 0x17, 0x37, 0x00, 0x00,
    0x1F, 0x37, 0x00, 0x00, 0x27, 0x37, 0x00, 0x00, 0x2F, 0x37, 0x00, 0x00,
    0x37, 0x37, 0x00, 0x00, 0x3F, 0x37, 0x00, 0x00, 0x47, 0x37, 0x00, 0x00,
    0x4F, 0x37, 0x00, 0x00, 0x57, 0x37, 0x00, 0x00, 0x5F, 0x37, 0x00, 0x00,
    0x67, 0x37, 0x00, 0x00, 0x6F, 0x37, 0x00, 0x00, 0x77, 0x37, 0x00, 0x00,
    0x7F, 0x37, 0x00, 0x00, 0x87, 0x37, 0x00, 0x00, 0x8F, 0x37, 0x00, 0x00,
    0x97, 0x37, 0x00, 0x00, 0x9F, 0x37, 0x00, 0x00, 0xA7, 0x37, 0x00, 0x00,
    0xAF, 0x37, 0x00, 0x00, 0xB7, 0x37, 0x00, 0x00, 0xBF, 0x37, 0x00, 0x00,
    0xC7, 0x37, 0x00, 0x00, 0xCF, 0x37, 0x00, 0x00, 0xD7, 0x37, 0x00, 0x00,
    0xDF, 0x37, 0x00, 0x00, 0xE7, 0x37, 0x00, 0x00, 0xEF, 0x37, 0x00, 0x00,
    0xF7, 0x37, 0x00, 0x00, 0x00, 0x3F, 0x00, 0x00, 0x07, 0x3F, 0x00, 0x00,
    0x0F, 0x3F, 0x00, 0x00, 0x17, 0x3F, 0x00, 0x00, 0x1F, 0x3F, 0x00, 0x00,
    0x27, 0x3F, 0x00, 0x00, 0x2F, 0x3F, 0x00, 0x00, 0x37, 0x3F, 0x00, 0x00,
    0x3F, 0x3F, 0x00, 0x00, 0x47, 0x3F, 0x00, 0x00, 0x4F, 0x3F, 0x00, 0x00,
    0x57, 0x3F, 0x00, 0x00, 0x5F, 0x3F, 0x00, 0x00, 0x67, 0x3F, 0x00, 0x00,
    0x6F, 0x3F, 0x00, 0x00, 0x77, 0x3F, 0x00, 0x00, 0x7F, 0x3F, 0x00, 0x00,
    0x87, 0x3F, 0x00, 0x00, 0x8F, 0x3F, 0x00, 0x00, 0x97, 0x3F, 0x00, 0x00,
    0x9F, 0x3F, 0x00, 0x00, 0xA7, 0x3F, 0x00, 0x00, 0xAF, 0x3F, 0x00, 0x00,
    0xB7, 0x3F, 0x00, 0x00, 0xBF, 0x3F, 0x00, 0x00, 0xC7, 0x3F, 0x00, 0x00,
    0xCF, 0x3F, 0x00, 0x00, 0xD7, 0x3F, 0x00, 0x00, 0xDF, 0x3F, 0x00, 0x00,
    0xE7, 0x3F, 0x00, 0x00, 0xEF, 0x3F, 0x00, 0x00, 0xF7, 0x3F, 0x00, 0x00,
    0x00, 0x47, 0x00, 0x00, 0x07, 0x47, 0x00, 0x00, 0x0F, 0x47, 0x00, 0x00,
    0x17, 0x47, 0x00, 0x00, 0x1F, 0x47, 0x00, 0x00, 0x27, 0x47, 0x00, 0x00,
    0x2F, 0x47, 0x00, 0x00, 0x37, 0x47, 0x00, 0x00, 0x3F, 0x47, 0x00, 0x00,
    0x47, 0x47, 0x00, 0x00, 0x4F, 0x47, 0x00, 0x00, 0x57, 0x47, 0x00, 0x00,
    0x5F, 0x47, 0x00, 0x00, 0x67, 0x47, 0x00, 0x00, 0x6F, 0x47, 0x00, 0x00,
    0x77, 0x47, 0x00, 0x00, 0x7F, 0x47, 0x00, 0x00, 0x87, 0x47, 0x00, 0x00,
    0x8F, 0x47, 0x00, 0x00, 0x97, 0x47, 0x00, 0x00, 0x9F, 0x47, 0x00, 0x00,
    0xA7, 0x47, 0x00, 0x00, 0xAF, 0x47, 0x00, 0x00, 0xB7, 0x47, 0x00, 0x00,
    0xBF, 0x47, 0x00, 0x00, 0xC7, 0x47, 0x00, 0x00, 0xCF, 0x47, 0x00, 0x00,
    0xD7, 0x47, 0x00, 0x00, 0xDF, 0x47, 0x00, 0x00, 0xE7, 0x47, 0x00, 0x00,
    0xEF, 0x47, 0x00, 0x00, 0xF7, 0x47, 0x00, 0x00, 0x00, 0x4F, 0x00, 0x00,
    0x07, 0x4F, 0x00, 0x00, 0x0F, 0x4F, 0x00, 0x00, 0x17, 0x4F, 0x00, 0x00,
    0x1F, 0x4F, 0x00, 0x00, 0x27, 0x4F, 0x00, 0x00, 0x2F, 0x4F, 0x00, 0x00,
    0x37, 0x4F, 0x00, 0x00, 0x3F, 0x4F, 0x00, 0x00, 0x47, 0x4F, 0x00, 0x00,
    0x4F, 0x4F, 0x00, 0x00, 0x57, 0x4F, 0x00, 0x00, 0x5F, 0x4F, 0x00, 0x00,
    0x67, 0x4F, 0x00, 0x00, 0x6F, 0x4F, 0x00, 0x00, 0x77, 0x4F, 0x00, 0x00,
    0x7F, 0x4F, 0x00, 0x00, 0x87, 0x4F, 0x00, 0x00, 0x8F, 0x4F, 0x00, 0x00,
    0x97, 0x4F, 0x00, 0x00, 0x9F, 0x4F, 0x00, 0x00, 0xA7, 0x4F, 0x00, 0x00,
    0xAF, 0x4F, 0x00, 0x00, 0xB7, 0x4F, 0x00, 0x00, 0xBF, 0x4F, 0x00, 0x00,
    0xC7, 0x4F, 0x00, 0x00, 0xCF, 0x4F, 0x00, 0x00, 0xD7, 0x4F, 0x00, 0x00,
    0xDF, 0x4F, 0x00, 0x00, 0xE7, 0x4F, 0x00, 0x00, 0xEF, 0x4F, 0x00, 0x00,
    0xF7, 0x4F, 0x00, 0x00, 0x00, 0x57, 0x00, 0x00, 0x07, 0x57, 0x00, 0x00,
    0x0F, 0x57, 0x00, 0x00, 0x17, 0x57, 0x00, 0x00, 0x1F, 0x57, 0x00, 0x00,
    0x27, 0x57, 0x00, 0x00, 0x2F, 0x57, 0x00, 0x00, 0x37, 0x57, 0x00, 0x00,
    0x3F, 0x57, 0x00, 0x00, 0x47, 0x57, 0x00, 0x00, 0x4F, 0x57, 0x00, 0x00,
    0x57, 0x57, 0x00, 0x00, 0x5F, 0x57, 0x00, 0x00, 0x67, 0x57, 0x00, 0x00,
    0x6F, 0x57, 0x00, 0x00, 0x77, 0x57, 0x00, 0x00, 0x7F, 0x57, 0x00, 0x00,
    0x87, 0x57, 0x00, 0x00, 0x8F, 0x57, 0x00, 0x00, 0x97, 0x57, 0x00, 0x00,
    0x9F, 0x57, 0x00, 0x00, 0xA7, 0x57, 0x00, 0x00, 0xAF, 0x57, 0x00, 0x00,
    0xB7, 0x57, 0x00, 0x00, 0xBF, 0x57, 0x00, 0x00, 0xC7, 0x57, 0x00, 0x00,
    0xCF, 0x57, 0x00, 0x00, 0xD7, 0x57, 0x00, 0x00, 0xDF, 0x57, 0x00, 0x00,
    0xE7, 0x57, 0x00, 0x00, 0xEF, 0x57, 0x00, 0x00, 0xF7, 0x57, 0x00, 0x00,
    0x00, 0x5F, 0x00, 0x00, 0x07, 0x5F, 0x00, 0x00, 0x0F, 0x5F, 0x00, 0x00,
    0x17, 0x5F, 0x00, 0x00, 0x1F, 0x5F, 0x00, 0x00, 0x27, 0x5F, 0x00, 0x00,
    0x2F, 0x5F, 0x00, 0x00, 0x37, 0x5F, 0x00, 0x00, 0x3F, 0x5F, 0x00, 0x00,
    0x47, 0x5F, 0x00, 0x00, 0x4F, 0x5F, 0x00, 0x00, 0x57, 0x5F, 0x00, 0x00,
    0x5F, 0x5F, 0x00, 0x00, 0x67, 0x5F, 0x00, 0x00, 0x6F, 0x5F, 0x00, 0x00,
    0x77, 0x5F, 0x00, 0x00, 0x7F, 0x5F, 0x00, 0x00, 0x87, 0x5F, 0x00, 0x00,
    0x8F, 0x5F, 0x00, 0x00, 0x97, 0x5F, 0x00, 0x00, 0x9F, 0x5F, 0x00, 0x00,
    0xA7, 0x5F, 0x00, 0x00, 0xAF, 0x5F, 0x00, 0x00, 0xB7, 0x5F, 0x00, 0x00,
    0xBF, 0x5F, 0x00, 0x00, 0xC7, 0x5F, 0x00, 0x00, 0xCF, 0x5F, 0x00, 0x00,
    0xD7, 0x5F, 0x00, 0x00, 0xDF, 0x5F, 0x00, 0x00, 0xE7, 0x5F, 0x00, 0x00,
    0xEF, 0x5F, 0x00, 0x00, 0xF7, 0x5F, 0x00, 0x00, 0x00, 0x67, 0x00, 0x00,
    0x07, 0x67, 0x00, 0x00, 0x0F, 0x67, 0x00, 0x00, 0x17, 0x67, 0x00, 0x00,
    0x1F, 0x67, 0x00, 0x00, 0x27, 0x67, 0x00, 0x00, 0x2F, 0x67, 0x00, 0x00,
    0x37, 0x67, 0x00, 0x00, 0x3F, 0x67, 0x00, 0x00, 0x47, 0x67, 0x00, 0x00,
    0x4F, 0x67, 0x00, 0x00, 0x57, 0x67, 0x00, 0x00, 0x5F, 0x67, 0x00, 0x00,
    0x67, 0x67, 0x00, 0x00, 0x6F, 0x67, 0x00, 0x00, 0x77, 0x67, 0x00, 0x00,
    0x7F, 0x67, 0x00, 0x00, 0x87, 0x67, 0x00, 0x00, 0x8F, 0x67, 0x00, 0x00,
    0x97, 0x67, 0x00, 0x00, 0x9F, 0x67, 0x00, 0x00, 0xA7, 0x67, 0x00, 0x00,
    0xAF, 0x67, 0x00, 0x00, 0xB7, 0x67, 0x00, 0x00, 0xBF, 0x67, 0x00, 0x00,
    0xC7, 0x67, 0x00, 0x00, 0xCF, 0x67, 0x00, 0x00, 0xD7, 0x67, 0x00, 0x00,
    0xDF, 0x67, 0x00, 0x00, 0xE7, 0x67, 0x00, 0x00, 0xEF, 0x67, 0x00, 0x00,
    0xF7, 0x67, 0x00, 0x00, 0x00, 0x6F, 0x00, 0x00, 0x07, 0x6F, 0x00, 0x00,
    0x0F, 0x6F, 0x00, 0x00, 0x17, 0x6F, 0x00, 0x00, 0x1F, 0x6F, 0x00, 0x00,
    0x27, 0x6F, 0x00, 0x00, 0x2F, 0x6F, 0x00, 0x00, 0x37, 0x6F, 0x00, 0x00,
    0x3F, 0x6F, 0x00, 0x00, 0x47, 0x6F, 0x00, 0x00, 0x4F, 0x6F, 0x00, 0x00,
    0x57, 0x6F, 0x00, 0x00, 0x5F, 0x6F, 0x00, 0x00, 0x67, 0x6F, 0x00, 0x00,
    0x6F, 0x6F, 0x00, 0x00, 0x77, 0x6F, 0x00, 0x00, 0x7F, 0x6F, 0x00, 0x00,
    0x87, 0x6F, 0x00, 0x00, 0x8F, 0x6F, 0x00, 0x00, 0x97, 0x6F, 0x00, 0x00,
    0x9F, 0x6F, 0x00, 0x00, 0xA7, 0x6F, 0x00, 0x00, 0xAF, 0x6F, 0x00, 0x00,
    0xB7, 0x6F, 0x00, 0x00, 0xBF, 0x6F, 0x00, 0x00, 0xC7, 0x6F, 0x00, 0x00,
    0xCF, 0x6F, 0x00, 0x00, 0xD7, 0x6F, 0x00, 0x00, 0xDF, 0x6F, 0x00, 0x00,
    0xE7, 0x6F, 0x00, 0x00, 0xEF, 0x6F, 0x00, 0x00, 0xF7, 0x6F, 0x00, 0x00,
    0x00, 0x77, 0x00, 0x00, 0x07, 0x77, 0x00, 0x00, 0x0F, 0x77, 0x00, 0x00,
    0x17, 0x77, 0x00, 0x00, 0x1F, 0x77, 0x00, 0x00, 0x27, 0x77, 0x00, 0x00,
    0x2F, 0x77, 0x00, 0x00, 0x37, 0x77, 0x00, 0x00, 0x3F, 0x77, 0x00, 0x00,
    0x47, 0x77, 0x00, 0x00, 0x4F, 0x77, 0x00, 0x00, 0x57, 0x77, 0x00, 0x00,
    0x5F, 0x77, 0x00, 0x00, 0x67, 0x77, 0x00, 0x00, 0x6F, 0x77, 0x00, 0x00,
    0x77, 0x77, 0x00, 0x00, 0x7F, 0x77, 0x00, 0x00, 0x87, 0x77, 0x00, 0x00,
    0x8F, 0x77, 0x00, 0x00, 0x97, 0x77, 0x00, 0x00, 0x9F, 0x77, 0x00, 0x00,
    0xA7, 0x77, 0x00, 0x00, 0xAF, 0x77, 0x00, 0x00, 0xB7, 0x77, 0x00, 0x00,
    0xBF, 0x77, 0x00, 0x00, 0xC7, 0x77, 0x00, 0x00, 0xCF, 0x77, 0x00, 0x00,
    0xD7, 0x77, 0x00, 0x00, 0xDF, 0x77, 0x00, 0x00, 0xE7, 0x77, 0x00, 0x00,
    0xEF, 0x77, 0x00, 0x00, 0xF7, 0x77, 0x00, 0x00, 0x00, 0x7F, 0x00, 0x00,
    0x07, 0x7F, 0x00, 0x00, 0x0F, 0x7F, 0x00, 0x00, 0x17, 0x7F, 0x00, 0x00,
    0x1F, 0x7F, 0x00, 0x00, 0x27, 0x7F, 0x00, 0x00, 0x2F, 0x7F, 0x00, 0x00,
    0x37, 0x7F, 0x00, 0x00, 0x3F, 0x7F, 0x00, 0x00, 0x47, 0x7F, 0x00, 0x00,
    0x4F, 0x7F, 0x00, 0x00, 0x57, 0x7F, 0x00, 0x00, 0x5F, 0x7F, 0x00, 0x00,
    0x67, 0x7F, 0x00, 0x00, 0x6F, 0x7F, 0x00, 0x00, 0x77, 0x7F, 0x00, 0x00,
    0x7F, 0x7F, 0x00, 0x00, 0x87, 0x7F, 0x00, 0x00, 0x8F, 0x7F, 0x00, 0x00,
    0x97, 0x7F, 0x00, 0x00, 0x9F, 0x7F, 0x00, 0x00, 0xA7, 0x7F, 0x00, 0x00,
    0xAF, 0x7F, 0x00, 0x00, 0xB7, 0x7F, 0x00, 0x00, 0xBF, 0x7F, 0x00, 0x00,
    0xC7, 0x7F, 0x00, 0x00, 0xCF, 0x7F, 0x00, 0x00, 0xD7, 0x7F, 0x00, 0x00,
    0xDF, 0x7F, 0x00, 0x00, 0xE7, 0x7F, 0x00, 0x00, 0xEF, 0x7F, 0x00, 0x00,
    0xF7, 0x7F, 0x00, 0x00, 0x00, 0x87, 0x00, 0x00, 0x07, 0x87, 0x00, 0x00,
    0x0F, 0x87, 0x00, 0x00, 0x17, 0x87, 0x00, 0x00, 0x1F, 0x87, 0x00, 0x00,
    0x27, 0x87, 0x00, 0x00, 0x2F, 0x87, 0x00, 0x00, 0x37, 0x87, 0x00, 0x00,
    0x3F, 0x87, 0x00, 0x00, 0x47, 0x87, 0x00, 0x00, 0x4F, 0x87, 0x00, 0x00,
    0x57, 0x87, 0x00, 0x00, 0x5F, 0x87, 0x00, 0x00, 0x67, 0x87, 0x00, 0x00,
    0x6F, 0x87, 0x00, 0x00, 0x77, 0x87, 0x00, 0x00, 0x7F, 0x87, 0x00, 0x00,
    0x87, 0x87, 0x00, 0x00, 0x8F, 0x87, 0x00, 0x00, 0x97, 0x87, 0x00, 0x00,
    0x9F, 0x87, 0x00, 0x00, 0xA7, 0x87, 0x00, 0x00, 0xAF, 0x87, 0x00, 0x00,
    0xB7, 0x87, 0x00, 0x00, 0xBF, 0x87, 0x00, 0x00, 0xC7, 0x87, 0x00, 0x00,
    0xCF, 0x87, 0x00, 0x00, 0xD7, 0x87, 0x00, 0x00, 0xDF, 0x87, 0x00, 0x00,
    0xE7, 0x87, 0x00, 0x00, 0xEF, 0x87, 0x00, 0x00, 0xF7, 0x87, 0x00, 0x00,
    0x00, 0x8F, 0x00, 0x00, 0x07, 0x8F, 0x00, 0x00, 0x0F, 0x8F, 0x00, 0x00,
    0x17, 0x8F, 0x00, 0x00, 0x1F, 0x8F, 0x00, 0x00, 0x27, 0x8F, 0x00, 0x00,
    0x2F, 0x8F, 0x00, 0x00, 0x37, 0x8F, 0x00, 0x00, 0x3F, 0x8F, 0x00, 0x00,
    0x47, 0x8F, 0x00, 0x00, 0x4F, 0x8F, 0x00, 0x00, 0x57, 0x8F, 0x00, 0x00,
    0x5F, 0x8F, 0x00, 0x00, 0x67, 0x8F, 0x00, 0x00, 0x6F, 0x8F, 0x00, 0x00,
    0x77, 0x8F, 0x00, 0x00, 0x7F, 0x8F, 0x00, 0x00, 0x87, 0x8F, 0x00, 0x00,
    0x8F, 0x8F, 0x00, 0x00, 0x97, 0x8F, 0x00, 0x00, 0x9F, 0x8F, 0x00, 0x00,
    0xA7, 0x8F, 0x00, 0x00, 0xAF, 0x8F, 0x00, 0x00, 0xB7, 0x8F, 0x00, 0x00,
    0xBF, 0x8F, 0x00, 0x00, 0xC7, 0x8F, 0x00, 0x00, 0xCF, 0x8F, 0x00, 0x00,
    0xD7, 0x8F, 0x00, 0x00, 0xDF, 0x8F, 0x00, 0x00, 0xE7, 0x8F, 0x00, 0x00,
    0xEF, 0x8F, 0x00, 0x00, 0xF7, 0x8F, 0x00, 0x00, 0x00, 0x97, 0x00, 0x00,
    0x07, 0x97, 0x00, 0x00, 0x0F, 0x97, 0x00, 0x00, 0x17, 0x97, 0x00, 0x00,
    0x1F, 0x97, 0x00, 0x00, 0x27, 0x97, 0x00, 0x00, 0x2F, 0x97, 0x00, 0x00,
    0x37, 0x97, 0x00, 0x00, 0x3F, 0x97, 0x00, 0x00, 0x47, 0x97, 0x00, 0x00,
    0x4F, 0x97, 0x00, 0x00, 0x57, 0x97, 0x00, 0x00, 0x5F, 0x97, 0x00, 0x00,
    0x67, 0x97, 0x00, 0x00, 0x6F, 0x97, 0x00, 0x00, 0x77, 0x97, 0x00, 0x00,
    0x7F, 0x97, 0x00, 0x00, 0x87, 0x97, 0x00, 0x00, 0x8F, 0x97, 0x00, 0x00,
    0x97, 0x97, 0x00, 0x00, 0x9F, 0x97, 0x00, 0x00, 0xA7, 0x97, 0x00, 0x00,
    0xAF, 0x97, 0x00, 0x00, 0xB7, 0x97, 0x00, 0x00, 0xBF, 0x97, 0x00, 0x00,
    0xC7, 0x97, 0x00, 0x00, 0xCF, 0x97, 0x00, 0x00, 0xD7, 0x97, 0x00, 0x00,
    0xDF, 0x97, 0x00, 0x00, 0xE7, 0x97, 0x00, 0x00, 0xEF, 0x97, 0x00, 0x00,
    0xF7, 0x97, 0x00, 0x00, 0x00, 0x9F, 0x00, 0x00, 0x07, 0x9F, 0x00, 0x00,
    0x0F, 0x9F, 0x00, 0x00, 0x17, 0x9F, 0x00, 0x00, 0x1F, 0x9F, 0x00, 0x00,
    0x27, 0x9F, 0x00, 0x00, 0x2F, 0x9F, 0x00, 0x00, 0x37, 0x9F, 0x00, 0x00,
    0x3F, 0x9F, 0x00, 0x00, 0x47, 0x9F, 0x00, 0x00, 0x4F, 0x9F, 0x00, 0x00,
    0x57, 0x9F, 0x00, 0x00, 0x5F, 0x9F, 0x00, 0x00, 0x67, 0x9F, 0x00, 0x00,
    0x6F, 0x9F, 0x00, 0x00, 0x77, 0x9F, 0x00, 0x00, 0x7F, 0x9F, 0x00, 0x00,
    0x87, 0x9F, 0x00, 0x00, 0x8F, 0x9F, 0x00, 0x00, 0x97, 0x9F, 0x00, 0x00,
    0x9F, 0x9F, 0x00, 0x00, 0xA7, 0x9F, 0x00, 0x00, 0xAF, 0x9F, 0x00, 0x00,
    0xB7, 0x9F, 0x00, 0x00, 0xBF, 0x9F, 0x00, 0x00, 0xC7, 0x9F, 0x00, 0x00,
    0xCF, 0x9F, 0x00, 0x00, 0xD7, 0x9F, 0x00, 0x00, 0xDF, 0x9F, 0x00, 0x00,
    0xE7, 0x9F, 0x00, 0x00, 0xEF, 0x9F, 0x00, 0x00, 0xF7, 0x9F, 0x00, 0x00,
    0x00, 0xA7, 0x00, 0x00, 0x07, 0xA7, 0x00, 0x00, 0x0F, 0xA7, 0x00, 0x00,
    0x17, 0xA7, 0x00, 0x00, 0x1F, 0xA7, 0x00, 0x00, 0x27, 0xA7, 0x00, 0x00,
    0x2F, 0xA7, 0x00, 0x00, 0x37, 0xA7, 0x00, 0x00, 0x3F, 0xA7, 0x00, 0x00,
    0x47, 0xA7, 0x00, 0x00, 0x4F, 0xA7, 0x00, 0x00, 0x57, 0xA7, 0x00, 0x00,
    0x5F, 0xA7, 0x00, 0x00, 0x67, 0xA7, 0x00, 0x00, 0x6F, 0xA7, 0x00, 0x00,
    0x77, 0xA7, 0x00, 0x00, 0x7F, 0xA7, 0x00, 0x00, 0x87, 0xA7, 0x00, 0x00,
    0x8F, 0xA7, 0x00, 0x00, 0x97, 0xA7, 0x00, 0x00, 0x9F, 0xA7, 0x00, 0x00,
    0xA7, 0xA7, 0x00, 0x00, 0xAF, 0xA7, 0x00, 0x00, 0xB7, 0xA7, 0x00, 0x00,
    0xBF, 0xA7, 0x00, 0x00, 0xC7, 0xA7, 0x00, 0x00, 0xCF, 0xA7, 0x00, 0x00,
    0xD7, 0xA7, 0x00, 0x00, 0xDF, 0xA7, 0x00, 0x00, 0xE7, 0xA7, 0x00, 0x00,
    0xEF, 0xA7, 0x00, 0x00, 0xF7, 0xA7, 0x00, 0x00, 0x00, 0xAF, 0x00, 0x00,
    0x07, 0xAF, 0x00, 0x00, 0x0F, 0xAF, 0x00, 0x00, 0x17, 0xAF, 0x00, 0x00,
    0x1F, 0xAF, 0x00, 0x00, 0x27, 0xAF, 0x00, 0x00, 0x2F, 0xAF, 0x00, 0x00,
    0x37, 0xAF, 0x00, 0x00, 0x3F, 0xAF, 0x00, 0x00, 0x47, 0xAF, 0x00, 0x00,
    0x4F, 0xAF, 0x00, 0x00, 0x57, 0xAF, 0x00, 0x00, 0x5F, 0xAF, 0x00, 0x00,
    0x67, 0xAF, 0x00, 0x00, 0x6F, 0xAF, 0x00, 0x00, 0x77, 0xAF, 0x00, 0x00,
    0x7F, 0xAF, 0x00, 0x00, 0x87, 0xAF, 0x00, 0x00, 0x8F, 0xAF, 0x00, 0x00,
    0x97, 0xAF, 0x00, 0x00, 0x9F, 0xAF, 0x00, 0x00, 0xA7, 0xAF, 0x00, 0x00,
    0xAF, 0xAF, 0x00, 0x00, 0xB7, 0xAF, 0x00, 0x00, 0xBF, 0xAF, 0x00, 0x00,
    0xC7, 0xAF, 0x00, 0x00, 0xCF, 0xAF, 0x00, 0x00, 0xD7, 0xAF, 0x00, 0x00,
    0xDF, 0xAF, 0x00, 0x00, 0xE7, 0xAF, 0x00, 0x00, 0xEF, 0xAF, 0x00, 0x00,
    0xF7, 0xAF, 0x00, 0x00, 0x00, 0xB7, 0x00, 0x00, 0x07, 0xB7, 0x00, 0x00,
    0x0F, 0xB7, 0x00, 0x00, 0x17, 0xB7, 0x00, 0x00, 0x1F, 0xB7, 0x00, 0x00,
    0x27, 0xB7, 0x00, 0x00, 0x2F, 0xB7, 0x00, 0x00, 0x37, 0xB7, 0x00, 0x00,
    0x3F, 0xB7, 0x00, 0x00, 0x47, 0xB7, 0x00, 0x00, 0x4F, 0xB7, 0x00, 0x00,
    0x57, 0xB7, 0x00, 0x00, 0x5F, 0xB7, 0x00, 0x00, 0x67, 0xB7, 0x00, 0x00,
    0x6F, 0xB7, 0x00, 0x00, 0x77, 0xB7, 0x00, 0x00, 0x7F, 0xB7, 0x00, 0x00,
    0x87, 0xB7, 0x00, 0x00, 0x8F, 0xB7, 0x00, 0x00, 0x97, 0xB7, 0x00, 0x00,
    0x9F, 0xB7, 0x00, 0x00, 0xA7, 0xB7, 0x00, 0x00, 0xAF, 0xB7, 0x00, 0x00,
    0xB7, 0xB7, 0x00, 0x00, 0xBF, 0xB7, 0x00, 0x00, 0xC7, 0xB7, 0x00, 0x00,
    0xCF, 0xB7, 0x00, 0x00, 0xD7, 0xB7, 0x00, 0x00, 0xDF, 0xB7, 0x00, 0x00,
    0xE7, 0xB7, 0x00, 0x00, 0xEF, 0xB7, 0x00, 0x00, 0xF7, 0xB7, 0x00, 0x00,
    0x00, 0xBF, 0x00, 0x00, 0x07, 0xBF, 0x00, 0x00, 0x0F, 0xBF, 0x00, 0x00,
    0x17, 0xBF, 0x00, 0x00, 0x1F, 0xBF, 0x00, 0x00, 0x27, 0xBF, 0x00, 0x00,
    0x2F, 0xBF, 0x00, 0x00, 0x37, 0xBF, 0x00, 0x00, 0x3F, 0xBF, 0x00, 0x00,
    0x47, 0xBF, 0x00, 0x00, 0x4F, 0xBF, 0x00, 0x00, 0x57, 0xBF, 0x00, 0x00,
    0x5F, 0xBF, 0x00, 0x00, 0x67, 0xBF, 0x00, 0x00, 0x6F, 0xBF, 0x00, 0x00,
    0x77, 0xBF, 0x00, 0x00, 0x7F, 0xBF, 0x00, 0x00, 0x87, 0xBF, 0x00, 0x00,
    0x8F, 0xBF, 0x00, 0x00, 0x97, 0xBF, 0x00, 0x00, 0x9F, 0xBF, 0x00, 0x00,
    0xA7, 0xBF, 0x00, 0x00, 0xAF, 0xBF, 0x00, 0x00, 0xB7, 0xBF, 0x00, 0x00,
    0xBF, 0xBF, 0x00, 0x00, 0xC7, 0xBF, 0x00, 0x00, 0xCF, 0xBF, 0x00, 0x00,
    0xD7, 0xBF, 0x00, 0x00, 0xDF, 0xBF, 0x00, 0x00, 0xE7, 0xBF, 0x00, 0x00,
    0xEF, 0xBF, 0x00, 0x00, 0xF7, 0xBF, 0x00, 0x00, 0x00, 0xC7, 0x00, 0x00,
    0x07, 0xC7, 0x00, 0x00, 0x0F, 0xC7, 0x00, 0x00, 0x17, 0xC7, 0x00, 0x00,
    0x1F, 0xC7, 0x00, 0x00, 0x27, 0xC7, 0x00, 0x00, 0x2F, 0xC7, 0x00, 0x00,
    0x37, 0xC7, 0x00, 0x00, 0x3F, 0xC7, 0x00, 0x00, 0x47, 0xC7, 0x00, 0x00,
    0x4F, 0xC7, 0x00, 0x00, 0x57, 0xC7, 0x00, 0x00, 0x5F, 0xC7, 0x00, 0x00,
    0x67, 0xC7, 0x00, 0x00, 0x6F, 0xC7, 0x00, 0x00, 0x77, 0xC7, 0x00, 0x00,
    0x7F, 0xC7, 0x00, 0x00, 0x87, 0xC7, 0x00, 0x00, 0x8F, 0xC7, 0x00, 0x00,
    0x97, 0xC7, 0x00, 0x00, 0x9F, 0xC7, 0x00, 0x00, 0xA7, 0xC7, 0x00, 0x00,
    0xAF, 0xC7, 0x00, 0x00, 0xB7, 0xC7, 0x00, 0x00, 0xBF, 0xC7, 0x00, 0x00,
    0xC7, 0xC7, 0x00, 0x00, 0xCF, 0xC7, 0x00, 0x00, 0xD7, 0xC7, 0x00, 0x00,
    0xDF, 0xC7, 0x00, 0x00, 0xE7, 0xC7, 0x00, 0x00, 0xEF, 0xC7, 0x00, 0x00,
    0xF7, 0xC7, 0x00, 0x00, 0x00, 0xCF, 0x00, 0x00, 0x07, 0xCF, 0x00, 0x00,
    0x0F, 0xCF, 0x00, 0x00, 0x17, 0xCF, 0x00, 0x00, 0x1F, 0xCF, 0x00, 0x00,
    0x27, 0xCF, 0x00, 0x00, 0x2F, 0xCF, 0x00, 0x00, 0x37, 0xCF, 0x00, 0x00,
    0x3F, 0xCF, 0x00, 0x00, 0x47, 0xCF, 0x00, 0x00, 0x4F, 0xCF, 0x00, 0x00,
    0x57, 0xCF, 0x00, 0x00, 0x5F, 0xCF, 0x00, 0x00, 0x67, 0xCF, 0x00, 0x00,
    0x6F, 0xCF, 0x00, 0x00, 0x77, 0xCF, 0x00, 0x00, 0x7F, 0xCF, 0x00, 0x00,
    0x87, 0xCF, 0x00, 0x00, 0x8F, 0xCF, 0x00, 0x00, 0x97, 0xCF, 0x00, 0x00,
    0x9F, 0xCF, 0x00, 0x00, 0xA7, 0xCF, 0x00, 0x00, 0xAF, 0xCF, 0x00, 0x00,
    0xB7, 0xCF, 0x00, 0x00, 0xBF, 0xCF, 0x00, 0x00, 0xC7, 0xCF, 0x00, 0x00,
    0xCF, 0xCF, 0x00, 0x00, 0xD7, 0xCF, 0x00, 0x00, 0xDF, 0xCF, 0x00, 0x00,
    0xE7, 0xCF, 0x00, 0x00, 0xEF, 0xCF, 0x00, 0x00, 0xF7, 0xCF, 0x00, 0x00,
    0x00, 0xD7, 0x00, 0x00, 0x07, 0xD7, 0x00, 0x00, 0x0F, 0xD7, 0x00, 0x00,
    0x17, 0xD7, 0x00, 0x00, 0x1F, 0xD7, 0x00, 0x00, 0x27, 0xD7, 0x00, 0x00,
    0x2F, 0xD7, 0x00, 0x00, 0x37, 0xD7, 0x00, 0x00, 0x3F, 0xD7, 0x00, 0x00,
    0x47, 0xD7, 0x00, 0x00, 0x4F, 0xD7, 0x00, 0x00, 0x57, 0xD7, 0x00, 0x00,
    0x5F, 0xD7, 0x00, 0x00, 0x67, 0xD7, 0x00, 0x00, 0x6F, 0xD7, 0x00, 0x00,
    0x77, 0xD7, 0x00, 0x00, 0x7F, 0xD7, 0x00, 0x00, 0x87, 0xD7, 0x00, 0x00,
    0x8F, 0xD7, 0x00, 0x00, 0x97, 0xD7, 0x00, 0x00, 0x9F, 0xD7, 0x00, 0x00,
    0xA7, 0xD7, 0x00, 0x00, 0xAF, 0xD7, 0x00, 0x00, 0xB7, 0xD7, 0x00, 0x00,
    0xBF, 0xD7, 0x00, 0x00, 0xC7, 0xD7, 0x00, 0x00, 0xCF, 0xD7, 0x00, 0x00,
    0xD7, 0xD7, 0x00, 0x00, 0xDF, 0xD7, 0x00, 0x00, 0xE7, 0xD7, 0x00, 0x00,
    0xEF, 0xD7, 0x00, 0x00, 0xF7, 0xD7, 0x00, 0x00, 0x00, 0xDF, 0x00, 0x00,
    0x07, 0xDF, 0x00, 0x00, 0x0F, 0xDF, 0x00, 0x00, 0x17, 0xDF, 0x00, 0x00,
    0x1F, 0xDF, 0x00, 0x00, 0x27, 0xDF, 0x00, 0x00, 0x2F, 0xDF, 0x00, 0x00,
    0x37, 0xDF, 0x00, 0x00, 0x3F, 0xDF, 0x00, 0x00, 0x47, 0xDF, 0x00, 0x00,
    0x4F, 0xDF, 0x00, 0x00, 0x57, 0xDF, 0x00, 0x00, 0x5F, 0xDF, 0x00, 0x00,
    0x67, 0xDF, 0x00, 0x00, 0x6F, 0xDF, 0x00, 0x00, 0x77, 0xDF, 0x00, 0x00,
    0x7F, 0xDF, 0x00, 0x00, 0x87, 0xDF, 0x00, 0x00, 0x8F, 0xDF, 0x00, 0x00,
    0x97, 0xDF, 0x00, 0x00, 0x9F, 0xDF, 0x00, 0x00, 0xA7, 0xDF, 0x00, 0x00,
    0xAF, 0xDF, 0x00, 0x00, 0xB7, 0xDF, 0x00, 0x00, 0xBF, 0xDF, 0x00, 0x00,
    0xC7, 0xDF, 0x00, 0x00, 0xCF, 0xDF, 0x00, 0x00, 0xD7, 0xDF, 0x00, 0x00,
    0xDF, 0xDF, 0x00, 0x00, 0xE7, 0xDF, 0x00, 0x00, 0xEF, 0xDF, 0x00, 0x00,
    0xF7, 0xDF, 0x00, 0x00, 0x00, 0xE7, 0x00, 0x00, 0x07, 0xE7, 0x00, 0x00,
    0x0F, 0xE7, 0x00, 0x00, 0x17, 0xE7, 0x00, 0x00, 0x1F, 0xE7, 0x00, 0x00,
    0x27, 0xE7, 0x00, 0x00, 0x2F, 0xE7, 0x00, 0x00, 0x37, 0xE7, 0x00, 0x00,
    0x3F, 0xE7, 0x00, 0x00, 0x47, 0xE7, 0x00, 0x00, 0x4F, 0xE7, 0x00, 0x00,
    0x57, 0xE7, 0x00, 0x00, 0x5F, 0xE7, 0x00, 0x00, 0x67, 0xE7, 0x00, 0x00,
    0x6F, 0xE7, 0x00, 0x00, 0x77, 0xE7, 0x00, 0x00, 0x7F, 0xE7, 0x00, 0x00,
    0x87, 0xE7, 0x00, 0x00, 0x8F, 0xE7, 0x00, 0x00, 0x97, 0xE7, 0x00, 0x00,
    0x9F, 0xE7, 0x00, 0x00, 0xA7, 0xE7, 0x00, 0x00, 0xAF, 0xE7, 0x00, 0x00,
    0xB7, 0xE7, 0x00, 0x00, 0xBF, 0xE7, 0x00, 0x00, 0xC7, 0xE7, 0x00, 0x00,
    0xCF, 0xE7, 0x00, 0x00, 0xD7, 0xE7, 0x00, 0x00, 0xDF, 0xE7, 0x00, 0x00,
    0xE7, 0xE7, 0x00, 0x00, 0xEF, 0xE7, 0x00, 0x00, 0xF7, 0xE7, 0x00, 0x00,
    0x00, 0xEF, 0x00, 0x00, 0x07, 0xEF, 0x00, 0x00, 0x0F, 0xEF, 0x00, 0x00,
    0x17, 0xEF, 0x00, 0x00, 0x1F, 0xEF, 0x00, 0x00, 0x27, 0xEF, 0x00, 0x00,
    0x2F, 0xEF, 0x00, 0x00, 0x37, 0xEF, 0x00, 0x00, 0x3F, 0xEF, 0x00, 0x00,
    0x47, 0xEF, 0x00, 0x00, 0x4F, 0xEF, 0x00, 0x00, 0x57, 0xEF, 0x00, 0x00,
    0x5F, 0xEF, 0x00, 0x00, 0x67, 0xEF, 0x00, 0x00, 0x6F, 0xEF, 0x00, 0x00,
    0x77, 0xEF, 0x00, 0x00, 0x7F, 0xEF, 0x00, 0x00, 0x87, 0xEF, 0x00, 0x00,
    0x8F, 0xEF, 0x00, 0x00, 0x97, 0xEF, 0x00, 0x00, 0x9F, 0xEF, 0x00, 0x00,
    0xA7, 0xEF, 0x00, 0x00, 0xAF, 0xEF, 0x00, 0x00, 0xB7, 0xEF, 0x00, 0x00,
    0xBF, 0xEF, 0x00, 0x00, 0xC7, 0xEF, 0x00, 0x00, 0xCF, 0xEF, 0x00, 0x00,
    0xD7, 0xEF, 0x00, 0x00, 0xDF, 0xEF, 0x00, 0x00, 0xE7, 0xEF, 0x00, 0x00,
    0xEF, 0xEF, 0x00, 0x00, 0xF7, 0xEF, 0x00, 0x00, 0x00, 0xF7, 0x00, 0x00,
    0x07, 0xF7, 0x00, 0x00, 0x0F, 0xF7, 0x00, 0x00, 0x17, 0xF7, 0x00, 0x00,
    0x1F, 0xF7, 0x00, 0x00, 0x27, 0xF7, 0x00, 0x00, 0x2F, 0xF7, 0x00, 0x00,
    0x37, 0xF7, 0x00, 0x00, 0x3F, 0xF7, 0x00, 0x00, 0x47, 0xF7, 0x00, 0x00,
    0x4F, 0xF7, 0x00, 0x00, 0x57, 0xF7, 0x00, 0x00, 0x5F, 0xF7, 0x00, 0x00,
    0x67, 0xF7, 0x00, 0x00, 0x6F, 0xF7, 0x00, 0x00, 0x77, 0xF7, 0x00, 0x00,
    0x7F, 0xF7, 0x00, 0x00, 0x87, 0xF7, 0x00, 0x00, 0x8F, 0xF7, 0x00, 0x00,
    0x97, 0xF7, 0x00, 0x00, 0x9F, 0xF7, 0x00, 0x00, 0xA7, 0xF7, 0x00, 0x00,
    0xAF, 0xF7, 0x00, 0x00, 0xB7, 0xF7, 0x00, 0x00, 0xBF, 0xF7, 0x00, 0x00,
    0xC7, 0xF7, 0x00, 0x00, 0xCF, 0xF7, 0x00, 0x00, 0xD7, 0xF7, 0x00, 0x00,
    0xDF, 0xF7, 0x00, 0x00, 0xE7, 0xF7, 0x00, 0x00, 0xEF, 0xF7, 0x00, 0x00,
    0xF7, 0xF7, 0x00, 0x00, 0x00, 0x00, 0x07, 0x00, 0x07, 0x00, 0x07, 0x00,
    0x0F, 0x00, 0x07, 0x00, 0x17, 0x00, 0x07, 0x00, 0x1F, 0x00, 0x07, 0x00,
    0x27, 0x00, 0x07, 0x00, 0x2F, 0x00, 0x07, 0x00, 0x37, 0x00, 0x07, 0x00,
    0x3F, 0x00, 0x07, 0x00, 0x47, 0x00, 0x07, 0x00, 0x4F, 0x00, 0x07, 0x00,
    0x57, 0x00, 0x07, 0x00, 0x5F, 0x00, 0x07, 0x00, 0x67, 0x00, 0x07, 0x00,
    0x6F, 0x00, 0x07, 0x00, 0x77, 0x00, 0x07, 0x00, 0x7F, 0x00, 0x07, 0x00,
    0x87, 0x00, 0x07, 0x00, 0x8F, 0x00, 0x07, 0x00, 0x97, 0x00, 0x07, 0x00,
    0x9F, 0x00, 0x07, 0x00, 0xA7, 0x00, 0x07, 0x00, 0xAF, 0x00, 0x07, 0x00,
    0xB7, 0x00, 0x07, 0x00, 0xBF, 0x00, 0x07, 0x00, 0xC7, 0x00, 0x07, 0x00,
    0xCF, 0x00, 0x07, 0x00, 0xD7, 0x00, 0x07, 0x00, 0xDF, 0x00, 0x07, 0x00,
    0xE7, 0x00, 0x07, 0x00, 0xEF, 0x00, 0x07, 0x00, 0xF7, 0x00, 0x07, 0x00,
    0x00, 0x07, 0x07, 0x00, 0x07, 0x07, 0x07, 0x00, 0x0F, 0x07, 0x07, 0x00,
    0x17, 0x07, 0x07, 0x00, 0x1F, 0x07, 0x07, 0x00, 0x27, 0x07, 0x07, 0x00,
    0x2F, 0x07, 0x07, 0x00, 0x37, 0x07, 0x07, 0x00, 0x3F, 0x07, 0x07, 0x00,
    0x47, 0x07, 0x07, 0x00, 0x4F, 0x07, 0x07, 0x00, 0x57, 0x07, 0x07, 0x00,
    0x5F, 0x07, 0x07, 0x00, 0x67, 0x07, 0x07, 0x00, 0x6F, 0x07, 0x07, 0x00,
    0x77, 0x07, 0x07, 0x00, 0x7F, 0x07, 0x07, 0x00, 0x87, 0x07, 0x07, 0x00,
    0x8F, 0x07, 0x07, 0x00, 0x97, 0x07, 0x07, 0x00, 0x9F, 0x07, 0x07, 0x00,
    0xA7, 0x07, 0x07, 0x00, 0xAF, 0x07, 0x07, 0x00, 0xB7, 0x07, 0x07, 0x00,
    0xBF, 0x07, 0x07, 0x00, 0xC7, 0x07, 0x07, 0x00, 0xCF, 0x07, 0x07, 0x00,
    0xD7, 0x07, 0x07, 0x00, 0xDF, 0x07, 0x07, 0x00, 0xE7, 0x07, 0x07, 0x00,
    0xEF, 0x07, 0x07, 0x00, 0xF7, 0x07, 0x07, 0x00, 0x00, 0x0F, 0x07, 0x00,
    0x07, 0x0F, 0x07, 0x00, 0x0F, 0x0F, 0x07, 0x00, 0x17, 0x0F, 0x07, 0x00,
    0x1F, 0x0F, 0x07, 0x00, 0x27, 0x0F, 0x07, 0x00, 0x2F, 0x0F, 0x07, 0x00,
    0x37, 0x0F, 0x07, 0x00, 0x3F, 0x0F, 0x07, 0x00, 0x47, 0x0F, 0x07, 0x00,
    0x4F, 0x0F, 0x07, 0x00, 0x57, 0x0F, 0x07, 0x00, 0x5F, 0x0F, 0x07, 0x00,
    0x67, 0x0F, 0x07, 0x00, 0x6F, 0x0F, 0x07, 0x00, 0x77, 0x0F, 0x07, 0x00,
    0x7F, 0x0F, 0x07, 0x00, 0x87, 0x0F, 0x07, 0x00, 0x8F, 0x0F, 0x07, 0x00,
    0x97, 0x0F, 0x07, 0x00, 0x9F, 0x0F, 0x07, 0x00, 0xA7, 0x0F, 0x07, 0x00,
    0xAF, 0x0F, 0x07, 0x00, 0xB7, 0x0F, 0x07, 0x00, 0xBF, 0x0F, 0x07, 0x00,
    0xC7, 0x0F, 0x07, 0x00, 0xCF, 0x0F, 0x07, 0x00, 0xD7, 0x0F, 0x07, 0x00,
    0xDF, 0x0F, 0x07, 0x00, 0xE7, 0x0F, 0x07, 0x00, 0xEF, 0x0F, 0x07, 0x00,
    0xF7, 0x0F, 0x07, 0x00, 0x00, 0x17, 0x07, 0x00, 0x07, 0x17, 0x07, 0x00,
    0x0F, 0x17, 0x07, 0x00, 0x17, 0x17, 0x07, 0x00, 0x1F, 0x17, 0x07, 0x00,
    0x27, 0x17, 0x07, 0x00, 0x2F, 0x17, 0x07, 0x00, 0x37, 0x17, 0x07, 0x00,
    0x3F, 0x17, 0x07, 0x00, 0x47, 0x17, 0x07, 0x00, 0x4F, 0x17, 0x07, 0x00,
    0x57, 0x17, 0x07, 0x00, 0x5F, 0x17, 0x07, 0x00, 0x67, 0x17, 0x07, 0x00,
    0x6F, 0x17, 0x07, 0x00, 0x77, 0x17, 0x07, 0x00, 0x7F, 0x17, 0x07, 0x00,
    0x87, 0x17, 0x07, 0x00, 0x8F, 0x17, 0x07, 0x00, 0x97, 0x17, 0x07, 0x00,
    0x9F, 0x17, 0x07, 0x00, 0xA7, 0x17, 0x07, 0x00, 0xAF, 0x17, 0x07, 0x00,
    0xB7, 0x17, 0x07, 0x00, 0xBF, 0x17, 0x07, 0x00, 0xC7, 0x17, 0x07, 0x00,
    0xCF, 0x17, 0x07, 0x00, 0xD7, 0x17, 0x07, 0x00, 0xDF, 0x17, 0x07, 0x00,
    0xE7, 0x17, 0x07, 0x00, 0xEF, 0x17, 0x07, 0x00, 0xF7, 0x17, 0x07, 0x00,
    0x00, 0x1F, 0x07, 0x00, 0x07, 0x1F, 0x07, 0x00, 0x0F, 0x1F, 0x07, 0x00,
    0x17, 0x1F, 0x07, 0x00, 0x1F, 0x1F, 0x07, 0x00, 0x27, 0x1F, 0x07, 0x00,
    0x2F, 0x1F, 0x07, 0x00, 0x37, 0x1F, 0x07, 0x00, 0x3F, 0x1F, 0x07, 0x00,
    0x47, 0x1F, 0x07, 0x00, 0x4F, 0x1F, 0x07, 0x00, 0x57, 0x1F, 0x07, 0x00,
    0x5F, 0x1F, 0x07, 0x00, 0x67, 0x1F, 0x07, 0x00, 0x6F, 0x1F, 0x07, 0x00,
    0x77, 0x1F, 0x07, 0x00, 0x7F, 0x1F, 0x07, 0x00, 0x87, 0x1F, 0x07, 0x00,
    0x8F, 0x1F, 0x07, 0x00, 0x97, 0x1F, 0x07, 0x00, 0x9F, 0x1F, 0x07, 0x00,
    0xA7, 0x1F, 0x07, 0x00, 0xAF, 0x1F, 0x07, 0x00, 0xB7, 0x1F, 0x07, 0x00,
    0xBF, 0x1F, 0x07, 0x00, 0xC7, 0x1F, 0x07, 0x00, 0xCF, 0x1F, 0x07, 0x00,
    0xD7, 0x1F, 0x07, 0x00, 0xDF, 0x1F, 0x07, 0x00, 0xE7, 0x1F, 0x07, 0x00,
    0xEF, 0x1F, 0x07, 0x00, 0xF7, 0x1F, 0x07, 0x00, 0x00, 0x27, 0x07, 0x00,
    0x07, 0x27, 0x07, 0x00, 0x0F, 0x27, 0x07, 0x00, 0x17, 0x27, 0x07, 0x00,
    0x1F, 0x27, 0x07, 0x00, 0x27, 0x27, 0x07, 0x00, 0x2F, 0x27, 0x07, 0x00,
    0x37, 0x27, 0x07, 0x00, 0x3F, 0x27, 0x07, 0x00, 0x47, 0x27, 0x07, 0x00,
    0x4F, 0x27, 0x07, 0x00, 0x57, 0x27, 0x07, 0x00, 0x5F, 0x27, 0x07, 0x00,
    0x67, 0x27, 0x07, 0x00, 0x6F, 0x27, 0x07, 0x00, 0x77, 0x27, 0x07, 0x00,
    0x7F, 0x27, 0x07, 0x00, 0x87, 0x27, 0x07, 0x00, 0x8F, 0x27, 0x07, 0x00,
    0x97, 0x27, 0x07, 0x00, 0x9F, 0x27, 0x07, 0x00, 0xA7, 0x27, 0x07, 0x00,
    0xAF, 0x27, 0x07, 0x00, 0xB7, 0x27, 0x07, 0x00, 0xBF, 0x27, 0x07, 0x00,
    0xC7, 0x27, 0x07, 0x00, 0xCF, 0x27, 0x07, 0x00, 0xD7, 0x27, 0x07, 0x00,
    0xDF, 0x27, 0x07, 0x00, 0xE7, 0x27, 0x07, 0x00, 0xEF, 0x27, 0x07, 0x00,
    0xF7, 0x27, 0x07, 0x00, 0x00, 0x2F, 0x07, 0x00, 0x07, 0x2F, 0x07, 0x00,
    0x0F, 0x2F, 0x07, 0x00, 0x17, 0x2F, 0x07, 0x00, 0x1F, 0x2F, 0x07, 0x00,
    0x27, 0x2F, 0x07, 0x00, 0x2F, 0x2F, 0x07, 0x00, 0x37, 0x2F, 0x07, 0x00,
    0x3F, 0x2F, 0x07, 0x00, 0x47, 0x2F, 0x07, 0x00, 0x4F, 0x2F, 0x07, 0x00,
    0x57, 0x2F, 0x07, 0x00, 0x5F, 0x2F, 0x07, 0x00, 0x67, 0x2F, 0x07, 0x00,
    0x6F, 0x2F, 0x07, 0x00, 0x77, 0x2F, 0x07, 0x00, 0x7F, 0x2F, 0x07, 0x00,
    0x87, 0x2F, 0x07, 0x00, 0x8F, 0x2F, 0x07, 0x00, 0x97, 0x2F, 0x07, 0x00,
    0x9F, 0x2F, 0x07, 0x00, 0xA7, 0x2F, 0x07, 0x00, 0xAF, 0x2F, 0x07, 0x00,
    0xB7, 0x2F, 0x07, 0x00, 0xBF, 0x2F, 0x07, 0x00, 0xC7, 0x2F, 0x07, 0x00,
    0xCF, 0x2F, 0x07, 0x00, 0xD7, 0x2F, 0x07, 0x00, 0xDF, 0x2F, 0x07, 0x00,
    0xE7, 0x2F, 0x07, 0x00, 0xEF, 0x2F, 0x07, 0x00, 0xF7, 0x2F, 0x07, 0x00,
    0x00, 0x37, 0x07, 0x00, 0x07, 0x37, 0x07, 0x00, 0x0F, 0x37, 0x07, 0x00,
    0x17, 0x37, 0x07, 0x00, 0x1F, 0x37, 0x07, 0x00, 0x27, 0x37, 0x07, 0x00,
    0x2F, 0x37, 0x07, 0x00, 0x37, 0x37, 0x07, 0x00, 0x3F, 0x37, 0x07, 0x00,
    0x47, 0x37, 0x07, 0x00, 0x4F, 0x37, 0x07, 0x00, 0x57, 0x37, 0x07, 0x00,
    0x5F, 0x37, 0x07, 0x00, 0x67, 0x37, 0x07, 0x00, 0x6F, 0x37, 0x07, 0x00,
    0x77, 0x37, 0x07, 0x00, 0x7F, 0x37, 0x07, 0x00, 0x87, 0x37, 0x07, 0x00,
    0x8F, 0x37, 0x07, 0x00, 0x97, 0x37, 0x07, 0x00, 0x9F, 0x37, 0x07, 0x00,
    0xA7, 0x37, 0x07, 0x00, 0xAF, 0x37, 0x07, 0x00, 0xB7, 0x37, 0x07, 0x00,
    0xBF, 0x37, 0x07, 0x00, 0xC7, 0x37, 0x07, 0x00, 0xCF, 0x37, 0x07, 0x00,
    0xD7, 0x37, 0x07, 0x00, 0xDF, 0x37, 0x07, 0x00, 0xE7, 0x37, 0x07, 0x00,
    0xEF, 0x37, 0x07, 0x00, 0xF7, 0x37, 0x07, 0x00, 0x00, 0x3F, 0x07, 0x00,
    0x07, 0x3F, 0x07, 0x00, 0x0F, 0x3F, 0x07, 0x00, 0x17, 0x3F, 0x07, 0x00,
    0x1F, 0x3F, 0x07, 0x00, 0x27, 0x3F, 0x07, 0x00, 0x2F, 0x3F, 0x07, 0x00,
    0x37, 0x3F, 0x07, 0x00, 0x3F, 0x3F, 0x07, 0x00, 0x47, 0x3F, 0x07, 0x00,
    0x4F, 0x3F, 0x07, 0x00, 0x57, 0x3F, 0x07, 0x00, 0x5F, 0x3F, 0x07, 0x00,
    0x67, 0x3F, 0x07, 0x00, 0x6F, 0x3F, 0x07, 0x00, 0x77, 0x3F, 0x07, 0x00,
    0x7F, 0x3F, 0x07, 0x00, 0x87, 0x3F, 0x07, 0x00, 0x8F, 0x3F, 0x07, 0x00,
    0x97, 0x3F, 0x07, 0x00, 0x9F, 0x3F, 0x07, 0x00, 0xA7, 0x3F, 0x07, 0x00,
    0xAF, 0x3F, 0x07, 0x00, 0xB7, 0x3F, 0x07, 0x00, 0xBF, 0x3F, 0x07, 0x00,
    0xC7, 0x3F, 0x07, 0x00, 0xCF, 0x3F, 0x07, 0x00, 0xD7, 0x3F, 0x07, 0x00,
    0xDF, 0x3F, 0x07, 0x00, 0xE7, 0x3F, 0x07, 0x00, 0xEF, 0x3F, 0x07, 0x00,
    0xF7, 0x3F, 0x07, 0x00, 0x00, 0x47, 0x07, 0x00, 0x07, 0x47, 0x07, 0x00,
    0x0F, 0x47, 0x07, 0x00, 0x17, 0x47, 0x07, 0x00, 0x1F, 0x47, 0x07, 0x00,
    0x27, 0x47, 0x07, 0x00, 0x2F, 0x47, 0x07, 0x00, 0x37, 0x47, 0x07, 0x00,
    0x3F, 0x47, 0x07, 0x00, 0x47, 0x47, 0x07, 0x00, 0x4F, 0x47, 0x07, 0x00,
    0x57, 0x47, 0x07, 0x00, 0x5F, 0x47, 0x07, 0x00, 0x67, 0x47, 0x07, 0x00,
    0x6F, 0x47, 0x07, 0x00, 0x77, 0x47, 0x07, 0x00, 0x7F, 0x47, 0x07, 0x00,
    0x87, 0x47, 0x07, 0x00, 0x8F, 0x47, 0x07, 0x00, 0x97, 0x47, 0x07, 0x00,
    0x9F, 0x47, 0x07, 0x00, 0xA7, 0x47, 0x07, 0x00, 0xAF, 0x47, 0x07, 0x00,
    0xB7, 0x47, 0x07, 0x00, 0xBF, 0x47, 0x07, 0x00, 0xC7, 0x47, 0x07, 0x00,
    0xCF, 0x47, 0x07, 0x00, 0xD7, 0x47, 0x07, 0x00, 0xDF, 0x47, 0x07, 0x00,
    0xE7, 0x47, 0x07, 0x00, 0xEF, 0x47, 0x07, 0x00, 0xF7, 0x47, 0x07, 0x00,
    0x00, 0x4F, 0x07, 0x00, 0x07, 0x4F, 0x07, 0x00, 0x0F, 0x4F, 0x07, 0x00,
    0x17, 0x4F, 0x07, 0x00, 0x1F, 0x4F, 0x07, 0x00, 0x27, 0x4F, 0x07, 0x00,
    0x2F, 0x4F, 0x07, 0x00, 0x37, 0x4F, 0x07, 0x00, 0x3F, 0x4F, 0x07, 0x00,
    0x47, 0x4F, 0x07, 0x00, 0x4F, 0x4F, 0x07, 0x00, 0x57, 0x4F, 0x07, 0x00,
    0x5F, 0x4F, 0x07, 0x00, 0x67, 0x4F, 0x07, 0x00, 0x6F, 0x4F, 0x07, 0x00,
    0x77, 0x4F, 0x07, 0x00, 0x7F, 0x4F, 0x07, 0x00, 0x87, 0x4F, 0x07, 0x00,
    0x8F, 0x4F, 0x07, 0x00, 0x97, 0x4F, 0x07, 0x00, 0x9F, 0x4F, 0x07, 0x00,
    0xA7, 0x4F, 0x07, 0x00, 0xAF, 0x4F, 0x07, 0x00, 0xB7, 0x4F, 0x07, 0x00,
    0xBF, 0x4F, 0x07, 0x00, 0xC7, 0x4F, 0x07, 0x00, 0xCF, 0x4F, 0x07, 0x00,
    0xD7, 0x4F, 0x07, 0x00, 0xDF, 0x4F, 0x07, 0x00, 0xE7, 0x4F, 0x07, 0x00,
    0xEF, 0x4F, 0x07, 0x00, 0xF7, 0x4F, 0x07, 0x00, 0x00, 0x57, 0x07, 0x00,
    0x07, 0x57, 0x07, 0x00, 0x0F, 0x57, 0x07, 0x00, 0x17, 0x57, 0x07, 0x00,
    0x1F, 0x57, 0x07, 0x00, 0x27, 0x57, 0x07, 0x00, 0x2F, 0x57, 0x07, 0x00,
    0x37, 0x57, 0x07, 0x00, 0x3F, 0x57, 0x07, 0x00, 0x47, 0x57, 0x07, 0x00,
    0x4F, 0x57, 0x07, 0x00, 0x57, 0x57, 0x07, 0x00, 0x5F, 0x57, 0x07, 0x00,
    0x67, 0x57, 0x07, 0x00, 0x6F, 0x57, 0x07, 0x00, 0x77, 0x57, 0x07, 0x00,
    0x7F, 0x57, 0x07, 0x00, 0x87, 0x57, 0x07, 0x00, 0x8F, 0x57, 0x07, 0x00,
    0x97, 0x57, 0x07, 0x00, 0x9F, 0x57, 0x07, 0x00, 0xA7, 0x57, 0x07, 0x00,
    0xAF, 0x57, 0x07, 0x00, 0xB7, 0x57, 0x07, 0x00, 0xBF, 0x57, 0x07, 0x00,
    0xC7, 0x57, 0x07, 0x00, 0xCF, 0x57, 0x07, 0x00, 0xD7, 0x57, 0x07, 0x00,
    0xDF, 0x57, 0x07, 0x00, 0xE7, 0x57, 0x07, 0x00, 0xEF, 0x57, 0x07, 0x00,
    0xF7, 0x57, 0x07, 0x00, 0x00, 0x5F, 0x07, 0x00, 0x07, 0x5F, 0x07, 0x00,
    0x0F, 0x5F, 0x07, 0x00, 0x17, 0x5F, 0x07, 0x00, 0x1F, 0x5F, 0x07, 0x00,
    0x27, 0x5F, 0x07, 0x00, 0x2F, 0x5F, 0x07, 0x00, 0x37, 0x5F, 0x07, 0x00,
    0x3F, 0x5F, 0x07, 0x00, 0x47, 0x5F, 0x07, 0x00, 0x4F, 0x5F, 0x07, 0x00,
    0x57, 0x5F, 0x07, 0x00, 0x5F, 0x5F, 0x07, 0x00, 0x67, 0x5F, 0x07, 0x00,
    0x6F, 0x5F, 0x07, 0x00, 0x77, 0x5F, 0x07, 0x00, 0x7F, 0x5F, 0x07, 0x00,
    0x87, 0x5F, 0x07, 0x00, 0x8F, 0x5F, 0x07, 0x00, 0x97, 0x5F, 0x07, 0x00,
    0x9F, 0x5F, 0x07, 0x00, 0xA7, 0x5F, 0x07, 0x00, 0xAF, 0x5F, 0x07, 0x00,
    0xB7, 0x5F, 0x07, 0x00, 0xBF, 0x5F, 0x07, 0x00, 0xC7, 0x5F, 0x07, 0x00,
    0xCF, 0x5F, 0x07, 0x00, 0xD7, 0x5F, 0x07, 0x00, 0xDF, 0x5F, 0x07, 0x00,
    0xE7, 0x5F, 0x07, 0x00, 0xEF, 0x5F, 0x07, 0x00, 0xF7, 0x5F, 0x07, 0x00,
    0x00, 0x67, 0x07, 0x00, 0x07, 0x67, 0x07, 0x00, 0x0F, 0x67, 0x07, 0x00,
    0x17, 0x67, 0x07, 0x00, 0x1F, 0x67, 0x07, 0x00, 0x27, 0x67, 0x07, 0x00,
    0x2F, 0x67, 0x07, 0x00, 0x37, 0x67, 0x07, 0x00, 0x3F, 0x67, 0x07, 0x00,
    0x47, 0x67, 0x07, 0x00, 0x4F, 0x67, 0x07, 0x00, 0x57, 0x67, 0x07, 0x00,
    0x5F, 0x67, 0x07, 0x00, 0x67, 0x67, 0x07, 0x00, 0x6F, 0x67, 0x07, 0x00,
    0x77, 0x67, 0x07, 0x00, 0x7F, 0x67, 0x07, 0x00, 0x87, 0x67, 0x07, 0x00,
    0x8F, 0x67, 0x07, 0x00, 0x97, 0x67, 0x07, 0x00, 0x9F, 0x67, 0x07, 0x00,
    0xA7, 0x67, 0x07, 0x00, 0xAF, 0x67, 0x07, 0x00, 0xB7, 0x67, 0x07, 0x00,
    0xBF, 0x67, 0x07, 0x00, 0xC7, 0x67, 0x07, 0x00, 0xCF, 0x67, 0x07, 0x00,
    0xD7, 0x67, 0x07, 0x00, 0xDF, 0x67, 0x07, 0x00, 0xE7, 0x67, 0x07, 0x00,
    0xEF, 0x67, 0x07, 0x00, 0xF7, 0x67, 0x07, 0x00, 0x00, 0x6F, 0x07, 0x00,
    0x07, 0x6F, 0x07, 0x00, 0x0F, 0x6F, 0x07, 0x00, 0x17, 0x6F, 0x07, 0x00,
    0x1F, 0x6F, 0x07, 0x00, 0x27, 0x6F, 0x07, 0x00, 0x2F, 0x6F, 0x07, 0x00,
    0x37, 0x6F, 0x07, 0x00, 0x3F, 0x6F, 0x07, 0x00, 0x47, 0x6F, 0x07, 0x00,
    0x4F, 0x6F, 0x07, 0x00, 0x57, 0x6F, 0x07, 0x00, 0x5F, 0x6F, 0x07, 0x00,
    0x67, 0x6F, 0x07, 0x00, 0x6F, 0x6F, 0x07, 0x00, 0x77, 0x6F, 0x07, 0x00,
    0x7F, 0x6F, 0x07, 0x00, 0x87, 0x6F, 0x07, 0x00, 0x8F, 0x6F, 0x07, 0x00,
    0x97, 0x6F, 0x07, 0x00, 0x9F, 0x6F, 0x07, 0x00, 0xA7, 0x6F, 0x07, 0x00,
    0xAF, 0x6F, 0x07, 0x00, 0xB7, 0x6F, 0x07, 0x00, 0xBF, 0x6F, 0x07, 0x00,
    0xC7, 0x6F, 0x07, 0x00, 0xCF, 0x6F, 0x07, 0x00, 0xD7, 0x6F, 0x07, 0x00,
    0xDF, 0x6F, 0x07, 0x00, 0xE7, 0x6F, 0x07, 0x00, 0xEF, 0x6F, 0x07, 0x00,
    0xF7, 0x6F, 0x07, 0x00, 0x00, 0x77, 0x07, 0x00, 0x07, 0x77, 0x07, 0x00,
    0x0F, 0x77, 0x07, 0x00, 0x17, 0x77, 0x07, 0x00, 0x1F, 0x77, 0x07, 0x00,
    0x27, 0x77, 0x07, 0x00, 0x2F, 0x77, 0x07, 0x00, 0x37, 0x77, 0x07, 0x00,
    0x3F, 0x77, 0x07, 0x00, 0x47, 0x77, 0x07, 0x00, 0x4F, 0x77, 0x07, 0x00,
    0x57, 0x77, 0x07, 0x00, 0x5F, 0x77, 0x07, 0x00, 0x67, 0x77, 0x07, 0x00,
    0x6F, 0x77, 0x07, 0x00, 0x77, 0x77, 0x07, 0x00, 0x7F, 0x77, 0x07, 0x00,
    0x87, 0x77, 0x07, 0x00, 0x8F, 0x77, 0x07, 0x00, 0x97, 0x77, 0x07, 0x00,
    0x9F, 0x77, 0x07, 0x00, 0xA7, 0x77, 0x07, 0x00, 0xAF, 0x77, 0x07, 0x00,
    0xB7, 0x77, 0x07, 0x00, 0xBF, 0x77, 0x07, 0x00, 0xC7, 0x77, 0x07, 0x00,
    0xCF, 0x77, 0x07, 0x00, 0xD7, 0x77, 0x07, 0x00, 0xDF, 0x77, 0x07, 0x00,
    0xE7, 0x77, 0x07, 0x00, 0xEF, 0x77, 0x07, 0x00, 0xF7, 0x77, 0x07, 0x00,
    0x00, 0x7F, 0x07, 0x00, 0x07, 0x7F, 0x07, 0x00, 0x0F, 0x7F, 0x07, 0x00,
    0x17, 0x7F, 0x07, 0x00, 0x1F, 0x7F, 0x07, 0x00, 0x27, 0x7F, 0x07, 0x00,
    0x2F, 0x7F, 0x07, 0x00, 0x37, 0x7F, 0x07, 0x00, 0x3F, 0x7F, 0x07, 0x00,
    0x47, 0x7F, 0x07, 0x00, 0x4F, 0x7F, 0x07, 0x00, 0x57, 0x7F, 0x07, 0x00,
    0x5F, 0x7F, 0x07, 0x00, 0x67, 0x7F, 0x07, 0x00, 0x6F, 0x7F, 0x07, 0x00,
    0x77, 0x7F, 0x07, 0x00, 0x7F, 0x7F, 0x07, 0x00, 0x87, 0x7F, 0x07, 0x00,
    0x8F, 0x7F, 0x07, 0x00, 0x97, 0x7F, 0x07, 0x00, 0x9F, 0x7F, 0x07, 0x00,
    0xA7, 0x7F, 0x07, 0x00, 0xAF, 0x7F, 0x07, 0x00, 0xB7, 0x7F, 0x07, 0x00,
    0xBF, 0x7F, 0x07, 0x00, 0xC7, 0x7F, 0x07, 0x00, 0xCF, 0x7F, 0x07, 0x00,
    0xD7, 0x7F, 0x07, 0x00, 0xDF, 0x7F, 0x07, 0x00, 0xE7, 0x7F, 0x07, 0x00,
    0xEF, 0x7F, 0x07, 0x00, 0xF7, 0x7F, 0x07, 0x00, 0x00, 0x87, 0x07, 0x00,
    0x07, 0x87, 0x07, 0x00, 0x0F, 0x87, 0x07, 0x00, 0x17, 0x87, 0x07, 0x00,
    0x1F, 0x87, 0x07, 0x00, 0x27, 0x87, 0x07, 0x00, 0x2F, 0x87, 0x07, 0x00,
    0x37, 0x87, 0x07, 0x00, 0x3F, 0x87, 0x07, 0x00, 0x47, 0x87, 0x07, 0x00,
    0x4F, 0x87, 0x07, 0x00, 0x57, 0x87, 0x07, 0x00, 0x5F, 0x87, 0x07, 0x00,
    0x67, 0x87, 0x07, 0x00, 0x6F, 0x87, 0x07, 0x00, 0x77, 0x87, 0x07, 0x00,
    0x7F, 0x87, 0x07, 0x00, 0x87, 0x87, 0x07, 0x00, 0x8F, 0x87, 0x07, 0x00,
    0x97, 0x87, 0x07, 0x00, 0x9F, 0x87, 0x07, 0x00, 0xA7, 0x87, 0x07, 0x00,
    0xAF, 0x87, 0x07, 0x00, 0xB7, 0x87, 0x07, 0x00, 0xBF, 0x87, 0x07, 0x00,
    0xC7, 0x87, 0x07, 0x00, 0xCF, 0x87, 0x07, 0x00, 0xD7, 0x87, 0x07, 0x00,
    0xDF, 0x87, 0x07, 0x00, 0xE7, 0x87, 0x07, 0x00, 0xEF, 0x87, 0x07, 0x00,
    0xF7, 0x87, 0x07, 0x00, 0x00, 0x8F, 0x07, 0x00, 0x07, 0x8F, 0x07, 0x00,
    0x0F, 0x8F, 0x07, 0x00, 0x17, 0x8F, 0x07, 0x00, 0x1F, 0x8F, 0x07, 0x00,
    0x27, 0x8F, 0x07, 0x00, 0x2F, 0x8F, 0x07, 0x00, 0x37, 0x8F, 0x07, 0x00,
    0x3F, 0x8F, 0x07, 0x00, 0x47, 0x8F, 0x07, 0x00, 0x4F, 0x8F, 0x07, 0x00,
    0x57, 0x8F, 0x07, 0x00, 0x5F, 0x8F, 0x07, 0x00, 0x67, 0x8F, 0x07, 0x00,
    0x6F, 0x8F, 0x07, 0x00, 0x77, 0x8F, 0x07, 0x00, 0x7F, 0x8F, 0x07, 0x00,
    0x87, 0x8F, 0x07, 0x00, 0x8F, 0x8F, 0x07, 0x00, 0x97, 0x8F, 0x07, 0x00,
    0x9F, 0x8F, 0x07, 0x00, 0xA7, 0x8F, 0x07, 0x00, 0xAF, 0x8F, 0x07, 0x00,
    0xB7, 0x8F, 0x07, 0x00, 0xBF, 0x8F, 0x07, 0x00, 0xC7, 0x8F, 0x07, 0x00,
    0xCF, 0x8F, 0x07, 0x00, 0xD7, 0x8F, 0x07, 0x00, 0xDF, 0x8F, 0x07, 0x00,
    0xE7, 0x8F, 0x07, 0x00, 0xEF, 0x8F, 0x07, 0x00, 0xF7, 0x8F, 0x07, 0x00,
    0x00, 0x97, 0x07, 0x00, 0x07, 0x97, 0x07, 0x00, 0x0F, 0x97, 0x07, 0x00,
    0x17, 0x97, 0x07, 0x00, 0x1F, 0x97, 0x07, 0x00, 0x27, 0x97, 0x07, 0x00,
    0x2F, 0x97, 0x07, 0x00, 0x37, 0x97, 0x07, 0x00, 0x3F, 0x97, 0x07, 0x00,
    0x47, 0x97, 0x07, 0x00, 0x4F, 0x97, 0x07, 0x00, 0x57, 0x97, 0x07, 0x00,
    0x5F, 0x97, 0x07, 0x00, 0x67, 0x97, 0x07, 0x00, 0x6F, 0x97, 0x07, 0x00,
    0x77, 0x97, 0x07, 0x00, 0x7F, 0x97, 0x07, 0x00, 0x87, 0x97, 0x07, 0x00,
    0x8F, 0x97, 0x07, 0x00, 0x97, 0x97, 0x07, 0x00, 0x9F, 0x97, 0x07, 0x00,
    0xA7, 0x97, 0x07, 0x00, 0xAF, 0x97, 0x07, 0x00, 0xB7, 0x97, 0x07, 0x00,
    0xBF, 0x97, 0x07, 0x00, 0xC7, 0x97, 0x07, 0x00, 0xCF, 0x97, 0x07, 0x00,
    0xD7, 0x97, 0x07, 0x00, 0xDF, 0x97, 0x07, 0x00, 0xE7, 0x97, 0x07, 0x00,
    0xEF, 0x97, 0x07, 0x00, 0xF7, 0x97, 0x07, 0x00, 0x00, 0x9F, 0x07, 0x00,
    0x07, 0x9F, 0x07, 0x00, 0x0F, 0x9F, 0x07, 0x00, 0x17, 0x9F, 0x07, 0x00,
    0x1F, 0x9F, 0x07, 0x00, 0x27, 0x9F, 0x07, 0x00, 0x2F, 0x9F, 0x07, 0x00,
    0x37, 0x9F, 0x07, 0x00, 0x3F, 0x9F, 0x07, 0x00, 0x47, 0x9F, 0x07, 0x00,
    0x4F, 0x9F, 0x07, 0x00, 0x57, 0x9F, 0x07, 0x00, 0x5F, 0x9F, 0x07, 0x00,
    0x67, 0x9F, 0x07, 0x00, 0x6F, 0x9F, 0x07, 0x00, 0x77, 0x9F, 0x07, 0x00,
    0x7F, 0x9F, 0x07, 0x00, 0x87, 0x9F, 0x07, 0x00, 0x8F, 0x9F, 0x07, 0x00,
    0x97, 0x9F, 0x07, 0x00, 0x9F, 0x9F, 0x07, 0x00, 0xA7, 0x9F, 0x07, 0x00,
    0xAF, 0x9F, 0x07, 0x00, 0xB7, 0x9F, 0x07, 0x00, 0xBF, 0x9F, 0x07, 0x00,
    0xC7, 0x9F, 0x07, 0x00, 0xCF, 0x9F, 0x07, 0x00, 0xD7, 0x9F, 0x07, 0x00,
    0xDF, 0x9F, 0x07, 0x00, 0xE7, 0x9F, 0x07, 0x00, 0xEF, 0x9F, 0x07, 0x00,
    0xF7, 0x9F, 0x07, 0x00, 0x00, 0xA7, 0x07, 0x00, 0x07, 0xA7, 0x07, 0x00,
    0x0F, 0xA7, 0x07, 0x00, 0x17, 0xA7, 0x07, 0x00, 0x1F, 0xA7, 0x07, 0x00,
    0x27, 0xA7, 0x07, 0x00, 0x2F, 0xA7, 0x07, 0x00, 0x37, 0xA7, 0x07, 0x00,
    0x3F, 0xA7, 0x07, 0x00, 0x47, 0xA7, 0x07, 0x00, 0x4F, 0xA7, 0x07, 0x00,
    0x57, 0xA7, 0x07, 0x00, 0x5F, 0xA7, 0x07, 0x00, 0x67, 0xA7, 0x07, 0x00,
    0x6F, 0xA7, 0x07, 0x00, 0x77, 0xA7, 0x07, 0x00, 0x7F, 0xA7, 0x07, 0x00,
    0x87, 0xA7, 0x07, 0x00, 0x8F, 0xA7, 0x07, 0x00, 0x97, 0xA7, 0x07, 0x00,
    0x9F, 0xA7, 0x07, 0x00, 0xA7, 0xA7, 0x07, 0x00, 0xAF, 0xA7, 0x07, 0x00,
    0xB7, 0xA7, 0x07, 0x00, 0xBF, 0xA7, 0x07, 0x00, 0xC7, 0xA7, 0x07, 0x00,
    0xCF, 0xA7, 0x07, 0x00, 0xD7, 0xA7, 0x07, 0x00, 0xDF, 0xA7, 0x07, 0x00,
    0xE7, 0xA7, 0x07, 0x00, 0xEF, 0xA7, 0x07, 0x00, 0xF7, 0xA7, 0x07, 0x00,
    0x00, 0xAF, 0x07, 0x00, 0x07, 0xAF, 0x07, 0x00, 0x0F, 0xAF, 0x07, 0x00,
    0x17, 0xAF, 0x07, 0x00, 0x1F, 0xAF, 0x07, 0x00, 0x27, 0xAF, 0x07, 0x00,
    0x2F, 0xAF, 0x07, 0x00, 0x37, 0xAF, 0x07, 0x00, 0x3F, 0xAF, 0x07, 0x00,
    0x47, 0xAF, 0x07, 0x00, 0x4F, 0xAF, 0x07, 0x00, 0x57, 0xAF, 0x07, 0x00,
    0x5F, 0xAF, 0x07, 0x00, 0x67, 0xAF, 0x07, 0x00, 0x6F, 0xAF, 0x07, 0x00,
    0x77, 0xAF, 0x07, 0x00, 0x7F, 0xAF, 0x07, 0x00, 0x87, 0xAF, 0x07, 0x00,
    0x8F, 0xAF, 0x07, 0x00, 0x97, 0xAF, 0x07, 0x00, 0x9F, 0xAF, 0x07, 0x00,
    0xA7, 0xAF, 0x07, 0x00, 0xAF, 0xAF, 0x07, 0x00, 0xB7, 0xAF, 0x07, 0x00,
    0xBF, 0xAF, 0x07, 0x00, 0xC7, 0xAF, 0x07, 0x00, 0xCF, 0xAF, 0x07, 0x00,
    0xD7, 0xAF, 0x07, 0x00, 0xDF, 0xAF, 0x07, 0x00, 0xE7, 0xAF, 0x07, 0x00,
    0xEF, 0xAF, 0x07, 0x00, 0xF7, 0xAF, 0x07, 0x00, 0x00, 0xB7, 0x07, 0x00,
    0x07, 0xB7, 0x07, 0x00, 0x0F, 0xB7, 0x07, 0x00, 0x17, 0xB7, 0x07, 0x00,
    0x1F, 0xB7, 0x07, 0x00, 0x27, 0xB7, 0x07, 0x00, 0x2F, 0xB7, 0x07, 0x00,
    0x37, 0xB7, 0x07, 0x00, 0x3F, 0xB7, 0x07, 0x00, 0x47, 0xB7, 0x07, 0x00,
    0x4F, 0xB7, 0x07, 0x00, 0x57, 0xB7, 0x07, 0x00, 0x5F, 0xB7, 0x07, 0x00,
    0x67, 0xB7, 0x07, 0x00, 0x6F, 0xB7, 0x07, 0x00, 0x77, 0xB7, 0x07, 0x00,
    0x7F, 0xB7, 0x07, 0x00, 0x87, 0xB7, 0x07, 0x00, 0x8F, 0xB7, 0x07, 0x00,
    0x97, 0xB7, 0x07, 0x00, 0x9F, 0xB7, 0x07, 0x00, 0xA7, 0xB7, 0x07, 0x00,
    0xAF, 0xB7, 0x07, 0x00, 0xB7, 0xB7, 0x07, 0x00, 0xBF, 0xB7, 0x07, 0x00,
    0xC7, 0xB7, 0x07, 0x00, 0xCF, 0xB7, 0x07, 0x00, 0xD7, 0xB7, 0x07, 0x00,
    0xDF, 0xB7, 0x07, 0x00, 0xE7, 0xB7, 0x07, 0x00, 0xEF, 0xB7, 0x07, 0x00,
    0xF7, 0xB7, 0x07, 0x00, 0x00, 0xBF, 0x07, 0x00, 0x07, 0xBF, 0x07, 0x00,
    0x0F, 0xBF, 0x07, 0x00, 0x17, 0xBF, 0x07, 0x00, 0x1F, 0xBF, 0x07, 0x00,
    0x27, 0xBF, 0x07, 0x00, 0x2F, 0xBF, 0x07, 0x00, 0x37, 0xBF, 0x07, 0x00,
    0x3F, 0xBF, 0x07, 0x00, 0x47, 0xBF, 0x07, 0x00, 0x4F, 0xBF, 0x07, 0x00,
    0x57, 0xBF, 0x07, 0x00, 0x5F, 0xBF, 0x07, 0x00, 0x67, 0xBF, 0x07, 0x00,
    0x6F, 0xBF, 0x07, 0x00, 0x77, 0xBF, 0x07, 0x00, 0x7F, 0xBF, 0x07, 0x00,
    0x87, 0xBF, 0x07, 0x00, 0x8F, 0xBF, 0x07, 0x00, 0x97, 0xBF, 0x07, 0x00,
    0x9F, 0xBF, 0x07, 0x00, 0xA7, 0xBF, 0x07, 0x00, 0xAF, 0xBF, 0x07, 0x00,
    0xB7, 0xBF, 0x07, 0x00, 0xBF, 0xBF, 0x07, 0x00, 0xC7, 0xBF, 0x07, 0x00,
    0xCF, 0xBF, 0x07, 0x00, 0xD7, 0xBF, 0x07, 0x00, 0xDF, 0xBF, 0x07, 0x00,
    0xE7, 0xBF, 0x07, 0x00, 0xEF, 0xBF, 0x07, 0x00, 0xF7, 0xBF, 0x07, 0x00,
    0x00, 0xC7, 0x07, 0x00, 0x07, 0xC7, 0x07, 0x00, 0x0F, 0xC7, 0x07, 0x00,
    0x17, 0xC7, 0x07, 0x00, 0x1F, 0xC7, 0x07, 0x00, 0x27, 0xC7, 0x07, 0x00,
    0x2F, 0xC7, 0x07, 0x00, 0x37, 0xC7, 0x07, 0x00, 0x3F, 0xC7, 0x07, 0x00,
    0x47, 0xC7, 0x07, 0x00, 0x4F, 0xC7, 0x07, 0x00, 0x57, 0xC7, 0x07, 0x00,
    0x5F, 0xC7, 0x07, 0x00, 0x67, 0xC7, 0x07, 0x00, 0x6F, 0xC7, 0x07, 0x00,
    0x77, 0xC7, 0x07, 0x00, 0x7F, 0xC7, 0x07, 0x00, 0x87, 0xC7, 0x07, 0x00,
    0x8F, 0xC7, 0x07, 0x00, 0x97, 0xC7, 0x07, 0x00, 0x9F, 0xC7, 0x07, 0x00,
    0xA7, 0xC7, 0x07, 0x00, 0xAF, 0xC7, 0x07, 0x00, 0xB7, 0xC7, 0x07, 0x00,
    0xBF, 0xC7, 0x07, 0x00, 0xC7, 0xC7, 0x07, 0x00, 0xCF, 0xC7, 0x07, 0x00,
    0xD7, 0xC7, 0x07, 0x00, 0xDF, 0xC7, 0x07, 0x00, 0xE7, 0xC7, 0x07, 0x00,
    0xEF, 0xC7, 0x07, 0x00, 0xF7, 0xC7, 0x07, 0x00, 0x00, 0xCF, 0x07, 0x00,
    0x07, 0xCF, 0x07, 0x00, 0x0F, 0xCF, 0x07, 0x00, 0x17, 0xCF, 0x07, 0x00,
    0x1F, 0xCF, 0x07, 0x00, 0x27, 0xCF, 0x07, 0x00, 0x2F, 0xCF, 0x07, 0x00,
    0x37, 0xCF, 0x07, 0x00, 0x3F, 0xCF, 0x07, 0x00, 0x47, 0xCF, 0x07, 0x00,
    0x4F, 0xCF, 0x07, 0x00, 0x57, 0xCF, 0x07, 0x00, 0x5F, 0xCF, 0x07, 0x00,
    0x67, 0xCF, 0x07, 0x00, 0x6F, 0xCF, 0x07, 0x00, 0x77, 0xCF, 0x07, 0x00,
    0x7F, 0xCF, 0x07, 0x00, 0x87, 0xCF, 0x07, 0x00, 0x8F, 0xCF, 0x07, 0x00,
    0x97, 0xCF, 0x07, 0x00, 0x9F, 0xCF, 0x07, 0x00, 0xA7, 0xCF, 0x07, 0x00,
    0xAF, 0xCF, 0x07, 0x00, 0xB7, 0xCF, 0x07, 0x00, 0xBF, 0xCF, 0x07, 0x00,
    0xC7, 0xCF, 0x07, 0x00, 0xCF, 0xCF, 0x07, 0x00, 0xD7, 0xCF, 0x07, 0x00,
    0xDF, 0xCF, 0x07, 0x00, 0xE7, 0xCF, 0x07, 0x00, 0xEF, 0xCF, 0x07, 0x00,
    0xF7, 0xCF, 0x07, 0x00, 0x00, 0xD7, 0x07, 0x00, 0x07, 0xD7, 0x07, 0x00,
    0x0F, 0xD7, 0x07, 0x00, 0x17, 0xD7, 0x07, 0x00, 0x1F, 0xD7, 0x07, 0x00,
    0x27, 0xD7, 0x07, 0x00, 0x2F, 0xD7, 0x07, 0x00, 0x37, 0xD7, 0x07, 0x00,
    0x3F, 0xD7, 0x07, 0x00, 0x47, 0xD7, 0x07, 0x00, 0x4F, 0xD7, 0x07, 0x00,
    0x57, 0xD7, 0x07, 0x00, 0x5F, 0xD7, 0x07, 0x00, 0x67, 0xD7, 0x07, 0x00,
    0x6F, 0xD7, 0x07, 0x00, 0x77, 0xD7, 0x07, 0x00, 0x7F, 0xD7, 0x07, 0x00,
    0x87, 0xD7, 0x07, 0x00, 0x8F, 0xD7, 0x07, 0x00, 0x97, 0xD7, 0x07, 0x00,
    0x9F, 0xD7, 0x07, 0x00, 0xA7, 0xD7, 0x07, 0x00, 0xAF, 0xD7, 0x07, 0x00,
    0xB7, 0xD7, 0x07, 0x00, 0xBF, 0xD7, 0x07, 0x00, 0xC7, 0xD7, 0x07, 0x00,
    0xCF, 0xD7, 0x07, 0x00, 0xD7, 0xD7, 0x07, 0x00, 0xDF, 0xD7, 0x07, 0x00,
    0xE7, 0xD7, 0x07, 0x00, 0xEF, 0xD7, 0x07, 0x00, 0xF7, 0xD7, 0x07, 0x00,
    0x00, 0xDF, 0x07, 0x00, 0x07, 0xDF, 0x07, 0x00, 0x0F, 0xDF, 0x07, 0x00,
    0x17, 0xDF, 0x07, 0x00, 0x1F, 0xDF, 0x07, 0x00, 0x27, 0xDF, 0x07, 0x00,
    0x2F, 0xDF, 0x07, 0x00, 0x37, 0xDF, 0x07, 0x00, 0x3F, 0xDF, 0x07, 0x00,
    0x47, 0xDF, 0x07, 0x00, 0x4F, 0xDF, 0x07, 0x00, 0x57, 0xDF, 0x07, 0x00,
    0x5F, 0xDF, 0x07, 0x00, 0x67, 0xDF, 0x07, 0x00, 0x6F, 0xDF, 0x07, 0x00,
    0x77, 0xDF, 0x07, 0x00, 0x7F, 0xDF, 0x07, 0x00, 0x87, 0xDF, 0x07, 0x00,
    0x8F, 0xDF, 0x07, 0x00, 0x97, 0xDF, 0x07, 0x00, 0x9F, 0xDF, 0x07, 0x00,
    0xA7, 0xDF, 0x07, 0x00, 0xAF, 0xDF, 0x07, 0x00, 0xB7, 0xDF, 0x07, 0x00,
    0xBF, 0xDF, 0x07, 0x00, 0xC7, 0xDF, 0x07, 0x00, 0xCF, 0xDF, 0x07, 0x00,
    0xD7, 0xDF, 0x07, 0x00, 0xDF, 0xDF, 0x07, 0x00, 0xE7, 0xDF, 0x07, 0x00,
    0xEF, 0xDF, 0x07, 0x00, 0xF7, 0xDF, 0x07, 0x00, 0x00, 0xE7, 0x07, 0x00,
    0x07, 0xE7, 0x07, 0x00, 0x0F, 0xE7, 0x07, 0x00, 0x17, 0xE7, 0x07, 0x00,
    0x1F, 0xE7, 0x07, 0x00, 0x27, 0xE7, 0x07, 0x00, 0x2F, 0xE7, 0x07, 0x00,
    0x37, 0xE7, 0x07, 0x00, 0x3F, 0xE7, 0x07, 0x00, 0x47, 0xE7, 0x07, 0x00,
    0x4F, 0xE7, 0x07, 0x00, 0x57, 0xE7, 0x07, 0x00, 0x5F, 0xE7, 0x07, 0x00,
    0x67, 0xE7, 0x07, 0x00, 0x6F, 0xE7, 0x07, 0x00, 0x77, 0xE7, 0x07, 0x00,
    0x7F, 0xE7, 0x07, 0x00, 0x87, 0xE7, 0x07, 0x00, 0x8F, 0xE7, 0x07, 0x00,
    0x97, 0xE7, 0x07, 0x00, 0x9F, 0xE7, 0x07, 0x00, 0xA7, 0xE7, 0x07, 0x00,
    0xAF, 0xE7, 0x07, 0x00, 0xB7, 0xE7, 0x07, 0x00, 0xBF, 0xE7, 0x07, 0x00,
    0xC7, 0xE7, 0x07, 0x00, 0xCF, 0xE7, 0x07, 0x00, 0xD7, 0xE7, 0x07, 0x00,
    0xDF, 0xE7, 0x07, 0x00, 0xE7, 0xE7, 0x07, 0x00, 0xEF, 0xE7, 0x07, 0x00,
    0xF7, 0xE7, 0x07, 0x00, 0x00, 0xEF, 0x07, 0x00, 0x07, 0xEF, 0x07, 0x00,
    0x0F, 0xEF, 0x07, 0x00, 0x17, 0xEF, 0x07, 0x00, 0x1F, 0xEF, 0x07, 0x00,
    0x27, 0xEF, 0x07, 0x00, 0x2F, 0xEF, 0x07, 0x00, 0x37, 0xEF, 0x07, 0x00,
    0x3F, 0xEF, 0x07, 0x00, 0x47, 0xEF, 0x07, 0x00, 0x4F, 0xEF, 0x07, 0x00,
    0x57, 0xEF, 0x07, 0x00, 0x5F, 0xEF, 0x07, 0x00, 0x67, 0xEF, 0x07, 0x00,
    0x6F, 0xEF, 0x07, 0x00, 0x77, 0xEF, 0x07, 0x00, 0x7F, 0xEF, 0x07, 0x00,
    0x87, 0xEF, 0x07, 0x00, 0x8F, 0xEF, 0x07, 0x00, 0x97, 0xEF, 0x07, 0x00,
    0x9F, 0xEF, 0x07, 0x00, 0xA7, 0xEF, 0x07, 0x00, 0xAF, 0xEF, 0x07, 0x00,
    0xB7, 0xEF, 0x07, 0x00, 0xBF, 0xEF, 0x07, 0x00, 0xC7, 0xEF, 0x07, 0x00,
    0xCF, 0xEF, 0x07, 0x00, 0xD7, 0xEF, 0x07, 0x00, 0xDF, 0xEF, 0x07, 0x00,
    0xE7, 0xEF, 0x07, 0x00, 0xEF, 0xEF, 0x07, 0x00, 0xF7, 0xEF, 0x07, 0x00,
    0x00, 0xF7, 0x07, 0x00, 0x07, 0xF7, 0x07, 0x00, 0x0F, 0xF7, 0x07, 0x00,
    0x17, 0xF7, 0x07, 0x00, 0x1F, 0xF7, 0x07, 0x00, 0x27, 0xF7, 0x07, 0x00,
    0x2F, 0xF7, 0x07, 0x00, 0x37, 0xF7, 0x07, 0x00, 0x3F, 0xF7, 0x07, 0x00,
    0x47, 0xF7, 0x07, 0x00, 0x4F, 0xF7, 0x07, 0x00, 0x57, 0xF7, 0x07, 0x00,
    0x5F, 0xF7, 0x07, 0x00, 0x67, 0xF7, 0x07, 0x00, 0x6F, 0xF7, 0x07, 0x00,
    0x77, 0xF7, 0x07, 0x00, 0x7F, 0xF7, 0x07, 0x00, 0x87, 0xF7, 0x07, 0x00,
    0x8F, 0xF7, 0x07, 0x00, 0x97, 0xF7, 0x07, 0x00, 0x9F, 0xF7, 0x07, 0x00,
    0xA7, 0xF7, 0x07, 0x00, 0xAF, 0xF7, 0x07, 0x00, 0xB7, 0xF7, 0x07, 0x00,
    0xBF, 0xF7, 0x07, 0x00, 0xC7, 0xF7, 0x07, 0x00, 0xCF, 0xF7, 0x07, 0x00,
    0xD7, 0xF7, 0x07, 0x00, 0xDF, 0xF7, 0x07, 0x00, 0xE7, 0xF7, 0x07, 0x00,
    0xEF, 0xF7, 0x07, 0x00, 0xF7, 0xF7, 0x07, 0x00, 0x00, 0x00, 0x0F, 0x00,
    0x07, 0x00, 0x0F, 0x00, 0x0F, 0x00, 0x0F, 0x00, 0x17, 0x00, 0x0F, 0x00,
    0x1F, 0x00, 0x0F, 0x00, 0x27, 0x00, 0x0F, 0x00, 0x2F, 0x00, 0x0F, 0x00,
    0x37, 0x00, 0x0F, 0x00, 0x3F, 0x00, 0x0F, 0x00, 0x47, 0x00, 0x0F, 0x00,
    0x4F, 0x00, 0x0F, 0x00, 0x57, 0x00, 0x0F, 0x00, 0x5F, 0x00, 0x0F, 0x00,
    0x67, 0x00, 0x0F, 0x00, 0x6F, 0x00, 0x0F, 0x00, 0x77, 0x00, 0x0F, 0x00,
    0x7F, 0x00, 0x0F, 0x00, 0x87, 0x00, 0x0F, 0x00, 0x8F, 0x00, 0x0F, 0x00,
    0x97, 0x00, 0x0F, 0x00, 0x9F, 0x00, 0x0F, 0x00, 0xA7, 0x00, 0x0F, 0x00,
    0xAF, 0x00, 0x0F, 0x00, 0xB7, 0x00, 0x0F, 0x00, 0xBF, 0x00, 0x0F, 0x00,
    0xC7, 0x00, 0x0F, 0x00, 0xCF, 0x00, 0x0F, 0x00, 0xD7, 0x00, 0x0F, 0x00,
    0xDF, 0x00, 0x0F, 0x00, 0xE7, 0x00, 0x0F, 0x00, 0xEF, 0x00, 0x0F, 0x00,
    0xF7, 0x00, 0x0F, 0x00, 0x00, 0x07, 0x0F, 0x00, 0x07, 0x07, 0x0F, 0x00,
    0x0F, 0x07, 0x0F, 0x00, 0x17, 0x07, 0x0F, 0x00, 0x1F, 0x07, 0x0F, 0x00,
    0x27, 0x07, 0x0F, 0x00, 0x2F, 0x07, 0x0F, 0x00, 0x37, 0x07, 0x0F, 0x00,
    0x3F, 0x07, 0x0F, 0x00, 0x47, 0x07, 0x0F, 0x00, 0x4F, 0x07, 0x0F, 0x00,
    0x57, 0x07, 0x0F, 0x00, 0x5F, 0x07, 0x0F, 0x00, 0x67, 0x07, 0x0F, 0x00,
    0x6F, 0x07, 0x0F, 0x00, 0x77, 0x07, 0x0F, 0x00, 0x7F, 0x07, 0x0F, 0x00,
    0x87, 0x07, 0x0F, 0x00, 0x8F, 0x07, 0x0F, 0x00, 0x97, 0x07, 0x0F, 0x00,
    0x9F, 0x07, 0x0F, 0x00, 0xA7, 0x07, 0x0F, 0x00, 0xAF, 0x07, 0x0F, 0x00,
    0xB7, 0x07, 0x0F, 0x00, 0xBF, 0x07, 0x0F, 0x00, 0xC7, 0x07, 0x0F, 0x00,
    0xCF, 0x07, 0x0F, 0x00, 0xD7, 0x07, 0x0F, 0x00, 0xDF, 0x07, 0x0F, 0x00,
    0xE7, 0x07, 0x0F, 0x00, 0xEF, 0x07, 0x0F, 0x00, 0xF7, 0x07, 0x0F, 0x00,
    0x00, 0x0F, 0x0F, 0x00, 0x07, 0x0F, 0x0F, 0x00, 0x0F, 0x0F, 0x0F, 0x00,
    0x17, 0x0F, 0x0F, 0x00, 0x1F, 0x0F, 0x0F, 0x00, 0x27, 0x0F, 0x0F, 0x00,
    0x2F, 0x0F, 0x0F, 0x00, 0x37, 0x0F, 0x0F, 0x00, 0x3F, 0x0F, 0x0F, 0x00,
    0x47, 0x0F, 0x0F, 0x00, 0x4F, 0x0F, 0x0F, 0x00, 0x57, 0x0F, 0x0F, 0x00,
    0x5F, 0x0F, 0x0F, 0x00, 0x67, 0x0F, 0x0F, 0x00, 0x6F, 0x0F, 0x0F, 0x00,
    0x77, 0x0F, 0x0F, 0x00, 0x7F, 0x0F, 0x0F, 0x00, 0x87, 0x0F, 0x0F, 0x00,
    0x8F, 0x0F, 0x0F, 0x00, 0x97, 0x0F, 0x0F, 0x00, 0x9F, 0x0F, 0x0F, 0x00,
    0xA7, 0x0F, 0x0F, 0x00, 0xAF, 0x0F, 0x0F, 0x00, 0xB7, 0x0F, 0x0F, 0x00,
    0xBF, 0x0F, 0x0F, 0x00, 0xC7, 0x0F, 0x0F, 0x00, 0xCF, 0x0F, 0x0F, 0x00,
    0xD7, 0x0F, 0x0F, 0x00, 0xDF, 0x0F, 0x0F, 0x00, 0xE7, 0x0F, 0x0F, 0x00,
    0xEF, 0x0F, 0x0F, 0x00, 0xF7, 0x0F, 0x0F, 0x00, 0x00, 0x17, 0x0F, 0x00,
    0x07, 0x17, 0x0F, 0x00, 0x0F, 0x17, 0x0F, 0x00, 0x17, 0x17, 0x0F, 0x00,
    0x1F, 0x17, 0x0F, 0x00, 0x27, 0x17, 0x0F, 0x00, 0x2F, 0x17, 0x0F, 0x00,
    0x37, 0x17, 0x0F, 0x00, 0x3F, 0x17, 0x0F, 0x00, 0x47, 0x17, 0x0F, 0x00,
    0x4F, 0x17, 0x0F, 0x00, 0x57, 0x17, 0x0F, 0x00, 0x5F, 0x17, 0x0F, 0x00,
    0x67, 0x17, 0x0F, 0x00, 0x6F, 0x17, 0x0F, 0x00, 0x77, 0x17, 0x0F, 0x00,
    0x7F, 0x17, 0x0F, 0x00, 0x87, 0x17, 0x0F, 0x00, 0x8F, 0x17, 0x0F, 0x00,
    0x97, 0x17, 0x0F, 0x00, 0x9F, 0x17, 0x0F, 0x00, 0xA7, 0x17, 0x0F, 0x00,
    0xAF, 0x17, 0x0F, 0x00, 0xB7, 0x17, 0x0F, 0x00, 0xBF, 0x17, 0x0F, 0x00,
    0xC7, 0x17, 0x0F, 0x00, 0xCF, 0x17, 0x0F, 0x00, 0xD7, 0x17, 0x0F, 0x00,
    0xDF, 0x17, 0x0F, 0x00, 0xE7, 0x17, 0x0F, 0x00, 0xEF, 0x17, 0x0F, 0x00,
    0xF7, 0x17, 0x0F, 0x00, 0x00, 0x1F, 0x0F, 0x00, 0x07, 0x1F, 0x0F, 0x00,
    0x0F, 0x1F, 0x0F, 0x00, 0x17, 0x1F, 0x0F, 0x00, 0x1F, 0x1F, 0x0F, 0x00,
    0x27, 0x1F, 0x0F, 0x00, 0x2F, 0x1F, 0x0F, 0x00, 0x37, 0x1F, 0x0F, 0x00,
    0x3F, 0x1F, 0x0F, 0x00, 0x47, 0x1F, 0x0F, 0x00, 0x4F, 0x1F, 0x0F, 0x00,
    0x57, 0x1F, 0x0F, 0x00, 0x5F, 0x1F, 0x0F, 0x00, 0x67, 0x1F, 0x0F, 0x00,
    0x6F, 0x1F, 0x0F, 0x00, 0x77, 0x1F, 0x0F, 0x00, 0x7F, 0x1F, 0x0F, 0x00,
    0x87, 0x1F, 0x0F, 0x00, 0x8F, 0x1F, 0x0F, 0x00, 0x97, 0x1F, 0x0F, 0x00,
    0x9F, 0x1F, 0x0F, 0x00, 0xA7, 0x1F, 0x0F, 0x00, 0xAF, 0x1F, 0x0F, 0x00,
    0xB7, 0x1F, 0x0F, 0x00, 0xBF, 0x1F, 0x0F, 0x00, 0xC7, 0x1F, 0x0F, 0x00,
    0xCF, 0x1F, 0x0F, 0x00, 0xD7, 0x1F, 0x0F, 0x00, 0xDF, 0x1F, 0x0F, 0x00,
    0xE7, 0x1F, 0x0F, 0x00, 0xEF, 0x1F, 0x0F, 0x00, 0xF7, 0x1F, 0x0F, 0x00,
    0x00, 0x27, 0x0F, 0x00, 0x07, 0x27, 0x0F, 0x00, 0x0F, 0x27, 0x0F, 0x00,
    0x17, 0x27, 0x0F, 0x00, 0x1F, 0x27, 0x0F, 0x00, 0x27, 0x27, 0x0F, 0x00,
    0x2F, 0x27, 0x0F, 0x00, 0x37, 0x27, 0x0F, 0x00, 0x3F, 0x27, 0x0F, 0x00,
    0x47, 0x27, 0x0F, 0x00, 0x4F, 0x27, 0x0F, 0x00, 0x57, 0x27, 0x0F, 0x00,
    0x5F, 0x27, 0x0F, 0x00, 0x67, 0x27, 0x0F, 0x00, 0x6F, 0x27, 0x0F, 0x00,
    0x77, 0x27, 0x0F, 0x00, 0x7F, 0x27, 0x0F, 0x00, 0x87, 0x27, 0x0F, 0x00,
    0x8F, 0x27, 0x0F, 0x00, 0x97, 0x27, 0x0F, 0x00, 0x9F, 0x27, 0x0F, 0x00,
    0xA7, 0x27, 0x0F, 0x00, 0xAF, 0x27, 0x0F, 0x00, 0xB7, 0x27, 0x0F, 0x00,
    0xBF, 0x27, 0x0F, 0x00, 0xC7, 0x27, 0x0F, 0x00, 0xCF, 0x27, 0x0F, 0x00,
    0xD7, 0x27, 0x0F, 0x00, 0xDF, 0x27, 0x0F, 0x00, 0xE7, 0x27, 0x0F, 0x00,
    0xEF, 0x27, 0x0F, 0x00, 0xF7, 0x27, 0x0F, 0x00, 0x00, 0x2F, 0x0F, 0x00,
    0x07, 0x2F, 0x0F, 0x00, 0x0F, 0x2F, 0x0F, 0x00, 0x17, 0x2F, 0x0F, 0x00,
    0x1F, 0x2F, 0x0F, 0x00, 0x27, 0x2F, 0x0F, 0x00, 0x2F, 0x2F, 0x0F, 0x00,
    0x37, 0x2F, 0x0F, 0x00, 0x3F, 0x2F, 0x0F, 0x00, 0x47, 0x2F, 0x0F, 0x00,
    0x4F, 0x2F, 0x0F, 0x00, 0x57, 0x2F, 0x0F, 0x00, 0x5F, 0x2F, 0x0F, 0x00,
    0x67, 0x2F, 0x0F, 0x00, 0x6F, 0x2F, 0x0F, 0x00, 0x77, 0x2F, 0x0F, 0x00,
    0x7F, 0x2F, 0x0F, 0x00, 0x87, 0x2F, 0x0F, 0x00, 0x8F, 0x2F, 0x0F, 0x00,
    0x97, 0x2F, 0x0F, 0x00, 0x9F, 0x2F, 0x0F, 0x00, 0xA7, 0x2F, 0x0F, 0x00,
    0xAF, 0x2F, 0x0F, 0x00, 0xB7, 0x2F, 0x0F, 0x00, 0xBF, 0x2F, 0x0F, 0x00,
    0xC7, 0x2F, 0x0F, 0x00, 0xCF, 0x2F, 0x0F, 0x00, 0xD7, 0x2F, 0x0F, 0x00,
    0xDF, 0x2F, 0x0F, 0x00, 0xE7, 0x2F, 0x0F, 0x00, 0xEF, 0x2F, 0x0F, 0x00,
    0xF7, 0x2F, 0x0F, 0x00, 0x00, 0x37, 0x0F, 0x00, 0x07, 0x37, 0x0F, 0x00,
    0x0F, 0x37, 0x0F, 0x00, 0x17, 0x37, 0x0F, 0x00, 0x1F, 0x37, 0x0F, 0x00,
    0x27, 0x37, 0x0F, 0x00, 0x2F, 0x37, 0x0F, 0x00, 0x37, 0x37, 0x0F, 0x00,
    0x3F, 0x37, 0x0F, 0x00, 0x47, 0x37, 0x0F, 0x00, 0x4F, 0x37, 0x0F, 0x00,
    0x57, 0x37, 0x0F, 0x00, 0x5F, 0x37, 0x0F, 0x00, 0x67, 0x37, 0x0F, 0x00,
    0x6F, 0x37, 0x0F, 0x00, 0x77, 0x37, 0x0F, 0x00, 0x7F, 0x37, 0x0F, 0x00,
    0x87, 0x37, 0x0F, 0x00, 0x8F, 0x37, 0x0F, 0x00, 0x97, 0x37, 0x0F, 0x00,
    0x9F, 0x37, 0x0F, 0x00, 0xA7, 0x37, 0x0F, 0x00, 0xAF, 0x37, 0x0F, 0x00,
    0xB7, 0x37, 0x0F, 0x00, 0xBF, 0x37, 0x0F, 0x00, 0xC7, 0x37, 0x0F, 0x00,
    0xCF, 0x37, 0x0F, 0x00, 0xD7, 0x37, 0x0F, 0x00, 0xDF, 0x37, 0x0F, 0x00,
    0xE7, 0x37, 0x0F, 0x00, 0xEF, 0x37, 0x0F, 0x00, 0xF7, 0x37, 0x0F, 0x00,
    0x00, 0x3F, 0x0F, 0x00, 0x07, 0x3F, 0x0F, 0x00, 0x0F, 0x3F, 0x0F, 0x00,
    0x17, 0x3F, 0x0F, 0x00, 0x1F, 0x3F, 0x0F, 0x00, 0x27, 0x3F, 0x0F, 0x00,
    0x2F, 0x3F, 0x0F, 0x00, 0x37, 0x3F, 0x0F, 0x00, 0x3F, 0x3F, 0x0F, 0x00,
    0x47, 0x3F, 0x0F, 0x00, 0x4F, 0x3F, 0x0F, 0x00, 0x57, 0x3F, 0x0F, 0x00,
    0x5F, 0x3F, 0x0F, 0x00, 0x67, 0x3F, 0x0F, 0x00, 0x6F, 0x3F, 0x0F, 0x00,
    0x77, 0x3F, 0x0F, 0x00, 0x7F, 0x3F, 0x0F, 0x00, 0x87, 0x3F, 0x0F, 0x00,
    0x8F, 0x3F, 0x0F, 0x00, 0x97, 0x3F, 0x0F, 0x00, 0x9F, 0x3F, 0x0F, 0x00,
    0xA7, 0x3F, 0x0F, 0x00, 0xAF, 0x3F, 0x0F, 0x00, 0xB7, 0x3F, 0x0F, 0x00,
    0xBF, 0x3F, 0x0F, 0x00, 0xC7, 0x3F, 0x0F, 0x00, 0xCF, 0x3F, 0x0F, 0x00,
    0xD7, 0x3F, 0x0F, 0x00, 0xDF, 0x3F, 0x0F, 0x00, 0xE7, 0x3F, 0x0F, 0x00,
    0xEF, 0x3F, 0x0F, 0x00, 0xF7, 0x3F, 0x0F, 0x00, 0x00, 0x47, 0x0F, 0x00,
    0x07, 0x47, 0x0F, 0x00, 0x0F, 0x47, 0x0F, 0x00, 0x17, 0x47, 0x0F, 0x00,
    0x1F, 0x47, 0x0F, 0x00, 0x27, 0x47, 0x0F, 0x00, 0x2F, 0x47, 0x0F, 0x00,
    0x37, 0x47, 0x0F, 0x00, 0x3F, 0x47, 0x0F, 0x00, 0x47, 0x47, 0x0F, 0x00,
    0x4F, 0x47, 0x0F, 0x00, 0x57, 0x47, 0x0F, 0x00, 0x5F, 0x47, 0x0F, 0x00,
    0x67, 0x47, 0x0F, 0x00, 0x6F, 0x47, 0x0F, 0x00, 0x77, 0x47, 0x0F, 0x00,
    0x7F, 0x47, 0x0F, 0x00, 0x87, 0x47, 0x0F, 0x00, 0x8F, 0x47, 0x0F, 0x00,
    0x97, 0x47, 0x0F, 0x00, 0x9F, 0x47, 0x0F, 0x00, 0xA7, 0x47, 0x0F, 0x00,
    0xAF, 0x47, 0x0F, 0x00, 0xB7, 0x47, 0x0F, 0x00, 0xBF, 0x47, 0x0F, 0x00,
    0xC7, 0x47, 0x0F, 0x00, 0xCF, 0x47, 0x0F, 0x00, 0xD7, 0x47, 0x0F, 0x00,
    0xDF, 0x47, 0x0F, 0x00, 0xE7, 0x47, 0x0F, 0x00, 0xEF, 0x47, 0x0F, 0x00,
    0xF7, 0x47, 0x0F, 0x00, 0x00, 0x4F, 0x0F, 0x00, 0x07, 0x4F, 0x0F, 0x00,
    0x0F, 0x4F, 0x0F, 0x00, 0x17, 0x4F, 0x0F, 0x00, 0x1F, 0x4F, 0x0F, 0x00,
    0x27, 0x4F, 0x0F, 0x00, 0x2F, 0x4F, 0x0F, 0x00, 0x37, 0x4F, 0x0F, 0x00,
    0x3F, 0x4F, 0x0F, 0x00, 0x47, 0x4F, 0x0F, 0x00, 0x4F, 0x4F, 0x0F, 0x00,
    0x57, 0x4F, 0x0F, 0x00, 0x5F, 0x4F, 0x0F, 0x00, 0x67, 0x4F, 0x0F, 0x00,
    0x6F, 0x4F, 0x0F, 0x00, 0x77, 0x4F, 0x0F, 0x00, 0x7F, 0x4F, 0x0F, 0x00,
    0x87, 0x4F, 0x0F, 0x00, 0x8F, 0x4F, 0x0F, 0x00, 0x97, 0x4F, 0x0F, 0x00,
    0x9F, 0x4F, 0x0F, 0x00, 0xA7, 0x4F, 0x0F, 0x00, 0xAF, 0x4F, 0x0F, 0x00,
    0xB7, 0x4F, 0x0F, 0x00, 0xBF, 0x4F, 0x0F, 0x00, 0xC7, 0x4F, 0x0F, 0x00,
    0xCF, 0x4F, 0x0F, 0x00, 0xD7, 0x4F, 0x0F, 0x00, 0xDF, 0x4F, 0x0F, 0x00,
    0xE7, 0x4F, 0x0F, 0x00, 0xEF, 0x4F, 0x0F, 0x00, 0xF7, 0x4F, 0x0F, 0x00,
    0x00, 0x57, 0x0F, 0x00, 0x07, 0x57, 0x0F, 0x00, 0x0F, 0x57, 0x0F, 0x00,
    0x17, 0x57, 0x0F, 0x00, 0x1F, 0x57, 0x0F, 0x00, 0x27, 0x57, 0x0F, 0x00,
    0x2F, 0x57, 0x0F, 0x00, 0x37, 0x57, 0x0F, 0x00, 0x3F, 0x57, 0x0F, 0x00,
    0x47, 0x57, 0x0F, 0x00, 0x4F, 0x57, 0x0F, 0x00, 0x57, 0x57, 0x0F, 0x00,
    0x5F, 0x57, 0x0F, 0x00, 0x67, 0x57, 0x0F, 0x00, 0x6F, 0x57, 0x0F, 0x00,
    0x77, 0x57, 0x0F, 0x00, 0x7F, 0x57, 0x0F, 0x00, 0x87, 0x57, 0x0F, 0x00,
    0x8F, 0x57, 0x0F, 0x00, 0x97, 0x57, 0x0F, 0x00, 0x9F, 0x57, 0x0F, 0x00,
    0xA7, 0x57, 0x0F, 0x00, 0xAF, 0x57, 0x0F, 0x00, 0xB7, 0x57, 0x0F, 0x00,
    0xBF, 0x57, 0x0F, 0x00, 0xC7, 0x57, 0x0F, 0x00, 0xCF, 0x57, 0x0F, 0x00,
    0xD7, 0x57, 0x0F, 0x00, 0xDF, 0x57, 0x0F, 0x00, 0xE7, 0x57, 0x0F, 0x00,
    0xEF, 0x57, 0x0F, 0x00, 0xF7, 0x57, 0x0F, 0x00, 0x00, 0x5F, 0x0F, 0x00,
    0x07, 0x5F, 0x0F, 0x00, 0x0F, 0x5F, 0x0F, 0x00, 0x17, 0x5F, 0x0F, 0x00,
    0x1F, 0x5F, 0x0F, 0x00, 0x27, 0x5F, 0x0F, 0x00, 0x2F, 0x5F, 0x0F, 0x00,
    0x37, 0x5F, 0x0F, 0x00, 0x3F, 0x5F, 0x0F, 0x00, 0x47, 0x5F, 0x0F, 0x00,
    0x4F, 0x5F, 0x0F, 0x00, 0x57, 0x5F, 0x0F, 0x00, 0x5F, 0x5F, 0x0F, 0x00,
    0x67, 0x5F, 0x0F, 0x00, 0x6F, 0x5F, 0x0F, 0x00, 0x77, 0x5F, 0x0F, 0x00,
    0x7F, 0x5F, 0x0F, 0x00, 0x87, 0x5F, 0x0F, 0x00, 0x8F, 0x5F, 0x0F, 0x00,
    0x97, 0x5F, 0x0F, 0x00, 0x9F, 0x5F, 0x0F, 0x00, 0xA7, 0x5F, 0x0F, 0x00,
    0xAF, 0x5F, 0x0F, 0x00, 0xB7, 0x5F, 0x0F, 0x00, 0xBF, 0x5F, 0x0F, 0x00,
    0xC7, 0x5F, 0x0F, 0x00, 0xCF, 0x5F, 0x0F, 0x00, 0xD7, 0x5F, 0x0F, 0x00,
    0xDF, 0x5F, 0x0F, 0x00, 0xE7, 0x5F, 0x0F, 0x00, 0xEF, 0x5F, 0x0F, 0x00,
    0xF7, 0x5F, 0x0F, 0x00, 0x00, 0x67, 0x0F, 0x00, 0x07, 0x67, 0x0F, 0x00,
    0x0F, 0x67, 0x0F, 0x00, 0x17, 0x67, 0x0F, 0x00, 0x1F, 0x67, 0x0F, 0x00,
    0x27, 0x67, 0x0F, 0x00, 0x2F, 0x67, 0x0F, 0x00, 0x37, 0x67, 0x0F, 0x00,
    0x3F, 0x67, 0x0F, 0x00, 0x47, 0x67, 0x0F, 0x00, 0x4F, 0x67, 0x0F, 0x00,
    0x57, 0x67, 0x0F, 0x00, 0x5F, 0x67, 0x0F, 0x00, 0x67, 0x67, 0x0F, 0x00,
    0x6F, 0x67, 0x0F, 0x00, 0x77, 0x67, 0x0F, 0x00, 0x7F, 0x67, 0x0F, 0x01,
    0x87, 0x67, 0x0F, 0x00, 0x8F, 0x67, 0x0F, 0x00, 0x97, 0x67, 0x0F, 0x00,
    0x9F, 0x67, 0x0F, 0x00, 0xA7, 0x67, 0x0F, 0x00, 0xAF, 0x67, 0x0F, 0x00,
    0xB7, 0x67, 0x0F, 0x00, 0xBF, 0x67, 0x0F, 0x00, 0xC7, 0x67, 0x0F, 0x00,
    0xCF, 0x67, 0x0F, 0x00, 0xD7, 0x67, 0x0F, 0x00, 0xDF, 0x67, 0x0F, 0x00,
    0xE7, 0x67, 0x0F, 0x00, 0xEF, 0x67, 0x0F, 0x00, 0xF7, 0x67, 0x0F, 0x00,
    0x00, 0x6F, 0x0F, 0x00, 0x07, 0x6F, 0x0F, 0x00, 0x0F, 0x6F, 0x0F, 0x00,
    0x17, 0x6F, 0x0F, 0x00, 0x1F, 0x6F, 0x0F, 0x00, 0x27, 0x6F, 0x0F, 0x00,
    0x2F, 0x6F, 0x0F, 0x00, 0x37, 0x6F, 0x0F, 0x00, 0x3F, 0x6F, 0x0F, 0x00,
    0x47, 0x6F, 0x0F, 0x00, 0x4F, 0x6F, 0x0F, 0x00, 0x57, 0x6F, 0x0F, 0x00,
    0x5F, 0x6F, 0x0F, 0x00, 0x67, 0x6F, 0x0F, 0x00, 0x6F, 0x6F, 0x0F, 0x02,
    0x77, 0x6F, 0x0F, 0x03, 0x7F, 0x6F, 0x0F, 0x04, 0x87, 0x6F, 0x0F, 0x03,
    0x8F, 0x6F, 0x0F, 0x02, 0x97, 0x6F, 0x0F, 0x00, 0x9F, 0x6F, 0x0F, 0x00,
    0xA7, 0x6F, 0x0F, 0x00, 0xAF, 0x6F, 0x0F, 0x00, 0xB7, 0x6F, 0x0F, 0x00,
    0xBF, 0x6F, 0x0F, 0x00, 0xC7, 0x6F, 0x0F, 0x00, 0xCF, 0x6F, 0x0F, 0x00,
    0xD7, 0x6F, 0x0F, 0x00, 0xDF, 0x6F, 0x0F, 0x00, 0xE7, 0x6F, 0x0F, 0x00,
    0xEF, 0x6F, 0x0F, 0x00, 0xF7, 0x6F, 0x0F, 0x00, 0x00, 0x77, 0x0F, 0x00,
    0x07, 0x77, 0x0F, 0x00, 0x0F, 0x77, 0x0F, 0x00, 0x17, 0x77, 0x0F, 0x00,
    0x1F, 0x77, 0x0F, 0x00, 0x27, 0x77, 0x0F, 0x00, 0x2F, 0x77, 0x0F, 0x00,
    0x37, 0x77, 0x0F, 0x00, 0x3F, 0x77, 0x0F, 0x00, 0x47, 0x77, 0x0F, 0x00,
    0x4F, 0x77, 0x0F, 0x00, 0x57, 0x77, 0x0F, 0x00, 0x5F, 0x77, 0x0F, 0x00,
    0x67, 0x77, 0x0F, 0x00, 0x6F, 0x77, 0x0F, 0x03, 0x77, 0x77, 0x0F, 0x05,
    0x7F, 0x77, 0x0F, 0x06, 0x87, 0x77, 0x0F, 0x05, 0x8F, 0x77, 0x0F, 0x03,
    0x97, 0x77, 0x0F, 0x00, 0x9F, 0x77, 0x0F, 0x00, 0xA7, 0x77, 0x0F, 0x00,
    0xAF, 0x77, 0x0F, 0x00, 0xB7, 0x77, 0x0F, 0x00, 0xBF, 0x77, 0x0F, 0x00,
    0xC7, 0x77, 0x0F, 0x00, 0xCF, 0x77, 0x0F, 0x00, 0xD7, 0x77, 0x0F, 0x00,
    0xDF, 0x77, 0x0F, 0x00, 0xE7, 0x77, 0x0F, 0x00, 0xEF, 0x77, 0x0F, 0x00,
    0xF7, 0x77, 0x0F, 0x00, 0x00, 0x7F, 0x0F, 0x00, 0x07, 0x7F, 0x0F, 0x00,
    0x0F, 0x7F, 0x0F, 0x00, 0x17, 0x7F, 0x0F, 0x00, 0x1F, 0x7F, 0x0F, 0x00,
    0x27, 0x7F, 0x0F, 0x00, 0x2F, 0x7F, 0x0F, 0x00, 0x37, 0x7F, 0x0F, 0x00,
    0x3F, 0x7F, 0x0F, 0x00, 0x47, 0x7F, 0x0F, 0x00, 0x4F, 0x7F, 0x0F, 0x00,
    0x57, 0x7F, 0x0F, 0x00, 0x5F, 0x7F, 0x0F, 0x00, 0x67, 0x7F, 0x0F, 0x01,
    0x6F, 0x7F, 0x0F, 0x04, 0x77, 0x7F, 0x0F, 0x06, 0x7F, 0x7F, 0x0F, 0x07,
    0x87, 0x7F, 0x0F, 0x06, 0x8F, 0x7F, 0x0F, 0x04, 0x97, 0x7F, 0x0F, 0x01,
    0x9F, 0x7F, 0x0F, 0x00, 0xA7, 0x7F, 0x0F, 0x00, 0xAF, 0x7F, 0x0F, 0x00,
    0xB7, 0x7F, 0x0F, 0x00, 0xBF, 0x7F, 0x0F, 0x00, 0xC7, 0x7F, 0x0F, 0x00,
    0xCF, 0x7F, 0x0F, 0x00, 0xD7, 0x7F, 0x0F, 0x00, 0xDF, 0x7F, 0x0F, 0x00,
    0xE7, 0x7F, 0x0F, 0x00, 0xEF, 0x7F, 0x0F, 0x00, 0xF7, 0x7F, 0x0F, 0x00,
    0x00, 0x87, 0x0F, 0x00, 0x07, 0x87, 0x0F, 0x00, 0x0F, 0x87, 0x0F, 0x00,
    0x17, 0x87, 0x0F, 0x00, 0x1F, 0x87, 0x0F, 0x00, 0x27, 0x87, 0x0F, 0x00,
    0x2F, 0x87, 0x0F, 0x00, 0x37, 0x87, 0x0F, 0x00, 0x3F, 0x87, 0x0F, 0x00,
    0x47, 0x87, 0x0F, 0x00, 0x4F, 0x87, 0x0F, 0x00, 0x57, 0x87, 0x0F, 0x00,
    0x5F, 0x87, 0x0F, 0x00, 0x67, 0x87, 0x0F, 0x00, 0x6F, 0x87, 0x0F, 0x03,
    0x77, 0x87, 0x0F, 0x05, 0x7F, 0x87, 0x0F, 0x06, 0x87, 0x87, 0x0F, 0x05,
    0x8F, 0x87, 0x0F, 0x03, 0x97, 0x87, 0x0F, 0x00, 0x9F, 0x87, 0x0F, 0x00,
    0xA7, 0x87, 0x0F, 0x00, 0xAF, 0x87, 0x0F, 0x00, 0xB7, 0x87, 0x0F, 0x00,
    0xBF, 0x87, 0x0F, 0x00, 0xC7, 0x87, 0x0F, 0x00, 0xCF, 0x87, 0x0F, 0x00,
    0xD7, 0x87, 0x0F, 0x00, 0xDF, 0x87, 0x0F, 0x00, 0xE7, 0x87, 0x0F, 0x00,
    0xEF, 0x87, 0x0F, 0x00, 0xF7, 0x87, 0x0F, 0x00, 0x00, 0x8F, 0x0F, 0x00,
    0x07, 0x8F, 0x0F, 0x00, 0x0F, 0x8F, 0x0F, 0x00, 0x17, 0x8F, 0x0F, 0x00,
    0x1F, 0x8F, 0x0F, 0x00, 0x27, 0x8F, 0x0F, 0x00, 0x2F, 0x8F, 0x0F, 0x00,
    0x37, 0x8F, 0x0F, 0x00, 0x3F, 0x8F, 0x0F, 0x00, 0x47, 0x8F, 0x0F, 0x00,
    0x4F, 0x8F, 0x0F, 0x00, 0x57, 0x8F, 0x0F, 0x00, 0x5F, 0x8F, 0x0F, 0x00,
    0x67, 0x8F, 0x0F, 0x00, 0x6F, 0x8F, 0x0F, 0x02, 0x77, 0x8F, 0x0F, 0x03,
    0x7F, 0x8F, 0x0F, 0x04, 0x87, 0x8F, 0x0F, 0x03, 0x8F, 0x8F, 0x0F, 0x02,
    0x97, 0x8F, 0x0F, 0x00, 0x9F, 0x8F, 0x0F, 0x00, 0xA7, 0x8F, 0x0F, 0x00,
    0xAF, 0x8F, 0x0F, 0x00, 0xB7, 0x8F, 0x0F, 0x00, 0xBF, 0x8F, 0x0F, 0x00,
    0xC7, 0x8F, 0x0F, 0x00, 0xCF, 0x8F, 0x0F, 0x00, 0xD7, 0x8F, 0x0F, 0x00,
    0xDF, 0x8F, 0x0F, 0x00, 0xE7, 0x8F, 0x0F, 0x00, 0xEF, 0x8F, 0x0F, 0x00,
    0xF7, 0x8F, 0x0F, 0x00, 0x00, 0x97, 0x0F, 0x00, 0x07, 0x97, 0x0F, 0x00,
    0x0F, 0x97, 0x0F, 0x00, 0x17, 0x97, 0x0F, 0x00, 0x1F, 0x97, 0x0F, 0x00,
    0x27, 0x97, 0x0F, 0x00, 0x2F, 0x97, 0x0F, 0x00, 0x37, 0x97, 0x0F, 0x00,
    0x3F, 0x97, 0x0F, 0x00, 0x47, 0x97, 0x0F, 0x00, 0x4F, 0x97, 0x0F, 0x00,
    0x57, 0x97, 0x0F, 0x00, 0x5F, 0x97, 0x0F, 0x00, 0x67, 0x97, 0x0F, 0x00,
    0x6F, 0x97, 0x0F, 0x00, 0x77, 0x97, 0x0F, 0x00, 0x7F, 0x97, 0x0F, 0x01,
    0x87, 0x97, 0x0F, 0x00, 0x8F, 0x97, 0x0F, 0x00, 0x97, 0x97, 0x0F, 0x00,
    0x9F, 0x97, 0x0F, 0x00, 0xA7, 0x97, 0x0F, 0x00, 0xAF, 0x97, 0x0F, 0x00,
    0xB7, 0x97, 0x0F, 0x00, 0xBF, 0x97, 0x0F, 0x00, 0xC7, 0x97, 0x0F, 0x00,
    0xCF, 0x97, 0x0F, 0x00, 0xD7, 0x97, 0x0F, 0x00, 0xDF, 0x97, 0x0F, 0x00,
    0xE7, 0x97, 0x0F, 0x00, 0xEF, 0x97, 0x0F, 0x00, 0xF7, 0x97, 0x0F, 0x00,
    0x00, 0x9F, 0x0F, 0x00, 0x07, 0x9F, 0x0F, 0x00, 0x0F, 0x9F, 0x0F, 0x00,
    0x17, 0x9F, 0x0F, 0x00, 0x1F, 0x9F, 0x0F, 0x00, 0x27, 0x9F, 0x0F, 0x00,
    0x2F, 0x9F, 0x0F, 0x00, 0x37, 0x9F, 0x0F, 0x00, 0x3F, 0x9F, 0x0F, 0x00,
    0x47, 0x9F, 0x0F, 0x00, 0x4F, 0x9F, 0x0F, 0x00, 0x57, 0x9F, 0x0F, 0x00,
    0x5F, 0x9F, 0x0F, 0x00, 0x67, 0x9F, 0x0F, 0x00, 0x6F, 0x9F, 0x0F, 0x00,
    0x77, 0x9F, 0x0F, 0x00, 0x7F, 0x9F, 0x0F, 0x00, 0x87, 0x9F, 0x0F, 0x00,
    0x8F, 0x9F, 0x0F, 0x00, 0x97, 0x9F, 0x0F, 0x00, 0x9F, 0x9F, 0x0F, 0x00,
    0xA7, 0x9F, 0x0F, 0x00, 0xAF, 0x9F, 0x0F, 0x00, 0xB7, 0x9F, 0x0F, 0x00,
    0xBF, 0x9F, 0x0F, 0x00, 0xC7, 0x9F, 0x0F, 0x00, 0xCF, 0x9F, 0x0F, 0x00,
    0xD7, 0x9F, 0x0F, 0x00, 0xDF, 0x9F, 0x0F, 0x00, 0xE7, 0x9F, 0x0F, 0x00,
    0xEF, 0x9F, 0x0F, 0x00, 0xF7, 0x9F, 0x0F, 0x00, 0x00, 0xA7, 0x0F, 0x00,
    0x07, 0xA7, 0x0F, 0x00, 0x0F, 0xA7, 0x0F, 0x00, 0x17, 0xA7, 0x0F, 0x00,
    0x1F, 0xA7, 0x0F, 0x00, 0x27, 0xA7, 0x0F, 0x00, 0x2F, 0xA7, 0x0F, 0x00,
    0x37, 0xA7, 0x0F, 0x00, 0x3F, 0xA7, 0x0F, 0x00, 0x47, 0xA7, 0x0F, 0x00,
    0x4F, 0xA7, 0x0F, 0x00, 0x57, 0xA7, 0x0F, 0x00, 0x5F, 0xA7, 0x0F, 0x00,
    0x67, 0xA7, 0x0F, 0x00, 0x6F, 0xA7, 0x0F, 0x00, 0x77, 0xA7, 0x0F, 0x00,
    0x7F, 0xA7, 0x0F, 0x00, 0x87, 0xA7, 0x0F, 0x00, 0x8F, 0xA7, 0x0F, 0x00,
    0x97, 0xA7, 0x0F, 0x00, 0x9F, 0xA7, 0x0F, 0x00, 0xA7, 0xA7, 0x0F, 0x00,
    0xAF, 0xA7, 0x0F, 0x00, 0xB7, 0xA7, 0x0F, 0x00, 0xBF, 0xA7, 0x0F, 0x00,
    0xC7, 0xA7, 0x0F, 0x00, 0xCF, 0xA7, 0x0F, 0x00, 0xD7, 0xA7, 0x0F, 0x00,
    0xDF, 0xA7, 0x0F, 0x00, 0xE7, 0xA7, 0x0F, 0x00, 0xEF, 0xA7, 0x0F, 0x00,
    0xF7, 0xA7, 0x0F, 0x00, 0x00, 0xAF, 0x0F, 0x00, 0x07, 0xAF, 0x0F, 0x00,
    0x0F, 0xAF, 0x0F, 0x00, 0x17, 0xAF, 0x0F, 0x00, 0x1F, 0xAF, 0x0F, 0x00,
    0x27, 0xAF, 0x0F, 0x00, 0x2F, 0xAF, 0x0F, 0x00, 0x37, 0xAF, 0x0F, 0x00,
    0x3F, 0xAF, 0x0F, 0x00, 0x47, 0xAF, 0x0F, 0x00, 0x4F, 0xAF, 0x0F, 0x00,
    0x57, 0xAF, 0x0F, 0x00, 0x5F, 0xAF, 0x0F, 0x00, 0x67, 0xAF, 0x0F, 0x00,
    0x6F, 0xAF, 0x0F, 0x00, 0x77, 0xAF, 0x0F, 0x00, 0x7F, 0xAF, 0x0F, 0x00,
    0x87, 0xAF, 0x0F, 0x00, 0x8F, 0xAF, 0x0F, 0x00, 0x97, 0xAF, 0x0F, 0x00,
    0x9F, 0xAF, 0x0F, 0x00, 0xA7, 0xAF, 0x0F, 0x00, 0xAF, 0xAF, 0x0F, 0x00,
    0xB7, 0xAF, 0x0F, 0x00, 0xBF, 0xAF, 0x0F, 0x00, 0xC7, 0xAF, 0x0F, 0x00,
    0xCF, 0xAF, 0x0F, 0x00, 0xD7, 0xAF, 0x0F, 0x00, 0xDF, 0xAF, 0x0F, 0x00,
    0xE7, 0xAF, 0x0F, 0x00, 0xEF, 0xAF, 0x0F, 0x00, 0xF7, 0xAF, 0x0F, 0x00,
    0x00, 0xB7, 0x0F, 0x00, 0x07, 0xB7, 0x0F, 0x00, 0x0F, 0xB7, 0x0F, 0x00,
    0x17, 0xB7, 0x0F, 0x00, 0x1F, 0xB7, 0x0F, 0x00, 0x27, 0xB7, 0x0F, 0x00,
    0x2F, 0xB7, 0x0F, 0x00, 0x37, 0xB7, 0x0F, 0x00, 0x3F, 0xB7, 0x0F, 0x00,
    0x47, 0xB7, 0x0F, 0x00, 0x4F, 0xB7, 0x0F, 0x00, 0x57, 0xB7, 0x0F, 0x00,
    0x5F, 0xB7, 0x0F, 0x00, 0x67, 0xB7, 0x0F, 0x00, 0x6F, 0xB7, 0x0F, 0x00,
    0x77, 0xB7, 0x0F, 0x00, 0x7F, 0xB7, 0x0F, 0x00, 0x87, 0xB7, 0x0F, 0x00,
    0x8F, 0xB7, 0x0F, 0x00, 0x97, 0xB7, 0x0F, 0x00, 0x9F, 0xB7, 0x0F, 0x00,
    0xA7, 0xB7, 0x0F, 0x00, 0xAF, 0xB7, 0x0F, 0x00, 0xB7, 0xB7, 0x0F, 0x00,
    0xBF, 0xB7, 0x0F, 0x00, 0xC7, 0xB7, 0x0F, 0x00, 0xCF, 0xB7, 0x0F, 0x00,
    0xD7, 0xB7, 0x0F, 0x00, 0xDF, 0xB7, 0x0F, 0x00, 0xE7, 0xB7, 0x0F, 0x00,
    0xEF, 0xB7, 0x0F, 0x00, 0xF7, 0xB7, 0x0F, 0x00, 0x00, 0xBF, 0x0F, 0x00,
    0x07, 0xBF, 0x0F, 0x00, 0x0F, 0xBF, 0x0F, 0x00, 0x17, 0xBF, 0x0F, 0x00,
    0x1F, 0xBF, 0x0F, 0x00, 0x27, 0xBF, 0x0F, 0x00, 0x2F, 0xBF, 0x0F, 0x00,
    0x37, 0xBF, 0x0F, 0x00, 0x3F, 0xBF, 0x0F, 0x00, 0x47, 0xBF, 0x0F, 0x00,
    0x4F, 0xBF, 0x0F, 0x00, 0x57, 0xBF, 0x0F, 0x00, 0x5F, 0xBF, 0x0F, 0x00,
    0x67, 0xBF, 0x0F, 0x00, 0x6F, 0xBF, 0x0F, 0x00, 0x77, 0xBF, 0x0F, 0x00,
    0x7F, 0xBF, 0x0F, 0x00, 0x87, 0xBF, 0x0F, 0x00, 0x8F, 0xBF, 0x0F, 0x00,
    0x97, 0xBF, 0x0F, 0x00, 0x9F, 0xBF, 0x0F, 0x00, 0xA7, 0xBF, 0x0F, 0x00,
    0xAF, 0xBF, 0x0F, 0x00, 0xB7, 0xBF, 0x0F, 0x00, 0xBF, 0xBF, 0x0F, 0x00,
    0xC7, 0xBF, 0x0F, 0x00, 0xCF, 0xBF, 0x0F, 0x00, 0xD7, 0xBF, 0x0F, 0x00,
    0xDF, 0xBF, 0x0F, 0x00, 0xE7, 0xBF, 0x0F, 0x00, 0xEF, 0xBF, 0x0F, 0x00,
    0xF7, 0xBF, 0x0F, 0x00, 0x00, 0xC7, 0x0F, 0x00, 0x07, 0xC7, 0x0F, 0x00,
    0x0F, 0xC7, 0x0F, 0x00, 0x17, 0xC7, 0x0F, 0x00, 0x1F, 0xC7, 0x0F, 0x00,
    0x27, 0xC7, 0x0F, 0x00, 0x2F, 0xC7, 0x0F, 0x00, 0x37, 0xC7, 0x0F, 0x00,
    0x3F, 0xC7, 0x0F, 0x00, 0x47, 0xC7, 0x0F, 0x00, 0x4F, 0xC7, 0x0F, 0x00,
    0x57, 0xC7, 0x0F, 0x00, 0x5F, 0xC7, 0x0F, 0x00, 0x67, 0xC7, 0x0F, 0x00,
    0x6F, 0xC7, 0x0F, 0x00, 0x77, 0xC7, 0x0F, 0x00, 0x7F, 0xC7, 0x0F, 0x00,
    0x87, 0xC7, 0x0F, 0x00, 0x8F, 0xC7, 0x0F, 0x00, 0x97, 0xC7, 0x0F, 0x00,
    0x9F, 0xC7, 0x0F, 0x00, 0xA7, 0xC7, 0x0F, 0x00, 0xAF, 0xC7, 0x0F, 0x00,
    0xB7, 0xC7, 0x0F, 0x00, 0xBF, 0xC7, 0x0F, 0x00, 0xC7, 0xC7, 0x0F, 0x00,
    0xCF, 0xC7, 0x0F, 0x00, 0xD7, 0xC7, 0x0F, 0x00, 0xDF, 0xC7, 0x0F, 0x00,
    0xE7, 0xC7, 0x0F, 0x00, 0xEF, 0xC7, 0x0F, 0x00, 0xF7, 0xC7, 0x0F, 0x00,
    0x00, 0xCF, 0x0F, 0x00, 0x07, 0xCF, 0x0F, 0x00, 0x0F, 0xCF, 0x0F, 0x00,
    0x17, 0xCF, 0x0F, 0x00, 0x1F, 0xCF, 0x0F, 0x00, 0x27, 0xCF, 0x0F, 0x00,
    0x2F, 0xCF, 0x0F, 0x00, 0x37, 0xCF, 0x0F, 0x00, 0x3F, 0xCF, 0x0F, 0x00,
    0x47, 0xCF, 0x0F, 0x00, 0x4F, 0xCF, 0x0F, 0x00, 0x57, 0xCF, 0x0F, 0x00,
    0x5F, 0xCF, 0x0F, 0x00, 0x67, 0xCF, 0x0F, 0x00, 0x6F, 0xCF, 0x0F, 0x00,
    0x77, 0xCF, 0x0F, 0x00, 0x7F, 0xCF, 0x0F, 0x00, 0x87, 0xCF, 0x0F, 0x00,
    0x8F, 0xCF, 0x0F, 0x00, 0x97, 0xCF, 0x0F, 0x00, 0x9F, 0xCF, 0x0F, 0x00,
    0xA7, 0xCF, 0x0F, 0x00, 0xAF, 0xCF, 0x0F, 0x00, 0xB7, 0xCF, 0x0F, 0x00,
    0xBF, 0xCF, 0x0F, 0x00, 0xC7, 0xCF, 0x0F, 0x00, 0xCF, 0xCF, 0x0F, 0x00,
    0xD7, 0xCF, 0x0F, 0x00, 0xDF, 0xCF, 0x0F, 0x00, 0xE7, 0xCF, 0x0F, 0x00,
    0xEF, 0xCF, 0x0F, 0x00, 0xF7, 0xCF, 0x0F, 0x00, 0x00, 0xD7, 0x0F, 0x00,
    0x07, 0xD7, 0x0F, 0x00, 0x0F, 0xD7, 0x0F, 0x00, 0x17, 0xD7, 0x0F, 0x00,
    0x1F, 0xD7, 0x0F, 0x00, 0x27, 0xD7, 0x0F, 0x00, 0x2F, 0xD7, 0x0F, 0x00,
    0x37, 0xD7, 0x0F, 0x00, 0x3F, 0xD7, 0x0F, 0x00, 0x47, 0xD7, 0x0F, 0x00,
    0x4F, 0xD7, 0x0F, 0x00, 0x57, 0xD7, 0x0F, 0x00, 0x5F, 0xD7, 0x0F, 0x00,
    0x67, 0xD7, 0x0F, 0x00, 0x6F, 0xD7, 0x0F, 0x00, 0x77, 0xD7, 0x0F, 0x00,
    0x7F, 0xD7, 0x0F, 0x00, 0x87, 0xD7, 0x0F, 0x00, 0x8F, 0xD7, 0x0F, 0x00,
    0x97, 0xD7, 0x0F, 0x00, 0x9F, 0xD7, 0x0F, 0x00, 0xA7, 0xD7, 0x0F, 0x00,
    0xAF, 0xD7, 0x0F, 0x00, 0xB7, 0xD7, 0x0F, 0x00, 0xBF, 0xD7, 0x0F, 0x00,
    0xC7, 0xD7, 0x0F, 0x00, 0xCF, 0xD7, 0x0F, 0x00, 0xD7, 0xD7, 0x0F, 0x00,
    0xDF, 0xD7, 0x0F, 0x00, 0xE7, 0xD7, 0x0F, 0x00, 0xEF, 0xD7, 0x0F, 0x00,
    0xF7, 0xD7, 0x0F, 0x00, 0x00, 0xDF, 0x0F, 0x00, 0x07, 0xDF, 0x0F, 0x00,
    0x0F, 0xDF, 0x0F, 0x00, 0x17, 0xDF, 0x0F, 0x00, 0x1F, 0xDF, 0x0F, 0x00,
    0x27, 0xDF, 0x0F, 0x00, 0x2F, 0xDF, 0x0F, 0x00, 0x37, 0xDF, 0x0F, 0x00,
    0x3F, 0xDF, 0x0F, 0x00, 0x47, 0xDF, 0x0F, 0x00, 0x4F, 0xDF, 0x0F, 0x00,
    0x57, 0xDF, 0x0F, 0x00, 0x5F, 0xDF, 0x0F, 0x00, 0x67, 0xDF, 0x0F, 0x00,
    0x6F, 0xDF, 0x0F, 0x00, 0x77, 0xDF, 0x0F, 0x00, 0x7F, 0xDF, 0x0F, 0x00,
    0x87, 0xDF, 0x0F, 0x00, 0x8F, 0xDF, 0x0F, 0x00, 0x97, 0xDF, 0x0F, 0x00,
    0x9F, 0xDF, 0x0F, 0x00, 0xA7, 0xDF, 0x0F, 0x00, 0xAF, 0xDF, 0x0F, 0x00,
    0xB7, 0xDF, 0x0F, 0x00, 0xBF, 0xDF, 0x0F, 0x00, 0xC7, 0xDF, 0x0F, 0x00,
    0xCF, 0xDF, 0x0F, 0x00, 0xD7, 0xDF, 0x0F, 0x00, 0xDF, 0xDF, 0x0F, 0x00,
    0xE7, 0xDF, 0x0F, 0x00, 0xEF, 0xDF, 0x0F, 0x00, 0xF7, 0xDF, 0x0F, 0x00,
    0x00, 0xE7, 0x0F, 0x00, 0x07, 0xE7, 0x0F, 0x00, 0x0F, 0xE7, 0x0F, 0x00,
    0x17, 0xE7, 0x0F, 0x00, 0x1F, 0xE7, 0x0F, 0x00, 0x27, 0xE7, 0x0F, 0x00,
    0x2F, 0xE7, 0x0F, 0x00, 0x37, 0xE7, 0x0F, 0x00, 0x3F, 0xE7, 0x0F, 0x00,
    0x47, 0xE7, 0x0F, 0x00, 0x4F, 0xE7, 0x0F, 0x00, 0x57, 0xE7, 0x0F, 0x00,
    0x5F, 0xE7, 0x0F, 0x00, 0x67, 0xE7, 0x0F, 0x00, 0x6F, 0xE7, 0x0F, 0x00,
    0x77, 0xE7, 0x0F, 0x00, 0x7F, 0xE7, 0x0F, 0x00, 0x87, 0xE7, 0x0F, 0x00,
    0x8F, 0xE7, 0x0F, 0x00, 0x97, 0xE7, 0x0F, 0x00, 0x9F, 0xE7, 0x0F, 0x00,
    0xA7, 0xE7, 0x0F, 0x00, 0xAF, 0xE7, 0x0F, 0x00, 0xB7, 0xE7, 0x0F, 0x00,
    0xBF, 0xE7, 0x0F, 0x00, 0xC7, 0xE7, 0x0F, 0x00, 0xCF, 0xE7, 0x0F, 0x00,
    0xD7, 0xE7, 0x0F, 0x00, 0xDF, 0xE7, 0x0F, 0x00, 0xE7, 0xE7, 0x0F, 0x00,
    0xEF, 0xE7, 0x0F, 0x00, 0xF7, 0xE7, 0x0F, 0x00, 0x00, 0xEF, 0x0F, 0x00,
    0x07, 0xEF, 0x0F, 0x00, 0x0F, 0xEF, 0x0F, 0x00, 0x17, 0xEF, 0x0F, 0x00,
    0x1F, 0xEF, 0x0F, 0x00, 0x27, 0xEF, 0x0F, 0x00, 0x2F, 0xEF, 0x0F, 0x00,
    0x37, 0xEF, 0x0F, 0x00, 0x3F, 0xEF, 0x0F, 0x00, 0x47, 0xEF, 0x0F, 0x00,
    0x4F, 0xEF, 0x0F, 0x00, 0x57, 0xEF, 0x0F, 0x00, 0x5F, 0xEF, 0x0F, 0x00,
    0x67, 0xEF, 0x0F, 0x00, 0x6F, 0xEF, 0x0F, 0x00, 0x77, 0xEF, 0x0F, 0x00,
    0x7F, 0xEF, 0x0F, 0x00, 0x87, 0xEF, 0x0F, 0x00, 0x8F, 0xEF, 0x0F, 0x00,
    0x97, 0xEF, 0x0F, 0x00, 0x9F, 0xEF, 0x0F, 0x00, 0xA7, 0xEF, 0x0F, 0x00,
    0xAF, 0xEF, 0x0F, 0x00, 0xB7, 0xEF, 0x0F, 0x00, 0xBF, 0xEF, 0x0F, 0x00,
    0xC7, 0xEF, 0x0F, 0x00, 0xCF, 0xEF, 0x0F, 0x00, 0xD7, 0xEF, 0x0F, 0x00,
    0xDF, 0xEF, 0x0F, 0x00, 0xE7, 0xEF, 0x0F, 0x00, 0xEF, 0xEF, 0x0F, 0x00,
    0xF7, 0xEF, 0x0F, 0x00, 0x00, 0xF7, 0x0F, 0x00, 0x07, 0xF7, 0x0F, 0x00,
    0x0F, 0xF7, 0x0F, 0x00, 0x17, 0xF7, 0x0F, 0x00, 0x1F, 0xF7, 0x0F, 0x00,
    0x27, 0xF7, 0x0F, 0x00, 0x2F, 0xF7, 0x0F, 0x00, 0x37, 0xF7, 0x0F, 0x00,
    0x3F, 0xF7, 0x0F, 0x00, 0x47, 0xF7, 0x0F, 0x00, 0x4F, 0xF7, 0x0F, 0x00,
    0x57, 0xF7, 0x0F, 0x00, 0x5F, 0xF7, 0x0F, 0x00, 0x67, 0xF7, 0x0F, 0x00,
    0x6F, 0xF7, 0x0F, 0x00, 0x77, 0xF7, 0x0F, 0x00, 0x7F, 0xF7, 0x0F, 0x00,
    0x87, 0xF7, 0x0F, 0x00, 0x8F, 0xF7, 0x0F, 0x00, 0x97, 0xF7, 0x0F, 0x00,
    0x9F, 0xF7, 0x0F, 0x00, 0xA7, 0xF7, 0x0F, 0x00, 0xAF, 0xF7, 0x0F, 0x00,
    0xB7, 0xF7, 0x0F, 0x00, 0xBF, 0xF7, 0x0F, 0x00, 0xC7, 0xF7, 0x0F, 0x00,
    0xCF, 0xF7, 0x0F, 0x00, 0xD7, 0xF7, 0x0F, 0x00, 0xDF, 0xF7, 0x0F, 0x00,
    0xE7, 0xF7, 0x0F, 0x00, 0xEF, 0xF7, 0x0F, 0x00, 0xF7, 0xF7, 0x0F, 0x00,
    0x00, 0x00, 0x17, 0x00, 0x07, 0x00, 0x17, 0x00, 0x0F, 0x00, 0x17, 0x00,
    0x17, 0x00, 0x17, 0x00, 0x1F, 0x00, 0x17, 0x00, 0x27, 0x00, 0x17, 0x00,
    0x2F, 0x00, 0x17, 0x00, 0x37, 0x00, 0x17, 0x00, 0x3F, 0x00, 0x17, 0x00,
    0x47, 0x00, 0x17, 0x00, 0x4F, 0x00, 0x17, 0x00, 0x57, 0x00, 0x17, 0x00,
    0x5F, 0x00, 0x17, 0x00, 0x67, 0x00, 0x17, 0x00, 0x6F, 0x00, 0x17, 0x00,
    0x77, 0x00, 0x17, 0x00, 0x7F, 0x00, 0x17, 0x00, 0x87, 0x00, 0x17, 0x00,
    0x8F, 0x00, 0x17, 0x00, 0x97, 0x00, 0x17, 0x00, 0x9F, 0x00, 0x17, 0x00,
    0xA7, 0x00, 0x17, 0x00, 0xAF, 0x00, 0x17, 0x00, 0xB7, 0x00, 0x17, 0x00,
    0xBF, 0x00, 0x17, 0x00, 0xC7, 0x00, 0x17, 0x00, 0xCF, 0x00, 0x17, 0x00,
    0xD7, 0x00, 0x17, 0x00, 0xDF, 0x00, 0x17, 0x00, 0xE7, 0x00, 0x17, 0x00,
    0xEF, 0x00, 0x17, 0x00, 0xF7, 0x00, 0x17, 0x00, 0x00, 0x07, 0x17, 0x00,
    0x07, 0x07, 0x17, 0x00, 0x0F, 0x07, 0x17, 0x00, 0x17, 0x07, 0x17, 0x00,
    0x1F, 0x07, 0x17, 0x00, 0x27, 0x07, 0x17, 0x00, 0x2F, 0x07, 0x17, 0x00,
    0x37, 0x07, 0x17, 0x00, 0x3F, 0x07, 0x17, 0x00, 0x47, 0x07, 0x17, 0x00,
    0x4F, 0x07, 0x17, 0x00, 0x57, 0x07, 0x17, 0x00, 0x5F, 0x07, 0x17, 0x00,
    0x67, 0x07, 0x17, 0x00, 0x6F, 0x07, 0x17, 0x00, 0x77, 0x07, 0x17, 0x00,
    0x7F, 0x07, 0x17, 0x00, 0x87, 0x07, 0x17, 0x00, 0x8F, 0x07, 0x17, 0x00,
    0x97, 0x07, 0x17, 0x00, 0x9F, 0x07, 0x17, 0x00, 0xA7, 0x07, 0x17, 0x00,
    0xAF, 0x07, 0x17, 0x00, 0xB7, 0x07, 0x17, 0x00, 0xBF, 0x07, 0x17, 0x00,
    0xC7, 0x07, 0x17, 0x00, 0xCF, 0x07, 0x17, 0x00, 0xD7, 0x07, 0x17, 0x00,
    0xDF, 0x07, 0x17, 0x00, 0xE7, 0x07, 0x17, 0x00, 0xEF, 0x07, 0x17, 0x00,
    0xF7, 0x07, 0x17, 0x00, 0x00, 0x0F, 0x17, 0x00, 0x07, 0x0F, 0x17, 0x00,
    0x0F, 0x0F, 0x17, 0x00, 0x17, 0x0F, 0x17, 0x00, 0x1F, 0x0F, 0x17, 0x00,
    0x27, 0x0F, 0x17, 0x00, 0x2F, 0x0F, 0x17, 0x00, 0x37, 0x0F, 0x17, 0x00,
    0x3F, 0x0F, 0x17, 0x00, 0x47, 0x0F, 0x17, 0x00, 0x4F, 0x0F, 0x17, 0x00,
    0x57, 0x0F, 0x17, 0x00, 0x5F, 0x0F, 0x17, 0x00, 0x67, 0x0F, 0x17, 0x00,
    0x6F, 0x0F, 0x17, 0x00, 0x77, 0x0F, 0x17, 0x00, 0x7F, 0x0F, 0x17, 0x00,
    0x87, 0x0F, 0x17, 0x00, 0x8F, 0x0F, 0x17, 0x00, 0x97, 0x0F, 0x17, 0x00,
    0x9F, 0x0F, 0x17, 0x00, 0xA7, 0x0F, 0x17, 0x00, 0xAF, 0x0F, 0x17, 0x00,
    0xB7, 0x0F, 0x17, 0x00, 0xBF, 0x0F, 0x17, 0x00, 0xC7, 0x0F, 0x17, 0x00,
    0xCF, 0x0F, 0x17, 0x00, 0xD7, 0x0F, 0x17, 0x00, 0xDF, 0x0F, 0x17, 0x00,
    0xE7, 0x0F, 0x17, 0x00, 0xEF, 0x0F, 0x17, 0x00, 0xF7, 0x0F, 0x17, 0x00,
    0x00, 0x17, 0x17, 0x00, 0x07, 0x17, 0x17, 0x00, 0x0F, 0x17, 0x17, 0x00,
    0x17, 0x17, 0x17, 0x00, 0x1F, 0x17, 0x17, 0x00, 0x27, 0x17, 0x17, 0x00,
    0x2F, 0x17, 0x17, 0x00, 0x37, 0x17, 0x17, 0x00, 0x3F, 0x17, 0x17, 0x00,
    0x47, 0x17, 0x17, 0x00, 0x4F, 0x17, 0x17, 0x00, 0x57, 0x17, 0x17, 0x00,
    0x5F, 0x17, 0x17, 0x00, 0x67, 0x17, 0x17, 0x00, 0x6F, 0x17, 0x17, 0x00,
    0x77, 0x17, 0x17, 0x00, 0x7F, 0x17, 0x17, 0x00, 0x87, 0x17, 0x17, 0x00,
    0x8F, 0x17, 0x17, 0x00, 0x97, 0x17, 0x17, 0x00, 0x9F, 0x17, 0x17, 0x00,
    0xA7, 0x17, 0x17, 0x00, 0xAF, 0x17, 0x17, 0x00, 0xB7, 0x17, 0x17, 0x00,
    0xBF, 0x17, 0x17, 0x00, 0xC7, 0x17, 0x17, 0x00, 0xCF, 0x17, 0x17, 0x00,
    0xD7, 0x17, 0x17, 0x00, 0xDF, 0x17, 0x17, 0x00, 0xE7, 0x17, 0x17, 0x00,
    0xEF, 0x17, 0x17, 0x00, 0xF7, 0x17, 0x17, 0x00, 0x00, 0x1F, 0x17, 0x00,
    0x07, 0x1F, 0x17, 0x00, 0x0F, 0x1F, 0x17, 0x00, 0x17, 0x1F, 0x17, 0x00,
    0x1F, 0x1F, 0x17, 0x00, 0x27, 0x1F, 0x17, 0x00, 0x2F, 0x1F, 0x17, 0x00,
    0x37, 0x1F, 0x17, 0x00, 0x3F, 0x1F, 0x17, 0x00, 0x47, 0x1F, 0x17, 0x00,
    0x4F, 0x1F, 0x17, 0x00, 0x57, 0x1F, 0x17, 0x00, 0x5F, 0x1F, 0x17, 0x00,
    0x67, 0x1F, 0x17, 0x00, 0x6F, 0x1F, 0x17, 0x00, 0x77, 0x1F, 0x17, 0x00,
    0x7F, 0x1F, 0x17, 0x00, 0x87, 0x1F, 0x17, 0x00, 0x8F, 0x1F, 0x17, 0x00,
    0x97, 0x1F, 0x17, 0x00, 0x9F, 0x1F, 0x17, 0x00, 0xA7, 0x1F, 0x17, 0x00,
    0xAF, 0x1F, 0x17, 0x00, 0xB7, 0x1F, 0x17, 0x00, 0xBF, 0x1F, 0x17, 0x00,
    0xC7, 0x1F, 0x17, 0x00, 0xCF, 0x1F, 0x17, 0x00, 0xD7, 0x1F, 0x17, 0x00,
    0xDF, 0x1F, 0x17, 0x00, 0xE7, 0x1F, 0x17, 0x00, 0xEF, 0x1F, 0x17, 0x00,
    0xF7, 0x1F, 0x17, 0x00, 0x00, 0x27, 0x17, 0x00, 0x07, 0x27, 0x17, 0x00,
    0x0F, 0x27, 0x17, 0x00, 0x17, 0x27, 0x17, 0x00, 0x1F, 0x27, 0x17, 0x00,
    0x27, 0x27, 0x17, 0x00, 0x2F, 0x27, 0x17, 0x00, 0x37, 0x27, 0x17, 0x00,
    0x3F, 0x27, 0x17, 0x00, 0x47, 0x27, 0x17, 0x00, 0x4F, 0x27, 0x17, 0x00,
    0x57, 0x27, 0x17, 0x00, 0x5F, 0x27, 0x17, 0x00, 0x67, 0x27, 0x17, 0x00,
    0x6F, 0x27, 0x17, 0x00, 0x77, 0x27, 0x17, 0x00, 0x7F, 0x27, 0x17, 0x00,
    0x87, 0x27, 0x17, 0x00, 0x8F, 0x27, 0x17, 0x00, 0x97, 0x27, 0x17, 0x00,
    0x9F, 0x27, 0x17, 0x00, 0xA7, 0x27, 0x17, 0x00, 0xAF, 0x27, 0x17, 0x00,
    0xB7, 0x27, 0x17, 0x00, 0xBF, 0x27, 0x17, 0x00, 0xC7, 0x27, 0x17, 0x00,
    0xCF, 0x27, 0x17, 0x00, 0xD7, 0x27, 0x17, 0x00, 0xDF, 0x27, 0x17, 0x00,
    0xE7, 0x27, 0x17, 0x00, 0xEF, 0x27, 0x17, 0x00, 0xF7, 0x27, 0x17, 0x00,
    0x00, 0x2F, 0x17, 0x00, 0x07, 0x2F, 0x17, 0x00, 0x0F, 0x2F, 0x17, 0x00,
    0x17, 0x2F, 0x17, 0x00, 0x1F, 0x2F, 0x17, 0x00, 0x27, 0x2F, 0x17, 0x00,
    0x2F, 0x2F, 0x17, 0x00, 0x37, 0x2F, 0x17, 0x00, 0x3F, 0x2F, 0x17, 0x00,
    0x47, 0x2F, 0x17, 0x00, 0x4F, 0x2F, 0x17, 0x00, 0x57, 0x2F, 0x17, 0x00,
    0x5F, 0x2F, 0x17, 0x00, 0x67, 0x2F, 0x17, 0x00, 0x6F, 0x2F, 0x17, 0x00,
    0x77, 0x2F, 0x17, 0x00, 0x7F, 0x2F, 0x17, 0x00, 0x87, 0x2F, 0x17, 0x00,
    0x8F, 0x2F, 0x17, 0x00, 0x97, 0x2F, 0x17, 0x00, 0x9F, 0x2F, 0x17, 0x00,
    0xA7, 0x2F, 0x17, 0x00, 0xAF, 0x2F, 0x17, 0x00, 0xB7, 0x2F, 0x17, 0x00,
    0xBF, 0x2F, 0x17, 0x00, 0xC7, 0x2F, 0x17, 0x00, 0xCF, 0x2F, 0x17, 0x00,
    0xD7, 0x2F, 0x17, 0x00, 0xDF, 0x2F, 0x17, 0x00, 0xE7, 0x2F, 0x17, 0x00,
    0xEF, 0x2F, 0x17, 0x00, 0xF7, 0x2F, 0x17, 0x00, 0x00, 0x37, 0x17, 0x00,
    0x07, 0x37, 0x17, 0x00, 0x0F, 0x37, 0x17, 0x00, 0x17, 0x37, 0x17, 0x00,
    0x1F, 0x37, 0x17, 0x00, 0x27, 0x37, 0x17, 0x00, 0x2F, 0x37, 0x17, 0x00,
    0x37, 0x37, 0x17, 0x00, 0x3F, 0x37, 0x17, 0x00, 0x47, 0x37, 0x17, 0x00,
    0x4F, 0x37, 0x17, 0x00, 0x57, 0x37, 0x17, 0x00, 0x5F, 0x37, 0x17, 0x00,
    0x67, 0x37, 0x17, 0x00, 0x6F, 0x37, 0x17, 0x00, 0x77, 0x37, 0x17, 0x00,
    0x7F, 0x37, 0x17, 0x00, 0x87, 0x37, 0x17, 0x00, 0x8F, 0x37, 0x17, 0x00,
    0x97, 0x37, 0x17, 0x00, 0x9F, 0x37, 0x17, 0x00, 0xA7, 0x37, 0x17, 0x00,
    0xAF, 0x37, 0x17, 0x00, 0xB7, 0x37, 0x17, 0x00, 0xBF, 0x37, 0x17, 0x00,
    0xC7, 0x37, 0x17, 0x00, 0xCF, 0x37, 0x17, 0x00, 0xD7, 0x37, 0x17, 0x00,
    0xDF, 0x37, 0x17, 0x00, 0xE7, 0x37, 0x17, 0x00, 0xEF, 0x37, 0x17, 0x00,
    0xF7, 0x37, 0x17, 0x00, 0x00, 0x3F, 0x17, 0x00, 0x07, 0x3F, 0x17, 0x00,
    0x0F, 0x3F, 0x17, 0x00, 0x17, 0x3F, 0x17, 0x00, 0x1F, 0x3F, 0x17, 0x00,
    0x27, 0x3F, 0x17, 0x00, 0x2F, 0x3F, 0x17, 0x00, 0x37, 0x3F, 0x17, 0x00,
    0x3F, 0x3F, 0x17, 0x00, 0x47, 0x3F, 0x17, 0x00, 0x4F, 0x3F, 0x17, 0x00,
    0x57, 0x3F, 0x17, 0x00, 0x5F, 0x3F, 0x17, 0x00, 0x67, 0x3F, 0x17, 0x00,
    0x6F, 0x3F, 0x17, 0x00, 0x77, 0x3F, 0x17, 0x00, 0x7F, 0x3F, 0x17, 0x00,
    0x87, 0x3F, 0x17, 0x00, 0x8F, 0x3F, 0x17, 0x00, 0x97, 0x3F, 0x17, 0x00,
    0x9F, 0x3F, 0x17, 0x00, 0xA7, 0x3F, 0x17, 0x00, 0xAF, 0x3F, 0x17, 0x00,
    0xB7, 0x3F, 0x17, 0x00, 0xBF, 0x3F, 0x17, 0x00, 0xC7, 0x3F, 0x17, 0x00,
    0xCF, 0x3F, 0x17, 0x00, 0xD7, 0x3F, 0x17, 0x00, 0xDF, 0x3F, 0x17, 0x00,
    0xE7, 0x3F, 0x17, 0x00, 0xEF, 0x3F, 0x17, 0x00, 0xF7, 0x3F, 0x17, 0x00,
    0x00, 0x47, 0x17, 0x00, 0x07, 0x47, 0x17, 0x00, 0x0F, 0x47, 0x17, 0x00,
    0x17, 0x47, 0x17, 0x00, 0x1F, 0x47, 0x17, 0x00, 0x27, 0x47, 0x17, 0x00,
    0x2F, 0x47, 0x17, 0x00, 0x37, 0x47, 0x17, 0x00, 0x3F, 0x47, 0x17, 0x00,
    0x47, 0x47, 0x17, 0x00, 0x4F, 0x47, 0x17, 0x00, 0x57, 0x47, 0x17, 0x00,
    0x5F, 0x47, 0x17, 0x00, 0x67, 0x47, 0x17, 0x00, 0x6F, 0x47, 0x17, 0x00,
    0x77, 0x47, 0x17, 0x00, 0x7F, 0x47, 0x17, 0x00, 0x87, 0x47, 0x17, 0x00,
    0x8F, 0x47, 0x17, 0x00, 0x97, 0x47, 0x17, 0x00, 0x9F, 0x47, 0x17, 0x00,
    0xA7, 0x47, 0x17, 0x00, 0xAF, 0x47, 0x17, 0x00, 0xB7, 0x47, 0x17, 0x00,
    0xBF, 0x47, 0x17, 0x00, 0xC7, 0x47, 0x17, 0x00, 0xCF, 0x47, 0x17, 0x00,
    0xD7, 0x47, 0x17, 0x00, 0xDF, 0x47, 0x17, 0x00, 0xE7, 0x47, 0x17, 0x00,
    0xEF, 0x47, 0x17, 0x00, 0xF7, 0x47, 0x17, 0x00, 0x00, 0x4F, 0x17, 0x00,
    0x07, 0x4F, 0x17, 0x00, 0x0F, 0x4F, 0x17, 0x00, 0x17, 0x4F, 0x17, 0x00,
    0x1F, 0x4F, 0x17, 0x00, 0x27, 0x4F, 0x17, 0x00, 0x2F, 0x4F, 0x17, 0x00,
    0x37, 0x4F, 0x17, 0x00, 0x3F, 0x4F, 0x17, 0x00, 0x47, 0x4F, 0x17, 0x00,
    0x4F, 0x4F, 0x17, 0x00, 0x57, 0x4F, 0x17, 0x00, 0x5F, 0x4F, 0x17, 0x00,
    0x67, 0x4F, 0x17, 0x00, 0x6F, 0x4F, 0x17, 0x00, 0x77, 0x4F, 0x17, 0x00,
    0x7F, 0x4F, 0x17, 0x01, 0x87, 0x4F, 0x17, 0x00, 0x8F, 0x4F, 0x17, 0x00,
    0x97, 0x4F, 0x17, 0x00, 0x9F, 0x4F, 0x17, 0x00, 0xA7, 0x4F, 0x17, 0x00,
    0xAF, 0x4F, 0x17, 0x00, 0xB7, 0x4F, 0x17, 0x00, 0xBF, 0x4F, 0x17, 0x00,
    0xC7, 0x4F, 0x17, 0x00, 0xCF, 0x4F, 0x17, 0x00, 0xD7, 0x4F, 0x17, 0x00,
    0xDF, 0x4F, 0x17, 0x00, 0xE7, 0x4F, 0x17, 0x00, 0xEF, 0x4F, 0x17, 0x00,
    0xF7, 0x4F, 0x17, 0x00, 0x00, 0x57, 0x17, 0x00, 0x07, 0x57, 0x17, 0x00,
    0x0F, 0x57, 0x17, 0x00, 0x17, 0x57, 0x17, 0x00, 0x1F, 0x57, 0x17, 0x00,
    0x27, 0x57, 0x17, 0x00, 0x2F, 0x57, 0x17, 0x00, 0x37, 0x57, 0x17, 0x00,
    0x3F, 0x57, 0x17, 0x00, 0x47, 0x57, 0x17, 0x00, 0x4F, 0x57, 0x17, 0x00,
    0x57, 0x57, 0x17, 0x00, 0x5F, 0x57, 0x17, 0x00, 0x67, 0x57, 0x17, 0x02,
    0x6F, 0x57, 0x17, 0x05, 0x77, 0x57, 0x17, 0x07, 0x7F, 0x57, 0x17, 0x08,
    0x87, 0x57, 0x17, 0x07, 0x8F, 0x57, 0x17, 0x05, 0x97, 0x57, 0x17, 0x02,
    0x9F, 0x57, 0x17, 0x00, 0xA7, 0x57, 0x17, 0x00, 0xAF, 0x57, 0x17, 0x00,
    0xB7, 0x57, 0x17, 0x00, 0xBF, 0x57, 0x17, 0x00, 0xC7, 0x57, 0x17, 0x00,
    0xCF, 0x57, 0x17, 0x00, 0xD7, 0x57, 0x17, 0x00, 0xDF, 0x57, 0x17, 0x00,
    0xE7, 0x57, 0x17, 0x00, 0xEF, 0x57, 0x17, 0x00, 0xF7, 0x57, 0x17, 0x00,
    0x00, 0x5F, 0x17, 0x00, 0x07, 0x5F, 0x17, 0x00, 0x0F, 0x5F, 0x17, 0x00,
    0x17, 0x5F, 0x17, 0x00, 0x1F, 0x5F, 0x17, 0x00, 0x27, 0x5F, 0x17, 0x00,
    0x2F, 0x5F, 0x17, 0x00, 0x37, 0x5F, 0x17, 0x00, 0x3F, 0x5F, 0x17, 0x00,
    0x47, 0x5F, 0x17, 0x00, 0x4F, 0x5F, 0x17, 0x00, 0x57, 0x5F, 0x17, 0x00,
    0x5F, 0x5F, 0x17, 0x03, 0x67, 0x5F, 0x17, 0x08, 0x6F, 0x5F, 0x17, 0x0B,
    0x77, 0x5F, 0x17, 0x0D, 0x7F, 0x5F, 0x17, 0x0E, 0x87, 0x5F, 0x17, 0x0D,
    0x8F, 0x5F, 0x17, 0x0B, 0x97, 0x5F, 0x17, 0x08, 0x9F, 0x5F, 0x17, 0x03,
    0xA7, 0x5F, 0x17, 0x00, 0xAF, 0x5F, 0x17, 0x00, 0xB7, 0x5F, 0x17, 0x00,
    0xBF, 0x5F, 0x17, 0x00, 0xC7, 0x5F, 0x17, 0x00, 0xCF, 0x5F, 0x17, 0x00,
    0xD7, 0x5F, 0x17, 0x00, 0xDF, 0x5F, 0x17, 0x00, 0xE7, 0x5F, 0x17, 0x00,
    0xEF, 0x5F, 0x17, 0x00, 0xF7, 0x5F, 0x17, 0x00, 0x00, 0x67, 0x17, 0x00,
    0x07, 0x67, 0x17, 0x00, 0x0F, 0x67, 0x17, 0x00, 0x17, 0x67, 0x17, 0x00,
    0x1F, 0x67, 0x17, 0x00, 0x27, 0x67, 0x17, 0x00, 0x2F, 0x67, 0x17, 0x00,
    0x37, 0x67, 0x17, 0x00, 0x3F, 0x67, 0x17, 0x00, 0x47, 0x67, 0x17, 0x00,
    0x4F, 0x67, 0x17, 0x00, 0x57, 0x67, 0x17, 0x02, 0x5F, 0x67, 0x17, 0x08,
    0x67, 0x67, 0x17, 0x0C, 0x6F, 0x67, 0x17, 0x10, 0x77, 0x67, 0x17, 0x12,
    0x7F, 0x67, 0x17, 0x12, 0x87, 0x67, 0x17, 0x12, 0x8F, 0x67, 0x17, 0x10,
    0x97, 0x67, 0x17, 0x0C, 0x9F, 0x67, 0x17, 0x08, 0xA7, 0x67, 0x17, 0x02,
    0xAF, 0x67, 0x17, 0x00, 0xB7, 0x67, 0x17, 0x00, 0xBF, 0x67, 0x17, 0x00,
    0xC7, 0x67, 0x17, 0x00, 0xCF, 0x67, 0x17, 0x00, 0xD7, 0x67, 0x17, 0x00,
    0xDF, 0x67, 0x17, 0x00, 0xE7, 0x67, 0x17, 0x00, 0xEF, 0x67, 0x17, 0x00,
    0xF7, 0x67, 0x17, 0x00, 0x00, 0x6F, 0x17, 0x00, 0x07, 0x6F, 0x17, 0x00,
    0x0F, 0x6F, 0x17, 0x00, 0x17, 0x6F, 0x17, 0x00, 0x1F, 0x6F, 0x17, 0x00,
    0x27, 0x6F, 0x17, 0x00, 0x2F, 0x6F, 0x17, 0x00, 0x37, 0x6F, 0x17, 0x00,
    0x3F, 0x6F, 0x17, 0x00, 0x47, 0x6F, 0x17, 0x00, 0x4F, 0x6F, 0x17, 0x00,
    0x57, 0x6F, 0x17, 0x05, 0x5F, 0x6F, 0x17, 0x0B, 0x67, 0x6F, 0x17, 0x10,
    0x6F, 0x6F, 0x17, 0x13, 0x77, 0x6F, 0x17, 0x15, 0x7F, 0x6F, 0x17, 0x16,
    0x87, 0x6F, 0x17, 0x15, 0x8F, 0x6F, 0x17, 0x13, 0x97, 0x6F, 0x17, 0x10,
    0x9F, 0x6F, 0x17, 0x0B, 0xA7, 0x6F, 0x17, 0x05, 0xAF, 0x6F, 0x17, 0x00,
    0xB7, 0x6F, 0x17, 0x00, 0xBF, 0x6F, 0x17, 0x00, 0xC7, 0x6F, 0x17, 0x00,
    0xCF, 0x6F, 0x17, 0x00, 0xD7, 0x6F, 0x17, 0x00, 0xDF, 0x6F, 0x17, 0x00,
    0xE7, 0x6F, 0x17, 0x00, 0xEF, 0x6F, 0x17, 0x00, 0xF7, 0x6F, 0x17, 0x00,
    0x00, 0x77, 0x17, 0x00, 0x07, 0x77, 0x17, 0x00, 0x0F, 0x77, 0x17, 0x00,
    0x17, 0x77, 0x17, 0x00, 0x1F, 0x77, 0x17, 0x00, 0x27, 0x77, 0x17, 0x00,
    0x2F, 0x77, 0x17, 0x00, 0x37, 0x77, 0x17, 0x00, 0x3F, 0x77, 0x17, 0x00,
    0x47, 0x77, 0x17, 0x00, 0x4F, 0x77, 0x17, 0x00, 0x57, 0x77, 0x17, 0x07,
    0x5F, 0x77, 0x17, 0x0D, 0x67, 0x77, 0x17, 0x12, 0x6F, 0x77, 0x17, 0x15,
    0x77, 0x77, 0x17, 0x17, 0x7F, 0x77, 0x17, 0x18, 0x87, 0x77, 0x17, 0x17,
    0x8F, 0x77, 0x17, 0x15, 0x97, 0x77, 0x17, 0x12, 0x9F, 0x77, 0x17, 0x0D,
    0xA7, 0x77, 0x17, 0x07, 0xAF, 0x77, 0x17, 0x00, 0xB7, 0x77, 0x17, 0x00,
    0xBF, 0x77, 0x17, 0x00, 0xC7, 0x77, 0x17, 0x00, 0xCF, 0x77, 0x17, 0x00,
    0xD7, 0x77, 0x17, 0x00, 0xDF, 0x77, 0x17, 0x00, 0xE7, 0x77, 0x17, 0x00,
    0xEF, 0x77, 0x17, 0x00, 0xF7, 0x77, 0x17, 0x00, 0x00, 0x7F, 0x17, 0x00,
    0x07, 0x7F, 0x17, 0x00, 0x0F, 0x7F, 0x17, 0x00, 0x17, 0x7F, 0x17, 0x00,
    0x1F, 0x7F, 0x17, 0x00, 0x27, 0x7F, 0x17, 0x00, 0x2F, 0x7F, 0x17, 0x00,
    0x37, 0x7F, 0x17, 0x00, 0x3F, 0x7F, 0x17, 0x00, 0x47, 0x7F, 0x17, 0x00,
    0x4F, 0x7F, 0x17, 0x01, 0x57, 0x7F, 0x17, 0x08, 0x5F, 0x7F, 0x17, 0x0E,
    0x67, 0x7F, 0x17, 0x12, 0x6F, 0x7F, 0x17, 0x16, 0x77, 0x7F, 0x17, 0x18,
    0x7F, 0x7F, 0x17, 0x18, 0x87, 0x7F, 0x17, 0x18, 0x8F, 0x7F, 0x17, 0x16,
    0x97, 0x7F, 0x17, 0x12, 0x9F, 0x7F, 0x17, 0x0E, 0xA7, 0x7F, 0x17, 0x08,
    0xAF, 0x7F, 0x17, 0x01, 0xB7, 0x7F, 0x17, 0x00, 0xBF, 0x7F, 0x17, 0x00,
    0xC7, 0x7F, 0x17, 0x00, 0xCF, 0x7F, 0x17, 0x00, 0xD7, 0x7F, 0x17, 0x00,
    0xDF, 0x7F, 0x17, 0x00, 0xE7, 0x7F, 0x17, 0x00, 0xEF, 0x7F, 0x17, 0x00,
    0xF7, 0x7F, 0x17, 0x00, 0x00, 0x87, 0x17, 0x00, 0x07, 0x87, 0x17, 0x00,
    0x0F, 0x87, 0x17, 0x00, 0x17, 0x87, 0x17, 0x00, 0x1F, 0x87, 0x17, 0x00,
    0x27, 0x87, 0x17, 0x00, 0x2F, 0x87, 0x17, 0x00, 0x37, 0x87, 0x17, 0x00,
    0x3F, 0x87, 0x17, 0x00, 0x47, 0x87, 0x17, 0x00, 0x4F, 0x87, 0x17, 0x00,
    0x57, 0x87, 0x17, 0x07, 0x5F, 0x87, 0x17, 0x0D, 0x67, 0x87, 0x17, 0x12,
    0x6F, 0x87, 0x17, 0x15, 0x77, 0x87, 0x17, 0x17, 0x7F, 0x87, 0x17, 0x18,
    0x87, 0x87, 0x17, 0x17, 0x8F, 0x87, 0x17, 0x15, 0x97, 0x87, 0x17, 0x12,
    0x9F, 0x87, 0x17, 0x0D, 0xA7, 0x87, 0x17, 0x07, 0xAF, 0x87, 0x17, 0x00,
    0xB7, 0x87, 0x17, 0x00, 0xBF, 0x87, 0x17, 0x00, 0xC7, 0x87, 0x17, 0x00,
    0xCF, 0x87, 0x17, 0x00, 0xD7, 0x87, 0x17, 0x00, 0xDF, 0x87, 0x17, 0x00,
    0xE7, 0x87, 0x17, 0x00, 0xEF, 0x87, 0x17, 0x00, 0xF7, 0x87, 0x17, 0x00,
    0x00, 0x8F, 0x17, 0x00, 0x07, 0x8F, 0x17, 0x00, 0x0F, 0x8F, 0x17, 0x00,
    0x17, 0x8F, 0x17, 0x00, 0x1F, 0x8F, 0x17, 0x00, 0x27, 0x8F, 0x17, 0x00,
    0x2F, 0x8F, 0x17, 0x00, 0x37, 0x8F, 0x17, 0x00, 0x3F, 0x8F, 0x17, 0x00,
    0x47, 0x8F, 0x17, 0x00, 0x4F, 0x8F, 0x17, 0x00, 0x57, 0x8F, 0x17, 0x05,
    0x5F, 0x8F, 0x17, 0x0B, 0x67, 0x8F, 0x17, 0x10, 0x6F, 0x8F, 0x17, 0x13,
    0x77, 0x8F, 0x17, 0x15, 0x7F, 0x8F, 0x17, 0x16, 0x87, 0x8F, 0x17, 0x15,
    0x8F, 0x8F, 0x17, 0x13, 0x97, 0x8F, 0x17, 0x10, 0x9F, 0x8F, 0x17, 0x0B,
    0xA7, 0x8F, 0x17, 0x05, 0xAF, 0x8F, 0x17, 0x00, 0xB7, 0x8F, 0x17, 0x00,
    0xBF, 0x8F, 0x17, 0x00, 0xC7, 0x8F, 0x17, 0x00, 0xCF, 0x8F, 0x17, 0x00,
    0xD7, 0x8F, 0x17, 0x00, 0xDF, 0x8F, 0x17, 0x00, 0xE7, 0x8F, 0x17, 0x00,
    0xEF, 0x8F, 0x17, 0x00, 0xF7, 0x8F, 0x17, 0x00, 0x00, 0x97, 0x17, 0x00,
    0x07, 0x97, 0x17, 0x00, 0x0F, 0x97, 0x17, 0x00, 0x17, 0x97, 0x17, 0x00,
    0x1F, 0x97, 0x17, 0x00, 0x27, 0x97, 0x17, 0x00, 0x2F, 0x97, 0x17, 0x00,
    0x37, 0x97, 0x17, 0x00, 0x3F, 0x97, 0x17, 0x00, 0x47, 0x97, 0x17, 0x00,
    0x4F, 0x97, 0x17, 0x00, 0x57, 0x97, 0x17, 0x02, 0x5F, 0x97, 0x17, 0x08,
    0x67, 0x97, 0x17, 0x0C, 0x6F, 0x97, 0x17, 0x10, 0x77, 0x97, 0x17, 0x12,
    0x7F, 0x97, 0x17, 0x12, 0x87, 0x97, 0x17, 0x12, 0x8F, 0x97, 0x17, 0x10,
    0x97, 0x97, 0x17, 0x0C, 0x9F, 0x97, 0x17, 0x08, 0xA7, 0x97, 0x17, 0x02,
    0xAF, 0x97, 0x17, 0x00, 0xB7, 0x97, 0x17, 0x00, 0xBF, 0x97, 0x17, 0x00,
    0xC7, 0x97, 0x17, 0x00, 0xCF, 0x97, 0x17, 0x00, 0xD7, 0x97, 0x17, 0x00,
    0xDF, 0x97, 0x17, 0x00, 0xE7, 0x97, 0x17, 0x00, 0xEF, 0x97, 0x17, 0x00,
    0xF7, 0x97, 0x17, 0x00, 0x00, 0x9F, 0x17, 0x00, 0x07, 0x9F, 0x17, 0x00,
    0x0F, 0x9F, 0x17, 0x00, 0x17, 0x9F, 0x17, 0x00, 0x1F, 0x9F, 0x17, 0x00,
    0x27, 0x9F, 0x17, 0x00, 0x2F, 0x9F, 0x17, 0x00, 0x37, 0x9F, 0x17, 0x00,
    0x3F, 0x9F, 0x17, 0x00, 0x47, 0x9F, 0x17, 0x00, 0x4F, 0x9F, 0x17, 0x00,
    0x57, 0x9F, 0x17, 0x00, 0x5F, 0x9F, 0x17, 0x03, 0x67, 0x9F, 0x17, 0x08,
    0x6F, 0x9F, 0x17, 0x0B, 0x77, 0x9F, 0x17, 0x0D, 0x7F, 0x9F, 0x17, 0x0E,
    0x87, 0x9F, 0x17, 0x0D, 0x8F, 0x9F, 0x17, 0x0B, 0x97, 0x9F, 0x17, 0x08,
    0x9F, 0x9F, 0x17, 0x03, 0xA7, 0x9F, 0x17, 0x00, 0xAF, 0x9F, 0x17, 0x00,
    0xB7, 0x9F, 0x17, 0x00, 0xBF, 0x9F, 0x17, 0x00, 0xC7, 0x9F, 0x17, 0x00,
    0xCF, 0x9F, 0x17, 0x00, 0xD7, 0x9F, 0x17, 0x00, 0xDF, 0x9F, 0x17, 0x00,
    0xE7, 0x9F, 0x17, 0x00, 0xEF, 0x9F, 0x17, 0x00, 0xF7, 0x9F, 0x17, 0x00,
    0x00, 0xA7, 0x17, 0x00, 0x07, 0xA7, 0x17, 0x00, 0x0F, 0xA7, 0x17, 0x00,
    0x17, 0xA7, 0x17, 0x00, 0x1F, 0xA7, 0x17, 0x00, 0x27, 0xA7, 0x17, 0x00,
    0x2F, 0xA7, 0x17, 0x00, 0x37, 0xA7, 0x17, 0x00, 0x3F, 0xA7, 0x17, 0x00,
    0x47, 0xA7, 0x17, 0x00, 0x4F, 0xA7, 0x17, 0x00, 0x57, 0xA7, 0x17, 0x00,
    0x5F, 0xA7, 0x17, 0x00, 0x67, 0xA7, 0x17, 0x02, 0x6F, 0xA7, 0x17, 0x05,
    0x77, 0xA7, 0x17, 0x07, 0x7F, 0xA7, 0x17, 0x08, 0x87, 0xA7, 0x17, 0x07,
    0x8F, 0xA7, 0x17, 0x05, 0x97, 0xA7, 0x17, 0x02, 0x9F, 0xA7, 0x17, 0x00,
    0xA7, 0xA7, 0x17, 0x00, 0xAF, 0xA7, 0x17, 0x00, 0xB7, 0xA7, 0x17, 0x00,
    0xBF, 0xA7, 0x17, 0x00, 0xC7, 0xA7, 0x17, 0x00, 0xCF, 0xA7, 0x17, 0x00,
    0xD7, 0xA7, 0x17, 0x00, 0xDF, 0xA7, 0x17, 0x00, 0xE7, 0xA7, 0x17, 0x00,
    0xEF, 0xA7, 0x17, 0x00, 0xF7, 0xA7, 0x17, 0x00, 0x00, 0xAF, 0x17, 0x00,
    0x07, 0xAF, 0x17, 0x00, 0x0F, 0xAF, 0x17, 0x00, 0x17, 0xAF, 0x17, 0x00,
    0x1F, 0xAF, 0x17, 0x00, 0x27, 0xAF, 0x17, 0x00, 0x2F, 0xAF, 0x17, 0x00,
    0x37, 0xAF, 0x17, 0x00, 0x3F, 0xAF, 0x17, 0x00, 0x47, 0xAF, 0x17, 0x00,
    0x4F, 0xAF, 0x17, 0x00, 0x57, 0xAF, 0x17, 0x00, 0x5F, 0xAF, 0x17, 0x00,
    0x67, 0xAF, 0x17, 0x00, 0x6F, 0xAF, 0x17, 0x00, 0x77, 0xAF, 0x17, 0x00,
    0x7F, 0xAF, 0x17, 0x01, 0x87, 0xAF, 0x17, 0x00, 0x8F, 0xAF, 0x17, 0x00,
    0x97, 0xAF, 0x17, 0x00, 0x9F, 0xAF, 0x17, 0x00, 0xA7, 0xAF, 0x17, 0x00,
    0xAF, 0xAF, 0x17, 0x00, 0xB7, 0xAF, 0x17, 0x00, 0xBF, 0xAF, 0x17, 0x00,
    0xC7, 0xAF, 0x17, 0x00, 0xCF, 0xAF, 0x17, 0x00, 0xD7, 0xAF, 0x17, 0x00,
    0xDF, 0xAF, 0x17, 0x00, 0xE7, 0xAF, 0x17, 0x00, 0xEF, 0xAF, 0x17, 0x00,
    0xF7, 0xAF, 0x17, 0x00, 0x00, 0xB7, 0x17, 0x00, 0x07, 0xB7, 0x17, 0x00,
    0x0F, 0xB7, 0x17, 0x00, 0x17, 0xB7, 0x17, 0x00, 0x1F, 0xB7, 0x17, 0x00,
    0x27, 0xB7, 0x17, 0x00, 0x2F, 0xB7, 0x17, 0x00, 0x37, 0xB7, 0x17, 0x00,
    0x3F, 0xB7, 0x17, 0x00, 0x47, 0xB7, 0x17, 0x00, 0x4F, 0xB7, 0x17, 0x00,
    0x57, 0xB7, 0x17, 0x00, 0x5F, 0xB7, 0x17, 0x00, 0x67, 0xB7, 0x17, 0x00,
    0x6F, 0xB7, 0x17, 0x00, 0x77, 0xB7, 0x17, 0x00, 0x7F, 0xB7, 0x17, 0x00,
    0x87, 0xB7, 0x17, 0x00, 0x8F, 0xB7, 0x17, 0x00, 0x97, 0xB7, 0x17, 0x00,
    0x9F, 0xB7, 0x17, 0x00, 0xA7, 0xB7, 0x17, 0x00, 0xAF, 0xB7, 0x17, 0x00,
    0xB7, 0xB7, 0x17, 0x00, 0xBF, 0xB7, 0x17, 0x00, 0xC7, 0xB7, 0x17, 0x00,
    0xCF, 0xB7, 0x17, 0x00, 0xD7, 0xB7, 0x17, 0x00, 0xDF, 0xB7, 0x17, 0x00,
    0xE7, 0xB7, 0x17, 0x00, 0xEF, 0xB7, 0x17, 0x00, 0xF7, 0xB7, 0x17, 0x00,
    0x00, 0xBF, 0x17, 0x00, 0x07, 0xBF, 0x17, 0x00, 0x0F, 0xBF, 0x17, 0x00,
    0x17, 0xBF, 0x17, 0x00, 0x1F, 0xBF, 0x17, 0x00, 0x27, 0xBF, 0x17, 0x00,
    0x2F, 0xBF, 0x17, 0x00, 0x37, 0xBF, 0x17, 0x00, 0x3F, 0xBF, 0x17, 0x00,
    0x47, 0xBF, 0x17, 0x00, 0x4F, 0xBF, 0x17, 0x00, 0x57, 0xBF, 0x17, 0x00,
    0x5F, 0xBF, 0x17, 0x00, 0x67, 0xBF, 0x17, 0x00, 0x6F, 0xBF, 0x17, 0x00,
    0x77, 0xBF, 0x17, 0x00, 0x7F, 0xBF, 0x17, 0x00, 0x87, 0xBF, 0x17, 0x00,
    0x8F, 0xBF, 0x17, 0x00, 0x97, 0xBF, 0x17, 0x00, 0x9F, 0xBF, 0x17, 0x00,
    0xA7, 0xBF, 0x17, 0x00, 0xAF, 0xBF, 0x17, 0x00, 0xB7, 0xBF, 0x17, 0x00,
    0xBF, 0xBF, 0x17, 0x00, 0xC7, 0xBF, 0x17, 0x00, 0xCF, 0xBF, 0x17, 0x00,
    0xD7, 0xBF, 0x17, 0x00, 0xDF, 0xBF, 0x17, 0x00, 0xE7, 0xBF, 0x17, 0x00,
    0xEF, 0xBF, 0x17, 0x00, 0xF7, 0xBF, 0x17, 0x00, 0x00, 0xC7, 0x17, 0x00,
    0x07, 0xC7, 0x17, 0x00, 0x0F, 0xC7, 0x17, 0x00, 0x17, 0xC7, 0x17, 0x00,
    0x1F, 0xC7, 0x17, 0x00, 0x27, 0xC7, 0x17, 0x00, 0x2F, 0xC7, 0x17, 0x00,
    0x37, 0xC7, 0x17, 0x00, 0x3F, 0xC7, 0x17, 0x00, 0x47, 0xC7, 0x17, 0x00,
    0x4F, 0xC7, 0x17, 0x00, 0x57, 0xC7, 0x17, 0x00, 0x5F, 0xC7, 0x17, 0x00,
    0x67, 0xC7, 0x17, 0x00, 0x6F, 0xC7, 0x17, 0x00, 0x77, 0xC7, 0x17, 0x00,
    0x7F, 0xC7, 0x17, 0x00, 0x87, 0xC7, 0x17, 0x00, 0x8F, 0xC7, 0x17, 0x00,
    0x97, 0xC7, 0x17, 0x00, 0x9F, 0xC7, 0x17, 0x00, 0xA7, 0xC7, 0x17, 0x00,
    0xAF, 0xC7, 0x17, 0x00, 0xB7, 0xC7, 0x17, 0x00, 0xBF, 0xC7, 0x17, 0x00,
    0xC7, 0xC7, 0x17, 0x00, 0xCF, 0xC7, 0x17, 0x00, 0xD7, 0xC7, 0x17, 0x00,
    0xDF, 0xC7, 0x17, 0x00, 0xE7, 0xC7, 0x17, 0x00, 0xEF, 0xC7, 0x17, 0x00,
    0xF7, 0xC7, 0x17, 0x00, 0x00, 0xCF, 0x17, 0x00, 0x07, 0xCF, 0x17, 0x00,
    0x0F, 0xCF, 0x17, 0x00, 0x17, 0xCF, 0x17, 0x00, 0x1F, 0xCF, 0x17, 0x00,
    0x27, 0xCF, 0x17, 0x00, 0x2F, 0xCF, 0x17, 0x00, 0x37, 0xCF, 0x17, 0x00,
    0x3F, 0xCF, 0x17, 0x00, 0x47, 0xCF, 0x17, 0x00, 0x4F, 0xCF, 0x17, 0x00,
    0x57, 0xCF, 0x17, 0x00, 0x5F, 0xCF, 0x17, 0x00, 0x67, 0xCF, 0x17, 0x00,
    0x6F, 0xCF, 0x17, 0x00, 0x77, 0xCF, 0x17, 0x00, 0x7F, 0xCF, 0x17, 0x00,
    0x87, 0xCF, 0x17, 0x00, 0x8F, 0xCF, 0x17, 0x00, 0x97, 0xCF, 0x17, 0x00,
    0x9F, 0xCF, 0x17, 0x00, 0xA7, 0xCF, 0x17, 0x00, 0xAF, 0xCF, 0x17, 0x00,
    0xB7, 0xCF, 0x17, 0x00, 0xBF, 0xCF, 0x17, 0x00, 0xC7, 0xCF, 0x17, 0x00,
    0xCF, 0xCF, 0x17, 0x00, 0xD7, 0xCF, 0x17, 0x00, 0xDF, 0xCF, 0x17, 0x00,
    0xE7, 0xCF, 0x17, 0x00, 0xEF, 0xCF, 0x17, 0x00, 0xF7, 0xCF, 0x17, 0x00,
    0x00, 0xD7, 0x17, 0x00, 0x07, 0xD7, 0x17, 0x00, 0x0F, 0xD7, 0x17, 0x00,
    0x17, 0xD7, 0x17, 0x00, 0x1F, 0xD7, 0x17, 0x00, 0x27, 0xD7, 0x17, 0x00,
    0x2F, 0xD7, 0x17, 0x00, 0x37, 0xD7, 0x17, 0x00, 0x3F, 0xD7, 0x17, 0x00,
    0x47, 0xD7, 0x17, 0x00, 0x4F, 0xD7, 0x17, 0x00, 0x57, 0xD7, 0x17, 0x00,
    0x5F, 0xD7, 0x17, 0x00, 0x67, 0xD7, 0x17, 0x00, 0x6F, 0xD7, 0x17, 0x00,
    0x77, 0xD7, 0x17, 0x00, 0x7F, 0xD7, 0x17, 0x00, 0x87, 0xD7, 0x17, 0x00,
    0x8F, 0xD7, 0x17, 0x00, 0x97, 0xD7, 0x17, 0x00, 0x9F, 0xD7, 0x17, 0x00,
    0xA7, 0xD7, 0x17, 0x00, 0xAF, 0xD7, 0x17, 0x00, 0xB7, 0xD7, 0x17, 0x00,
    0xBF, 0xD7, 0x17, 0x00, 0xC7, 0xD7, 0x17, 0x00, 0xCF, 0xD7, 0x17, 0x00,
    0xD7, 0xD7, 0x17, 0x00, 0xDF, 0xD7, 0x17, 0x00, 0xE7, 0xD7, 0x17, 0x00,
    0xEF, 0xD7, 0x17, 0x00, 0xF7, 0xD7, 0x17, 0x00, 0x00, 0xDF, 0x17, 0x00,
    0x07, 0xDF, 0x17, 0x00, 0x0F, 0xDF, 0x17, 0x00, 0x17, 0xDF, 0x17, 0x00,
    0x1F, 0xDF, 0x17, 0x00, 0x27, 0xDF, 0x17, 0x00, 0x2F, 0xDF, 0x17, 0x00,
    0x37, 0xDF, 0x17, 0x00, 0x3F, 0xDF, 0x17, 0x00, 0x47, 0xDF, 0x17, 0x00,
    0x4F, 0xDF, 0x17, 0x00, 0x57, 0xDF, 0x17, 0x00, 0x5F, 0xDF, 0x17, 0x00,
    0x67, 0xDF, 0x17, 0x00, 0x6F, 0xDF, 0x17, 0x00, 0x77, 0xDF, 0x17, 0x00,
    0x7F, 0xDF, 0x17, 0x00, 0x87, 0xDF, 0x17, 0x00, 0x8F, 0xDF, 0x17, 0x00,
    0x97, 0xDF, 0x17, 0x00, 0x9F, 0xDF, 0x17, 0x00, 0xA7, 0xDF, 0x17, 0x00,
    0xAF, 0xDF, 0x17, 0x00, 0xB7, 0xDF, 0x17, 0x00, 0xBF, 0xDF, 0x17, 0x00,
    0xC7, 0xDF, 0x17, 0x00, 0xCF, 0xDF, 0x17, 0x00, 0xD7, 0xDF, 0x17, 0x00,
    0xDF, 0xDF, 0x17, 0x00, 0xE7, 0xDF, 0x17, 0x00, 0xEF, 0xDF, 0x17, 0x00,
    0xF7, 0xDF, 0x17, 0x00, 0x00, 0xE7, 0x17, 0x00, 0x07, 0xE7, 0x17, 0x00,
    0x0F, 0xE7, 0x17, 0x00, 0x17, 0xE7, 0x17, 0x00, 0x1F, 0xE7, 0x17, 0x00,
    0x27, 0xE7, 0x17, 0x00, 0x2F, 0xE7, 0x17, 0x00, 0x37, 0xE7, 0x17, 0x00,
    0x3F, 0xE7, 0x17, 0x00, 0x47, 0xE7, 0x17, 0x00, 0x4F, 0xE7, 0x17, 0x00,
    0x57, 0xE7, 0x17, 0x00, 0x5F, 0xE7, 0x17, 0x00, 0x67, 0xE7, 0x17, 0x00,
    0x6F, 0xE7, 0x17, 0x00, 0x77, 0xE7, 0x17, 0x00, 0x7F, 0xE7, 0x17, 0x00,
    0x87, 0xE7, 0x17, 0x00, 0x8F, 0xE7, 0x17, 0x00, 0x97, 0xE7, 0x17, 0x00,
    0x9F, 0xE7, 0x17, 0x00, 0xA7, 0xE7, 0x17, 0x00, 0xAF, 0xE7, 0x17, 0x00,
    0xB7, 0xE7, 0x17, 0x00, 0xBF, 0xE7, 0x17, 0x00, 0xC7, 0xE7, 0x17, 0x00,
    0xCF, 0xE7, 0x17, 0x00, 0xD7, 0xE7, 0x17, 0x00, 0xDF, 0xE7, 0x17, 0x00,
    0xE7, 0xE7, 0x17, 0x00, 0xEF, 0xE7, 0x17, 0x00, 0xF7, 0xE7, 0x17, 0x00,
    0x00, 0xEF, 0x17, 0x00, 0x07, 0xEF, 0x17, 0x00, 0x0F, 0xEF, 0x17, 0x00,
    0x17, 0xEF, 0x17, 0x00, 0x1F, 0xEF, 0x17, 0x00, 0x27, 0xEF, 0x17, 0x00,
    0x2F, 0xEF, 0x17, 0x00, 0x37, 0xEF, 0x17, 0x00, 0x3F, 0xEF, 0x17, 0x00,
    0x47, 0xEF, 0x17, 0x00, 0x4F, 0xEF, 0x17, 0x00, 0x57, 0xEF, 0x17, 0x00,
    0x5F, 0xEF, 0x17, 0x00, 0x67, 0xEF, 0x17, 0x00, 0x6F, 0xEF, 0x17, 0x00,
    0x77, 0xEF, 0x17, 0x00, 0x7F, 0xEF, 0x17, 0x00, 0x87, 0xEF, 0x17, 0x00,
    0x8F, 0xEF, 0x17, 0x00, 0x97, 0xEF, 0x17, 0x00, 0x9F, 0xEF, 0x17, 0x00,
    0xA7, 0xEF, 0x17, 0x00, 0xAF, 0xEF, 0x17, 0x00, 0xB7, 0xEF, 0x17, 0x00,
    0xBF, 0xEF, 0x17, 0x00, 0xC7, 0xEF, 0x17, 0x00, 0xCF, 0xEF, 0x17, 0x00,
    0xD7, 0xEF, 0x17, 0x00, 0xDF, 0xEF, 0x17, 0x00, 0xE7, 0xEF, 0x17, 0x00,
    0xEF, 0xEF, 0x17, 0x00, 0xF7, 0xEF, 0x17, 0x00, 0x00, 0xF7, 0x17, 0x00,
    0x07, 0xF7, 0x17, 0x00, 0x0F, 0xF7, 0x17, 0x00, 0x17, 0xF7, 0x17, 0x00,
    0x1F, 0xF7, 0x17, 0x00, 0x27, 0xF7, 0x17, 0x00, 0x2F, 0xF7, 0x17, 0x00,
    0x37, 0xF7, 0x17, 0x00, 0x3F, 0xF7, 0x17, 0x00, 0x47, 0xF7, 0x17, 0x00,
    0x4F, 0xF7, 0x17, 0x00, 0x57, 0xF7, 0x17, 0x00, 0x5F, 0xF7, 0x17, 0x00,
    0x67, 0xF7, 0x17, 0x00, 0x6F, 0xF7, 0x17, 0x00, 0x77, 0xF7, 0x17, 0x00,
    0x7F, 0xF7, 0x17, 0x00, 0x87, 0xF7, 0x17, 0x00, 0x8F, 0xF7, 0x17, 0x00,
    0x97, 0xF7, 0x17, 0x00, 0x9F, 0xF7, 0x17, 0x00, 0xA7, 0xF7, 0x17, 0x00,
    0xAF, 0xF7, 0x17, 0x00, 0xB7, 0xF7, 0x17, 0x00, 0xBF, 0xF7, 0x17, 0x00,
    0xC7, 0xF7, 0x17, 0x00, 0xCF, 0xF7, 0x17, 0x00, 0xD7, 0xF7, 0x17, 0x00,
    0xDF, 0xF7, 0x17, 0x00, 0xE7, 0xF7, 0x17, 0x00, 0xEF, 0xF7, 0x17, 0x00,
    0xF7, 0xF7, 0x17, 0x00, 0x00, 0x00, 0x1F, 0x00, 0x07, 0x00, 0x1F, 0x00,
    0x0F, 0x00, 0x1F, 0x00, 0x17, 0x00, 0x1F, 0x00, 0x1F, 0x00, 0x1F, 0x00,
    0x27, 0x00, 0x1F, 0x00, 0x2F, 0x00, 0x1F, 0x00, 0x37, 0x00, 0x1F, 0x00,
    0x3F, 0x00, 0x1F, 0x00, 0x47, 0x00, 0x1F, 0x00, 0x4F, 0x00, 0x1F, 0x00,
    0x57, 0x00, 0x1F, 0x00, 0x5F, 0x00, 0x1F, 0x00, 0x67, 0x00, 0x1F, 0x00,
    0x6F, 0x00, 0x1F, 0x00, 0x77, 0x00, 0x1F, 0x00, 0x7F, 0x00, 0x1F, 0x00,
    0x87, 0x00, 0x1F, 0x00, 0x8F, 0x00, 0x1F, 0x00, 0x97, 0x00, 0x1F, 0x00,
    0x9F, 0x00, 0x1F, 0x00, 0xA7, 0x00, 0x1F, 0x00, 0xAF, 0x00, 0x1F, 0x00,
    0xB7, 0x00, 0x1F, 0x00, 0xBF, 0x00, 0x1F, 0x00, 0xC7, 0x00, 0x1F, 0x00,
    0xCF, 0x00, 0x1F, 0x00, 0xD7, 0x00, 0x1F, 0x00, 0xDF, 0x00, 0x1F, 0x00,
    0xE7, 0x00, 0x1F, 0x00, 0xEF, 0x00, 0x1F, 0x00, 0xF7, 0x00, 0x1F, 0x00,
    0x00, 0x07, 0x1F, 0x00, 0x07, 0x07, 0x1F, 0x00, 0x0F, 0x07, 0x1F, 0x00,
    0x17, 0x07, 0x1F, 0x00, 0x1F, 0x07, 0x1F, 0x00, 0x27, 0x07, 0x1F, 0x00,
    0x2F, 0x07, 0x1F, 0x00, 0x37, 0x07, 0x1F, 0x00, 0x3F, 0x07, 0x1F, 0x00,
    0x47, 0x07, 0x1F, 0x00, 0x4F, 0x07, 0x1F, 0x00, 0x57, 0x07, 0x1F, 0x00,
    0x5F, 0x07, 0x1F, 0x00, 0x67, 0x07, 0x1F, 0x00, 0x6F, 0x07, 0x1F, 0x00,
    0x77, 0x07, 0x1F, 0x00, 0x7F, 0x07, 0x1F, 0x00, 0x87, 0x07, 0x1F, 0x00,
    0x8F, 0x07, 0x1F, 0x00, 0x97, 0x07, 0x1F, 0x00, 0x9F, 0x07, 0x1F, 0x00,
    0xA7, 0x07, 0x1F, 0x00, 0xAF, 0x07, 0x1F, 0x00, 0xB7, 0x07, 0x1F, 0x00,
    0xBF, 0x07, 0x1F, 0x00, 0xC7, 0x07, 0x1F, 0x00, 0xCF, 0x07, 0x1F, 0x00,
    0xD7, 0x07, 0x1F, 0x00, 0xDF, 0x07, 0x1F, 0x00, 0xE7, 0x07, 0x1F, 0x00,
    0xEF, 0x07, 0x1F, 0x00, 0xF7, 0x07, 0x1F, 0x00, 0x00, 0x0F, 0x1F, 0x00,
    0x07, 0x0F, 0x1F, 0x00, 0x0F, 0x0F, 0x1F, 0x00, 0x17, 0x0F, 0x1F, 0x00,
    0x1F, 0x0F, 0x1F, 0x00, 0x27, 0x0F, 0x1F, 0x00, 0x2F, 0x0F, 0x1F, 0x00,
    0x37, 0x0F, 0x1F, 0x00, 0x3F, 0x0F, 0x1F, 0x00, 0x47, 0x0F, 0x1F, 0x00,
    0x4F, 0x0F, 0x1F, 0x00, 0x57, 0x0F, 0x1F, 0x00, 0x5F, 0x0F, 0x1F, 0x00,
    0x67, 0x0F, 0x1F, 0x00, 0x6F, 0x0F, 0x1F, 0x00, 0x77, 0x0F, 0x1F, 0x00,
    0x7F, 0x0F, 0x1F, 0x00, 0x87, 0x0F, 0x1F, 0x00, 0x8F, 0x0F, 0x1F, 0x00,
    0x97, 0x0F, 0x1F, 0x00, 0x9F, 0x0F, 0x1F, 0x00, 0xA7, 0x0F, 0x1F, 0x00,
    0xAF, 0x0F, 0x1F, 0x00, 0xB7, 0x0F, 0x1F, 0x00, 0xBF, 0x0F, 0x1F, 0x00,
    0xC7, 0x0F, 0x1F, 0x00, 0xCF, 0x0F, 0x1F, 0x00, 0xD7, 0x0F, 0x1F, 0x00,
    0xDF, 0x0F, 0x1F, 0x00, 0xE7, 0x0F, 0x1F, 0x00, 0xEF, 0x0F, 0x1F, 0x00,
    0xF7, 0x0F, 0x1F, 0x00, 0x00, 0x17, 0x1F, 0x00, 0x07, 0x17, 0x1F, 0x00,
    0x0F, 0x17, 0x1F, 0x00, 0x17, 0x17, 0x1F, 0x00, 0x1F, 0x17, 0x1F, 0x00,
    0x27, 0x17, 0x1F, 0x00, 0x2F, 0x17, 0x1F, 0x00, 0x37, 0x17, 0x1F, 0x00,
    0x3F, 0x17, 0x1F, 0x00, 0x47, 0x17, 0x1F, 0x00, 0x4F, 0x17, 0x1F, 0x00,
    0x57, 0x17, 0x1F, 0x00, 0x5F, 0x17, 0x1F, 0x00, 0x67, 0x17, 0x1F, 0x00,
    0x6F, 0x17, 0x1F, 0x00, 0x77, 0x17, 0x1F, 0x00, 0x7F, 0x17, 0x1F, 0x00,
    0x87, 0x17, 0x1F, 0x00, 0x8F, 0x17, 0x1F, 0x00, 0x97, 0x17, 0x1F, 0x00,
    0x9F, 0x17, 0x1F, 0x00, 0xA7, 0x17, 0x1F, 0x00, 0xAF, 0x17, 0x1F, 0x00,
    0xB7, 0x17, 0x1F, 0x00, 0xBF, 0x17, 0x1F, 0x00, 0xC7, 0x17, 0x1F, 0x00,
    0xCF, 0x17, 0x1F, 0x00, 0xD7, 0x17, 0x1F, 0x00, 0xDF, 0x17, 0x1F, 0x00,
    0xE7, 0x17, 0x1F, 0x00, 0xEF, 0x17, 0x1F, 0x00, 0xF7, 0x17, 0x1F, 0x00,
    0x00, 0x1F, 0x1F, 0x00, 0x07, 0x1F, 0x1F, 0x00, 0x0F, 0x1F, 0x1F, 0x00,
    0x17, 0x1F, 0x1F, 0x00, 0x1F, 0x1F, 0x1F, 0x00, 0x27, 0x1F, 0x1F, 0x00,
    0x2F, 0x1F, 0x1F, 0x00, 0x37, 0x1F, 0x1F, 0x00, 0x3F, 0x1F, 0x1F, 0x00,
    0x47, 0x1F, 0x1F, 0x00, 0x4F, 0x1F, 0x1F, 0x00, 0x57, 0x1F, 0x1F, 0x00,
    0x5F, 0x1F, 0x1F, 0x00, 0x67, 0x1F, 0x1F, 0x00, 0x6F, 0x1F, 0x1F, 0x00,
    0x77, 0x1F, 0x1F, 0x00, 0x7F, 0x1F, 0x1F, 0x00, 0x87, 0x1F, 0x1F, 0x00,
    0x8F, 0x1F, 0x1F, 0x00, 0x97, 0x1F, 0x1F, 0x00, 0x9F, 0x1F, 0x1F, 0x00,
    0xA7, 0x1F, 0x1F, 0x00, 0xAF, 0x1F, 0x1F, 0x00, 0xB7, 0x1F, 0x1F, 0x00,
    0xBF, 0x1F, 0x1F, 0x00, 0xC7, 0x1F, 0x1F, 0x00, 0xCF, 0x1F, 0x1F, 0x00,
    0xD7, 0x1F, 0x1F, 0x00, 0xDF, 0x1F, 0x1F, 0x00, 0xE7, 0x1F, 0x1F, 0x00,
    0xEF, 0x1F, 0x1F, 0x00, 0xF7, 0x1F, 0x1F, 0x00, 0x00, 0x27, 0x1F, 0x00,
    0x07, 0x27, 0x1F, 0x00, 0x0F, 0x27, 0x1F, 0x00, 0x17, 0x27, 0x1F, 0x00,
    0x1F, 0x27, 0x1F, 0x00, 0x27, 0x27, 0x1F, 0x00, 0x2F, 0x27, 0x1F, 0x00,
    0x37, 0x27, 0x1F, 0x00, 0x3F, 0x27, 0x1F, 0x00, 0x47, 0x27, 0x1F, 0x00,
    0x4F, 0x27, 0x1F, 0x00, 0x57, 0x27, 0x1F, 0x00, 0x5F, 0x27, 0x1F, 0x00,
    0x67, 0x27, 0x1F, 0x00, 0x6F, 0x27, 0x1F, 0x00, 0x77, 0x27, 0x1F, 0x00,
    0x7F, 0x27, 0x1F, 0x00, 0x87, 0x27, 0x1F, 0x00, 0x8F, 0x27, 0x1F, 0x00,
    0x97, 0x27, 0x1F, 0x00, 0x9F, 0x27, 0x1F, 0x00, 0xA7, 0x27, 0x1F, 0x00,
    0xAF, 0x27, 0x1F, 0x00, 0xB7, 0x27, 0x1F, 0x00, 0xBF, 0x27, 0x1F, 0x00,
    0xC7, 0x27, 0x1F, 0x00, 0xCF, 0x27, 0x1F, 0x00, 0xD7, 0x27, 0x1F, 0x00,
    0xDF, 0x27, 0x1F, 0x00, 0xE7, 0x27, 0x1F, 0x00, 0xEF, 0x27, 0x1F, 0x00,
    0xF7, 0x27, 0x1F, 0x00, 0x00, 0x2F, 0x1F, 0x00, 0x07, 0x2F, 0x1F, 0x00,
    0x0F, 0x2F, 0x1F, 0x00, 0x17, 0x2F, 0x1F, 0x00, 0x1F, 0x2F, 0x1F, 0x00,
    0x27, 0x2F, 0x1F, 0x00, 0x2F, 0x2F, 0x1F, 0x00, 0x37, 0x2F, 0x1F, 0x00,
    0x3F, 0x2F, 0x1F, 0x00, 0x47, 0x2F, 0x1F, 0x00, 0x4F, 0x2F, 0x1F, 0x00,
    0x57, 0x2F, 0x1F, 0x00, 0x5F, 0x2F, 0x1F, 0x00, 0x67, 0x2F, 0x1F, 0x00,
    0x6F, 0x2F, 0x1F, 0x00, 0x77, 0x2F, 0x1F, 0x00, 0x7F, 0x2F, 0x1F, 0x00,
    0x87, 0x2F, 0x1F, 0x00, 0x8F, 0x2F, 0x1F, 0x00, 0x97, 0x2F, 0x1F, 0x00,
    0x9F, 0x2F, 0x1F, 0x00, 0xA7, 0x2F, 0x1F, 0x00, 0xAF, 0x2F, 0x1F, 0x00,
    0xB7, 0x2F, 0x1F, 0x00, 0xBF, 0x2F, 0x1F, 0x00, 0xC7, 0x2F, 0x1F, 0x00,
    0xCF, 0x2F, 0x1F, 0x00, 0xD7, 0x2F, 0x1F, 0x00, 0xDF, 0x2F, 0x1F, 0x00,
    0xE7, 0x2F, 0x1F, 0x00, 0xEF, 0x2F, 0x1F, 0x00, 0xF7, 0x2F, 0x1F, 0x00,
    0x00, 0x37, 0x1F, 0x00, 0x07, 0x37, 0x1F, 0x00, 0x0F, 0x37, 0x1F, 0x00,
    0x17, 0x37, 0x1F, 0x00, 0x1F, 0x37, 0x1F, 0x00, 0x27, 0x37, 0x1F, 0x00,
    0x2F, 0x37, 0x1F, 0x00, 0x37, 0x37, 0x1F, 0x00, 0x3F, 0x37, 0x1F, 0x00,
    0x47, 0x37, 0x1F, 0x00, 0x4F, 0x37, 0x1F, 0x00, 0x57, 0x37, 0x1F, 0x00,
    0x5F, 0x37, 0x1F, 0x00, 0x67, 0x37, 0x1F, 0x00, 0x6F, 0x37, 0x1F, 0x00,
    0x77, 0x37, 0x1F, 0x00, 0x7F, 0x37, 0x1F, 0x00, 0x87, 0x37, 0x1F, 0x00,
    0x8F, 0x37, 0x1F, 0x00, 0x97, 0x37, 0x1F, 0x00, 0x9F, 0x37, 0x1F, 0x00,
    0xA7, 0x37, 0x1F, 0x00, 0xAF, 0x37, 0x1F, 0x00, 0xB7, 0x37, 0x1F, 0x00,
    0xBF, 0x37, 0x1F, 0x00, 0xC7, 0x37, 0x1F, 0x00, 0xCF, 0x37, 0x1F, 0x00,
    0xD7, 0x37, 0x1F, 0x00, 0xDF, 0x37, 0x1F, 0x00, 0xE7, 0x37, 0x1F, 0x00,
    0xEF, 0x37, 0x1F, 0x00, 0xF7, 0x37, 0x1F, 0x00, 0x00, 0x3F, 0x1F, 0x00,
    0x07, 0x3F, 0x1F, 0x00, 0x0F, 0x3F, 0x1F, 0x00, 0x17, 0x3F, 0x1F, 0x00,
    0x1F, 0x3F, 0x1F, 0x00, 0x27, 0x3F, 0x1F, 0x00, 0x2F, 0x3F, 0x1F, 0x00,
    0x37, 0x3F, 0x1F, 0x00, 0x3F, 0x3F, 0x1F, 0x00, 0x47, 0x3F, 0x1F, 0x00,
    0x4F, 0x3F, 0x1F, 0x00, 0x57, 0x3F, 0x1F, 0x00, 0x5F, 0x3F, 0x1F, 0x00,
    0x67, 0x3F, 0x1F, 0x00, 0x6F, 0x3F, 0x1F, 0x00, 0x77, 0x3F, 0x1F, 0x00,
    0x7F, 0x3F, 0x1F, 0x00, 0x87, 0x3F, 0x1F, 0x00, 0x8F, 0x3F, 0x1F, 0x00,
    0x97, 0x3F, 0x1F, 0x00, 0x9F, 0x3F, 0x1F, 0x00, 0xA7, 0x3F, 0x1F, 0x00,
    0xAF, 0x3F, 0x1F, 0x00, 0xB7, 0x3F, 0x1F, 0x00, 0xBF, 0x3F, 0x1F, 0x00,
    0xC7, 0x3F, 0x1F, 0x00, 0xCF, 0x3F, 0x1F, 0x00, 0xD7, 0x3F, 0x1F, 0x00,
    0xDF, 0x3F, 0x1F, 0x00, 0xE7, 0x3F, 0x1F, 0x00, 0xEF, 0x3F, 0x1F, 0x00,
    0xF7, 0x3F, 0x1F, 0x00, 0x00, 0x47, 0x1F, 0x00, 0x07, 0x47, 0x1F, 0x00,
    0x0F, 0x47, 0x1F, 0x00, 0x17, 0x47, 0x1F, 0x00, 0x1F, 0x47, 0x1F, 0x00,
    0x27, 0x47, 0x1F, 0x00, 0x2F, 0x47, 0x1F, 0x00, 0x37, 0x47, 0x1F, 0x00,
    0x3F, 0x47, 0x1F, 0x00, 0x47, 0x47, 0x1F, 0x00, 0x4F, 0x47, 0x1F, 0x00,
    0x57, 0x47, 0x1F, 0x00, 0x5F, 0x47, 0x1F, 0x00, 0x67, 0x47, 0x1F, 0x03,
    0x6F, 0x47, 0x1F, 0x06, 0x77, 0x47, 0x1F, 0x08, 0x7F, 0x47, 0x1F, 0x08,
    0x87, 0x47, 0x1F, 0x08, 0x8F, 0x47, 0x1F, 0x06, 0x97, 0x47, 0x1F, 0x03,
    0x9F, 0x47, 0x1F, 0x00, 0xA7, 0x47, 0x1F, 0x00, 0xAF, 0x47, 0x1F, 0x00,
    0xB7, 0x47, 0x1F, 0x00, 0xBF, 0x47, 0x1F, 0x00, 0xC7, 0x47, 0x1F, 0x00,
    0xCF, 0x47, 0x1F, 0x00, 0xD7, 0x47, 0x1F, 0x00, 0xDF, 0x47, 0x1F, 0x00,
    0xE7, 0x47, 0x1F, 0x00, 0xEF, 0x47, 0x1F, 0x00, 0xF7, 0x47, 0x1F, 0x00,
    0x00, 0x4F, 0x1F, 0x00, 0x07, 0x4F, 0x1F, 0x00, 0x0F, 0x4F, 0x1F, 0x00,
    0x17, 0x4F, 0x1F, 0x00, 0x1F, 0x4F, 0x1F, 0x00, 0x27, 0x4F, 0x1F, 0x00,
    0x2F, 0x4F, 0x1F, 0x00, 0x37, 0x4F, 0x1F, 0x00, 0x3F, 0x4F, 0x1F, 0x00,
    0x47, 0x4F, 0x1F, 0x00, 0x4F, 0x4F, 0x1F, 0x00, 0x57, 0x4F, 0x1F, 0x01,
    0x5F, 0x4F, 0x1F, 0x07, 0x67, 0x4F, 0x1F, 0x0B, 0x6F, 0x4F, 0x1F, 0x0E,
    0x77, 0x4F, 0x1F, 0x10, 0x7F, 0x4F, 0x1F, 0x11, 0x87, 0x4F, 0x1F, 0x10,
    0x8F, 0x4F, 0x1F, 0x0E, 0x97, 0x4F, 0x1F, 0x0B, 0x9F, 0x4F, 0x1F, 0x07,
    0xA7, 0x4F, 0x1F, 0x01, 0xAF, 0x4F, 0x1F, 0x00, 0xB7, 0x4F, 0x1F, 0x00,
    0xBF, 0x4F, 0x1F, 0x00, 0xC7, 0x4F, 0x1F, 0x00, 0xCF, 0x4F, 0x1F, 0x00,
    0xD7, 0x4F, 0x1F, 0x00, 0xDF, 0x4F, 0x1F, 0x00, 0xE7, 0x4F, 0x1F, 0x00,
    0xEF, 0x4F, 0x1F, 0x00, 0xF7, 0x4F, 0x1F, 0x00, 0x00, 0x57, 0x1F, 0x00,
    0x07, 0x57, 0x1F, 0x00, 0x0F, 0x57, 0x1F, 0x00, 0x17, 0x57, 0x1F, 0x00,
    0x1F, 0x57, 0x1F, 0x00, 0x27, 0x57, 0x1F, 0x00, 0x2F, 0x57, 0x1F, 0x00,
    0x37, 0x57, 0x1F, 0x00, 0x3F, 0x57, 0x1F, 0x00, 0x47, 0x57, 0x1F, 0x00,
    0x4F, 0x57, 0x1F, 0x01, 0x57, 0x57, 0x1F, 0x08, 0x5F, 0x57, 0x1F, 0x0E,
    0x67, 0x57, 0x1F, 0x12, 0x6F, 0x57, 0x1F, 0x16, 0x77, 0x57, 0x1F, 0x18,
    0x7F, 0x57, 0x1F, 0x18, 0x87, 0x57, 0x1F, 0x18, 0x8F, 0x57, 0x1F, 0x16,
    0x97, 0x57, 0x1F, 0x12, 0x9F, 0x57, 0x1F, 0x0E, 0xA7, 0x57, 0x1F, 0x08,
    0xAF, 0x57, 0x1F, 0x01, 0xB7, 0x57, 0x1F, 0x00, 0xBF, 0x57, 0x1F, 0x00,
    0xC7, 0x57, 0x1F, 0x00, 0xCF, 0x57, 0x1F, 0x00, 0xD7, 0x57, 0x1F, 0x00,
    0xDF, 0x57, 0x1F, 0x00, 0xE7, 0x57, 0x1F, 0x00, 0xEF, 0x57, 0x1F, 0x00,
    0xF7, 0x57, 0x1F, 0x00, 0x00, 0x5F, 0x1F, 0x00, 0x07, 0x5F, 0x1F, 0x00,
    0x0F, 0x5F, 0x1F, 0x00, 0x17, 0x5F, 0x1F, 0x00, 0x1F, 0x5F, 0x1F, 0x00,
    0x27, 0x5F, 0x1F, 0x00, 0x2F, 0x5F, 0x1F, 0x00, 0x37, 0x5F, 0x1F, 0x00,
    0x3F, 0x5F, 0x1F, 0x00, 0x47, 0x5F, 0x1F, 0x00, 0x4F, 0x5F, 0x1F, 0x07,
    0x57, 0x5F, 0x1F, 0x0E, 0x5F, 0x5F, 0x1F, 0x14, 0x67, 0x5F, 0x1F, 0x18,
    0x6F, 0x5F, 0x1F, 0x1C, 0x77, 0x5F, 0x1F, 0x1E, 0x7F, 0x5F, 0x1F, 0x1F,
    0x87, 0x5F, 0x1F, 0x1E, 0x8F, 0x5F, 0x1F, 0x1C, 0x97, 0x5F, 0x1F, 0x18,
    0x9F, 0x5F, 0x1F, 0x14, 0xA7, 0x5F, 0x1F, 0x0E, 0xAF, 0x5F, 0x1F, 0x07,
    0xB7, 0x5F, 0x1F, 0x00, 0xBF, 0x5F, 0x1F, 0x00, 0xC7, 0x5F, 0x1F, 0x00,
    0xCF, 0x5F, 0x1F, 0x00, 0xD7, 0x5F, 0x1F, 0x00, 0xDF, 0x5F, 0x1F, 0x00,
    0xE7, 0x5F, 0x1F, 0x00, 0xEF, 0x5F, 0x1F, 0x00, 0xF7, 0x5F, 0x1F, 0x00,
    0x00, 0x67, 0x1F, 0x00, 0x07, 0x67, 0x1F, 0x00, 0x0F, 0x67, 0x1F, 0x00,
    0x17, 0x67, 0x1F, 0x00, 0x1F, 0x67, 0x1F, 0x00, 0x27, 0x67, 0x1F, 0x00,
    0x2F, 0x67, 0x1F, 0x00, 0x37, 0x67, 0x1F, 0x00, 0x3F, 0x67, 0x1F, 0x00,
    0x47, 0x67, 0x1F, 0x03, 0x4F, 0x67, 0x1F, 0x0B, 0x57, 0x67, 0x1F, 0x12,
    0x5F, 0x67, 0x1F, 0x18, 0x67, 0x67, 0x1F, 0x1D, 0x6F, 0x67, 0x1F, 0x21,
    0x77, 0x67, 0x1F, 0x23, 0x7F, 0x67, 0x1F, 0x23, 0x87, 0x67, 0x1F, 0x23,
    0x8F, 0x67, 0x1F, 0x21, 0x97, 0x67, 0x1F, 0x1D, 0x9F, 0x67, 0x1F, 0x18,
    0xA7, 0x67, 0x1F, 0x12, 0xAF, 0x67, 0x1F, 0x0B, 0xB7, 0x67, 0x1F, 0x03,
    0xBF, 0x67, 0x1F, 0x00, 0xC7, 0x67, 0x1F, 0x00, 0xCF, 0x67, 0x1F, 0x00,
    0xD7, 0x67, 0x1F, 0x00, 0xDF, 0x67, 0x1F, 0x00, 0xE7, 0x67, 0x1F, 0x00,
    0xEF, 0x67, 0x1F, 0x00, 0xF7, 0x67, 0x1F, 0x00, 0x00, 0x6F, 0x1F, 0x00,
    0x07, 0x6F, 0x1F, 0x00, 0x0F, 0x6F, 0x1F, 0x00, 0x17, 0x6F, 0x1F, 0x00,
    0x1F, 0x6F, 0x1F, 0x00, 0x27, 0x6F, 0x1F, 0x00, 0x2F, 0x6F, 0x1F, 0x00,
    0x37, 0x6F, 0x1F, 0x00, 0x3F, 0x6F, 0x1F, 0x00, 0x47, 0x6F, 0x1F, 0x06,
    0x4F, 0x6F, 0x1F, 0x0E, 0x57, 0x6F, 0x1F, 0x16, 0x5F, 0x6F, 0x1F, 0x1C,
    0x67, 0x6F, 0x1F, 0x21, 0x6F, 0x6F, 0x1F, 0x24, 0x77, 0x6F, 0x1F, 0x26,
    0x7F, 0x6F, 0x1F, 0x27, 0x87, 0x6F, 0x1F, 0x26, 0x8F, 0x6F, 0x1F, 0x24,
    0x97, 0x6F, 0x1F, 0x21, 0x9F, 0x6F, 0x1F, 0x1C, 0xA7, 0x6F, 0x1F, 0x16,
    0xAF, 0x6F, 0x1F, 0x0E, 0xB7, 0x6F, 0x1F, 0x06, 0xBF, 0x6F, 0x1F, 0x00,
    0xC7, 0x6F, 0x1F, 0x00, 0xCF, 0x6F, 0x1F, 0x00, 0xD7, 0x6F, 0x1F, 0x00,
    0xDF, 0x6F, 0x1F, 0x00, 0xE7, 0x6F, 0x1F, 0x00, 0xEF, 0x6F, 0x1F, 0x00,
    0xF7, 0x6F, 0x1F, 0x00, 0x00, 0x77, 0x1F, 0x00, 0x07, 0x77, 0x1F, 0x00,
    0x0F, 0x77, 0x1F, 0x00, 0x17, 0x77, 0x1F, 0x00, 0x1F, 0x77, 0x1F, 0x00,
    0x27, 0x77, 0x1F, 0x00, 0x2F, 0x77, 0x1F, 0x00, 0x37, 0x77, 0x1F, 0x00,
    0x3F, 0x77, 0x1F, 0x00, 0x47, 0x77, 0x1F, 0x08, 0x4F, 0x77, 0x1F, 0x10,
    0x57, 0x77, 0x1F, 0x18, 0x5F, 0x77, 0x1F, 0x1E, 0x67, 0x77, 0x1F, 0x23,
    0x6F, 0x77, 0x1F, 0x26, 0x77, 0x77, 0x1F, 0x29, 0x7F, 0x77, 0x1F, 0x29,
    0x87, 0x77, 0x1F, 0x29, 0x8F, 0x77, 0x1F, 0x26, 0x97, 0x77, 0x1F, 0x23,
    0x9F, 0x77, 0x1F, 0x1E, 0xA7, 0x77, 0x1F, 0x18, 0xAF, 0x77, 0x1F, 0x10,
    0xB7, 0x77, 0x1F, 0x08, 0xBF, 0x77, 0x1F, 0x00, 0xC7, 0x77, 0x1F, 0x00,
    0xCF, 0x77, 0x1F, 0x00, 0xD7, 0x77, 0x1F, 0x00, 0xDF, 0x77, 0x1F, 0x00,
    0xE7, 0x77, 0x1F, 0x00, 0xEF, 0x77, 0x1F, 0x00, 0xF7, 0x77, 0x1F, 0x00,
    0x00, 0x7F, 0x1F, 0x00, 0x07, 0x7F, 0x1F, 0x00, 0x0F, 0x7F, 0x1F, 0x00,
    0x17, 0x7F, 0x1F, 0x00, 0x1F, 0x7F, 0x1F, 0x00, 0x27, 0x7F, 0x1F, 0x00,
    0x2F, 0x7F, 0x1F, 0x00, 0x37, 0x7F, 0x1F, 0x00, 0x3F, 0x7F, 0x1F, 0x00,
    0x47, 0x7F, 0x1F, 0x08, 0x4F, 0x7F, 0x1F, 0x11, 0x57, 0x7F, 0x1F, 0x18,
    0x5F, 0x7F, 0x1F, 0x1F, 0x67, 0x7F, 0x1F, 0x23, 0x6F, 0x7F, 0x1F, 0x27,
    0x77, 0x7F, 0x1F, 0x29, 0x7F, 0x7F, 0x1F, 0x2A, 0x87, 0x7F, 0x1F, 0x29,
    0x8F, 0x7F, 0x1F, 0x27, 0x97, 0x7F, 0x1F, 0x23, 0x9F, 0x7F, 0x1F, 0x1F,
    0xA7, 0x7F, 0x1F, 0x18, 0xAF, 0x7F, 0x1F, 0x11, 0xB7, 0x7F, 0x1F, 0x08,
    0xBF, 0x7F, 0x1F, 0x00, 0xC7, 0x7F, 0x1F, 0x00, 0xCF, 0x7F, 0x1F, 0x00,
    0xD7, 0x7F, 0x1F, 0x00, 0xDF, 0x7F, 0x1F, 0x00, 0xE7, 0x7F, 0x1F, 0x00,
    0xEF, 0x7F, 0x1F, 0x00, 0xF7, 0x7F, 0x1F, 0x00, 0x00, 0x87, 0x1F, 0x00,
    0x07, 0x87, 0x1F, 0x00, 0x0F, 0x87, 0x1F, 0x00, 0x17, 0x87, 0x1F, 0x00,
    0x1F, 0x87, 0x1F, 0x00, 0x27, 0x87, 0x1F, 0x00, 0x2F, 0x87, 0x1F, 0x00,
    0x37, 0x87, 0x1F, 0x00, 0x3F, 0x87, 0x1F, 0x00, 0x47, 0x87, 0x1F, 0x08,
    0x4F, 0x87, 0x1F, 0x10, 0x57, 0x87, 0x1F, 0x18, 0x5F, 0x87, 0x1F, 0x1E,
    0x67, 0x87, 0x1F, 0x23, 0x6F, 0x87, 0x1F, 0x26, 0x77, 0x87, 0x1F, 0x29,
    0x7F, 0x87, 0x1F, 0x29, 0x87, 0x87, 0x1F, 0x29, 0x8F, 0x87, 0x1F, 0x26,
    0x97, 0x87, 0x1F, 0x23, 0x9F, 0x87, 0x1F, 0x1E, 0xA7, 0x87, 0x1F, 0x18,
    0xAF, 0x87, 0x1F, 0x10, 0xB7, 0x87, 0x1F, 0x08, 0xBF, 0x87, 0x1F, 0x00,
    0xC7, 0x87, 0x1F, 0x00, 0xCF, 0x87, 0x1F, 0x00, 0xD7, 0x87, 0x1F, 0x00,
    0xDF, 0x87, 0x1F, 0x00, 0xE7, 0x87, 0x1F, 0x00, 0xEF, 0x87, 0x1F, 0x00,
    0xF7, 0x87, 0x1F, 0x00, 0x00, 0x8F, 0x1F, 0x00, 0x07, 0x8F, 0x1F, 0x00,
    0x0F, 0x8F, 0x1F, 0x00, 0x17, 0x8F, 0x1F, 0x00, 0x1F, 0x8F, 0x1F, 0x00,
    0x27, 0x8F, 0x1F, 0x00, 0x2F, 0x8F, 0x1F, 0x00, 0x37, 0x8F, 0x1F, 0x00,
    0x3F, 0x8F, 0x1F, 0x00, 0x47, 0x8F, 0x1F, 0x06, 0x4F, 0x8F, 0x1F, 0x0E,
    0x57, 0x8F, 0x1F, 0x16, 0x5F, 0x8F, 0x1F, 0x1C, 0x67, 0x8F, 0x1F, 0x21,
    0x6F, 0x8F, 0x1F, 0x24, 0x77, 0x8F, 0x1F, 0x26, 0x7F, 0x8F, 0x1F, 0x27,
    0x87, 0x8F, 0x1F, 0x26, 0x8F, 0x8F, 0x1F, 0x24, 0x97, 0x8F, 0x1F, 0x21,
    0x9F, 0x8F, 0x1F, 0x1C, 0xA7, 0x8F, 0x1F, 0x16, 0xAF, 0x8F, 0x1F, 0x0E,
    0xB7, 0x8F, 0x1F, 0x06, 0xBF, 0x8F, 0x1F, 0x00, 0xC7, 0x8F, 0x1F, 0x00,
    0xCF, 0x8F, 0x1F, 0x00, 0xD7, 0x8F, 0x1F, 0x00, 0xDF, 0x8F, 0x1F, 0x00,
    0xE7, 0x8F, 0x1F, 0x00, 0xEF, 0x8F, 0x1F, 0x00, 0xF7, 0x8F, 0x1F, 0x00,
    0x00, 0x97, 0x1F, 0x00, 0x07, 0x97, 0x1F, 0x00, 0x0F, 0x97, 0x1F, 0x00,
    0x17, 0x97, 0x1F, 0x00, 0x1F, 0x97, 0x1F, 0x00, 0x27, 0x97, 0x1F, 0x00,
    0x2F, 0x97, 0x1F, 0x00, 0x37, 0x97, 0x1F, 0x00, 0x3F, 0x97, 0x1F, 0x00,
    0x47, 0x97, 0x1F, 0x03, 0x4F, 0x97, 0x1F, 0x0B, 0x57, 0x97, 0x1F, 0x12,
    0x5F, 0x97, 0x1F, 0x18, 0x67, 0x97, 0x1F, 0x1D, 0x6F, 0x97, 0x1F, 0x21,
    0x77, 0x97, 0x1F, 0x23, 0x7F, 0x97, 0x1F, 0x23, 0x87, 0x97, 0x1F, 0x23,
    0x8F, 0x97, 0x1F, 0x21, 0x97, 0x97, 0x1F, 0x1D, 0x9F, 0x97, 0x1F, 0x18,
    0xA7, 0x97, 0x1F, 0x12, 0xAF, 0x97, 0x1F, 0x0B, 0xB7, 0x97, 0x1F, 0x03,
    0xBF, 0x97, 0x1F, 0x00, 0xC7, 0x97, 0x1F, 0x00, 0xCF, 0x97, 0x1F, 0x00,
    0xD7, 0x97, 0x1F, 0x00, 0xDF, 0x97, 0x1F, 0x00, 0xE7, 0x97, 0x1F, 0x00,
    0xEF, 0x97, 0x1F, 0x00, 0xF7, 0x97, 0x1F, 0x00, 0x00, 0x9F, 0x1F, 0x00,
    0x07, 0x9F, 0x1F, 0x00, 0x0F, 0x9F, 0x1F, 0x00, 0x17, 0x9F, 0x1F, 0x00,
    0x1F, 0x9F, 0x1F, 0x00, 0x27, 0x9F, 0x1F, 0x00, 0x2F, 0x9F, 0x1F, 0x00,
    0x37, 0x9F, 0x1F, 0x00, 0x3F, 0x9F, 0x1F, 0x00, 0x47, 0x9F, 0x1F, 0x00,
    0x4F, 0x9F, 0x1F, 0x07, 0x57, 0x9F, 0x1F, 0x0E, 0x5F, 0x9F, 0x1F, 0x14,
    0x67, 0x9F, 0x1F, 0x18, 0x6F, 0x9F, 0x1F, 0x1C, 0x77, 0x9F, 0x1F, 0x1E,
    0x7F, 0x9F, 0x1F, 0x1F, 0x87, 0x9F, 0x1F, 0x1E, 0x8F, 0x9F, 0x1F, 0x1C,
    0x97, 0x9F, 0x1F, 0x18, 0x9F, 0x9F, 0x1F, 0x14, 0xA7, 0x9F, 0x1F, 0x0E,
    0xAF, 0x9F, 0x1F, 0x07, 0xB7, 0x9F, 0x1F, 0x00, 0xBF, 0x9F, 0x1F, 0x00,
    0xC7, 0x9F, 0x1F, 0x00, 0xCF, 0x9F, 0x1F, 0x00, 0xD7, 0x9F, 0x1F, 0x00,
    0xDF, 0x9F, 0x1F, 0x00, 0xE7, 0x9F, 0x1F, 0x00, 0xEF, 0x9F, 0x1F, 0x00,
    0xF7, 0x9F, 0x1F, 0x00, 0x00, 0xA7, 0x1F, 0x00, 0x07, 0xA7, 0x1F, 0x00,
    0x0F, 0xA7, 0x1F, 0x00, 0x17, 0xA7, 0x1F, 0x00, 0x1F, 0xA7, 0x1F, 0x00,
    0x27, 0xA7, 0x1F, 0x00, 0x2F, 0xA7, 0x1F, 0x00, 0x37, 0xA7, 0x1F, 0x00,
    0x3F, 0xA7, 0x1F, 0x00, 0x47, 0xA7, 0x1F, 0x00, 0x4F, 0xA7, 0x1F, 0x01,
    0x57, 0xA7, 0x1F, 0x08, 0x5F, 0xA7, 0x1F, 0x0E, 0x67, 0xA7, 0x1F, 0x12,
    0x6F, 0xA7, 0x1F, 0x16, 0x77, 0xA7, 0x1F, 0x18, 0x7F, 0xA7, 0x1F, 0x18,
    0x87, 0xA7, 0x1F, 0x18, 0x8F, 0xA7, 0x1F, 0x16, 0x97, 0xA7, 0x1F, 0x12,
    0x9F, 0xA7, 0x1F, 0x0E, 0xA7, 0xA7, 0x1F, 0x08, 0xAF, 0xA7, 0x1F, 0x01,
    0xB7, 0xA7, 0x1F, 0x00, 0xBF, 0xA7, 0x1F, 0x00, 0xC7, 0xA7, 0x1F, 0x00,
    0xCF, 0xA7, 0x1F, 0x00, 0xD7, 0xA7, 0x1F, 0x00, 0xDF, 0xA7, 0x1F, 0x00,
    0xE7, 0xA7, 0x1F, 0x00, 0xEF, 0xA7, 0x1F, 0x00, 0xF7, 0xA7, 0x1F, 0x00,
    0x00, 0xAF, 0x1F, 0x00, 0x07, 0xAF, 0x1F, 0x00, 0x0F, 0xAF, 0x1F, 0x00,
    0x17, 0xAF, 0x1F, 0x00, 0x1F, 0xAF, 0x1F, 0x00, 0x27, 0xAF, 0x1F, 0x00,
    0x2F, 0xAF, 0x1F, 0x00, 0x37, 0xAF, 0x1F, 0x00, 0x3F, 0xAF, 0x1F, 0x00,
    0x47, 0xAF, 0x1F, 0x00, 0x4F, 0xAF, 0x1F, 0x00, 0x57, 0xAF, 0x1F, 0x01,
    0x5F, 0xAF, 0x1F, 0x07, 0x67, 0xAF, 0x1F, 0x0B, 0x6F, 0xAF, 0x1F, 0x0E,
    0x77, 0xAF, 0x1F, 0x10, 0x7F, 0xAF, 0x1F, 0x11, 0x87, 0xAF, 0x1F, 0x10,
    0x8F, 0xAF, 0x1F, 0x0E, 0x97, 0xAF, 0x1F, 0x0B, 0x9F, 0xAF, 0x1F, 0x07,
    0xA7, 0xAF, 0x1F, 0x01, 0xAF, 0xAF, 0x1F, 0x00, 0xB7, 0xAF, 0x1F, 0x00,
    0xBF, 0xAF, 0x1F, 0x00, 0xC7, 0xAF, 0x1F, 0x00, 0xCF, 0xAF, 0x1F, 0x00,
    0xD7, 0xAF, 0x1F, 0x00, 0xDF, 0xAF, 0x1F, 0x00, 0xE7, 0xAF, 0x1F, 0x00,
    0xEF, 0xAF, 0x1F, 0x00, 0xF7, 0xAF, 0x1F, 0x00, 0x00, 0xB7, 0x1F, 0x00,
    0x07, 0xB7, 0x1F, 0x00, 0x0F, 0xB7, 0x1F, 0x00, 0x17, 0xB7, 0x1F, 0x00,
    0x1F, 0xB7, 0x1F, 0x00, 0x27, 0xB7, 0x1F, 0x00, 0x2F, 0xB7, 0x1F, 0x00,
    0x37, 0xB7, 0x1F, 0x00, 0x3F, 0xB7, 0x1F, 0x00, 0x47, 0xB7, 0x1F, 0x00,
    0x4F, 0xB7, 0x1F, 0x00, 0x57, 0xB7, 0x1F, 0x00, 0x5F, 0xB7, 0x1F, 0x00,
    0x67, 0xB7, 0x1F, 0x03, 0x6F, 0xB7, 0x1F, 0x06, 0x77, 0xB7, 0x1F, 0x08,
    0x7F, 0xB7, 0x1F, 0x08, 0x87, 0xB7, 0x1F, 0x08, 0x8F, 0xB7, 0x1F, 0x06,
    0x97, 0xB7, 0x1F, 0x03, 0x9F, 0xB7, 0x1F, 0x00, 0xA7, 0xB7, 0x1F, 0x00,
    0xAF, 0xB7, 0x1F, 0x00, 0xB7, 0xB7, 0x1F, 0x00, 0xBF, 0xB7, 0x1F, 0x00,
    0xC7, 0xB7, 0x1F, 0x00, 0xCF, 0xB7, 0x1F, 0x00, 0xD7, 0xB7, 0x1F, 0x00,
    0xDF, 0xB7, 0x1F, 0x00, 0xE7, 0xB7, 0x1F, 0x00, 0xEF, 0xB7, 0x1F, 0x00,
    0xF7, 0xB7, 0x1F, 0x00, 0x00, 0xBF, 0x1F, 0x00, 0x07, 0xBF, 0x1F, 0x00,
    0x0F, 0xBF, 0x1F, 0x00, 0x17, 0xBF, 0x1F, 0x00, 0x1F, 0xBF, 0x1F, 0x00,
    0x27, 0xBF, 0x1F, 0x00, 0x2F, 0xBF, 0x1F, 0x00, 0x37, 0xBF, 0x1F, 0x00,
    0x3F, 0xBF, 0x1F, 0x00, 0x47, 0xBF, 0x1F, 0x00, 0x4F, 0xBF, 0x1F, 0x00,
    0x57, 0xBF, 0x1F, 0x00, 0x5F, 0xBF, 0x1F, 0x00, 0x67, 0xBF, 0x1F, 0x00,
    0x6F, 0xBF, 0x1F, 0x00, 0x77, 0xBF, 0x1F, 0x00, 0x7F, 0xBF, 0x1F, 0x00,
    0x87, 0xBF, 0x1F, 0x00, 0x8F, 0xBF, 0x1F, 0x00, 0x97, 0xBF, 0x1F, 0x00,
    0x9F, 0xBF, 0x1F, 0x00, 0xA7, 0xBF, 0x1F, 0x00, 0xAF, 0xBF, 0x1F, 0x00,
    0xB7, 0xBF, 0x1F, 0x00, 0xBF, 0xBF, 0x1F, 0x00, 0xC7, 0xBF, 0x1F, 0x00,
    0xCF, 0xBF, 0x1F, 0x00, 0xD7, 0xBF, 0x1F, 0x00, 0xDF, 0xBF, 0x1F, 0x00,
    0xE7, 0xBF, 0x1F, 0x00, 0xEF, 0xBF, 0x1F, 0x00, 0xF7, 0xBF, 0x1F, 0x00,
    0x00, 0xC7, 0x1F, 0x00, 0x07, 0xC7, 0x1F, 0x00, 0x0F, 0xC7, 0x1F, 0x00,
    0x17, 0xC7, 0x1F, 0x00, 0x1F, 0xC7, 0x1F, 0x00, 0x27, 0xC7, 0x1F, 0x00,
    0x2F, 0xC7, 0x1F, 0x00, 0x37, 0xC7, 0x1F, 0x00, 0x3F, 0xC7, 0x1F, 0x00,
    0x47, 0xC7, 0x1F, 0x00, 0x4F, 0xC7, 0x1F, 0x00, 0x57, 0xC7, 0x1F, 0x00,
    0x5F, 0xC7, 0x1F, 0x00, 0x67, 0xC7, 0x1F, 0x00, 0x6F, 0xC7, 0x1F, 0x00,
    0x77, 0xC7, 0x1F, 0x00, 0x7F, 0xC7, 0x1F, 0x00, 0x87, 0xC7, 0x1F, 0x00,
    0x8F, 0xC7, 0x1F, 0x00, 0x97, 0xC7, 0x1F, 0x00, 0x9F, 0xC7, 0x1F, 0x00,
    0xA7, 0xC7, 0x1F, 0x00, 0xAF, 0xC7, 0x1F, 0x00, 0xB7, 0xC7, 0x1F, 0x00,
    0xBF, 0xC7, 0x1F, 0x00, 0xC7, 0xC7, 0x1F, 0x00, 0xCF, 0xC7, 0x1F, 0x00,
    0xD7, 0xC7, 0x1F, 0x00, 0xDF, 0xC7, 0x1F, 0x00, 0xE7, 0xC7, 0x1F, 0x00,
    0xEF, 0xC7, 0x1F, 0x00, 0xF7, 0xC7, 0x1F, 0x00, 0x00, 0xCF, 0x1F, 0x00,
    0x07, 0xCF, 0x1F, 0x00, 0x0F, 0xCF, 0x1F, 0x00, 0x17, 0xCF, 0x1F, 0x00,
    0x1F, 0xCF, 0x1F, 0x00, 0x27, 0xCF, 0x1F, 0x00, 0x2F, 0xCF, 0x1F, 0x00,
    0x37, 0xCF, 0x1F, 0x00, 0x3F, 0xCF, 0x1F, 0x00, 0x47, 0xCF, 0x1F, 0x00,
    0x4F, 0xCF, 0x1F, 0x00, 0x57, 0xCF, 0x1F, 0x00, 0x5F, 0xCF, 0x1F, 0x00,
    0x67, 0xCF, 0x1F, 0x00, 0x6F, 0xCF, 0x1F, 0x00, 0x77, 0xCF, 0x1F, 0x00,
    0x7F, 0xCF, 0x1F, 0x00, 0x87, 0xCF, 0x1F, 0x00, 0x8F, 0xCF, 0x1F, 0x00,
    0x97, 0xCF, 0x1F, 0x00, 0x9F, 0xCF, 0x1F, 0x00, 0xA7, 0xCF, 0x1F, 0x00,
    0xAF, 0xCF, 0x1F, 0x00, 0xB7, 0xCF, 0x1F, 0x00, 0xBF, 0xCF, 0x1F, 0x00,
    0xC7, 0xCF, 0x1F, 0x00, 0xCF, 0xCF, 0x1F, 0x00, 0xD7, 0xCF, 0x1F, 0x00,
    0xDF, 0xCF, 0x1F, 0x00, 0xE7, 0xCF, 0x1F, 0x00, 0xEF, 0xCF, 0x1F, 0x00,
    0xF7, 0xCF, 0x1F, 0x00, 0x00, 0xD7, 0x1F, 0x00, 0x07, 0xD7, 0x1F, 0x00,
    0x0F, 0xD7, 0x1F, 0x00, 0x17, 0xD7, 0x1F, 0x00, 0x1F, 0xD7, 0x1F, 0x00,
    0x27, 0xD7, 0x1F, 0x00, 0x2F, 0xD7, 0x1F, 0x00, 0x37, 0xD7, 0x1F, 0x00,
    0x3F, 0xD7, 0x1F, 0x00, 0x47, 0xD7, 0x1F, 0x00, 0x4F, 0xD7, 0x1F, 0x00,
    0x57, 0xD7, 0x1F, 0x00, 0x5F, 0xD7, 0x1F, 0x00, 0x67, 0xD7, 0x1F, 0x00,
    0x6F, 0xD7, 0x1F, 0x00, 0x77, 0xD7, 0x1F, 0x00, 0x7F, 0xD7, 0x1F, 0x00,
    0x87, 0xD7, 0x1F, 0x00, 0x8F, 0xD7, 0x1F, 0x00, 0x97, 0xD7, 0x1F, 0x00,
    0x9F, 0xD7, 0x1F, 0x00, 0xA7, 0xD7, 0x1F, 0x00, 0xAF, 0xD7, 0x1F, 0x00,
    0xB7, 0xD7, 0x1F, 0x00, 0xBF, 0xD7, 0x1F, 0x00, 0xC7, 0xD7, 0x1F, 0x00,
    0xCF, 0xD7, 0x1F, 0x00, 0xD7, 0xD7, 0x1F, 0x00, 0xDF, 0xD7, 0x1F, 0x00,
    0xE7, 0xD7, 0x1F, 0x00, 0xEF, 0xD7, 0x1F, 0x00, 0xF7, 0xD7, 0x1F, 0x00,
    0x00, 0xDF, 0x1F, 0x00, 0x07, 0xDF, 0x1F, 0x00, 0x0F, 0xDF, 0x1F, 0x00,
    0x17, 0xDF, 0x1F, 0x00, 0x1F, 0xDF, 0x1F, 0x00, 0x27, 0xDF, 0x1F, 0x00,
    0x2F, 0xDF, 0x1F, 0x00, 0x37, 0xDF, 0x1F, 0x00, 0x3F, 0xDF, 0x1F, 0x00,
    0x47, 0xDF, 0x1F, 0x00, 0x4F, 0xDF, 0x1F, 0x00, 0x57, 0xDF, 0x1F, 0x00,
    0x5F, 0xDF, 0x1F, 0x00, 0x67, 0xDF, 0x1F, 0x00, 0x6F, 0xDF, 0x1F, 0x00,
    0x77, 0xDF, 0x1F, 0x00, 0x7F, 0xDF, 0x1F, 0x00, 0x87, 0xDF, 0x1F, 0x00,
    0x8F, 0xDF, 0x1F, 0x00, 0x97, 0xDF, 0x1F, 0x00, 0x9F, 0xDF, 0x1F, 0x00,
    0xA7, 0xDF, 0x1F, 0x00, 0xAF, 0xDF, 0x1F, 0x00, 0xB7, 0xDF, 0x1F, 0x00,
    0xBF, 0xDF, 0x1F, 0x00, 0xC7, 0xDF, 0x1F, 0x00, 0xCF, 0xDF, 0x1F, 0x00,
    0xD7, 0xDF, 0x1F, 0x00, 0xDF, 0xDF, 0x1F, 0x00, 0xE7, 0xDF, 0x1F, 0x00,
    0xEF, 0xDF, 0x1F, 0x00, 0xF7, 0xDF, 0x1F, 0x00, 0x00, 0xE7, 0x1F, 0x00,
    0x07, 0xE7, 0x1F, 0x00, 0x0F, 0xE7, 0x1F, 0x00, 0x17, 0xE7, 0x1F, 0x00,
    0x1F, 0xE7, 0x1F, 0x00, 0x27, 0xE7, 0x1F, 0x00, 0x2F, 0xE7, 0x1F, 0x00,
    0x37, 0xE7, 0x1F, 0x00, 0x3F, 0xE7, 0x1F, 0x00, 0x47, 0xE7, 0x1F, 0x00,
    0x4F, 0xE7, 0x1F, 0x00, 0x57, 0xE7, 0x1F, 0x00, 0x5F, 0xE7, 0x1F, 0x00,
    0x67, 0xE7, 0x1F, 0x00, 0x6F, 0xE7, 0x1F, 0x00, 0x77, 0xE7, 0x1F, 0x00,
    0x7F, 0xE7, 0x1F, 0x00, 0x87, 0xE7, 0x1F, 0x00, 0x8F, 0xE7, 0x1F, 0x00,
    0x97, 0xE7, 0x1F, 0x00, 0x9F, 0xE7, 0x1F, 0x00, 0xA7, 0xE7, 0x1F, 0x00,
    0xAF, 0xE7, 0x1F, 0x00, 0xB7, 0xE7, 0x1F, 0x00, 0xBF, 0xE7, 0x1F, 0x00,
    0xC7, 0xE7, 0x1F, 0x00, 0xCF, 0xE7, 0x1F, 0x00, 0xD7, 0xE7, 0x1F, 0x00,
    0xDF, 0xE7, 0x1F, 0x00, 0xE7, 0xE7, 0x1F, 0x00, 0xEF, 0xE7, 0x1F, 0x00,
    0xF7, 0xE7, 0x1F, 0x00, 0x00, 0xEF, 0x1F, 0x00, 0x07, 0xEF, 0x1F, 0x00,
    0x0F, 0xEF, 0x1F, 0x00, 0x17, 0xEF, 0x1F, 0x00, 0x1F, 0xEF, 0x1F, 0x00,
    0x27, 0xEF, 0x1F, 0x00, 0x2F, 0xEF, 0x1F, 0x00, 0x37, 0xEF, 0x1F, 0x00,
    0x3F, 0xEF, 0x1F, 0x00, 0x47, 0xEF, 0x1F, 0x00, 0x4F, 0xEF, 0x1F, 0x00,
    0x57, 0xEF, 0x1F, 0x00, 0x5F, 0xEF, 0x1F, 0x00, 0x67, 0xEF, 0x1F, 0x00,
    0x6F, 0xEF, 0x1F, 0x00, 0x77, 0xEF, 0x1F, 0x00, 0x7F, 0xEF, 0x1F, 0x00,
    0x87, 0xEF, 0x1F, 0x00, 0x8F, 0xEF, 0x1F, 0x00, 0x97, 0xEF, 0x1F, 0x00,
    0x9F, 0xEF, 0x1F, 0x00, 0xA7, 0xEF, 0x1F, 0x00, 0xAF, 0xEF, 0x1F, 0x00,
    0xB7, 0xEF, 0x1F, 0x00, 0xBF, 0xEF, 0x1F, 0x00, 0xC7, 0xEF, 0x1F, 0x00,
    0xCF, 0xEF, 0x1F, 0x00, 0xD7, 0xEF, 0x1F, 0x00, 0xDF, 0xEF, 0x1F, 0x00,
    0xE7, 0xEF, 0x1F, 0x00, 0xEF, 0xEF, 0x1F, 0x00, 0xF7, 0xEF, 0x1F, 0x00,
    0x00, 0xF7, 0x1F, 0x00, 0x07, 0xF7, 0x1F, 0x00, 0x0F, 0xF7, 0x1F, 0x00,
    0x17, 0xF7, 0x1F, 0x00, 0x1F, 0xF7, 0x1F, 0x00, 0x27, 0xF7, 0x1F, 0x00,
    0x2F, 0xF7, 0x1F, 0x00, 0x37, 0xF7, 0x1F, 0x00, 0x3F, 0xF7, 0x1F, 0x00,
    0x47, 0xF7, 0x1F, 0x00, 0x4F, 0xF7, 0x1F, 0x00, 0x57, 0xF7, 0x1F, 0x00,
    0x5F, 0xF7, 0x1F, 0x00, 0x67, 0xF7, 0x1F, 0x00, 0x6F, 0xF7, 0x1F, 0x00,
    0x77, 0xF7, 0x1F, 0x00, 0x7F, 0xF7, 0x1F, 0x00, 0x87, 0xF7, 0x1F, 0x00,
    0x8F, 0xF7, 0x1F, 0x00, 0x97, 0xF7, 0x1F, 0x00, 0x9F, 0xF7, 0x1F, 0x00,
    0xA7, 0xF7, 0x1F, 0x00, 0xAF, 0xF7, 0x1F, 0x00, 0xB7, 0xF7, 0x1F, 0x00,
    0xBF, 0xF7, 0x1F, 0x00, 0xC7, 0xF7, 0x1F, 0x00, 0xCF, 0xF7, 0x1F, 0x00,
    0xD7, 0xF7, 0x1F, 0x00, 0xDF, 0xF7, 0x1F, 0x00, 0xE7, 0xF7, 0x1F, 0x00,
    0xEF, 0xF7, 0x1F, 0x00, 0xF7, 0xF7, 0x1F, 0x00, 0x00, 0x00, 0x27, 0x00,
    0x07, 0x00, 0x27, 0x00, 0x0F, 0x00, 0x27, 0x00, 0x17, 0x00, 0x27, 0x00,
    0x1F, 0x00, 0x27, 0x00, 0x27, 0x00, 0x27, 0x00, 0x2F, 0x00, 0x27, 0x00,
    0x37, 0x00, 0x27, 0x00, 0x3F, 0x00, 0x27, 0x00, 0x47, 0x00, 0x27, 0x00,
    0x4F, 0x00, 0x27, 0x00, 0x57, 0x00, 0x27, 0x00, 0x5F, 0x00, 0x27, 0x00,
    0x67, 0x00, 0x27, 0x00, 0x6F, 0x00, 0x27, 0x00, 0x77, 0x00, 0x27, 0x00,
    0x7F, 0x00, 0x27, 0x00, 0x87, 0x00, 0x27, 0x00, 0x8F, 0x00, 0x27, 0x00,
    0x97, 0x00, 0x27, 0x00, 0x9F, 0x00, 0x27, 0x00, 0xA7, 0x00, 0x27, 0x00,
    0xAF, 0x00, 0x27, 0x00, 0xB7, 0x00, 0x27, 0x00, 0xBF, 0x00, 0x27, 0x00,
    0xC7, 0x00, 0x27, 0x00, 0xCF, 0x00, 0x27, 0x00, 0xD7, 0x00, 0x27, 0x00,
    0xDF, 0x00, 0x27, 0x00, 0xE7, 0x00, 0x27, 0x00, 0xEF, 0x00, 0x27, 0x00,
    0xF7, 0x00, 0x27, 0x00, 0x00, 0x07, 0x27, 0x00, 0x07, 0x07, 0x27, 0x00,
    0x0F, 0x07, 0x27, 0x00, 0x17, 0x07, 0x27, 0x00, 0x1F, 0x07, 0x27, 0x00,
    0x27, 0x07, 0x27, 0x00, 0x2F, 0x07, 0x27, 0x00, 0x37, 0x07, 0x27, 0x00,
    0x3F, 0x07, 0x27, 0x00, 0x47, 0x07, 0x27, 0x00, 0x4F, 0x07, 0x27, 0x00,
    0x57, 0x07, 0x27, 0x00, 0x5F, 0x07, 0x27, 0x00, 0x67, 0x07, 0x27, 0x00,
    0x6F, 0x07, 0x27, 0x00, 0x77, 0x07, 0x27, 0x00, 0x7F, 0x07, 0x27, 0x00,
    0x87, 0x07, 0x27, 0x00, 0x8F, 0x07, 0x27, 0x00, 0x97, 0x07, 0x27, 0x00,
    0x9F, 0x07, 0x27, 0x00, 0xA7, 0x07, 0x27, 0x00, 0xAF, 0x07, 0x27, 0x00,
    0xB7, 0x07, 0x27, 0x00, 0xBF, 0x07, 0x27, 0x00, 0xC7, 0x07, 0x27, 0x00,
    0xCF, 0x07, 0x27, 0x00, 0xD7, 0x07, 0x27, 0x00, 0xDF, 0x07, 0x27, 0x00,
    0xE7, 0x07, 0x27, 0x00, 0xEF, 0x07, 0x27, 0x00, 0xF7, 0x07, 0x27, 0x00,
    0x00, 0x0F, 0x27, 0x00, 0x07, 0x0F, 0x27, 0x00, 0x0F, 0x0F, 0x27, 0x00,
    0x17, 0x0F, 0x27, 0x00, 0x1F, 0x0F, 0x27, 0x00, 0x27, 0x0F, 0x27, 0x00,
    0x2F, 0x0F, 0x27, 0x00, 0x37, 0x0F, 0x27, 0x00, 0x3F, 0x0F, 0x27, 0x00,
    0x47, 0x0F, 0x27, 0x00, 0x4F, 0x0F, 0x27, 0x00, 0x57, 0x0F, 0x27, 0x00,
    0x5F, 0x0F, 0x27, 0x00, 0x67, 0x0F, 0x27, 0x00, 0x6F, 0x0F, 0x27, 0x00,
    0x77, 0x0F, 0x27, 0x00, 0x7F, 0x0F, 0x27, 0x00, 0x87, 0x0F, 0x27, 0x00,
    0x8F, 0x0F, 0x27, 0x00, 0x97, 0x0F, 0x27, 0x00, 0x9F, 0x0F, 0x27, 0x00,
    0xA7, 0x0F, 0x27, 0x00, 0xAF, 0x0F, 0x27, 0x00, 0xB7, 0x0F, 0x27, 0x00,
    0xBF, 0x0F, 0x27, 0x00, 0xC7, 0x0F, 0x27, 0x00, 0xCF, 0x0F, 0x27, 0x00,
    0xD7, 0x0F, 0x27, 0x00, 0xDF, 0x0F, 0x27, 0x00, 0xE7, 0x0F, 0x27, 0x00,
    0xEF, 0x0F, 0x27, 0x00, 0xF7, 0x0F, 0x27, 0x00, 0x00, 0x17, 0x27, 0x00,
    0x07, 0x17, 0x27, 0x00, 0x0F, 0x17, 0x27, 0x00, 0x17, 0x17, 0x27, 0x00,
    0x1F, 0x17, 0x27, 0x00, 0x27, 0x17, 0x27, 0x00, 0x2F, 0x17, 0x27, 0x00,
    0x37, 0x17, 0x27, 0x00, 0x3F, 0x17, 0x27, 0x00, 0x47, 0x17, 0x27, 0x00,
    0x4F, 0x17, 0x27, 0x00, 0x57, 0x17, 0x27, 0x00, 0x5F, 0x17, 0x27, 0x00,
    0x67, 0x17, 0x27, 0x00, 0x6F, 0x17, 0x27, 0x00, 0x77, 0x17, 0x27, 0x00,
    0x7F, 0x17, 0x27, 0x00, 0x87, 0x17, 0x27, 0x00, 0x8F, 0x17, 0x27, 0x00,
    0x97, 0x17, 0x27, 0x00, 0x9F, 0x17, 0x27, 0x00, 0xA7, 0x17, 0x27, 0x00,
    0xAF, 0x17, 0x27, 0x00, 0xB7, 0x17, 0x27, 0x00, 0xBF, 0x17, 0x27, 0x00,
    0xC7, 0x17, 0x27, 0x00, 0xCF, 0x17, 0x27, 0x00, 0xD7, 0x17, 0x27, 0x00,
    0xDF, 0x17, 0x27, 0x00, 0xE7, 0x17, 0x27, 0x00, 0xEF, 0x17, 0x27, 0x00,
    0xF7, 0x17, 0x27, 0x00, 0x00, 0x1F, 0x27, 0x00, 0x07, 0x1F, 0x27, 0x00,
    0x0F, 0x1F, 0x27, 0x00, 0x17, 0x1F, 0x27, 0x00, 0x1F, 0x1F, 0x27, 0x00,
    0x27, 0x1F, 0x27, 0x00, 0x2F, 0x1F, 0x27, 0x00, 0x37, 0x1F, 0x27, 0x00,
    0x3F, 0x1F, 0x27, 0x00, 0x47, 0x1F, 0x27, 0x00, 0x4F, 0x1F, 0x27, 0x00,
    0x57, 0x1F, 0x27, 0x00, 0x5F, 0x1F, 0x27, 0x00, 0x67, 0x1F, 0x27, 0x00,
    0x6F, 0x1F, 0x27, 0x00, 0x77, 0x1F, 0x27, 0x00, 0x7F, 0x1F, 0x27, 0x00,
    0x87, 0x1F, 0x27, 0x00, 0x8F, 0x1F, 0x27, 0x00, 0x97, 0x1F, 0x27, 0x00,
    0x9F, 0x1F, 0x27, 0x00, 0xA7, 0x1F, 0x27, 0x00, 0xAF, 0x1F, 0x27, 0x00,
    0xB7, 0x1F, 0x27, 0x00, 0xBF, 0x1F, 0x27, 0x00, 0xC7, 0x1F, 0x27, 0x00,
    0xCF, 0x1F, 0x27, 0x00, 0xD7, 0x1F, 0x27, 0x00, 0xDF, 0x1F, 0x27, 0x00,
    0xE7, 0x1F, 0x27, 0x00, 0xEF, 0x1F, 0x27, 0x00, 0xF7, 0x1F, 0x27, 0x00,
    0x00, 0x27, 0x27, 0x00, 0x07, 0x27, 0x27, 0x00, 0x0F, 0x27, 0x27, 0x00,
    0x17, 0x27, 0x27, 0x00, 0x1F, 0x27, 0x27, 0x00, 0x27, 0x27, 0x27, 0x00,
    0x2F, 0x27, 0x27, 0x00, 0x37, 0x27, 0x27, 0x00, 0x3F, 0x27, 0x27, 0x00,
    0x47, 0x27, 0x27, 0x00, 0x4F, 0x27, 0x27, 0x00, 0x57, 0x27, 0x27, 0x00,
    0x5F, 0x27, 0x27, 0x00, 0x67, 0x27, 0x27, 0x00, 0x6F, 0x27, 0x27, 0x00,
    0x77, 0x27, 0x27, 0x00, 0x7F, 0x27, 0x27, 0x00, 0x87, 0x27, 0x27, 0x00,
    0x8F, 0x27, 0x27, 0x00, 0x97, 0x27, 0x27, 0x00, 0x9F, 0x27, 0x27, 0x00,
    0xA7, 0x27, 0x27, 0x00, 0xAF, 0x27, 0x27, 0x00, 0xB7, 0x27, 0x27, 0x00,
    0xBF, 0x27, 0x27, 0x00, 0xC7, 0x27, 0x27, 0x00, 0xCF, 0x27, 0x27, 0x00,
    0xD7, 0x27, 0x27, 0x00, 0xDF, 0x27, 0x27, 0x00, 0xE7, 0x27, 0x27, 0x00,
    0xEF, 0x27, 0x27, 0x00, 0xF7, 0x27, 0x27, 0x00, 0x00, 0x2F, 0x27, 0x00,
    0x07, 0x2F, 0x27, 0x00, 0x0F, 0x2F, 0x27, 0x00, 0x17, 0x2F, 0x27, 0x00,
    0x1F, 0x2F, 0x27, 0x00, 0x27, 0x2F, 0x27, 0x00, 0x2F, 0x2F, 0x27, 0x00,
    0x37, 0x2F, 0x27, 0x00, 0x3F, 0x2F, 0x27, 0x00, 0x47, 0x2F, 0x27, 0x00,
    0x4F, 0x2F, 0x27, 0x00, 0x57, 0x2F, 0x27, 0x00, 0x5F, 0x2F, 0x27, 0x00,
    0x67, 0x2F, 0x27, 0x00, 0x6F, 0x2F, 0x27, 0x00, 0x77, 0x2F, 0x27, 0x00,
    0x7F, 0x2F, 0x27, 0x00, 0x87, 0x2F, 0x27, 0x00, 0x8F, 0x2F, 0x27, 0x00,
    0x97, 0x2F, 0x27, 0x00, 0x9F, 0x2F, 0x27, 0x00, 0xA7, 0x2F, 0x27, 0x00,
    0xAF, 0x2F, 0x27, 0x00, 0xB7, 0x2F, 0x27, 0x00, 0xBF, 0x2F, 0x27, 0x00,
    0xC7, 0x2F, 0x27, 0x00, 0xCF, 0x2F, 0x27, 0x00, 0xD7, 0x2F, 0x27, 0x00,
    0xDF, 0x2F, 0x27, 0x00, 0xE7, 0x2F, 0x27, 0x00, 0xEF, 0x2F, 0x27, 0x00,
    0xF7, 0x2F, 0x27, 0x00, 0x00, 0x37, 0x27, 0x00, 0x07, 0x37, 0x27, 0x00,
    0x0F, 0x37, 0x27, 0x00, 0x17, 0x37, 0x27, 0x00, 0x1F, 0x37, 0x27, 0x00,
    0x27, 0x37, 0x27, 0x00, 0x2F, 0x37, 0x27, 0x00, 0x37, 0x37, 0x27, 0x00,
    0x3F, 0x37, 0x27, 0x00, 0x47, 0x37, 0x27, 0x00, 0x4F, 0x37, 0x27, 0x00,
    0x57, 0x37, 0x27, 0x00, 0x5F, 0x37, 0x27, 0x00, 0x67, 0x37, 0x27, 0x00,
    0x6F, 0x37, 0x27, 0x00, 0x77, 0x37, 0x27, 0x02, 0x7F, 0x37, 0x27, 0x03,
    0x87, 0x37, 0x27, 0x02, 0x8F, 0x37, 0x27, 0x00, 0x97, 0x37, 0x27, 0x00,
    0x9F, 0x37, 0x27, 0x00, 0xA7, 0x37, 0x27, 0x00, 0xAF, 0x37, 0x27, 0x00,
    0xB7, 0x37, 0x27, 0x00, 0xBF, 0x37, 0x27, 0x00, 0xC7, 0x37, 0x27, 0x00,
    0xCF, 0x37, 0x27, 0x00, 0xD7, 0x37, 0x27, 0x00, 0xDF, 0x37, 0x27, 0x00,
    0xE7, 0x37, 0x27, 0x00, 0xEF, 0x37, 0x27, 0x00, 0xF7, 0x37, 0x27, 0x00,
    0x00, 0x3F, 0x27, 0x00, 0x07, 0x3F, 0x27, 0x00, 0x0F, 0x3F, 0x27, 0x00,
    0x17, 0x3F, 0x27, 0x00, 0x1F, 0x3F, 0x27, 0x00, 0x27, 0x3F, 0x27, 0x00,
    0x2F, 0x3F, 0x27, 0x00, 0x37, 0x3F, 0x27, 0x00, 0x3F, 0x3F, 0x27, 0x00,
    0x47, 0x3F, 0x27, 0x00, 0x4F, 0x3F, 0x27, 0x00, 0x57, 0x3F, 0x27, 0x00,
    0x5F, 0x3F, 0x27, 0x03, 0x67, 0x3F, 0x27, 0x08, 0x6F, 0x3F, 0x27, 0x0B,
    0x77, 0x3F, 0x27, 0x0D, 0x7F, 0x3F, 0x27, 0x0E, 0x87, 0x3F, 0x27, 0x0D,
    0x8F, 0x3F, 0x27, 0x0B, 0x97, 0x3F, 0x27, 0x08, 0x9F, 0x3F, 0x27, 0x03,
    0xA7, 0x3F, 0x27, 0x00, 0xAF, 0x3F, 0x27, 0x00, 0xB7, 0x3F, 0x27, 0x00,
    0xBF, 0x3F, 0x27, 0x00, 0xC7, 0x3F, 0x27, 0x00, 0xCF, 0x3F, 0x27, 0x00,
    0xD7, 0x3F, 0x27, 0x00, 0xDF, 0x3F, 0x27, 0x00, 0xE7, 0x3F, 0x27, 0x00,
    0xEF, 0x3F, 0x27, 0x00, 0xF7, 0x3F, 0x27, 0x00, 0x00, 0x47, 0x27, 0x00,
    0x07, 0x47, 0x27, 0x00, 0x0F, 0x47, 0x27, 0x00, 0x17, 0x47, 0x27, 0x00,
    0x1F, 0x47, 0x27, 0x00, 0x27, 0x47, 0x27, 0x00, 0x2F, 0x47, 0x27, 0x00,
    0x37, 0x47, 0x27, 0x00, 0x3F, 0x47, 0x27, 0x00, 0x47, 0x47, 0x27, 0x00,
    0x4F, 0x47, 0x27, 0x00, 0x57, 0x47, 0x27, 0x07, 0x5F, 0x47, 0x27, 0x0D,
    0x67, 0x47, 0x27, 0x12, 0x6F, 0x47, 0x27, 0x15, 0x77, 0x47, 0x27, 0x17,
    0x7F, 0x47, 0x27, 0x18, 0x87, 0x47, 0x27, 0x17, 0x8F, 0x47, 0x27, 0x15,
    0x97, 0x47, 0x27, 0x12, 0x9F, 0x47, 0x27, 0x0D, 0xA7, 0x47, 0x27, 0x07,
    0xAF, 0x47, 0x27, 0x00, 0xB7, 0x47, 0x27, 0x00, 0xBF, 0x47, 0x27, 0x00,
    0xC7, 0x47, 0x27, 0x00, 0xCF, 0x47, 0x27, 0x00, 0xD7, 0x47, 0x27, 0x00,
    0xDF, 0x47, 0x27, 0x00, 0xE7, 0x47, 0x27, 0x00, 0xEF, 0x47, 0x27, 0x00,
    0xF7, 0x47, 0x27, 0x00, 0x00, 0x4F, 0x27, 0x00, 0x07, 0x4F, 0x27, 0x00,
    0x0F, 0x4F, 0x27, 0x00, 0x17, 0x4F, 0x27, 0x00, 0x1F, 0x4F, 0x27, 0x00,
    0x27, 0x4F, 0x27, 0x00, 0x2F, 0x4F, 0x27, 0x00, 0x37, 0x4F, 0x27, 0x00,
    0x3F, 0x4F, 0x27, 0x00, 0x47, 0x4F, 0x27, 0x00, 0x4F, 0x4F, 0x27, 0x08,
    0x57, 0x4F, 0x27, 0x10, 0x5F, 0x4F, 0x27, 0x16, 0x67, 0x4F, 0x27, 0x1A,
    0x6F, 0x4F, 0x27, 0x1E, 0x77, 0x4F, 0x27, 0x20, 0x7F, 0x4F, 0x27, 0x21,
    0x87, 0x4F, 0x27, 0x20, 0x8F, 0x4F, 0x27, 0x1E, 0x97, 0x4F, 0x27, 0x1A,
    0x9F, 0x4F, 0x27, 0x16, 0xA7, 0x4F, 0x27, 0x10, 0xAF, 0x4F, 0x27, 0x08,
    0xB7, 0x4F, 0x27, 0x00, 0xBF, 0x4F, 0x27, 0x00, 0xC7, 0x4F, 0x27, 0x00,
    0xCF, 0x4F, 0x27, 0x00, 0xD7, 0x4F, 0x27, 0x00, 0xDF, 0x4F, 0x27, 0x00,
    0xE7, 0x4F, 0x27, 0x00, 0xEF, 0x4F, 0x27, 0x00, 0xF7, 0x4F, 0x27, 0x00,
    0x00, 0x57, 0x27, 0x00, 0x07, 0x57, 0x27, 0x00, 0x0F, 0x57, 0x27, 0x00,
    0x17, 0x57, 0x27, 0x00, 0x1F, 0x57, 0x27, 0x00, 0x27, 0x57, 0x27, 0x00,
    0x2F, 0x57, 0x27, 0x00, 0x37, 0x57, 0x27, 0x00, 0x3F, 0x57, 0x27, 0x00,
    0x47, 0x57, 0x27, 0x07, 0x4F, 0x57, 0x27, 0x10, 0x57, 0x57, 0x27, 0x17,
    0x5F, 0x57, 0x27, 0x1D, 0x67, 0x57, 0x27, 0x22, 0x6F, 0x57, 0x27, 0x26,
    0x77, 0x57, 0x27, 0x28, 0x7F, 0x57, 0x27, 0x29, 0x87, 0x57, 0x27, 0x28,
    0x8F, 0x57, 0x27, 0x26, 0x97, 0x57, 0x27, 0x22, 0x9F, 0x57, 0x27, 0x1D,
    0xA7, 0x57, 0x27, 0x17, 0xAF, 0x57, 0x27, 0x10, 0xB7, 0x57, 0x27, 0x07,
    0xBF, 0x57, 0x27, 0x00, 0xC7, 0x57, 0x27, 0x00, 0xCF, 0x57, 0x27, 0x00,
    0xD7, 0x57, 0x27, 0x00, 0xDF, 0x57, 0x27, 0x00, 0xE7, 0x57, 0x27, 0x00,
    0xEF, 0x57, 0x27, 0x00, 0xF7, 0x57, 0x27, 0x00, 0x00, 0x5F, 0x27, 0x00,
    0x07, 0x5F, 0x27, 0x00, 0x0F, 0x5F, 0x27, 0x00, 0x17, 0x5F, 0x27, 0x00,
    0x1F, 0x5F, 0x27, 0x00, 0x27, 0x5F, 0x27, 0x00, 0x2F, 0x5F, 0x27, 0x00,
    0x37, 0x5F, 0x27, 0x00, 0x3F, 0x5F, 0x27, 0x03, 0x47, 0x5F, 0x27, 0x0D,
    0x4F, 0x5F, 0x27, 0x16, 0x57, 0x5F, 0x27, 0x1D, 0x5F, 0x5F, 0x27, 0x23,
    0x67, 0x5F, 0x27, 0x29, 0x6F, 0x5F, 0x27, 0x2C, 0x77, 0x5F, 0x27, 0x2E,
    0x7F, 0x5F, 0x27, 0x2F, 0x87, 0x5F, 0x27, 0x2E, 0x8F, 0x5F, 0x27, 0x2C,
    0x97, 0x5F, 0x27, 0x29, 0x9F, 0x5F, 0x27, 0x23, 0xA7, 0x5F, 0x27, 0x1D,
    0xAF, 0x5F, 0x27, 0x16, 0xB7, 0x5F, 0x27, 0x0D, 0xBF, 0x5F, 0x27, 0x03,
    0xC7, 0x5F, 0x27, 0x00, 0xCF, 0x5F, 0x27, 0x00, 0xD7, 0x5F, 0x27, 0x00,
    0xDF, 0x5F, 0x27, 0x00, 0xE7, 0x5F, 0x27, 0x00, 0xEF, 0x5F, 0x27, 0x00,
    0xF7, 0x5F, 0x27, 0x00, 0x00, 0x67, 0x27, 0x00, 0x07, 0x67, 0x27, 0x00,
    0x0F, 0x67, 0x27, 0x00, 0x17, 0x67, 0x27, 0x00, 0x1F, 0x67, 0x27, 0x00,
    0x27, 0x67, 0x27, 0x00, 0x2F, 0x67, 0x27, 0x00, 0x37, 0x67, 0x27, 0x00,
    0x3F, 0x67, 0x27, 0x08, 0x47, 0x67, 0x27, 0x12, 0x4F, 0x67, 0x27, 0x1A,
    0x57, 0x67, 0x27, 0x22, 0x5F, 0x67, 0x27, 0x29, 0x67, 0x67, 0x27, 0x2E,
    0x6F, 0x67, 0x27, 0x32, 0x77, 0x67, 0x27, 0x34, 0x7F, 0x67, 0x27, 0x35,
    0x87, 0x67, 0x27, 0x34, 0x8F, 0x67, 0x27, 0x32, 0x97, 0x67, 0x27, 0x2E,
    0x9F, 0x67, 0x27, 0x29, 0xA7, 0x67, 0x27, 0x22, 0xAF, 0x67, 0x27, 0x1A,
    0xB7, 0x67, 0x27, 0x12, 0xBF, 0x67, 0x27, 0x08, 0xC7, 0x67, 0x27, 0x00,
    0xCF, 0x67, 0x27, 0x00, 0xD7, 0x67, 0x27, 0x00, 0xDF, 0x67, 0x27, 0x00,
    0xE7, 0x67, 0x27, 0x00, 0xEF, 0x67, 0x27, 0x00, 0xF7, 0x67, 0x27, 0x00,
    0x00, 0x6F, 0x27, 0x00, 0x07, 0x6F, 0x27, 0x00, 0x0F, 0x6F, 0x27, 0x00,
    0x17, 0x6F, 0x27, 0x00, 0x1F, 0x6F, 0x27, 0x00, 0x27, 0x6F, 0x27, 0x00,
    0x2F, 0x6F, 0x27, 0x00, 0x37, 0x6F, 0x27, 0x00, 0x3F, 0x6F, 0x27, 0x0B,
    0x47, 0x6F, 0x27, 0x15, 0x4F, 0x6F, 0x27, 0x1E, 0x57, 0x6F, 0x27, 0x26,
    0x5F, 0x6F, 0x27, 0x2C, 0x67, 0x6F, 0x27, 0x32, 0x6F, 0x6F, 0x27, 0x35,
    0x77, 0x6F, 0x27, 0x38, 0x7F, 0x6F, 0x27, 0x39, 0x87, 0x6F, 0x27, 0x38,
    0x8F, 0x6F, 0x27, 0x35, 0x97, 0x6F, 0x27, 0x32, 0x9F, 0x6F, 0x27, 0x2C,
    0xA7, 0x6F, 0x27, 0x26, 0xAF, 0x6F, 0x27, 0x1E, 0xB7, 0x6F, 0x27, 0x15,
    0xBF, 0x6F, 0x27, 0x0B, 0xC7, 0x6F, 0x27, 0x00, 0xCF, 0x6F, 0x27, 0x00,
    0xD7, 0x6F, 0x27, 0x00, 0xDF, 0x6F, 0x27, 0x00, 0xE7, 0x6F, 0x27, 0x00,
    0xEF, 0x6F, 0x27, 0x00, 0xF7, 0x6F, 0x27, 0x00, 0x00, 0x77, 0x27, 0x00,
    0x07, 0x77, 0x27, 0x00, 0x0F, 0x77, 0x27, 0x00, 0x17, 0x77, 0x27, 0x00,
    0x1F, 0x77, 0x27, 0x00, 0x27, 0x77, 0x27, 0x00, 0x2F, 0x77, 0x27, 0x00,
    0x37, 0x77, 0x27, 0x02, 0x3F, 0x77, 0x27, 0x0D, 0x47, 0x77, 0x27, 0x17,
    0x4F, 0x77, 0x27, 0x20, 0x57, 0x77, 0x27, 0x28, 0x5F, 0x77, 0x27, 0x2E,
    0x67, 0x77, 0x27, 0x34, 0x6F, 0x77, 0x27, 0x38, 0x77, 0x77, 0x27, 0x3A,
    0x7F, 0x77, 0x27, 0x3B, 0x87, 0x77, 0x27, 0x3A, 0x8F, 0x77, 0x27, 0x38,
    0x97, 0x77, 0x27, 0x34, 0x9F, 0x77, 0x27, 0x2E, 0xA7, 0x77, 0x27, 0x28,
    0xAF, 0x77, 0x27, 0x20, 0xB7, 0x77, 0x27, 0x17, 0xBF, 0x77, 0x27, 0x0D,
    0xC7, 0x77, 0x27, 0x02, 0xCF, 0x77, 0x27, 0x00, 0xD7, 0x77, 0x27, 0x00,
    0xDF, 0x77, 0x27, 0x00, 0xE7, 0x77, 0x27, 0x00, 0xEF, 0x77, 0x27, 0x00,
    0xF7, 0x77, 0x27, 0x00, 0x00, 0x7F, 0x27, 0x00, 0x07, 0x7F, 0x27, 0x00,
    0x0F, 0x7F, 0x27, 0x00, 0x17, 0x7F, 0x27, 0x00, 0x1F, 0x7F, 0x27, 0x00,
    0x27, 0x7F, 0x27, 0x00, 0x2F, 0x7F, 0x27, 0x00, 0x37, 0x7F, 0x27, 0x03,
    0x3F, 0x7F, 0x27, 0x0E, 0x47, 0x7F, 0x27, 0x18, 0x4F, 0x7F, 0x27, 0x21,
    0x57, 0x7F, 0x27, 0x29, 0x5F, 0x7F, 0x27, 0x2F, 0x67, 0x7F, 0x27, 0x35,
    0x6F, 0x7F, 0x27, 0x39, 0x77, 0x7F, 0x27, 0x3B, 0x7F, 0x7F, 0x27, 0x3C,
    0x87, 0x7F, 0x27, 0x3B, 0x8F, 0x7F, 0x27, 0x39, 0x97, 0x7F, 0x27, 0x35,
    0x9F, 0x7F, 0x27, 0x2F, 0xA7, 0x7F, 0x27, 0x29, 0xAF, 0x7F, 0x27, 0x21,
    0xB7, 0x7F, 0x27, 0x18, 0xBF, 0x7F, 0x27, 0x0E, 0xC7, 0x7F, 0x27, 0x03,
    0xCF, 0x7F, 0x27, 0x00, 0xD7, 0x7F, 0x27, 0x00, 0xDF, 0x7F, 0x27, 0x00,
    0xE7, 0x7F, 0x27, 0x00, 0xEF, 0x7F, 0x27, 0x00, 0xF7, 0x7F, 0x27, 0x00,
    0x00, 0x87, 0x27, 0x00, 0x07, 0x87, 0x27, 0x00, 0x0F, 0x87, 0x27, 0x00,
    0x17, 0x87, 0x27, 0x00, 0x1F, 0x87, 0x27, 0x00, 0x27, 0x87, 0x27, 0x00,
    0x2F, 0x87, 0x27, 0x00, 0x37, 0x87, 0x27, 0x02, 0x3F, 0x87, 0x27, 0x0D,
    0x47, 0x87, 0x27, 0x17, 0x4F, 0x87, 0x27, 0x20, 0x57, 0x87, 0x27, 0x28,
    0x5F, 0x87, 0x27, 0x2E, 0x67, 0x87, 0x27, 0x34, 0x6F, 0x87, 0x27, 0x38,
    0x77, 0x87, 0x27, 0x3A, 0x7F, 0x87, 0x27, 0x3B, 0x87, 0x87, 0x27, 0x3A,
    0x8F, 0x87, 0x27, 0x38, 0x97, 0x87, 0x27, 0x34, 0x9F, 0x87, 0x27, 0x2E,
    0xA7, 0x87, 0x27, 0x28, 0xAF, 0x87, 0x27, 0x20, 0xB7, 0x87, 0x27, 0x17,
    0xBF, 0x87, 0x27, 0x0D, 0xC7, 0x87, 0x27, 0x02, 0xCF, 0x87, 0x27, 0x00,
    0xD7, 0x87, 0x27, 0x00, 0xDF, 0x87, 0x27, 0x00, 0xE7, 0x87, 0x27, 0x00,
    0xEF, 0x87, 0x27, 0x00, 0xF7, 0x87, 0x27, 0x00, 0x00, 0x8F, 0x27, 0x00,
    0x07, 0x8F, 0x27, 0x00, 0x0F, 0x8F, 0x27, 0x00, 0x17, 0x8F, 0x27, 0x00,
    0x1F, 0x8F, 0x27, 0x00, 0x27, 0x8F, 0x27, 0x00, 0x2F, 0x8F, 0x27, 0x00,
    0x37, 0x8F, 0x27, 0x00, 0x3F, 0x8F, 0x27, 0x0B, 0x47, 0x8F, 0x27, 0x15,
    0x4F, 0x8F, 0x27, 0x1E, 0x57, 0x8F, 0x27, 0x26, 0x5F, 0x8F, 0x27, 0x2C,
    0x67, 0x8F, 0x27, 0x32, 0x6F, 0x8F, 0x27, 0x35, 0x77, 0x8F, 0x27, 0x38,
    0x7F, 0x8F, 0x27, 0x39, 0x87, 0x8F, 0x27, 0x38, 0x8F, 0x8F, 0x27, 0x35,
    0x97, 0x8F, 0x27, 0x32, 0x9F, 0x8F, 0x27, 0x2C, 0xA7, 0x8F, 0x27, 0x26,
    0xAF, 0x8F, 0x27, 0x1E, 0xB7, 0x8F, 0x27, 0x15, 0xBF, 0x8F, 0x27, 0x0B,
    0xC7, 0x8F, 0x27, 0x00, 0xCF, 0x8F, 0x27, 0x00, 0xD7, 0x8F, 0x27, 0x00,
    0xDF, 0x8F, 0x27, 0x00, 0xE7, 0x8F, 0x27, 0x00, 0xEF, 0x8F, 0x27, 0x00,
    0xF7, 0x8F, 0x27, 0x00, 0x00, 0x97, 0x27, 0x00, 0x07, 0x97, 0x27, 0x00,
    0x0F, 0x97, 0x27, 0x00, 0x17, 0x97, 0x27, 0x00, 0x1F, 0x97, 0x27, 0x00,
    0x27, 0x97, 0x27, 0x00, 0x2F, 0x97, 0x27, 0x00, 0x37, 0x97, 0x27, 0x00,
    0x3F, 0x97, 0x27, 0x08, 0x47, 0x97, 0x27, 0x12, 0x4F, 0x97, 0x27, 0x1A,
    0x57, 0x97, 0x27, 0x22, 0x5F, 0x97, 0x27, 0x29, 0x67, 0x97, 0x27, 0x2E,
    0x6F, 0x97, 0x27, 0x32, 0x77, 0x97, 0x27, 0x34, 0x7F, 0x97, 0x27, 0x35,
    0x87, 0x97, 0x27, 0x34, 0x8F, 0x97, 0x27, 0x32, 0x97, 0x97, 0x27, 0x2E,
    0x9F, 0x97, 0x27, 0x29, 0xA7, 0x97, 0x27, 0x22, 0xAF, 0x97, 0x27, 0x1A,
    0xB7, 0x97, 0x27, 0x12, 0xBF, 0x97, 0x27, 0x08, 0xC7, 0x97, 0x27, 0x00,
    0xCF, 0x97, 0x27, 0x00, 0xD7, 0x97, 0x27, 0x00, 0xDF, 0x97, 0x27, 0x00,
    0xE7, 0x97, 0x27, 0x00, 0xEF, 0x97, 0x27, 0x00, 0xF7, 0x97, 0x27, 0x00,
    0x00, 0x9F, 0x27, 0x00, 0x07, 0x9F, 0x27, 0x00, 0x0F, 0x9F, 0x27, 0x00,
    0x17, 0x9F, 0x27, 0x00, 0x1F, 0x9F, 0x27, 0x00, 0x27, 0x9F, 0x27, 0x00,
    0x2F, 0x9F, 0x27, 0x00, 0x37, 0x9F, 0x27, 0x00, 0x3F, 0x9F, 0x27, 0x03,
    0x47, 0x9F, 0x27, 0x0D, 0x4F, 0x9F, 0x27, 0x16, 0x57, 0x9F, 0x27, 0x1D,
    0x5F, 0x9F, 0x27, 0x23, 0x67, 0x9F, 0x27, 0x29, 0x6F, 0x9F, 0x27, 0x2C,
    0x77, 0x9F, 0x27, 0x2E, 0x7F, 0x9F, 0x27, 0x2F, 0x87, 0x9F, 0x27, 0x2E,
    0x8F, 0x9F, 0x27, 0x2C, 0x97, 0x9F, 0x27, 0x29, 0x9F, 0x9F, 0x27, 0x23,
    0xA7, 0x9F, 0x27, 0x1D, 0xAF, 0x9F, 0x27, 0x16, 0xB7, 0x9F, 0x27, 0x0D,
    0xBF, 0x9F, 0x27, 0x03, 0xC7, 0x9F, 0x27, 0x00, 0xCF, 0x9F, 0x27, 0x00,
    0xD7, 0x9F, 0x27, 0x00, 0xDF, 0x9F, 0x27, 0x00, 0xE7, 0x9F, 0x27, 0x00,
    0xEF, 0x9F, 0x27, 0x00, 0xF7, 0x9F, 0x27, 0x00, 0x00, 0xA7, 0x27, 0x00,
    0x07, 0xA7, 0x27, 0x00, 0x0F, 0xA7, 0x27, 0x00, 0x17, 0xA7, 0x27, 0x00,
    0x1F, 0xA7, 0x27, 0x00, 0x27, 0xA7, 0x27, 0x00, 0x2F, 0xA7, 0x27, 0x00,
    0x37, 0xA7, 0x27, 0x00, 0x3F, 0xA7, 0x27, 0x00, 0x47, 0xA7, 0x27, 0x07,
    0x4F, 0xA7, 0x27, 0x10, 0x57, 0xA7, 0x27, 0x17, 0x5F, 0xA7, 0x27, 0x1D,
    0x67, 0xA7, 0x27, 0x22, 0x6F, 0xA7, 0x27, 0x26, 0x77, 0xA7, 0x27, 0x28,
    0x7F, 0xA7, 0x27, 0x29, 0x87, 0xA7, 0x27, 0x28, 0x8F, 0xA7, 0x27, 0x26,
    0x97, 0xA7, 0x27, 0x22, 0x9F, 0xA7, 0x27, 0x1D, 0xA7, 0xA7, 0x27, 0x17,
    0xAF, 0xA7, 0x27, 0x10, 0xB7, 0xA7, 0x27, 0x07, 0xBF, 0xA7, 0x27, 0x00,
    0xC7, 0xA7, 0x27, 0x00, 0xCF, 0xA7, 0x27, 0x00, 0xD7, 0xA7, 0x27, 0x00,
    0xDF, 0xA7, 0x27, 0x00, 0xE7, 0xA7, 0x27, 0x00, 0xEF, 0xA7, 0x27, 0x00,
    0xF7, 0xA7, 0x27, 0x00, 0x00, 0xAF, 0x27, 0x00, 0x07, 0xAF, 0x27, 0x00,
    0x0F, 0xAF, 0x27, 0x00, 0x17, 0xAF, 0x27, 0x00, 0x1F, 0xAF, 0x27, 0x00,
    0x27, 0xAF, 0x27, 0x00, 0x2F, 0xAF, 0x27, 0x00, 0x37, 0xAF, 0x27, 0x00,
    0x3F, 0xAF, 0x27, 0x00, 0x47, 0xAF, 0x27, 0x00, 0x4F, 0xAF, 0x27, 0x08,
    0x57, 0xAF, 0x27, 0x10, 0x5F, 0xAF, 0x27, 0x16, 0x67, 0xAF, 0x27, 0x1A,
    0x6F, 0xAF, 0x27, 0x1E, 0x77, 0xAF, 0x27, 0x20, 0x7F, 0xAF, 0x27, 0x21,
    0x87, 0xAF, 0x27, 0x20, 0x8F, 0xAF, 0x27, 0x1E, 0x97, 0xAF, 0x27, 0x1A,
    0x9F, 0xAF, 0x27, 0x16, 0xA7, 0xAF, 0x27, 0x10, 0xAF, 0xAF, 0x27, 0x08,
    0xB7, 0xAF, 0x27, 0x00, 0xBF, 0xAF, 0x27, 0x00, 0xC7, 0xAF, 0x27, 0x00,
    0xCF, 0xAF, 0x27, 0x00, 0xD7, 0xAF, 0x27, 0x00, 0xDF, 0xAF, 0x27, 0x00,
    0xE7, 0xAF, 0x27, 0x00, 0xEF, 0xAF, 0x27, 0x00, 0xF7, 0xAF, 0x27, 0x00,
    0x00, 0xB7, 0x27, 0x00, 0x07, 0xB7, 0x27, 0x00, 0x0F, 0xB7, 0x27, 0x00,
    0x17, 0xB7, 0x27, 0x00, 0x1F, 0xB7, 0x27, 0x00, 0x27, 0xB7, 0x27, 0x00,
    0x2F, 0xB7, 0x27, 0x00, 0x37, 0xB7, 0x27, 0x00, 0x3F, 0xB7, 0x27, 0x00,
    0x47, 0xB7, 0x27, 0x00, 0x4F, 0xB7, 0x27, 0x00, 0x57, 0xB7, 0x27, 0x07,
    0x5F, 0xB7, 0x27, 0x0D, 0x67, 0xB7, 0x27, 0x12, 0x6F, 0xB7, 0x27, 0x15,
    0x77, 0xB7, 0x27, 0x17, 0x7F, 0xB7, 0x27, 0x18, 0x87, 0xB7, 0x27, 0x17,
    0x8F, 0xB7, 0x27, 0x15, 0x97, 0xB7, 0x27, 0x12, 0x9F, 0xB7, 0x27, 0x0D,
    0xA7, 0xB7, 0x27, 0x07, 0xAF, 0xB7, 0x27, 0x00, 0xB7, 0xB7, 0x27, 0x00,
    0xBF, 0xB7, 0x27, 0x00, 0xC7, 0xB7, 0x27, 0x00, 0xCF, 0xB7, 0x27, 0x00,
    0xD7, 0xB7, 0x27, 0x00, 0xDF, 0xB7, 0x27, 0x00, 0xE7, 0xB7, 0x27, 0x00,
    0xEF, 0xB7, 0x27, 0x00, 0xF7, 0xB7, 0x27, 0x00, 0x00, 0xBF, 0x27, 0x00,
    0x07, 0xBF, 0x27, 0x00, 0x0F, 0xBF, 0x27, 0x00, 0x17, 0xBF, 0x27, 0x00,
    0x1F, 0xBF, 0x27, 0x00, 0x27, 0xBF, 0x27, 0x00, 0x2F, 0xBF, 0x27, 0x00,
    0x37, 0xBF, 0x27, 0x00, 0x3F, 0xBF, 0x27, 0x00, 0x47, 0xBF, 0x27, 0x00,
    0x4F, 0xBF, 0x27, 0x00, 0x57, 0xBF, 0x27, 0x00, 0x5F, 0xBF, 0x27, 0x03,
    0x67, 0xBF, 0x27, 0x08, 0x6F, 0xBF, 0x27, 0x0B, 0x77, 0xBF, 0x27, 0x0D,
    0x7F, 0xBF, 0x27, 0x0E, 0x87, 0xBF, 0x27, 0x0D, 0x8F, 0xBF, 0x27, 0x0B,
    0x97, 0xBF, 0x27, 0x08, 0x9F, 0xBF, 0x27, 0x03, 0xA7, 0xBF, 0x27, 0x00,
    0xAF, 0xBF, 0x27, 0x00, 0xB7, 0xBF, 0x27, 0x00, 0xBF, 0xBF, 0x27, 0x00,
    0xC7, 0xBF, 0x27, 0x00, 0xCF, 0xBF, 0x27, 0x00, 0xD7, 0xBF, 0x27, 0x00,
    0xDF, 0xBF, 0x27, 0x00, 0xE7, 0xBF, 0x27, 0x00, 0xEF, 0xBF, 0x27, 0x00,
    0xF7, 0xBF, 0x27, 0x00, 0x00, 0xC7, 0x27, 0x00, 0x07, 0xC7, 0x27, 0x00,
    0x0F, 0xC7, 0x27, 0x00, 0x17, 0xC7, 0x27, 0x00, 0x1F, 0xC7, 0x27, 0x00,
    0x27, 0xC7, 0x27, 0x00, 0x2F, 0xC7, 0x27, 0x00, 0x37, 0xC7, 0x27, 0x00,
    0x3F, 0xC7, 0x27, 0x00, 0x47, 0xC7, 0x27, 0x00, 0x4F, 0xC7, 0x27, 0x00,
    0x57, 0xC7, 0x27, 0x00, 0x5F, 0xC7, 0x27, 0x00, 0x67, 0xC7, 0x27, 0x00,
    0x6F, 0xC7, 0x27, 0x00, 0x77, 0xC7, 0x27, 0x02, 0x7F, 0xC7, 0x27, 0x03,
    0x87, 0xC7, 0x27, 0x02, 0x8F, 0xC7, 0x27, 0x00, 0x97, 0xC7, 0x27, 0x00,
    0x9F, 0xC7, 0x27, 0x00, 0xA7, 0xC7, 0x27, 0x00, 0xAF, 0xC7, 0x27, 0x00,
    0xB7, 0xC7, 0x27, 0x00, 0xBF, 0xC7, 0x27, 0x00, 0xC7, 0xC7, 0x27, 0x00,
    0xCF, 0xC7, 0x27, 0x00, 0xD7, 0xC7, 0x27, 0x00, 0xDF, 0xC7, 0x27, 0x00,
    0xE7, 0xC7, 0x27, 0x00, 0xEF, 0xC7, 0x27, 0x00, 0xF7, 0xC7, 0x27, 0x00,
    0x00, 0xCF, 0x27, 0x00, 0x07, 0xCF, 0x27, 0x00, 0x0F, 0xCF, 0x27, 0x00,
    0x17, 0xCF, 0x27, 0x00, 0x1F, 0xCF, 0x27, 0x00, 0x27, 0xCF, 0x27, 0x00,
    0x2F, 0xCF, 0x27, 0x00, 0x37, 0xCF, 0x27, 0x00, 0x3F, 0xCF, 0x27, 0x00,
    0x47, 0xCF, 0x27, 0x00, 0x4F, 0xCF, 0x27, 0x00, 0x57, 0xCF, 0x27, 0x00,
    0x5F, 0xCF, 0x27, 0x00, 0x67, 0xCF, 0x27, 0x00, 0x6F, 0xCF, 0x27, 0x00,
    0x77, 0xCF, 0x27, 0x00, 0x7F, 0xCF, 0x27, 0x00, 0x87, 0xCF, 0x27, 0x00,
    0x8F, 0xCF, 0x27, 0x00, 0x97, 0xCF, 0x27, 0x00, 0x9F, 0xCF, 0x27, 0x00,
    0xA7, 0xCF, 0x27, 0x00, 0xAF, 0xCF, 0x27, 0x00, 0xB7, 0xCF, 0x27, 0x00,
    0xBF, 0xCF, 0x27, 0x00, 0xC7, 0xCF, 0x27, 0x00, 0xCF, 0xCF, 0x27, 0x00,
    0xD7, 0xCF, 0x27, 0x00, 0xDF, 0xCF, 0x27, 0x00, 0xE7, 0xCF, 0x27, 0x00,
    0xEF, 0xCF, 0x27, 0x00, 0xF7, 0xCF, 0x27, 0x00, 0x00, 0xD7, 0x27, 0x00,
    0x07, 0xD7, 0x27, 0x00, 0x0F, 0xD7, 0x27, 0x00, 0x17, 0xD7, 0x27, 0x00,
    0x1F, 0xD7, 0x27, 0x00, 0x27, 0xD7, 0x27, 0x00, 0x2F, 0xD7, 0x27, 0x00,
    0x37, 0xD7, 0x27, 0x00, 0x3F, 0xD7, 0x27, 0x00, 0x47, 0xD7, 0x27, 0x00,
    0x4F, 0xD7, 0x27, 0x00, 0x57, 0xD7, 0x27, 0x00, 0x5F, 0xD7, 0x27, 0x00,
    0x67, 0xD7, 0x27, 0x00, 0x6F, 0xD7, 0x27, 0x00, 0x77, 0xD7, 0x27, 0x00,
    0x7F, 0xD7, 0x27, 0x00, 0x87, 0xD7, 0x27, 0x00, 0x8F, 0xD7, 0x27, 0x00,
    0x97, 0xD7, 0x27, 0x00, 0x9F, 0xD7, 0x27, 0x00, 0xA7, 0xD7, 0x27, 0x00,
    0xAF, 0xD7, 0x27, 0x00, 0xB7, 0xD7, 0x27, 0x00, 0xBF, 0xD7, 0x27, 0x00,
    0xC7, 0xD7, 0x27, 0x00, 0xCF, 0xD7, 0x27, 0x00, 0xD7, 0xD7, 0x27, 0x00,
    0xDF, 0xD7, 0x27, 0x00, 0xE7, 0xD7, 0x27, 0x00, 0xEF, 0xD7, 0x27, 0x00,
    0xF7, 0xD7, 0x27, 0x00, 0x00, 0xDF, 0x27, 0x00, 0x07, 0xDF, 0x27, 0x00,
    0x0F, 0xDF, 0x27, 0x00, 0x17, 0xDF, 0x27, 0x00, 0x1F, 0xDF, 0x27, 0x00,
    0x27, 0xDF, 0x27, 0x00, 0x2F, 0xDF, 0x27, 0x00, 0x37, 0xDF, 0x27, 0x00,
    0x3F, 0xDF, 0x27, 0x00, 0x47, 0xDF, 0x27, 0x00, 0x4F, 0xDF, 0x27, 0x00,
    0x57, 0xDF, 0x27, 0x00, 0x5F, 0xDF, 0x27, 0x00, 0x67, 0xDF, 0x27, 0x00,
    0x6F, 0xDF, 0x27, 0x00, 0x77, 0xDF, 0x27, 0x00, 0x7F, 0xDF, 0x27, 0x00,
    0x87, 0xDF, 0x27, 0x00, 0x8F, 0xDF, 0x27, 0x00, 0x97, 0xDF, 0x27, 0x00,
    0x9F, 0xDF, 0x27, 0x00, 0xA7, 0xDF, 0x27, 0x00, 0xAF, 0xDF, 0x27, 0x00,
    0xB7, 0xDF, 0x27, 0x00, 0xBF, 0xDF, 0x27, 0x00, 0xC7, 0xDF, 0x27, 0x00,
    0xCF, 0xDF, 0x27, 0x00, 0xD7, 0xDF, 0x27, 0x00, 0xDF, 0xDF, 0x27, 0x00,
    0xE7, 0xDF, 0x27, 0x00, 0xEF, 0xDF, 0x27, 0x00, 0xF7, 0xDF, 0x27, 0x00,
    0x00, 0xE7, 0x27, 0x00, 0x07, 0xE7, 0x27, 0x00, 0x0F, 0xE7, 0x27, 0x00,
    0x17, 0xE7, 0x27, 0x00, 0x1F, 0xE7, 0x27, 0x00, 0x27, 0xE7, 0x27, 0x00,
    0x2F, 0xE7, 0x27, 0x00, 0x37, 0xE7, 0x27, 0x00, 0x3F, 0xE7, 0x27, 0x00,
    0x47, 0xE7, 0x27, 0x00, 0x4F, 0xE7, 0x27, 0x00, 0x57, 0xE7, 0x27, 0x00,
    0x5F, 0xE7, 0x27, 0x00, 0x67, 0xE7, 0x27, 0x00, 0x6F, 0xE7, 0x27, 0x00,
    0x77, 0xE7, 0x27, 0x00, 0x7F, 0xE7, 0x27, 0x00, 0x87, 0xE7, 0x27, 0x00,
    0x8F, 0xE7, 0x27, 0x00, 0x97, 0xE7, 0x27, 0x00, 0x9F, 0xE7, 0x27, 0x00,
    0xA7, 0xE7, 0x27, 0x00, 0xAF, 0xE7, 0x27, 0x00, 0xB7, 0xE7, 0x27, 0x00,
    0xBF, 0xE7, 0x27, 0x00, 0xC7, 0xE7, 0x27, 0x00, 0xCF, 0xE7, 0x27, 0x00,
    0xD7, 0xE7, 0x27, 0x00, 0xDF, 0xE7, 0x27, 0x00, 0xE7, 0xE7, 0x27, 0x00,
    0xEF, 0xE7, 0x27, 0x00, 0xF7, 0xE7, 0x27, 0x00, 0x00, 0xEF, 0x27, 0x00,
    0x07, 0xEF, 0x27, 0x00, 0x0F, 0xEF, 0x27, 0x00, 0x17, 0xEF, 0x27, 0x00,
    0x1F, 0xEF, 0x27, 0x00, 0x27, 0xEF, 0x27, 0x00, 0x2F, 0xEF, 0x27, 0x00,
    0x37, 0xEF, 0x27, 0x00, 0x3F, 0xEF, 0x27, 0x00, 0x47, 0xEF, 0x27, 0x00,
    0x4F, 0xEF, 0x27, 0x00, 0x57, 0xEF, 0x27, 0x00, 0x5F, 0xEF, 0x27, 0x00,
    0x67, 0xEF, 0x27, 0x00, 0x6F, 0xEF, 0x27, 0x00, 0x77, 0xEF, 0x27, 0x00,
    0x7F, 0xEF, 0x27, 0x00, 0x87, 0xEF, 0x27, 0x00, 0x8F, 0xEF, 0x27, 0x00,
    0x97, 0xEF, 0x27, 0x00, 0x9F, 0xEF, 0x27, 0x00, 0xA7, 0xEF, 0x27, 0x00,
    0xAF, 0xEF, 0x27, 0x00, 0xB7, 0xEF, 0x27, 0x00, 0xBF, 0xEF, 0x27, 0x00,
    0xC7, 0xEF, 0x27, 0x00, 0xCF, 0xEF, 0x27, 0x00, 0xD7, 0xEF, 0x27, 0x00,
    0xDF, 0xEF, 0x27, 0x00, 0xE7, 0xEF, 0x27, 0x00, 0xEF, 0xEF, 0x27, 0x00,
    0xF7, 0xEF, 0x27, 0x00, 0x00, 0xF7, 0x27, 0x00, 0x07, 0xF7, 0x27, 0x00,
    0x0F, 0xF7, 0x27, 0x00, 0x17, 0xF7, 0x27, 0x00, 0x1F, 0xF7, 0x27, 0x00,
    0x27, 0xF7, 0x27, 0x00, 0x2F, 0xF7, 0x27, 0x00, 0x37, 0xF7, 0x27, 0x00,
    0x3F, 0xF7, 0x27, 0x00, 0x47, 0xF7, 0x27, 0x00, 0x4F, 0xF7, 0x27, 0x00,
    0x57, 0xF7, 0x27, 0x00, 0x5F, 0xF7, 0x27, 0x00, 0x67, 0xF7, 0x27, 0x00,
    0x6F, 0xF7, 0x27, 0x00, 0x77, 0xF7, 0x27, 0x00, 0x7F, 0xF7, 0x27, 0x00,
    0x87, 0xF7, 0x27, 0x00, 0x8F, 0xF7, 0x27, 0x00, 0x97, 0xF7, 0x27, 0x00,
    0x9F, 0xF7, 0x27, 0x00, 0xA7, 0xF7, 0x27, 0x00, 0xAF, 0xF7, 0x27, 0x00,
    0xB7, 0xF7, 0x27, 0x00, 0xBF, 0xF7, 0x27, 0x00, 0xC7, 0xF7, 0x27, 0x00,
    0xCF, 0xF7, 0x27, 0x00, 0xD7, 0xF7, 0x27, 0x00, 0xDF, 0xF7, 0x27, 0x00,
    0xE7, 0xF7, 0x27, 0x00, 0xEF, 0xF7, 0x27, 0x00, 0xF7, 0xF7, 0x27, 0x00,
    0x00, 0x00, 0x2F, 0x00, 0x07, 0x00, 0x2F, 0x00, 0x0F, 0x00, 0x2F, 0x00,
    0x17, 0x00, 0x2F, 0x00, 0x1F, 0x00, 0x2F, 0x00, 0x27, 0x00, 0x2F, 0x00,
    0x2F, 0x00, 0x2F, 0x00, 0x37, 0x00, 0x2F, 0x00, 0x3F, 0x00, 0x2F, 0x00,
    0x47, 0x00, 0x2F, 0x00, 0x4F, 0x00, 0x2F, 0x00, 0x57, 0x00, 0x2F, 0x00,
    0x5F, 0x00, 0x2F, 0x00, 0x67, 0x00, 0x2F, 0x00, 0x6F, 0x00, 0x2F, 0x00,
    0x77, 0x00, 0x2F, 0x00, 0x7F, 0x00, 0x2F, 0x00, 0x87, 0x00, 0x2F, 0x00,
    0x8F, 0x00, 0x2F, 0x00, 0x97, 0x00, 0x2F, 0x00, 0x9F, 0x00, 0x2F, 0x00,
    0xA7, 0x00, 0x2F, 0x00, 0xAF, 0x00, 0x2F, 0x00, 0xB7, 0x00, 0x2F, 0x00,
    0xBF, 0x00, 0x2F, 0x00, 0xC7, 0x00, 0x2F, 0x00, 0xCF, 0x00, 0x2F, 0x00,
    0xD7, 0x00, 0x2F, 0x00, 0xDF, 0x00, 0x2F, 0x00, 0xE7, 0x00, 0x2F, 0x00,
    0xEF, 0x00, 0x2F, 0x00, 0xF7, 0x00, 0x2F, 0x00, 0x00, 0x07, 0x2F, 0x00,
    0x07, 0x07, 0x2F, 0x00, 0x0F, 0x07, 0x2F, 0x00, 0x17, 0x07, 0x2F, 0x00,
    0x1F, 0x07, 0x2F, 0x00, 0x27, 0x07, 0x2F, 0x00, 0x2F, 0x07, 0x2F, 0x00,
    0x37, 0x07, 0x2F, 0x00, 0x3F, 0x07, 0x2F, 0x00, 0x47, 0x07, 0x2F, 0x00,
    0x4F, 0x07, 0x2F, 0x00, 0x57, 0x07, 0x2F, 0x00, 0x5F, 0x07, 0x2F, 0x00,
    0x67, 0x07, 0x2F, 0x00, 0x6F, 0x07, 0x2F, 0x00, 0x77, 0x07, 0x2F, 0x00,
    0x7F, 0x07, 0x2F, 0x00, 0x87, 0x07, 0x2F, 0x00, 0x8F, 0x07, 0x2F, 0x00,
    0x97, 0x07, 0x2F, 0x00, 0x9F, 0x07, 0x2F, 0x00, 0xA7, 0x07, 0x2F, 0x00,
    0xAF, 0x07, 0x2F, 0x00, 0xB7, 0x07, 0x2F, 0x00, 0xBF, 0x07, 0x2F, 0x00,
    0xC7, 0x07, 0x2F, 0x00, 0xCF, 0x07, 0x2F, 0x00, 0xD7, 0x07, 0x2F, 0x00,
    0xDF, 0x07, 0x2F, 0x00, 0xE7, 0x07, 0x2F, 0x00, 0xEF, 0x07, 0x2F, 0x00,
    0xF7, 0x07, 0x2F, 0x00, 0x00, 0x0F, 0x2F, 0x00, 0x07, 0x0F, 0x2F, 0x00,
    0x0F, 0x0F, 0x2F, 0x00, 0x17, 0x0F, 0x2F, 0x00, 0x1F, 0x0F, 0x2F, 0x00,
    0x27, 0x0F, 0x2F, 0x00, 0x2F, 0x0F, 0x2F, 0x00, 0x37, 0x0F, 0x2F, 0x00,
    0x3F, 0x0F, 0x2F, 0x00, 0x47, 0x0F, 0x2F, 0x00, 0x4F, 0x0F, 0x2F, 0x00,
    0x57, 0x0F, 0x2F, 0x00, 0x5F, 0x0F, 0x2F, 0x00, 0x67, 0x0F, 0x2F, 0x00,
    0x6F, 0x0F, 0x2F, 0x00, 0x77, 0x0F, 0x2F, 0x00, 0x7F, 0x0F, 0x2F, 0x00,
    0x87, 0x0F, 0x2F, 0x00, 0x8F, 0x0F, 0x2F, 0x00, 0x97, 0x0F, 0x2F, 0x00,
    0x9F, 0x0F, 0x2F, 0x00, 0xA7, 0x0F, 0x2F, 0x00, 0xAF, 0x0F, 0x2F, 0x00,
    0xB7, 0x0F, 0x2F, 0x00, 0xBF, 0x0F, 0x2F, 0x00, 0xC7, 0x0F, 0x2F, 0x00,
    0xCF, 0x0F, 0x2F, 0x00, 0xD7, 0x0F, 0x2F, 0x00, 0xDF, 0x0F, 0x2F, 0x00,
    0xE7, 0x0F, 0x2F, 0x00, 0xEF, 0x0F, 0x2F, 0x00, 0xF7, 0x0F, 0x2F, 0x00,
    0x00, 0x17, 0x2F, 0x00, 0x07, 0x17, 0x2F, 0x00, 0x0F, 0x17, 0x2F, 0x00,
    0x17, 0x17, 0x2F, 0x00, 0x1F, 0x17, 0x2F, 0x00, 0x27, 0x17, 0x2F, 0x00,
    0x2F, 0x17, 0x2F, 0x00, 0x37, 0x17, 0x2F, 0x00, 0x3F, 0x17, 0x2F, 0x00,
    0x47, 0x17, 0x2F, 0x00, 0x4F, 0x17, 0x2F, 0x00, 0x57, 0x17, 0x2F, 0x00,
    0x5F, 0x17, 0x2F, 0x00, 0x67, 0x17, 0x2F, 0x00, 0x6F, 0x17, 0x2F, 0x00,
    0x77, 0x17, 0x2F, 0x00, 0x7F, 0x17, 0x2F, 0x00, 0x87, 0x17, 0x2F, 0x00,
    0x8F, 0x17, 0x2F, 0x00, 0x97, 0x17, 0x2F, 0x00, 0x9F, 0x17, 0x2F, 0x00,
    0xA7, 0x17, 0x2F, 0x00, 0xAF, 0x17, 0x2F, 0x00, 0xB7, 0x17, 0x2F, 0x00,
    0xBF, 0x17, 0x2F, 0x00, 0xC7, 0x17, 0x2F, 0x00, 0xCF, 0x17, 0x2F, 0x00,
    0xD7, 0x17, 0x2F, 0x00, 0xDF, 0x17, 0x2F, 0x00, 0xE7, 0x17, 0x2F, 0x00,
    0xEF, 0x17, 0x2F, 0x00, 0xF7, 0x17, 0x2F, 0x00, 0x00, 0x1F, 0x2F, 0x00,
    0x07, 0x1F, 0x2F, 0x00, 0x0F, 0x1F, 0x2F, 0x00, 0x17, 0x1F, 0x2F, 0x00,
    0x1F, 0x1F, 0x2F, 0x00, 0x27, 0x1F, 0x2F, 0x00, 0x2F, 0x1F, 0x2F, 0x00,
    0x37, 0x1F, 0x2F, 0x00, 0x3F, 0x1F, 0x2F, 0x00, 0x47, 0x1F, 0x2F, 0x00,
    0x4F, 0x1F, 0x2F, 0x00, 0x57, 0x1F, 0x2F, 0x00, 0x5F, 0x1F, 0x2F, 0x00,
    0x67, 0x1F, 0x2F, 0x00, 0x6F, 0x1F, 0x2F, 0x00, 0x77, 0x1F, 0x2F, 0x00,
    0x7F, 0x1F, 0x2F, 0x00, 0x87, 0x1F, 0x2F, 0x00, 0x8F, 0x1F, 0x2F, 0x00,
    0x97, 0x1F, 0x2F, 0x00, 0x9F, 0x1F, 0x2F, 0x00, 0xA7, 0x1F, 0x2F, 0x00,
    0xAF, 0x1F, 0x2F, 0x00, 0xB7, 0x1F, 0x2F, 0x00, 0xBF, 0x1F, 0x2F, 0x00,
    0xC7, 0x1F, 0x2F, 0x00, 0xCF, 0x1F, 0x2F, 0x00, 0xD7, 0x1F, 0x2F, 0x00,
    0xDF, 0x1F, 0x2F, 0x00, 0xE7, 0x1F, 0x2F, 0x00, 0xEF, 0x1F, 0x2F, 0x00,
    0xF7, 0x1F, 0x2F, 0x00, 0x00, 0x27, 0x2F, 0x00, 0x07, 0x27, 0x2F, 0x00,
    0x0F, 0x27, 0x2F, 0x00, 0x17, 0x27, 0x2F, 0x00, 0x1F, 0x27, 0x2F, 0x00,
    0x27, 0x27, 0x2F, 0x00, 0x2F, 0x27, 0x2F, 0x00, 0x37, 0x27, 0x2F, 0x00,
    0x3F, 0x27, 0x2F, 0x00, 0x47, 0x27, 0x2F, 0x00, 0x4F, 0x27, 0x2F, 0x00,
    0x57, 0x27, 0x2F, 0x00, 0x5F, 0x27, 0x2F, 0x00, 0x67, 0x27, 0x2F, 0x00,
    0x6F, 0x27, 0x2F, 0x00, 0x77, 0x27, 0x2F, 0x00, 0x7F, 0x27, 0x2F, 0x00,
    0x87, 0x27, 0x2F, 0x00, 0x8F, 0x27, 0x2F, 0x00, 0x97, 0x27, 0x2F, 0x00,
    0x9F, 0x27, 0x2F, 0x00, 0xA7, 0x27, 0x2F, 0x00, 0xAF, 0x27, 0x2F, 0x00,
    0xB7, 0x27, 0x2F, 0x00, 0xBF, 0x27, 0x2F, 0x00, 0xC7, 0x27, 0x2F, 0x00,
    0xCF, 0x27, 0x2F, 0x00, 0xD7, 0x27, 0x2F, 0x00, 0xDF, 0x27, 0x2F, 0x00,
    0xE7, 0x27, 0x2F, 0x00, 0xEF, 0x27, 0x2F, 0x00, 0xF7, 0x27, 0x2F, 0x00,
    0x00, 0x2F, 0x2F, 0x00, 0x07, 0x2F, 0x2F, 0x00, 0x0F, 0x2F, 0x2F, 0x00,
    0x17, 0x2F, 0x2F, 0x00, 0x1F, 0x2F, 0x2F, 0x00, 0x27, 0x2F, 0x2F, 0x00,
    0x2F, 0x2F, 0x2F, 0x00, 0x37, 0x2F, 0x2F, 0x00, 0x3F, 0x2F, 0x2F, 0x00,
    0x47, 0x2F, 0x2F, 0x00, 0x4F, 0x2F, 0x2F, 0x00, 0x57, 0x2F, 0x2F, 0x00,
    0x5F, 0x2F, 0x2F, 0x00, 0x67, 0x2F, 0x2F, 0x00, 0x6F, 0x2F, 0x2F, 0x02,
    0x77, 0x2F, 0x2F, 0x03, 0x7F, 0x2F, 0x2F, 0x04, 0x87, 0x2F, 0x2F, 0x03,
    0x8F, 0x2F, 0x2F, 0x02, 0x97, 0x2F, 0x2F, 0x00, 0x9F, 0x2F, 0x2F, 0x00,
    0xA7, 0x2F, 0x2F, 0x00, 0xAF, 0x2F, 0x2F, 0x00, 0xB7, 0x2F, 0x2F, 0x00,
    0xBF, 0x2F, 0x2F, 0x00, 0xC7, 0x2F, 0x2F, 0x00, 0xCF, 0x2F, 0x2F, 0x00,
    0xD7, 0x2F, 0x2F, 0x00, 0xDF, 0x2F, 0x2F, 0x00, 0xE7, 0x2F, 0x2F, 0x00,
    0xEF, 0x2F, 0x2F, 0x00, 0xF7, 0x2F, 0x2F, 0x00, 0x00, 0x37, 0x2F, 0x00,
    0x07, 0x37, 0x2F, 0x00, 0x0F, 0x37, 0x2F, 0x00, 0x17, 0x37, 0x2F, 0x00,
    0x1F, 0x37, 0x2F, 0x00, 0x27, 0x37, 0x2F, 0x00, 0x2F, 0x37, 0x2F, 0x00,
    0x37, 0x37, 0x2F, 0x00, 0x3F, 0x37, 0x2F, 0x00, 0x47, 0x37, 0x2F, 0x00,
    0x4F, 0x37, 0x2F, 0x00, 0x57, 0x37, 0x2F, 0x00, 0x5F, 0x37, 0x2F, 0x06,
    0x67, 0x37, 0x2F, 0x0A, 0x6F, 0x37, 0x2F, 0x0E, 0x77, 0x37, 0x2F, 0x10,
    0x7F, 0x37, 0x2F, 0x10, 0x87, 0x37, 0x2F, 0x10, 0x8F, 0x37, 0x2F, 0x0E,
    0x97, 0x37, 0x2F, 0x0A, 0x9F, 0x37, 0x2F, 0x06, 0xA7, 0x37, 0x2F, 0x00,
    0xAF, 0x37, 0x2F, 0x00, 0xB7, 0x37, 0x2F, 0x00, 0xBF, 0x37, 0x2F, 0x00,
    0xC7, 0x37, 0x2F, 0x00, 0xCF, 0x37, 0x2F, 0x00, 0xD7, 0x37, 0x2F, 0x00,
    0xDF, 0x37, 0x2F, 0x00, 0xE7, 0x37, 0x2F, 0x00, 0xEF, 0x37, 0x2F, 0x00,
    0xF7, 0x37, 0x2F, 0x00, 0x00, 0x3F, 0x2F, 0x00, 0x07, 0x3F, 0x2F, 0x00,
    0x0F, 0x3F, 0x2F, 0x00, 0x17, 0x3F, 0x2F, 0x00, 0x1F, 0x3F, 0x2F, 0x00,
    0x27, 0x3F, 0x2F, 0x00, 0x2F, 0x3F, 0x2F, 0x00, 0x37, 0x3F, 0x2F, 0x00,
    0x3F, 0x3F, 0x2F, 0x00, 0x47, 0x3F, 0x2F, 0x00, 0x4F, 0x3F, 0x2F, 0x04,
    0x57, 0x3F, 0x2F, 0x0B, 0x5F, 0x3F, 0x2F, 0x11, 0x67, 0x3F, 0x2F, 0x16,
    0x6F, 0x3F, 0x2F, 0x19, 0x77, 0x3F, 0x2F, 0x1B, 0x7F, 0x3F, 0x2F, 0x1C,
    0x87, 0x3F, 0x2F, 0x1B, 0x8F, 0x3F, 0x2F, 0x19, 0x97, 0x3F, 0x2F, 0x16,
    0x9F, 0x3F, 0x2F, 0x11, 0xA7, 0x3F, 0x2F, 0x0B, 0xAF, 0x3F, 0x2F, 0x04,
    0xB7, 0x3F, 0x2F, 0x00, 0xBF, 0x3F, 0x2F, 0x00, 0xC7, 0x3F, 0x2F, 0x00,
    0xCF, 0x3F, 0x2F, 0x00, 0xD7, 0x3F, 0x2F, 0x00, 0xDF, 0x3F, 0x2F, 0x00,
    0xE7, 0x3F, 0x2F, 0x00, 0xEF, 0x3F, 0x2F, 0x00, 0xF7, 0x3F, 0x2F, 0x00,
    0x00, 0x47, 0x2F, 0x00, 0x07, 0x47, 0x2F, 0x00, 0x0F, 0x47, 0x2F, 0x00,
    0x17, 0x47, 0x2F, 0x00, 0x1F, 0x47, 0x2F, 0x00, 0x27, 0x47, 0x2F, 0x00,
    0x2F, 0x47, 0x2F, 0x00, 0x37, 0x47, 0x2F, 0x00, 0x3F, 0x47, 0x2F, 0x00,
    0x47, 0x47, 0x2F, 0x05, 0x4F, 0x47, 0x2F, 0x0E, 0x57, 0x47, 0x2F, 0x15,
    0x5F, 0x47, 0x2F, 0x1B, 0x67, 0x47, 0x2F, 0x20, 0x6F, 0x47, 0x2F, 0x23,
    0x77, 0x47, 0x2F, 0x26, 0x7F, 0x47, 0x2F, 0x26, 0x87, 0x47, 0x2F, 0x26,
    0x8F, 0x47, 0x2F, 0x23, 0x97, 0x47, 0x2F, 0x20, 0x9F, 0x47, 0x2F, 0x1B,
    0xA7, 0x47, 0x2F, 0x15, 0xAF, 0x47, 0x2F, 0x0E, 0xB7, 0x47, 0x2F, 0x05,
    0xBF, 0x47, 0x2F, 0x00, 0xC7, 0x47, 0x2F, 0x00, 0xCF, 0x47, 0x2F, 0x00,
    0xD7, 0x47, 0x2F, 0x00, 0xDF, 0x47, 0x2F, 0x00, 0xE7, 0x47, 0x2F, 0x00,
    0xEF, 0x47, 0x2F, 0x00, 0xF7, 0x47, 0x2F, 0x00, 0x00, 0x4F, 0x2F, 0x00,
    0x07, 0x4F, 0x2F, 0x00, 0x0F, 0x4F, 0x2F, 0x00, 0x17, 0x4F, 0x2F, 0x00,
    0x1F, 0x4F, 0x2F, 0x00, 0x27, 0x4F, 0x2F, 0x00, 0x2F, 0x4F, 0x2F, 0x00,
    0x37, 0x4F, 0x2F, 0x00, 0x3F, 0x4F, 0x2F, 0x04, 0x47, 0x4F, 0x2F, 0x0E,
    0x4F, 0x4F, 0x2F, 0x16, 0x57, 0x4F, 0x2F, 0x1E, 0x5F, 0x4F, 0x2F, 0x24,
    0x67, 0x4F, 0x2F, 0x29, 0x6F, 0x4F, 0x2F, 0x2D, 0x77, 0x4F, 0x2F, 0x2F,
    0x7F, 0x4F, 0x2F, 0x30, 0x87, 0x4F, 0x2F, 0x2F, 0x8F, 0x4F, 0x2F, 0x2D,
    0x97, 0x4F, 0x2F, 0x29, 0x9F, 0x4F, 0x2F, 0x24, 0xA7, 0x4F, 0x2F, 0x1E,
    0xAF, 0x4F, 0x2F, 0x16, 0xB7, 0x4F, 0x2F, 0x0E, 0xBF, 0x4F, 0x2F, 0x04,
    0xC7, 0x4F, 0x2F, 0x00, 0xCF, 0x4F, 0x2F, 0x00, 0xD7, 0x4F, 0x2F, 0x00,
    0xDF, 0x4F, 0x2F, 0x00, 0xE7, 0x4F, 0x2F, 0x00, 0xEF, 0x4F, 0x2F, 0x00,
    0xF7, 0x4F, 0x2F, 0x00, 0x00, 0x57, 0x2F, 0x00, 0x07, 0x57, 0x2F, 0x00,
    0x0F, 0x57, 0x2F, 0x00, 0x17, 0x57, 0x2F, 0x00, 0x1F, 0x57, 0x2F, 0x00,
    0x27, 0x57, 0x2F, 0x00, 0x2F, 0x57, 0x2F, 0x00, 0x37, 0x57, 0x2F, 0x00,
    0x3F, 0x57, 0x2F, 0x0B, 0x47, 0x57, 0x2F, 0x15, 0x4F, 0x57, 0x2F, 0x1E,
    0x57, 0x57, 0x2F, 0x26, 0x5F, 0x57, 0x2F, 0x2C, 0x67, 0x57, 0x2F, 0x32,
    0x6F, 0x57, 0x2F, 0x35, 0x77, 0x57, 0x2F, 0x38, 0x7F, 0x57, 0x2F, 0x39,
    0x87, 0x57, 0x2F, 0x38, 0x8F, 0x57, 0x2F, 0x35, 0x97, 0x57, 0x2F, 0x32,
    0x9F, 0x57, 0x2F, 0x2C, 0xA7, 0x57, 0x2F, 0x26, 0xAF, 0x57, 0x2F, 0x1E,
    0xB7, 0x57, 0x2F, 0x15, 0xBF, 0x57, 0x2F, 0x0B, 0xC7, 0x57, 0x2F, 0x00,
    0xCF, 0x57, 0x2F, 0x00, 0xD7, 0x57, 0x2F, 0x00, 0xDF, 0x57, 0x2F, 0x00,
    0xE7, 0x57, 0x2F, 0x00, 0xEF, 0x57, 0x2F, 0x00, 0xF7, 0x57, 0x2F, 0x00,
    0x00, 0x5F, 0x2F, 0x00, 0x07, 0x5F, 0x2F, 0x00, 0x0F, 0x5F, 0x2F, 0x00,
    0x17, 0x5F, 0x2F, 0x00, 0x1F, 0x5F, 0x2F, 0x00, 0x27, 0x5F, 0x2F, 0x00,
    0x2F, 0x5F, 0x2F, 0x00, 0x37, 0x5F, 0x2F, 0x06, 0x3F, 0x5F, 0x2F, 0x11,
    0x47, 0x5F, 0x2F, 0x1B, 0x4F, 0x5F, 0x2F, 0x24, 0x57, 0x5F, 0x2F, 0x2C,
    0x5F, 0x5F, 0x2F, 0x33, 0x67, 0x5F, 0x2F, 0x39, 0x6F, 0x5F, 0x2F, 0x3D,
    0x77, 0x5F, 0x2F, 0x3F, 0x7F, 0x5F, 0x2F, 0x40, 0x87, 0x5F, 0x2F, 0x3F,
    0x8F, 0x5F, 0x2F, 0x3D, 0x97, 0x5F, 0x2F, 0x39, 0x9F, 0x5F, 0x2F, 0x33,
    0xA7, 0x5F, 0x2F, 0x2C, 0xAF, 0x5F, 0x2F, 0x24, 0xB7, 0x5F, 0x2F, 0x1B,
    0xBF, 0x5F, 0x2F, 0x11, 0xC7, 0x5F, 0x2F, 0x06, 0xCF, 0x5F, 0x2F, 0x00,
    0xD7, 0x5F, 0x2F, 0x00, 0xDF, 0x5F, 0x2F, 0x00, 0xE7, 0x5F, 0x2F, 0x00,
    0xEF, 0x5F, 0x2F, 0x00, 0xF7, 0x5F, 0x2F, 0x00, 0x00, 0x67, 0x2F, 0x00,
    0x07, 0x67, 0x2F, 0x00, 0x0F, 0x67, 0x2F, 0x00, 0x17, 0x67, 0x2F, 0x00,
    0x1F, 0x67, 0x2F, 0x00, 0x27, 0x67, 0x2F, 0x00, 0x2F, 0x67, 0x2F, 0x00,
    0x37, 0x67, 0x2F, 0x0A, 0x3F, 0x67, 0x2F, 0x16, 0x47, 0x67, 0x2F, 0x20,
    0x4F, 0x67, 0x2F, 0x29, 0x57, 0x67, 0x2F, 0x32, 0x5F, 0x67, 0x2F, 0x39,
    0x67, 0x67, 0x2F, 0x3E, 0x6F, 0x67, 0x2F, 0x42, 0x77, 0x67, 0x2F, 0x45,
    0x7F, 0x67, 0x2F, 0x46, 0x87, 0x67, 0x2F, 0x45, 0x8F, 0x67, 0x2F, 0x42,
    0x97, 0x67, 0x2F, 0x3E, 0x9F, 0x67, 0x2F, 0x39, 0xA7, 0x67, 0x2F, 0x32,
    0xAF, 0x67, 0x2F, 0x29, 0xB7, 0x67, 0x2F, 0x20, 0xBF, 0x67, 0x2F, 0x16,
    0xC7, 0x67, 0x2F, 0x0A, 0xCF, 0x67, 0x2F, 0x00, 0xD7, 0x67, 0x2F, 0x00,
    0xDF, 0x67, 0x2F, 0x00, 0xE7, 0x67, 0x2F, 0x00, 0xEF, 0x67, 0x2F, 0x00,
    0xF7, 0x67, 0x2F, 0x00, 0x00, 0x6F, 0x2F, 0x00, 0x07, 0x6F, 0x2F, 0x00,
    0x0F, 0x6F, 0x2F, 0x00, 0x17, 0x6F, 0x2F, 0x00, 0x1F, 0x6F, 0x2F, 0x00,
    0x27, 0x6F, 0x2F, 0x00, 0x2F, 0x6F, 0x2F, 0x02, 0x37, 0x6F, 0x2F, 0x0E,
    0x3F, 0x6F, 0x2F, 0x19, 0x47, 0x6F, 0x2F, 0x23, 0x4F, 0x6F, 0x2F, 0x2D,
    0x57, 0x6F, 0x2F, 0x35, 0x5F, 0x6F, 0x2F, 0x3D, 0x67, 0x6F, 0x2F, 0x42,
    0x6F, 0x6F, 0x2F, 0x46, 0x77, 0x6F, 0x2F, 0x49, 0x7F, 0x6F, 0x2F, 0x4A,
    0x87, 0x6F, 0x2F, 0x49, 0x8F, 0x6F, 0x2F, 0x46, 0x97, 0x6F, 0x2F, 0x42,
    0x9F, 0x6F, 0x2F, 0x3D, 0xA7, 0x6F, 0x2F, 0x35, 0xAF, 0x6F, 0x2F, 0x2D,
    0xB7, 0x6F, 0x2F, 0x23, 0xBF, 0x6F, 0x2F, 0x19, 0xC7, 0x6F, 0x2F, 0x0E,
    0xCF, 0x6F, 0x2F, 0x02, 0xD7, 0x6F, 0x2F, 0x00, 0xDF, 0x6F, 0x2F, 0x00,
    0xE7, 0x6F, 0x2F, 0x00, 0xEF, 0x6F, 0x2F, 0x00, 0xF7, 0x6F, 0x2F, 0x00,
    0x00, 0x77, 0x2F, 0x00, 0x07, 0x77, 0x2F, 0x00, 0x0F, 0x77, 0x2F, 0x00,
    0x17, 0x77, 0x2F, 0x00, 0x1F, 0x77, 0x2F, 0x00, 0x27, 0x77, 0x2F, 0x00,
    0x2F, 0x77, 0x2F, 0x03, 0x37, 0x77, 0x2F, 0x10, 0x3F, 0x77, 0x2F, 0x1B,
    0x47, 0x77, 0x2F, 0x26, 0x4F, 0x77, 0x2F, 0x2F, 0x57, 0x77, 0x2F, 0x38,
    0x5F, 0x77, 0x2F, 0x3F, 0x67, 0x77, 0x2F, 0x45, 0x6F, 0x77, 0x2F, 0x49,
    0x77, 0x77, 0x2F, 0x4C, 0x7F, 0x77, 0x2F, 0x4D, 0x87, 0x77, 0x2F, 0x4C,
    0x8F, 0x77, 0x2F, 0x49, 0x97, 0x77, 0x2F, 0x45, 0x9F, 0x77, 0x2F, 0x3F,
    0xA7, 0x77, 0x2F, 0x38, 0xAF, 0x77, 0x2F, 0x2F, 0xB7, 0x77, 0x2F, 0x26,
    0xBF, 0x77, 0x2F, 0x1B, 0xC7, 0x77, 0x2F, 0x10, 0xCF, 0x77, 0x2F, 0x03,
    0xD7, 0x77, 0x2F, 0x00, 0xDF, 0x77, 0x2F, 0x00, 0xE7, 0x77, 0x2F, 0x00,
    0xEF, 0x77, 0x2F, 0x00, 0xF7, 0x77, 0x2F, 0x00, 0x00, 0x7F, 0x2F, 0x00,
    0x07, 0x7F, 0x2F, 0x00, 0x0F, 0x7F, 0x2F, 0x00, 0x17, 0x7F, 0x2F, 0x00,
    0x1F, 0x7F, 0x2F, 0x00, 0x27, 0x7F, 0x2F, 0x00, 0x2F, 0x7F, 0x2F, 0x04,
    0x37, 0x7F, 0x2F, 0x10, 0x3F, 0x7F, 0x2F, 0x1C, 0x47, 0x7F, 0x2F, 0x26,
    0x4F, 0x7F, 0x2F, 0x30, 0x57, 0x7F, 0x2F, 0x39, 0x5F, 0x7F, 0x2F, 0x40,
    0x67, 0x7F, 0x2F, 0x46, 0x6F, 0x7F, 0x2F, 0x4A, 0x77, 0x7F, 0x2F, 0x4D,
    0x7F, 0x7F, 0x2F, 0x4D, 0x87, 0x7F, 0x2F, 0x4D, 0x8F, 0x7F, 0x2F, 0x4A,
    0x97, 0x7F, 0x2F, 0x46, 0x9F, 0x7F, 0x2F, 0x40, 0xA7, 0x7F, 0x2F, 0x39,
    0xAF, 0x7F, 0x2F, 0x30, 0xB7, 0x7F, 0x2F, 0x26, 0xBF, 0x7F, 0x2F, 0x1C,
    0xC7, 0x7F, 0x2F, 0x10, 0xCF, 0x7F, 0x2F, 0x04, 0xD7, 0x7F, 0x2F, 0x00,
    0xDF, 0x7F, 0x2F, 0x00, 0xE7, 0x7F, 0x2F, 0x00, 0xEF, 0x7F, 0x2F, 0x00,
    0xF7, 0x7F, 0x2F, 0x00, 0x00, 0x87, 0x2F, 0x00, 0x07, 0x87, 0x2F, 0x00,
    0x0F, 0x87, 0x2F, 0x00, 0x17, 0x87, 0x2F, 0x00, 0x1F, 0x87, 0x2F, 0x00,
    0x27, 0x87, 0x2F, 0x00, 0x2F, 0x87, 0x2F, 0x03, 0x37, 0x87, 0x2F, 0x10,
    0x3F, 0x87, 0x2F, 0x1B, 0x47, 0x87, 0x2F, 0x26, 0x4F, 0x87, 0x2F, 0x2F,
    0x57, 0x87, 0x2F, 0x38, 0x5F, 0x87, 0x2F, 0x3F, 0x67, 0x87, 0x2F, 0x45,
    0x6F, 0x87, 0x2F, 0x49, 0x77, 0x87, 0x2F, 0x4C, 0x7F, 0x87, 0x2F, 0x4D,
    0x87, 0x87, 0x2F, 0x4C, 0x8F, 0x87, 0x2F, 0x49, 0x97, 0x87, 0x2F, 0x45,
    0x9F, 0x87, 0x2F, 0x3F, 0xA7, 0x87, 0x2F, 0x38, 0xAF, 0x87, 0x2F, 0x2F,
    0xB7, 0x87, 0x2F, 0x26, 0xBF, 0x87, 0x2F, 0x1B, 0xC7, 0x87, 0x2F, 0x10,
    0xCF, 0x87, 0x2F, 0x03, 0xD7, 0x87, 0x2F, 0x00, 0xDF, 0x87, 0x2F, 0x00,
    0xE7, 0x87, 0x2F, 0x00, 0xEF, 0x87, 0x2F, 0x00, 0xF7, 0x87, 0x2F, 0x00,
    0x00, 0x8F, 0x2F, 0x00, 0x07, 0x8F, 0x2F, 0x00, 0x0F, 0x8F, 0x2F, 0x00,
    0x17, 0x8F, 0x2F, 0x00, 0x1F, 0x8F, 0x2F, 0x00, 0x27, 0x8F, 0x2F, 0x00,
    0x2F, 0x8F, 0x2F, 0x02, 0x37, 0x8F, 0x2F, 0x0E, 0x3F, 0x8F, 0x2F, 0x19,
    0x47, 0x8F, 0x2F, 0x23, 0x4F, 0x8F, 0x2F, 0x2D, 0x57, 0x8F, 0x2F, 0x35,
    0x5F, 0x8F, 0x2F, 0x3D, 0x67, 0x8F, 0x2F, 0x42, 0x6F, 0x8F, 0x2F, 0x46,
    0x77, 0x8F, 0x2F, 0x49, 0x7F, 0x8F, 0x2F, 0x4A, 0x87, 0x8F, 0x2F, 0x49,
    0x8F, 0x8F, 0x2F, 0x46, 0x97, 0x8F, 0x2F, 0x42, 0x9F, 0x8F, 0x2F, 0x3D,
    0xA7, 0x8F, 0x2F, 0x35, 0xAF, 0x8F, 0x2F, 0x2D, 0xB7, 0x8F, 0x2F, 0x23,
    0xBF, 0x8F, 0x2F, 0x19, 0xC7, 0x8F, 0x2F, 0x0E, 0xCF, 0x8F, 0x2F, 0x02,
    0xD7, 0x8F, 0x2F, 0x00, 0xDF, 0x8F, 0x2F, 0x00, 0xE7, 0x8F, 0x2F, 0x00,
    0xEF, 0x8F, 0x2F, 0x00, 0xF7, 0x8F, 0x2F, 0x00, 0x00, 0x97, 0x2F, 0x00,
    0x07, 0x97, 0x2F, 0x00, 0x0F, 0x97, 0x2F, 0x00, 0x17, 0x97, 0x2F, 0x00,
    0x1F, 0x97, 0x2F, 0x00, 0x27, 0x97, 0x2F, 0x00, 0x2F, 0x97, 0x2F, 0x00,
    0x37, 0x97, 0x2F, 0x0A, 0x3F, 0x97, 0x2F, 0x16, 0x47, 0x97, 0x2F, 0x20,
    0x4F, 0x97, 0x2F, 0x29, 0x57, 0x97, 0x2F, 0x32, 0x5F, 0x97, 0x2F, 0x39,
    0x67, 0x97, 0x2F, 0x3E, 0x6F, 0x97, 0x2F, 0x42, 0x77, 0x97, 0x2F, 0x45,
    0x7F, 0x97, 0x2F, 0x46, 0x87, 0x97, 0x2F, 0x45, 0x8F, 0x97, 0x2F, 0x42,
    0x97, 0x97, 0x2F, 0x3E, 0x9F, 0x97, 0x2F, 0x39, 0xA7, 0x97, 0x2F, 0x32,
    0xAF, 0x97, 0x2F, 0x29, 0xB7, 0x97, 0x2F, 0x20, 0xBF, 0x97, 0x2F, 0x16,
    0xC7, 0x97, 0x2F, 0x0A, 0xCF, 0x97, 0x2F, 0x00, 0xD7, 0x97, 0x2F, 0x00,
    0xDF, 0x97, 0x2F, 0x00, 0xE7, 0x97, 0x2F, 0x00, 0xEF, 0x97, 0x2F, 0x00,
    0xF7, 0x97, 0x2F, 0x00, 0x00, 0x9F, 0x2F, 0x00, 0x07, 0x9F, 0x2F, 0x00,
    0x0F, 0x9F, 0x2F, 0x00, 0x17, 0x9F, 0x2F, 0x00, 0x1F, 0x9F, 0x2F, 0x00,
    0x27, 0x9F, 0x2F, 0x00, 0x2F, 0x9F, 0x2F, 0x00, 0x37, 0x9F, 0x2F, 0x06,
    0x3F, 0x9F, 0x2F, 0x11, 0x47, 0x9F, 0x2F, 0x1B, 0x4F, 0x9F, 0x2F, 0x24,
    0x57, 0x9F, 0x2F, 0x2C, 0x5F, 0x9F, 0x2F, 0x33, 0x67, 0x9F, 0x2F, 0x39,
    0x6F, 0x9F, 0x2F, 0x3D, 0x77, 0x9F, 0x2F, 0x3F, 0x7F, 0x9F, 0x2F, 0x40,
    0x87, 0x9F, 0x2F, 0x3F, 0x8F, 0x9F, 0x2F, 0x3D, 0x97, 0x9F, 0x2F, 0x39,
    0x9F, 0x9F, 0x2F, 0x33, 0xA7, 0x9F, 0x2F, 0x2C, 0xAF, 0x9F, 0x2F, 0x24,
    0xB7, 0x9F, 0x2F, 0x1B, 0xBF, 0x9F, 0x2F, 0x11, 0xC7, 0x9F, 0x2F, 0x06,
    0xCF, 0x9F, 0x2F, 0x00, 0xD7, 0x9F, 0x2F, 0x00, 0xDF, 0x9F, 0x2F, 0x00,
    0xE7, 0x9F, 0x2F, 0x00, 0xEF, 0x9F, 0x2F, 0x00, 0xF7, 0x9F, 0x2F, 0x00,
    0x00, 0xA7, 0x2F, 0x00, 0x07, 0xA7, 0x2F, 0x00, 0x0F, 0xA7, 0x2F, 0x00,
    0x17, 0xA7, 0x2F, 0x00, 0x1F, 0xA7, 0x2F, 0x00, 0x27, 0xA7, 0x2F, 0x00,
    0x2F, 0xA7, 0x2F, 0x00, 0x37, 0xA7, 0x2F, 0x00, 0x3F, 0xA7, 0x2F, 0x0B,
    0x47, 0xA7, 0x2F, 0x15, 0x4F, 0xA7, 0x2F, 0x1E, 0x57, 0xA7, 0x2F, 0x26,
    0x5F, 0xA7, 0x2F, 0x2C, 0x67, 0xA7, 0x2F, 0x32, 0x6F, 0xA7, 0x2F, 0x35,
    0x77, 0xA7, 0x2F, 0x38, 0x7F, 0xA7, 0x2F, 0x39, 0x87, 0xA7, 0x2F, 0x38,
    0x8F, 0xA7, 0x2F, 0x35, 0x97, 0xA7, 0x2F, 0x32, 0x9F, 0xA7, 0x2F, 0x2C,
    0xA7, 0xA7, 0x2F, 0x26, 0xAF, 0xA7, 0x2F, 0x1E, 0xB7, 0xA7, 0x2F, 0x15,
    0xBF, 0xA7, 0x2F, 0x0B, 0xC7, 0xA7, 0x2F, 0x00, 0xCF, 0xA7, 0x2F, 0x00,
    0xD7, 0xA7, 0x2F, 0x00, 0xDF, 0xA7, 0x2F, 0x00, 0xE7, 0xA7, 0x2F, 0x00,
    0xEF, 0xA7, 0x2F, 0x00, 0xF7, 0xA7, 0x2F, 0x00, 0x00, 0xAF, 0x2F, 0x00,
    0x07, 0xAF, 0x2F, 0x00, 0x0F, 0xAF, 0x2F, 0x00, 0x17, 0xAF, 0x2F, 0x00,
    0x1F, 0xAF, 0x2F, 0x00, 0x27, 0xAF, 0x2F, 0x00, 0x2F, 0xAF, 0x2F, 0x00,
    0x37, 0xAF, 0x2F, 0x00, 0x3F, 0xAF, 0x2F, 0x04, 0x47, 0xAF, 0x2F, 0x0E,
    0x4F, 0xAF, 0x2F, 0x16, 0x57, 0xAF, 0x2F, 0x1E, 0x5F, 0xAF, 0x2F, 0x24,
    0x67, 0xAF, 0x2F, 0x29, 0x6F, 0xAF, 0x2F, 0x2D, 0x77, 0xAF, 0x2F, 0x2F,
    0x7F, 0xAF, 0x2F, 0x30, 0x87, 0xAF, 0x2F, 0x2F, 0x8F, 0xAF, 0x2F, 0x2D,
    0x97, 0xAF, 0x2F, 0x29, 0x9F, 0xAF, 0x2F, 0x24, 0xA7, 0xAF, 0x2F, 0x1E,
    0xAF, 0xAF, 0x2F, 0x16, 0xB7, 0xAF, 0x2F, 0x0E, 0xBF, 0xAF, 0x2F, 0x04,
    0xC7, 0xAF, 0x2F, 0x00, 0xCF, 0xAF, 0x2F, 0x00, 0xD7, 0xAF, 0x2F, 0x00,
    0xDF, 0xAF, 0x2F, 0x00, 0xE7, 0xAF, 0x2F, 0x00, 0xEF, 0xAF, 0x2F, 0x00,
    0xF7, 0xAF, 0x2F, 0x00, 0x00, 0xB7, 0x2F, 0x00, 0x07, 0xB7, 0x2F, 0x00,
    0x0F, 0xB7, 0x2F, 0x00, 0x17, 0xB7, 0x2F, 0x00, 0x1F, 0xB7, 0x2F, 0x00,
    0x27, 0xB7, 0x2F, 0x00, 0x2F, 0xB7, 0x2F, 0x00, 0x37, 0xB7, 0x2F, 0x00,
    0x3F, 0xB7, 0x2F, 0x00, 0x47, 0xB7, 0x2F, 0x05, 0x4F, 0xB7, 0x2F, 0x0E,
    0x57, 0xB7, 0x2F, 0x15, 0x5F, 0xB7, 0x2F, 0x1B, 0x67, 0xB7, 0x2F, 0x20,
    0x6F, 0xB7, 0x2F, 0x23, 0x77, 0xB7, 0x2F, 0x26, 0x7F, 0xB7, 0x2F, 0x26,
    0x87, 0xB7, 0x2F, 0x26, 0x8F, 0xB7, 0x2F, 0x23, 0x97, 0xB7, 0x2F, 0x20,
    0x9F, 0xB7, 0x2F, 0x1B, 0xA7, 0xB7, 0x2F, 0x15, 0xAF, 0xB7, 0x2F, 0x0E,
    0xB7, 0xB7, 0x2F, 0x05, 0xBF, 0xB7, 0x2F, 0x00, 0xC7, 0xB7, 0x2F, 0x00,
    0xCF, 0xB7, 0x2F, 0x00, 0xD7, 0xB7, 0x2F, 0x00, 0xDF, 0xB7, 0x2F, 0x00,
    0xE7, 0xB7, 0x2F, 0x00, 0xEF, 0xB7, 0x2F, 0x00, 0xF7, 0xB7, 0x2F, 0x00,
    0x00, 0xBF, 0x2F, 0x00, 0x07, 0xBF, 0x2F, 0x00, 0x0F, 0xBF, 0x2F, 0x00,
    0x17, 0xBF, 0x2F, 0x00, 0x1F, 0xBF, 0x2F, 0x00, 0x27, 0xBF, 0x2F, 0x00,
    0x2F, 0xBF, 0x2F, 0x00, 0x37, 0xBF, 0x2F, 0x00, 0x3F, 0xBF, 0x2F, 0x00,
    0x47, 0xBF, 0x2F, 0x00, 0x4F, 0xBF, 0x2F, 0x04, 0x57, 0xBF, 0x2F, 0x0B,
    0x5F, 0xBF, 0x2F, 0x11, 0x67, 0xBF, 0x2F, 0x16, 0x6F, 0xBF, 0x2F, 0x19,
    0x77, 0xBF, 0x2F, 0x1B, 0x7F, 0xBF, 0x2F, 0x1C, 0x87, 0xBF, 0x2F, 0x1B,
    0x8F, 0xBF, 0x2F, 0x19, 0x97, 0xBF, 0x2F, 0x16, 0x9F, 0xBF, 0x2F, 0x11,
    0xA7, 0xBF, 0x2F, 0x0B, 0xAF, 0xBF, 0x2F, 0x04, 0xB7, 0xBF, 0x2F, 0x00,
    0xBF, 0xBF, 0x2F, 0x00, 0xC7, 0xBF, 0x2F, 0x00, 0xCF, 0xBF, 0x2F, 0x00,
    0xD7, 0xBF, 0x2F, 0x00, 0xDF, 0xBF, 0x2F, 0x00, 0xE7, 0xBF, 0x2F, 0x00,
    0xEF, 0xBF, 0x2F, 0x00, 0xF7, 0xBF, 0x2F, 0x00, 0x00, 0xC7, 0x2F, 0x00,
    0x07, 0xC7, 0x2F, 0x00, 0x0F, 0xC7, 0x2F, 0x00, 0x17, 0xC7, 0x2F, 0x00,
    0x1F, 0xC7, 0x2F, 0x00, 0x27, 0xC7, 0x2F, 0x00, 0x2F, 0xC7, 0x2F, 0x00,
    0x37, 0xC7, 0x2F, 0x00, 0x3F, 0xC7, 0x2F, 0x00, 0x47, 0xC7, 0x2F, 0x00,
    0x4F, 0xC7, 0x2F, 0x00, 0x57, 0xC7, 0x2F, 0x00, 0x5F, 0xC7, 0x2F, 0x06,
    0x67, 0xC7, 0x2F, 0x0A, 0x6F, 0xC7, 0x2F, 0x0E, 0x77, 0xC7, 0x2F, 0x10,
    0x7F, 0xC7, 0x2F, 0x10, 0x87, 0xC7, 0x2F, 0x10, 0x8F, 0xC7, 0x2F, 0x0E,
    0x97, 0xC7, 0x2F, 0x0A, 0x9F, 0xC7, 0x2F, 0x06, 0xA7, 0xC7, 0x2F, 0x00,
    0xAF, 0xC7, 0x2F, 0x00, 0xB7, 0xC7, 0x2F, 0x00, 0xBF, 0xC7, 0x2F, 0x00,
    0xC7, 0xC7, 0x2F, 0x00, 0xCF, 0xC7, 0x2F, 0x00, 0xD7, 0xC7, 0x2F, 0x00,
    0xDF, 0xC7, 0x2F, 0x00, 0xE7, 0xC7, 0x2F, 0x00, 0xEF, 0xC7, 0x2F, 0x00,
    0xF7, 0xC7, 0x2F, 0x00, 0x00, 0xCF, 0x2F, 0x00, 0x07, 0xCF, 0x2F, 0x00,
    0x0F, 0xCF, 0x2F, 0x00, 0x17, 0xCF, 0x2F, 0x00, 0x1F, 0xCF, 0x2F, 0x00,
    0x27, 0xCF, 0x2F, 0x00, 0x2F, 0xCF, 0x2F, 0x00, 0x37, 0xCF, 0x2F, 0x00,
    0x3F, 0xCF, 0x2F, 0x00, 0x47, 0xCF, 0x2F, 0x00, 0x4F, 0xCF, 0x2F, 0x00,
    0x57, 0xCF, 0x2F, 0x00, 0x5F, 0xCF, 0x2F, 0x00, 0x67, 0xCF, 0x2F, 0x00,
    0x6F, 0xCF, 0x2F, 0x02, 0x77, 0xCF, 0x2F, 0x03, 0x7F, 0xCF, 0x2F, 0x04,
    0x87, 0xCF, 0x2F, 0x03, 0x8F, 0xCF, 0x2F, 0x02, 0x97, 0xCF, 0x2F, 0x00,
    0x9F, 0xCF, 0x2F, 0x00, 0xA7, 0xCF, 0x2F, 0x00, 0xAF, 0xCF, 0x2F, 0x00,
    0xB7, 0xCF, 0x2F, 0x00, 0xBF, 0xCF, 0x2F, 0x00, 0xC7, 0xCF, 0x2F, 0x00,
    0xCF, 0xCF, 0x2F, 0x00, 0xD7, 0xCF, 0x2F, 0x00, 0xDF, 0xCF, 0x2F, 0x00,
    0xE7, 0xCF, 0x2F, 0x00, 0xEF, 0xCF, 0x2F, 0x00, 0xF7, 0xCF, 0x2F, 0x00,
    0x00, 0xD7, 0x2F, 0x00, 0x07, 0xD7, 0x2F, 0x00, 0x0F, 0xD7, 0x2F, 0x00,
    0x17, 0xD7, 0x2F, 0x00, 0x1F, 0xD7, 0x2F, 0x00, 0x27, 0xD7, 0x2F, 0x00,
    0x2F, 0xD7, 0x2F, 0x00, 0x37, 0xD7, 0x2F, 0x00, 0x3F, 0xD7, 0x2F, 0x00,
    0x47, 0xD7, 0x2F, 0x00, 0x4F, 0xD7, 0x2F, 0x00, 0x57, 0xD7, 0x2F, 0x00,
    0x5F, 0xD7, 0x2F, 0x00, 0x67, 0xD7, 0x2F, 0x00, 0x6F, 0xD7, 0x2F, 0x00,
    0x77, 0xD7, 0x2F, 0x00, 0x7F, 0xD7, 0x2F, 0x00, 0x87, 0xD7, 0x2F, 0x00,
    0x8F, 0xD7, 0x2F, 0x00, 0x97, 0xD7, 0x2F, 0x00, 0x9F, 0xD7, 0x2F, 0x00,
    0xA7, 0xD7, 0x2F, 0x00, 0xAF, 0xD7, 0x2F, 0x00, 0xB7, 0xD7, 0x2F, 0x00,
    0xBF, 0xD7, 0x2F, 0x00, 0xC7, 0xD7, 0x2F, 0x00, 0xCF, 0xD7, 0x2F, 0x00,
    0xD7, 0xD7, 0x2F, 0x00, 0xDF, 0xD7, 0x2F, 0x00, 0xE7, 0xD7, 0x2F, 0x00,
    0xEF, 0xD7, 0x2F, 0x00, 0xF7, 0xD7, 0x2F, 0x00, 0x00, 0xDF, 0x2F, 0x00,
    0x07, 0xDF, 0x2F, 0x00, 0x0F, 0xDF, 0x2F, 0x00, 0x17, 0xDF, 0x2F, 0x00,
    0x1F, 0xDF, 0x2F, 0x00, 0x27, 0xDF, 0x2F, 0x00, 0x2F, 0xDF, 0x2F, 0x00,
    0x37, 0xDF, 0x2F, 0x00, 0x3F, 0xDF, 0x2F, 0x00, 0x47, 0xDF, 0x2F, 0x00,
    0x4F, 0xDF, 0x2F, 0x00, 0x57, 0xDF, 0x2F, 0x00, 0x5F, 0xDF, 0x2F, 0x00,
    0x67, 0xDF, 0x2F, 0x00, 0x6F, 0xDF, 0x2F, 0x00, 0x77, 0xDF, 0x2F, 0x00,
    0x7F, 0xDF, 0x2F, 0x00, 0x87, 0xDF, 0x2F, 0x00, 0x8F, 0xDF, 0x2F, 0x00,
    0x97, 0xDF, 0x2F, 0x00, 0x9F, 0xDF, 0x2F, 0x00, 0xA7, 0xDF, 0x2F, 0x00,
    0xAF, 0xDF, 0x2F, 0x00, 0xB7, 0xDF, 0x2F, 0x00, 0xBF, 0xDF, 0x2F, 0x00,
    0xC7, 0xDF, 0x2F, 0x00, 0xCF, 0xDF, 0x2F, 0x00, 0xD7, 0xDF, 0x2F, 0x00,
    0xDF, 0xDF, 0x2F, 0x00, 0xE7, 0xDF, 0x2F, 0x00, 0xEF, 0xDF, 0x2F, 0x00,
    0xF7, 0xDF, 0x2F, 0x00, 0x00, 0xE7, 0x2F, 0x00, 0x07, 0xE7, 0x2F, 0x00,
    0x0F, 0xE7, 0x2F, 0x00, 0x17, 0xE7, 0x2F, 0x00, 0x1F, 0xE7, 0x2F, 0x00,
    0x27, 0xE7, 0x2F, 0x00, 0x2F, 0xE7, 0x2F, 0x00, 0x37, 0xE7, 0x2F, 0x00,
    0x3F, 0xE7, 0x2F, 0x00, 0x47, 0xE7, 0x2F, 0x00, 0x4F, 0xE7, 0x2F, 0x00,
    0x57, 0xE7, 0x2F, 0x00, 0x5F, 0xE7, 0x2F, 0x00, 0x67, 0xE7, 0x2F, 0x00,
    0x6F, 0xE7, 0x2F, 0x00, 0x77, 0xE7, 0x2F, 0x00, 0x7F, 0xE7, 0x2F, 0x00,
    0x87, 0xE7, 0x2F, 0x00, 0x8F, 0xE7, 0x2F, 0x00, 0x97, 0xE7, 0x2F, 0x00,
    0x9F, 0xE7, 0x2F, 0x00, 0xA7, 0xE7, 0x2F, 0x00, 0xAF, 0xE7, 0x2F, 0x00,
    0xB7, 0xE7, 0x2F, 0x00, 0xBF, 0xE7, 0x2F, 0x00, 0xC7, 0xE7, 0x2F, 0x00,
    0xCF, 0xE7, 0x2F, 0x00, 0xD7, 0xE7, 0x2F, 0x00, 0xDF, 0xE7, 0x2F, 0x00,
    0xE7, 0xE7, 0x2F, 0x00, 0xEF, 0xE7, 0x2F, 0x00, 0xF7, 0xE7, 0x2F, 0x00,
    0x00, 0xEF, 0x2F, 0x00, 0x07, 0xEF, 0x2F, 0x00, 0x0F, 0xEF, 0x2F, 0x00,
    0x17, 0xEF, 0x2F, 0x00, 0x1F, 0xEF, 0x2F, 0x00, 0x27, 0xEF, 0x2F, 0x00,
    0x2F, 0xEF, 0x2F, 0x00, 0x37, 0xEF, 0x2F, 0x00, 0x3F, 0xEF, 0x2F, 0x00,
    0x47, 0xEF, 0x2F, 0x00, 0x4F, 0xEF, 0x2F, 0x00, 0x57, 0xEF, 0x2F, 0x00,
    0x5F, 0xEF, 0x2F, 0x00, 0x67, 0xEF, 0x2F, 0x00, 0x6F, 0xEF, 0x2F, 0x00,
    0x77, 0xEF, 0x2F, 0x00, 0x7F, 0xEF, 0x2F, 0x00, 0x87, 0xEF, 0x2F, 0x00,
    0x8F, 0xEF, 0x2F, 0x00, 0x97, 0xEF, 0x2F, 0x00, 0x9F, 0xEF, 0x2F, 0x00,
    0xA7, 0xEF, 0x2F, 0x00, 0xAF, 0xEF, 0x2F, 0x00, 0xB7, 0xEF, 0x2F, 0x00,
    0xBF, 0xEF, 0x2F, 0x00, 0xC7, 0xEF, 0x2F, 0x00, 0xCF, 0xEF, 0x2F, 0x00,
    0xD7, 0xEF, 0x2F, 0x00, 0xDF, 0xEF, 0x2F, 0x00, 0xE7, 0xEF, 0x2F, 0x00,
    0xEF, 0xEF, 0x2F, 0x00, 0xF7, 0xEF, 0x2F, 0x00, 0x00, 0xF7, 0x2F, 0x00,
    0x07, 0xF7, 0x2F, 0x00, 0x0F, 0xF7, 0x2F, 0x00, 0x17, 0xF7, 0x2F, 0x00,
    0x1F, 0xF7, 0x2F, 0x00, 0x27, 0xF7, 0x2F, 0x00, 0x2F, 0xF7, 0x2F, 0x00,
    0x37, 0xF7, 0x2F, 0x00, 0x3F, 0xF7, 0x2F, 0x00, 0x47, 0xF7, 0x2F, 0x00,
    0x4F, 0xF7, 0x2F, 0x00, 0x57, 0xF7, 0x2F, 0x00, 0x5F, 0xF7, 0x2F, 0x00,
    0x67, 0xF7, 0x2F, 0x00, 0x6F, 0xF7, 0x2F, 0x00, 0x77, 0xF7, 0x2F, 0x00,
    0x7F, 0xF7, 0x2F, 0x00, 0x87, 0xF7, 0x2F, 0x00, 0x8F, 0xF7, 0x2F, 0x00,
    0x97, 0xF7, 0x2F, 0x00, 0x9F, 0xF7, 0x2F, 0x00, 0xA7, 0xF7, 0x2F, 0x00,
    0xAF, 0xF7, 0x2F, 0x00, 0xB7, 0xF7, 0x2F, 0x00, 0xBF, 0xF7, 0x2F, 0x00,
    0xC7, 0xF7, 0x2F, 0x00, 0xCF, 0xF7, 0x2F, 0x00, 0xD7, 0xF7, 0x2F, 0x00,
    0xDF, 0xF7, 0x2F, 0x00, 0xE7, 0xF7, 0x2F, 0x00, 0xEF, 0xF7, 0x2F, 0x00,
    0xF7, 0xF7, 0x2F, 0x00, 0x00, 0x00, 0x37, 0x00, 0x07, 0x00, 0x37, 0x00,
    0x0F, 0x00, 0x37, 0x00, 0x17, 0x00, 0x37, 0x00, 0x1F, 0x00, 0x37, 0x00,
    0x27, 0x00, 0x37, 0x00, 0x2F, 0x00, 0x37, 0x00, 0x37, 0x00, 0x37, 0x00,
    0x3F, 0x00, 0x37, 0x00, 0x47, 0x00, 0x37, 0x00, 0x4F, 0x00, 0x37, 0x00,
    0x57, 0x00, 0x37, 0x00, 0x5F, 0x00, 0x37, 0x00, 0x67, 0x00, 0x37, 0x00,
    0x6F, 0x00, 0x37, 0x00, 0x77, 0x00, 0x37, 0x00, 0x7F, 0x00, 0x37, 0x00,
    0x87, 0x00, 0x37, 0x00, 0x8F, 0x00, 0x37, 0x00, 0x97, 0x00, 0x37, 0x00,
    0x9F, 0x00, 0x37, 0x00, 0xA7, 0x00, 0x37, 0x00, 0xAF, 0x00, 0x37, 0x00,
    0xB7, 0x00, 0x37, 0x00, 0xBF, 0x00, 0x37, 0x00, 0xC7, 0x00, 0x37, 0x00,
    0xCF, 0x00, 0x37, 0x00, 0xD7, 0x00, 0x37, 0x00, 0xDF, 0x00, 0x37, 0x00,
    0xE7, 0x00, 0x37, 0x00, 0xEF, 0x00, 0x37, 0x00, 0xF7, 0x00, 0x37, 0x00,
    0x00, 0x07, 0x37, 0x00, 0x07, 0x07, 0x37, 0x00, 0x0F, 0x07, 0x37, 0x00,
    0x17, 0x07, 0x37, 0x00, 0x1F, 0x07, 0x37, 0x00, 0x27, 0x07, 0x37, 0x00,
    0x2F, 0x07, 0x37, 0x00, 0x37, 0x07, 0x37, 0x00, 0x3F, 0x07, 0x37, 0x00,
    0x47, 0x07, 0x37, 0x00, 0x4F, 0x07, 0x37, 0x00, 0x57, 0x07, 0x37, 0x00,
    0x5F, 0x07, 0x37, 0x00, 0x67, 0x07, 0x37, 0x00, 0x6F, 0x07, 0x37, 0x00,
    0x77, 0x07, 0x37, 0x00, 0x7F, 0x07, 0x37, 0x00, 0x87, 0x07, 0x37, 0x00,
    0x8F, 0x07, 0x37, 0x00, 0x97, 0x07, 0x37, 0x00, 0x9F, 0x07, 0x37, 0x00,
    0xA7, 0x07, 0x37, 0x00, 0xAF, 0x07, 0x37, 0x00, 0xB7, 0x07, 0x37, 0x00,
    0xBF, 0x07, 0x37, 0x00, 0xC7, 0x07, 0x37, 0x00, 0xCF, 0x07, 0x37, 0x00,
    0xD7, 0x07, 0x37, 0x00, 0xDF, 0x07, 0x37, 0x00, 0xE7, 0x07, 0x37, 0x00,
    0xEF, 0x07, 0x37, 0x00, 0xF7, 0x07, 0x37, 0x00, 0x00, 0x0F, 0x37, 0x00,
    0x07, 0x0F, 0x37, 0x00, 0x0F, 0x0F, 0x37, 0x00, 0x17, 0x0F, 0x37, 0x00,
    0x1F, 0x0F, 0x37, 0x00, 0x27, 0x0F, 0x37, 0x00, 0x2F, 0x0F, 0x37, 0x00,
    0x37, 0x0F, 0x37, 0x00, 0x3F, 0x0F, 0x37, 0x00, 0x47, 0x0F, 0x37, 0x00,
    0x4F, 0x0F, 0x37, 0x00, 0x57, 0x0F, 0x37, 0x00, 0x5F, 0x0F, 0x37, 0x00,
    0x67, 0x0F, 0x37, 0x00, 0x6F, 0x0F, 0x37, 0x00, 0x77, 0x0F, 0x37, 0x00,
    0x7F, 0x0F, 0x37, 0x00, 0x87, 0x0F, 0x37, 0x00, 0x8F, 0x0F, 0x37, 0x00,
    0x97, 0x0F, 0x37, 0x00, 0x9F, 0x0F, 0x37, 0x00, 0xA7, 0x0F, 0x37, 0x00,
    0xAF, 0x0F, 0x37, 0x00, 0xB7, 0x0F, 0x37, 0x00, 0xBF, 0x0F, 0x37, 0x00,
    0xC7, 0x0F, 0x37, 0x00, 0xCF, 0x0F, 0x37, 0x00, 0xD7, 0x0F, 0x37, 0x00,
    0xDF, 0x0F, 0x37, 0x00, 0xE7, 0x0F, 0x37, 0x00, 0xEF, 0x0F, 0x37, 0x00,
    0xF7, 0x0F, 0x37, 0x00, 0x00, 0x17, 0x37, 0x00, 0x07, 0x17, 0x37, 0x00,
    0x0F, 0x17, 0x37, 0x00, 0x17, 0x17, 0x37, 0x00, 0x1F, 0x17, 0x37, 0x00,
    0x27, 0x17, 0x37, 0x00, 0x2F, 0x17, 0x37, 0x00, 0x37, 0x17, 0x37, 0x00,
    0x3F, 0x17, 0x37, 0x00, 0x47, 0x17, 0x37, 0x00, 0x4F, 0x17, 0x37, 0x00,
    0x57, 0x17, 0x37, 0x00, 0x5F, 0x17, 0x37, 0x00, 0x67, 0x17, 0x37, 0x00,
    0x6F, 0x17, 0x37, 0x00, 0x77, 0x17, 0x37, 0x00, 0x7F, 0x17, 0x37, 0x00,
    0x87, 0x17, 0x37, 0x00, 0x8F, 0x17, 0x37, 0x00, 0x97, 0x17, 0x37, 0x00,
    0x9F, 0x17, 0x37, 0x00, 0xA7, 0x17, 0x37, 0x00, 0xAF, 0x17, 0x37, 0x00,
    0xB7, 0x17, 0x37, 0x00, 0xBF, 0x17, 0x37, 0x00, 0xC7, 0x17, 0x37, 0x00,
    0xCF, 0x17, 0x37, 0x00, 0xD7, 0x17, 0x37, 0x00, 0xDF, 0x17, 0x37, 0x00,
    0xE7, 0x17, 0x37, 0x00, 0xEF, 0x17, 0x37, 0x00, 0xF7, 0x17, 0x37, 0x00,
    0x00, 0x1F, 0x37, 0x00, 0x07, 0x1F, 0x37, 0x00, 0x0F, 0x1F, 0x37, 0x00,
    0x17, 0x1F, 0x37, 0x00, 0x1F, 0x1F, 0x37, 0x00, 0x27, 0x1F, 0x37, 0x00,
    0x2F, 0x1F, 0x37, 0x00, 0x37, 0x1F, 0x37, 0x00, 0x3F, 0x1F, 0x37, 0x00,
    0x47, 0x1F, 0x37, 0x00, 0x4F, 0x1F, 0x37, 0x00, 0x57, 0x1F, 0x37, 0x00,
    0x5F, 0x1F, 0x37, 0x00, 0x67, 0x1F, 0x37, 0x00, 0x6F, 0x1F, 0x37, 0x00,
    0x77, 0x1F, 0x37, 0x00, 0x7F, 0x1F, 0x37, 0x00, 0x87, 0x1F, 0x37, 0x00,
    0x8F, 0x1F, 0x37, 0x00, 0x97, 0x1F, 0x37, 0x00, 0x9F, 0x1F, 0x37, 0x00,
    0xA7, 0x1F, 0x37, 0x00, 0xAF, 0x1F, 0x37, 0x00, 0xB7, 0x1F, 0x37, 0x00,
    0xBF, 0x1F, 0x37, 0x00, 0xC7, 0x1F, 0x37, 0x00, 0xCF, 0x1F, 0x37, 0x00,
    0xD7, 0x1F, 0x37, 0x00, 0xDF, 0x1F, 0x37, 0x00, 0xE7, 0x1F, 0x37, 0x00,
    0xEF, 0x1F, 0x37, 0x00, 0xF7, 0x1F, 0x37, 0x00, 0x00, 0x27, 0x37, 0x00,
    0x07, 0x27, 0x37, 0x00, 0x0F, 0x27, 0x37, 0x00, 0x17, 0x27, 0x37, 0x00,
    0x1F, 0x27, 0x37, 0x00, 0x27, 0x27, 0x37, 0x00, 0x2F, 0x27, 0x37, 0x00,
    0x37, 0x27, 0x37, 0x00, 0x3F, 0x27, 0x37, 0x00, 0x47, 0x27, 0x37, 0x00,
    0x4F, 0x27, 0x37, 0x00, 0x57, 0x27, 0x37, 0x00, 0x5F, 0x27, 0x37, 0x00,
    0x67, 0x27, 0x37, 0x00, 0x6F, 0x27, 0x37, 0x00, 0x77, 0x27, 0x37, 0x02,
    0x7F, 0x27, 0x37, 0x03, 0x87, 0x27, 0x37, 0x02, 0x8F, 0x27, 0x37, 0x00,
    0x97, 0x27, 0x37, 0x00, 0x9F, 0x27, 0x37, 0x00, 0xA7, 0x27, 0x37, 0x00,
    0xAF, 0x27, 0x37, 0x00, 0xB7, 0x27, 0x37, 0x00, 0xBF, 0x27, 0x37, 0x00,
    0xC7, 0x27, 0x37, 0x00, 0xCF, 0x27, 0x37, 0x00, 0xD7, 0x27, 0x37, 0x00,
    0xDF, 0x27, 0x37, 0x00, 0xE7, 0x27, 0x37, 0x00, 0xEF, 0x27, 0x37, 0x00,
    0xF7, 0x27, 0x37, 0x00, 0x00, 0x2F, 0x37, 0x00, 0x07, 0x2F, 0x37, 0x00,
    0x0F, 0x2F, 0x37, 0x00, 0x17, 0x2F, 0x37, 0x00, 0x1F, 0x2F, 0x37, 0x00,
    0x27, 0x2F, 0x37, 0x00, 0x2F, 0x2F, 0x37, 0x00, 0x37, 0x2F, 0x37, 0x00,
    0x3F, 0x2F, 0x37, 0x00, 0x47, 0x2F, 0x37, 0x00, 0x4F, 0x2F, 0x37, 0x00,
    0x57, 0x2F, 0x37, 0x00, 0x5F, 0x2F, 0x37, 0x06, 0x67, 0x2F, 0x37, 0x0A,
    0x6F, 0x2F, 0x37, 0x0E, 0x77, 0x2F, 0x37, 0x10, 0x7F, 0x2F, 0x37, 0x10,
    0x87, 0x2F, 0x37, 0x10, 0x8F, 0x2F, 0x37, 0x0E, 0x97, 0x2F, 0x37, 0x0A,
    0x9F, 0x2F, 0x37, 0x06, 0xA7, 0x2F, 0x37, 0x00, 0xAF, 0x2F, 0x37, 0x00,
    0xB7, 0x2F, 0x37, 0x00, 0xBF, 0x2F, 0x37, 0x00, 0xC7, 0x2F, 0x37, 0x00,
    0xCF, 0x2F, 0x37, 0x00, 0xD7, 0x2F, 0x37, 0x00, 0xDF, 0x2F, 0x37, 0x00,
    0xE7, 0x2F, 0x37, 0x00, 0xEF, 0x2F, 0x37, 0x00, 0xF7, 0x2F, 0x37, 0x00,
    0x00, 0x37, 0x37, 0x00, 0x07, 0x37, 0x37, 0x00, 0x0F, 0x37, 0x37, 0x00,
    0x17, 0x37, 0x37, 0x00, 0x1F, 0x37, 0x37, 0x00, 0x27, 0x37, 0x37, 0x00,
    0x2F, 0x37, 0x37, 0x00, 0x37, 0x37, 0x37, 0x00, 0x3F, 0x37, 0x37, 0x00,
    0x47, 0x37, 0x37, 0x00, 0x4F, 0x37, 0x37, 0x05, 0x57, 0x37, 0x37, 0x0C,
    0x5F, 0x37, 0x37, 0x12, 0x67, 0x37, 0x37, 0x17, 0x6F, 0x37, 0x37, 0x1A,
    0x77, 0x37, 0x37, 0x1C, 0x7F, 0x37, 0x37, 0x1D, 0x87, 0x37, 0x37, 0x1C,
    0x8F, 0x37, 0x37, 0x1A, 0x97, 0x37, 0x37, 0x17, 0x9F, 0x37, 0x37, 0x12,
    0xA7, 0x37, 0x37, 0x0C, 0xAF, 0x37, 0x37, 0x05, 0xB7, 0x37, 0x37, 0x00,
    0xBF, 0x37, 0x37, 0x00, 0xC7, 0x37, 0x37, 0x00, 0xCF, 0x37, 0x37, 0x00,
    0xD7, 0x37, 0x37, 0x00, 0xDF, 0x37, 0x37, 0x00, 0xE7, 0x37, 0x37, 0x00,
    0xEF, 0x37, 0x37, 0x00, 0xF7, 0x37, 0x37, 0x00, 0x00, 0x3F, 0x37, 0x00,
    0x07, 0x3F, 0x37, 0x00, 0x0F, 0x3F, 0x37, 0x00, 0x17, 0x3F, 0x37, 0x00,
    0x1F, 0x3F, 0x37, 0x00, 0x27, 0x3F, 0x37, 0x00, 0x2F, 0x3F, 0x37, 0x00,
    0x37, 0x3F, 0x37, 0x00, 0x3F, 0x3F, 0x37, 0x00, 0x47, 0x3F, 0x37, 0x08,
    0x4F, 0x3F, 0x37, 0x10, 0x57, 0x3F, 0x37, 0x18, 0x5F, 0x3F, 0x37, 0x1E,
    0x67, 0x3F, 0x37, 0x23, 0x6F, 0x3F, 0x37, 0x26, 0x77, 0x3F, 0x37, 0x29,
    0x7F, 0x3F, 0x37, 0x29, 0x87, 0x3F, 0x37, 0x29, 0x8F, 0x3F, 0x37, 0x26,
    0x97, 0x3F, 0x37, 0x23, 0x9F, 0x3F, 0x37, 0x1E, 0xA7, 0x3F, 0x37, 0x18,
    0xAF, 0x3F, 0x37, 0x10, 0xB7, 0x3F, 0x37, 0x08, 0xBF, 0x3F, 0x37, 0x00,
    0xC7, 0x3F, 0x37, 0x00, 0xCF, 0x3F, 0x37, 0x00, 0xD7, 0x3F, 0x37, 0x00,
    0xDF, 0x3F, 0x37, 0x00, 0xE7, 0x3F, 0x37, 0x00, 0xEF, 0x3F, 0x37, 0x00,
    0xF7, 0x3F, 0x37, 0x00, 0x00, 0x47, 0x37, 0x00, 0x07, 0x47, 0x37, 0x00,
    0x0F, 0x47, 0x37, 0x00, 0x17, 0x47, 0x37, 0x00, 0x1F, 0x47, 0x37, 0x00,
    0x27, 0x47, 0x37, 0x00, 0x2F, 0x47, 0x37, 0x00, 0x37, 0x47, 0x37, 0x00,
    0x3F, 0x47, 0x37, 0x08, 0x47, 0x47, 0x37, 0x12, 0x4F, 0x47, 0x37, 0x1A,
    0x57, 0x47, 0x37, 0x22, 0x5F, 0x47, 0x37, 0x29, 0x67, 0x47, 0x37, 0x2E,
    0x6F, 0x47, 0x37, 0x32, 0x77, 0x47, 0x37, 0x34, 0x7F, 0x47, 0x37, 0x35,
    0x87, 0x47, 0x37, 0x34, 0x8F, 0x47, 0x37, 0x32, 0x97, 0x47, 0x37, 0x2E,
    0x9F, 0x47, 0x37, 0x29, 0xA7, 0x47, 0x37, 0x22, 0xAF, 0x47, 0x37, 0x1A,
    0xB7, 0x47, 0x37, 0x12, 0xBF, 0x47, 0x37, 0x08, 0xC7, 0x47, 0x37, 0x00,
    0xCF, 0x47, 0x37, 0x00, 0xD7, 0x47, 0x37, 0x00, 0xDF, 0x47, 0x37, 0x00,
    0xE7, 0x47, 0x37, 0x00, 0xEF, 0x47, 0x37, 0x00, 0xF7, 0x47, 0x37, 0x00,
    0x00, 0x4F, 0x37, 0x00, 0x07, 0x4F, 0x37, 0x00, 0x0F, 0x4F, 0x37, 0x00,
    0x17, 0x4F, 0x37, 0x00, 0x1F, 0x4F, 0x37, 0x00, 0x27, 0x4F, 0x37, 0x00,
    0x2F, 0x4F, 0x37, 0x00, 0x37, 0x4F, 0x37, 0x05, 0x3F, 0x4F, 0x37, 0x10,
    0x47, 0x4F, 0x37, 0x1A, 0x4F, 0x4F, 0x37, 0x23, 0x57, 0x4F, 0x37, 0x2B,
    0x5F, 0x4F, 0x37, 0x32, 0x67, 0x4F, 0x37, 0x38, 0x6F, 0x4F, 0x37, 0x3C,
    0x77, 0x4F, 0x37, 0x3E, 0x7F, 0x4F, 0x37, 0x3F, 0x87, 0x4F, 0x37, 0x3E,
    0x8F, 0x4F, 0x37, 0x3C, 0x97, 0x4F, 0x37, 0x38, 0x9F, 0x4F, 0x37, 0x32,
    0xA7, 0x4F, 0x37, 0x2B, 0xAF, 0x4F, 0x37, 0x23, 0xB7, 0x4F, 0x37, 0x1A,
    0xBF, 0x4F, 0x37, 0x10, 0xC7, 0x4F, 0x37, 0x05, 0xCF, 0x4F, 0x37, 0x00,
    0xD7, 0x4F, 0x37, 0x00, 0xDF, 0x4F, 0x37, 0x00, 0xE7, 0x4F, 0x37, 0x00,
    0xEF, 0x4F, 0x37, 0x00, 0xF7, 0x4F, 0x37, 0x00, 0x00, 0x57, 0x37, 0x00,
    0x07, 0x57, 0x37, 0x00, 0x0F, 0x57, 0x37, 0x00, 0x17, 0x57, 0x37, 0x00,
    0x1F, 0x57, 0x37, 0x00, 0x27, 0x57, 0x37, 0x00, 0x2F, 0x57, 0x37, 0x00,
    0x37, 0x57, 0x37, 0x0C, 0x3F, 0x57, 0x37, 0x18, 0x47, 0x57, 0x37, 0x22,
    0x4F, 0x57, 0x37, 0x2B, 0x57, 0x57, 0x37, 0x34, 0x5F, 0x57, 0x37, 0x3B,
    0x67, 0x57, 0x37, 0x41, 0x6F, 0x57, 0x37, 0x45, 0x77, 0x57, 0x37, 0x47,
    0x7F, 0x57, 0x37, 0x48, 0x87, 0x57, 0x37, 0x47, 0x8F, 0x57, 0x37, 0x45,
    0x97, 0x57, 0x37, 0x41, 0x9F, 0x57, 0x37, 0x3B, 0xA7, 0x57, 0x37, 0x34,
    0xAF, 0x57, 0x37, 0x2B, 0xB7, 0x57, 0x37, 0x22, 0xBF, 0x57, 0x37, 0x18,
    0xC7, 0x57, 0x37, 0x0C, 0xCF, 0x57, 0x37, 0x00, 0xD7, 0x57, 0x37, 0x00,
    0xDF, 0x57, 0x37, 0x00, 0xE7, 0x57, 0x37, 0x00, 0xEF, 0x57, 0x37, 0x00,
    0xF7, 0x57, 0x37, 0x00, 0x00, 0x5F, 0x37, 0x00, 0x07, 0x5F, 0x37, 0x00,
    0x0F, 0x5F, 0x37, 0x00, 0x17, 0x5F, 0x37, 0x00, 0x1F, 0x5F, 0x37, 0x00,
    0x27, 0x5F, 0x37, 0x00, 0x2F, 0x5F, 0x37, 0x06, 0x37, 0x5F, 0x37, 0x12,
    0x3F, 0x5F, 0x37, 0x1E, 0x47, 0x5F, 0x37, 0x29, 0x4F, 0x5F, 0x37, 0x32,
    0x57, 0x5F, 0x37, 0x3B, 0x5F, 0x5F, 0x37, 0x42, 0x67, 0x5F, 0x37, 0x48,
    0x6F, 0x5F, 0x37, 0x4D, 0x77, 0x5F, 0x37, 0x4F, 0x7F, 0x5F, 0x37, 0x50,
    0x87, 0x5F, 0x37, 0x4F, 0x8F, 0x5F, 0x37, 0x4D, 0x97, 0x5F, 0x37, 0x48,
    0x9F, 0x5F, 0x37, 0x42, 0xA7, 0x5F, 0x37, 0x3B, 0xAF, 0x5F, 0x37, 0x32,
    0xB7, 0x5F, 0x37, 0x29, 0xBF, 0x5F, 0x37, 0x1E, 0xC7, 0x5F, 0x37, 0x12,
    0xCF, 0x5F, 0x37, 0x06, 0xD7, 0x5F, 0x37, 0x00, 0xDF, 0x5F, 0x37, 0x00,
    0xE7, 0x5F, 0x37, 0x00, 0xEF, 0x5F, 0x37, 0x00, 0xF7, 0x5F, 0x37, 0x00,
    0x00, 0x67, 0x37, 0x00, 0x07, 0x67, 0x37, 0x00, 0x0F, 0x67, 0x37, 0x00,
    0x17, 0x67, 0x37, 0x00, 0x1F, 0x67, 0x37, 0x00, 0x27, 0x67, 0x37, 0x00,
    0x2F, 0x67, 0x37, 0x0A, 0x37, 0x67, 0x37, 0x17, 0x3F, 0x67, 0x37, 0x23,
    0x47, 0x67, 0x37, 0x2E, 0x4F, 0x67, 0x37, 0x38, 0x57, 0x67, 0x37, 0x41,
    0x5F, 0x67, 0x37, 0x48, 0x67, 0x67, 0x37, 0x4E, 0x6F, 0x67, 0x37, 0x53,
    0x77, 0x67, 0x37, 0x56, 0x7F, 0x67, 0x37, 0x57, 0x87, 0x67, 0x37, 0x56,
    0x8F, 0x67, 0x37, 0x53, 0x97, 0x67, 0x37, 0x4E, 0x9F, 0x67, 0x37, 0x48,
    0xA7, 0x67, 0x37, 0x41, 0xAF, 0x67, 0x37, 0x38, 0xB7, 0x67, 0x37, 0x2E,
    0xBF, 0x67, 0x37, 0x23, 0xC7, 0x67, 0x37, 0x17, 0xCF, 0x67, 0x37, 0x0A,
    0xD7, 0x67, 0x37, 0x00, 0xDF, 0x67, 0x37, 0x00, 0xE7, 0x67, 0x37, 0x00,
    0xEF, 0x67, 0x37, 0x00, 0xF7, 0x67, 0x37, 0x00, 0x00, 0x6F, 0x37, 0x00,
    0x07, 0x6F, 0x37, 0x00, 0x0F, 0x6F, 0x37, 0x00, 0x17, 0x6F, 0x37, 0x00,
    0x1F, 0x6F, 0x37, 0x00, 0x27, 0x6F, 0x37, 0x00, 0x2F, 0x6F, 0x37, 0x0E,
    0x37, 0x6F, 0x37, 0x1A, 0x3F, 0x6F, 0x37, 0x26, 0x47, 0x6F, 0x37, 0x32,
    0x4F, 0x6F, 0x37, 0x3C, 0x57, 0x6F, 0x37, 0x45, 0x5F, 0x6F, 0x37, 0x4D,
    0x67, 0x6F, 0x37, 0x53, 0x6F, 0x6F, 0x37, 0x57, 0x77, 0x6F, 0x37, 0x5A,
    0x7F, 0x6F, 0x37, 0x5B, 0x87, 0x6F, 0x37, 0x5A, 0x8F, 0x6F, 0x37, 0x57,
    0x97, 0x6F, 0x37, 0x53, 0x9F, 0x6F, 0x37, 0x4D, 0xA7, 0x6F, 0x37, 0x45,
    0xAF, 0x6F, 0x37, 0x3C, 0xB7, 0x6F, 0x37, 0x32, 0xBF, 0x6F, 0x37, 0x26,
    0xC7, 0x6F, 0x37, 0x1A, 0xCF, 0x6F, 0x37, 0x0E, 0xD7, 0x6F, 0x37, 0x00,
    0xDF, 0x6F, 0x37, 0x00, 0xE7, 0x6F, 0x37, 0x00, 0xEF, 0x6F, 0x37, 0x00,
    0xF7, 0x6F, 0x37, 0x00, 0x00, 0x77, 0x37, 0x00, 0x07, 0x77, 0x37, 0x00,
    0x0F, 0x77, 0x37, 0x00, 0x17, 0x77, 0x37, 0x00, 0x1F, 0x77, 0x37, 0x00,
    0x27, 0x77, 0x37, 0x02, 0x2F, 0x77, 0x37, 0x10, 0x37, 0x77, 0x37, 0x1C,
    0x3F, 0x77, 0x37, 0x29, 0x47, 0x77, 0x37, 0x34, 0x4F, 0x77, 0x37, 0x3E,
    0x57, 0x77, 0x37, 0x47, 0x5F, 0x77, 0x37, 0x4F, 0x67, 0x77, 0x37, 0x56,
    0x6F, 0x77, 0x37, 0x5A, 0x77, 0x77, 0x37, 0x5D, 0x7F, 0x77, 0x37, 0x5E,
    0x87, 0x77, 0x37, 0x5D, 0x8F, 0x77, 0x37, 0x5A, 0x97, 0x77, 0x37, 0x56,
    0x9F, 0x77, 0x37, 0x4F, 0xA7, 0x77, 0x37, 0x47, 0xAF, 0x77, 0x37, 0x3E,
    0xB7, 0x77, 0x37, 0x34, 0xBF, 0x77, 0x37, 0x29, 0xC7, 0x77, 0x37, 0x1C,
    0xCF, 0x77, 0x37, 0x10, 0xD7, 0x77, 0x37, 0x02, 0xDF, 0x77, 0x37, 0x00,
    0xE7, 0x77, 0x37, 0x00, 0xEF, 0x77, 0x37, 0x00, 0xF7, 0x77, 0x37, 0x00,
    0x00, 0x7F, 0x37, 0x00, 0x07, 0x7F, 0x37, 0x00, 0x0F, 0x7F, 0x37, 0x00,
    0x17, 0x7F, 0x37, 0x00, 0x1F, 0x7F, 0x37, 0x00, 0x27, 0x7F, 0x37, 0x03,
    0x2F, 0x7F, 0x37, 0x10, 0x37, 0x7F, 0x37, 0x1D, 0x3F, 0x7F, 0x37, 0x29,
    0x47, 0x7F, 0x37, 0x35, 0x4F, 0x7F, 0x37, 0x3F, 0x57, 0x7F, 0x37, 0x48,
    0x5F, 0x7F, 0x37, 0x50, 0x67, 0x7F, 0x37, 0x57, 0x6F, 0x7F, 0x37, 0x5B,
    0x77, 0x7F, 0x37, 0x5E, 0x7F, 0x7F, 0x37, 0x5F, 0x87, 0x7F, 0x37, 0x5E,
    0x8F, 0x7F, 0x37, 0x5B, 0x97, 0x7F, 0x37, 0x57, 0x9F, 0x7F, 0x37, 0x50,
    0xA7, 0x7F, 0x37, 0x48, 0xAF, 0x7F, 0x37, 0x3F, 0xB7, 0x7F, 0x37, 0x35,
    0xBF, 0x7F, 0x37, 0x29, 0xC7, 0x7F, 0x37, 0x1D, 0xCF, 0x7F, 0x37, 0x10,
    0xD7, 0x7F, 0x37, 0x03, 0xDF, 0x7F, 0x37, 0x00, 0xE7, 0x7F, 0x37, 0x00,
    0xEF, 0x7F, 0x37, 0x00, 0xF7, 0x7F, 0x37, 0x00, 0x00, 0x87, 0x37, 0x00,
    0x07, 0x87, 0x37, 0x00, 0x0F, 0x87, 0x37, 0x00, 0x17, 0x87, 0x37, 0x00,
    0x1F, 0x87, 0x37, 0x00, 0x27, 0x87, 0x37, 0x02, 0x2F, 0x87, 0x37, 0x10,
    0x37, 0x87, 0x37, 0x1C, 0x3F, 0x87, 0x37, 0x29, 0x47, 0x87, 0x37, 0x34,
    0x4F, 0x87, 0x37, 0x3E, 0x57, 0x87, 0x37, 0x47, 0x5F, 0x87, 0x37, 0x4F,
    0x67, 0x87, 0x37, 0x56, 0x6F, 0x87, 0x37, 0x5A, 0x77, 0x87, 0x37, 0x5D,
    0x7F, 0x87, 0x37, 0x5E, 0x87, 0x87, 0x37, 0x5D, 0x8F, 0x87, 0x37, 0x5A,
    0x97, 0x87, 0x37, 0x56, 0x9F, 0x87, 0x37, 0x4F, 0xA7, 0x87, 0x37, 0x47,
    0xAF, 0x87, 0x37, 0x3E, 0xB7, 0x87, 0x37, 0x34, 0xBF, 0x87, 0x37, 0x29,
    0xC7, 0x87, 0x37, 0x1C, 0xCF, 0x87, 0x37, 0x10, 0xD7, 0x87, 0x37, 0x02,
    0xDF, 0x87, 0x37, 0x00, 0xE7, 0x87, 0x37, 0x00, 0xEF, 0x87, 0x37, 0x00,
    0xF7, 0x87, 0x37, 0x00, 0x00, 0x8F, 0x37, 0x00, 0x07, 0x8F, 0x37, 0x00,
    0x0F, 0x8F, 0x37, 0x00, 0x17, 0x8F, 0x37, 0x00, 0x1F, 0x8F, 0x37, 0x00,
    0x27, 0x8F, 0x37, 0x00, 0x2F, 0x8F, 0x37, 0x0E, 0x37, 0x8F, 0x37, 0x1A,
    0x3F, 0x8F, 0x37, 0x26, 0x47, 0x8F, 0x37, 0x32, 0x4F, 0x8F, 0x37, 0x3C,
    0x57, 0x8F, 0x37, 0x45, 0x5F, 0x8F, 0x37, 0x4D, 0x67, 0x8F, 0x37, 0x53,
    0x6F, 0x8F, 0x37, 0x57, 0x77, 0x8F, 0x37, 0x5A, 0x7F, 0x8F, 0x37, 0x5B,
    0x87, 0x8F, 0x37, 0x5A, 0x8F, 0x8F, 0x37, 0x57, 0x97, 0x8F, 0x37, 0x53,
    0x9F, 0x8F, 0x37, 0x4D, 0xA7, 0x8F, 0x37, 0x45, 0xAF, 0x8F, 0x37, 0x3C,
    0xB7, 0x8F, 0x37, 0x32, 0xBF, 0x8F, 0x37, 0x26, 0xC7, 0x8F, 0x37, 0x1A,
    0xCF, 0x8F, 0x37, 0x0E, 0xD7, 0x8F, 0x37, 0x00, 0xDF, 0x8F, 0x37, 0x00,
    0xE7, 0x8F, 0x37, 0x00, 0xEF, 0x8F, 0x37, 0x00, 0xF7, 0x8F, 0x37, 0x00,
    0x00, 0x97, 0x37, 0x00, 0x07, 0x97, 0x37, 0x00, 0x0F, 0x97, 0x37, 0x00,
    0x17, 0x97, 0x37, 0x00, 0x1F, 0x97, 0x37, 0x00, 0x27, 0x97, 0x37, 0x00,
    0x2F, 0x97, 0x37, 0x0A, 0x37, 0x97, 0x37, 0x17, 0x3F, 0x97, 0x37, 0x23,
    0x47, 0x97, 0x37, 0x2E, 0x4F, 0x97, 0x37, 0x38, 0x57, 0x97, 0x37, 0x41,
    0x5F, 0x97, 0x37, 0x48, 0x67, 0x97, 0x37, 0x4E, 0x6F, 0x97, 0x37, 0x53,
    0x77, 0x97, 0x37, 0x56, 0x7F, 0x97, 0x37, 0x57, 0x87, 0x97, 0x37, 0x56,
    0x8F, 0x97, 0x37, 0x53, 0x97, 0x97, 0x37, 0x4E, 0x9F, 0x97, 0x37, 0x48,
    0xA7, 0x97, 0x37, 0x41, 0xAF, 0x97, 0x37, 0x38, 0xB7, 0x97, 0x37, 0x2E,
    0xBF, 0x97, 0x37, 0x23, 0xC7, 0x97, 0x37, 0x17, 0xCF, 0x97, 0x37, 0x0A,
    0xD7, 0x97, 0x37, 0x00, 0xDF, 0x97, 0x37, 0x00, 0xE7, 0x97, 0x37, 0x00,
    0xEF, 0x97, 0x37, 0x00, 0xF7, 0x97, 0x37, 0x00, 0x00, 0x9F, 0x37, 0x00,
    0x07, 0x9F, 0x37, 0x00, 0x0F, 0x9F, 0x37, 0x00, 0x17, 0x9F, 0x37, 0x00,
    0x1F, 0x9F, 0x37, 0x00, 0x27, 0x9F, 0x37, 0x00, 0x2F, 0x9F, 0x37, 0x06,
    0x37, 0x9F, 0x37, 0x12, 0x3F, 0x9F, 0x37, 0x1E, 0x47, 0x9F, 0x37, 0x29,
    0x4F, 0x9F, 0x37, 0x32, 0x57, 0x9F, 0x37, 0x3B, 0x5F, 0x9F, 0x37, 0x42,
    0x67, 0x9F, 0x37, 0x48, 0x6F, 0x9F, 0x37, 0x4D, 0x77, 0x9F, 0x37, 0x4F,
    0x7F, 0x9F, 0x37, 0x50, 0x87, 0x9F, 0x37, 0x4F, 0x8F, 0x9F, 0x37, 0x4D,
    0x97, 0x9F, 0x37, 0x48, 0x9F, 0x9F, 0x37, 0x42, 0xA7, 0x9F, 0x37, 0x3B,
    0xAF, 0x9F, 0x37, 0x32, 0xB7, 0x9F, 0x37, 0x29, 0xBF, 0x9F, 0x37, 0x1E,
    0xC7, 0x9F, 0x37, 0x12, 0xCF, 0x9F, 0x37, 0x06, 0xD7, 0x9F, 0x37, 0x00,
    0xDF, 0x9F, 0x37, 0x00, 0xE7, 0x9F, 0x37, 0x00, 0xEF, 0x9F, 0x37, 0x00,
    0xF7, 0x9F, 0x37, 0x00, 0x00, 0xA7, 0x37, 0x00, 0x07, 0xA7, 0x37, 0x00,
    0x0F, 0xA7, 0x37, 0x00, 0x17, 0xA7, 0x37, 0x00, 0x1F, 0xA7, 0x37, 0x00,
    0x27, 0xA7, 0x37, 0x00, 0x2F, 0xA7, 0x37, 0x00, 0x37, 0xA7, 0x37, 0x0C,
    0x3F, 0xA7, 0x37, 0x18, 0x47, 0xA7, 0x37, 0x22, 0x4F, 0xA7, 0x37, 0x2B,
    0x57, 0xA7, 0x37, 0x34, 0x5F, 0xA7, 0x37, 0x3B, 0x67, 0xA7, 0x37, 0x41,
    0x6F, 0xA7, 0x37, 0x45, 0x77, 0xA7, 0x37, 0x47, 0x7F, 0xA7, 0x37, 0x48,
    0x87, 0xA7, 0x37, 0x47, 0x8F, 0xA7, 0x37, 0x45, 0x97, 0xA7, 0x37, 0x41,
    0x9F, 0xA7, 0x37, 0x3B, 0xA7, 0xA7, 0x37, 0x34, 0xAF, 0xA7, 0x37, 0x2B,
    0xB7, 0xA7, 0x37, 0x22, 0xBF, 0xA7, 0x37, 0x18, 0xC7, 0xA7, 0x37, 0x0C,
    0xCF, 0xA7, 0x37, 0x00, 0xD7, 0xA7, 0x37, 0x00, 0xDF, 0xA7, 0x37, 0x00,
    0xE7, 0xA7, 0x37, 0x00, 0xEF, 0xA7, 0x37, 0x00, 0xF7, 0xA7, 0x37, 0x00,
    0x00, 0xAF, 0x37, 0x00, 0x07, 0xAF, 0x37, 0x00, 0x0F, 0xAF, 0x37, 0x00,
    0x17, 0xAF, 0x37, 0x00, 0x1F, 0xAF, 0x37, 0x00, 0x27, 0xAF, 0x37, 0x00,
    0x2F, 0xAF, 0x37, 0x00, 0x37, 0xAF, 0x37, 0x05, 0x3F, 0xAF, 0x37, 0x10,
    0x47, 0xAF, 0x37, 0x1A, 0x4F, 0xAF, 0x37, 0x23, 0x57, 0xAF, 0x37, 0x2B,
    0x5F, 0xAF, 0x37, 0x32, 0x67, 0xAF, 0x37, 0x38, 0x6F, 0xAF, 0x37, 0x3C,
    0x77, 0xAF, 0x37, 0x3E, 0x7F, 0xAF, 0x37, 0x3F, 0x87, 0xAF, 0x37, 0x3E,
    0x8F, 0xAF, 0x37, 0x3C, 0x97, 0xAF, 0x37, 0x38, 0x9F, 0xAF, 0x37, 0x32,
    0xA7, 0xAF, 0x37, 0x2B, 0xAF, 0xAF, 0x37, 0x23, 0xB7, 0xAF, 0x37, 0x1A,
    0xBF, 0xAF, 0x37, 0x10, 0xC7, 0xAF, 0x37, 0x05, 0xCF, 0xAF, 0x37, 0x00,
    0xD7, 0xAF, 0x37, 0x00, 0xDF, 0xAF, 0x37, 0x00, 0xE7, 0xAF, 0x37, 0x00,
    0xEF, 0xAF, 0x37, 0x00, 0xF7, 0xAF, 0x37, 0x00, 0x00, 0xB7, 0x37, 0x00,
    0x07, 0xB7, 0x37, 0x00, 0x0F, 0xB7, 0x37, 0x00, 0x17, 0xB7, 0x37, 0x00,
    0x1F, 0xB7, 0x37, 0x00, 0x27, 0xB7, 0x37, 0x00, 0x2F, 0xB7, 0x37, 0x00,
    0x37, 0xB7, 0x37, 0x00, 0x3F, 0xB7, 0x37, 0x08, 0x47, 0xB7, 0x37, 0x12,
    0x4F, 0xB7, 0x37, 0x1A, 0x57, 0xB7, 0x37, 0x22, 0x5F, 0xB7, 0x37, 0x29,
    0x67, 0xB7, 0x37, 0x2E, 0x6F, 0xB7, 0x37, 0x32, 0x77, 0xB7, 0x37, 0x34,
    0x7F, 0xB7, 0x37, 0x35, 0x87, 0xB7, 0x37, 0x34, 0x8F, 0xB7, 0x37, 0x32,
    0x97, 0xB7, 0x37, 0x2E, 0x9F, 0xB7, 0x37, 0x29, 0xA7, 0xB7, 0x37, 0x22,
    0xAF, 0xB7, 0x37, 0x1A, 0xB7, 0xB7, 0x37, 0x12, 0xBF, 0xB7, 0x37, 0x08,
    0xC7, 0xB7, 0x37, 0x00, 0xCF, 0xB7, 0x37, 0x00, 0xD7, 0xB7, 0x37, 0x00,
    0xDF, 0xB7, 0x37, 0x00, 0xE7, 0xB7, 0x37, 0x00, 0xEF, 0xB7, 0x37, 0x00,
    0xF7, 0xB7, 0x37, 0x00, 0x00, 0xBF, 0x37, 0x00, 0x07, 0xBF, 0x37, 0x00,
    0x0F, 0xBF, 0x37, 0x00, 0x17, 0xBF, 0x37, 0x00, 0x1F, 0xBF, 0x37, 0x00,
    0x27, 0xBF, 0x37, 0x00, 0x2F, 0xBF, 0x37, 0x00, 0x37, 0xBF, 0x37, 0x00,
    0x3F, 0xBF, 0x37, 0x00, 0x47, 0xBF, 0x37, 0x08, 0x4F, 0xBF, 0x37, 0x10,
    0x57, 0xBF, 0x37, 0x18, 0x5F, 0xBF, 0x37, 0x1E, 0x67, 0xBF, 0x37, 0x23,
    0x6F, 0xBF, 0x37, 0x26, 0x77, 0xBF, 0x37, 0x29, 0x7F, 0xBF, 0x37, 0x29,
    0x87, 0xBF, 0x37, 0x29, 0x8F, 0xBF, 0x37, 0x26, 0x97, 0xBF, 0x37, 0x23,
    0x9F, 0xBF, 0x37, 0x1E, 0xA7, 0xBF, 0x37, 0x18, 0xAF, 0xBF, 0x37, 0x10,
    0xB7, 0xBF, 0x37, 0x08, 0xBF, 0xBF, 0x37, 0x00, 0xC7, 0xBF, 0x37, 0x00,
    0xCF, 0xBF, 0x37, 0x00, 0xD7, 0xBF, 0x37, 0x00, 0xDF, 0xBF, 0x37, 0x00,
    0xE7, 0xBF, 0x37, 0x00, 0xEF, 0xBF, 0x37, 0x00, 0xF7, 0xBF, 0x37, 0x00,
    0x00, 0xC7, 0x37, 0x00, 0x07, 0xC7, 0x37, 0x00, 0x0F, 0xC7, 0x37, 0x00,
    0x17, 0xC7, 0x37, 0x00, 0x1F, 0xC7, 0x37, 0x00, 0x27, 0xC7, 0x37, 0x00,
    0x2F, 0xC7, 0x37, 0x00, 0x37, 0xC7, 0x37, 0x00, 0x3F, 0xC7, 0x37, 0x00,
    0x47, 0xC7, 0x37, 0x00, 0x4F, 0xC7, 0x37, 0x05, 0x57, 0xC7, 0x37, 0x0C,
    0x5F, 0xC7, 0x37, 0x12, 0x67, 0xC7, 0x37, 0x17, 0x6F, 0xC7, 0x37, 0x1A,
    0x77, 0xC7, 0x37, 0x1C, 0x7F, 0xC7, 0x37, 0x1D, 0x87, 0xC7, 0x37, 0x1C,
    0x8F, 0xC7, 0x37, 0x1A, 0x97, 0xC7, 0x37, 0x17, 0x9F, 0xC7, 0x37, 0x12,
    0xA7, 0xC7, 0x37, 0x0C, 0xAF, 0xC7, 0x37, 0x05, 0xB7, 0xC7, 0x37, 0x00,
    0xBF, 0xC7, 0x37, 0x00, 0xC7, 0xC7, 0x37, 0x00, 0xCF, 0xC7, 0x37, 0x00,
    0xD7, 0xC7, 0x37, 0x00, 0xDF, 0xC7, 0x37, 0x00, 0xE7, 0xC7, 0x37, 0x00,
    0xEF, 0xC7, 0x37, 0x00, 0xF7, 0xC7, 0x37, 0x00, 0x00, 0xCF, 0x37, 0x00,
    0x07, 0xCF, 0x37, 0x00, 0x0F, 0xCF, 0x37, 0x00, 0x17, 0xCF, 0x37, 0x00,
    0x1F, 0xCF, 0x37, 0x00, 0x27, 0xCF, 0x37, 0x00, 0x2F, 0xCF, 0x37, 0x00,
    0x37, 0xCF, 0x37, 0x00, 0x3F, 0xCF, 0x37, 0x00, 0x47, 0xCF, 0x37, 0x00,
    0x4F, 0xCF, 0x37, 0x00, 0x57, 0xCF, 0x37, 0x00, 0x5F, 0xCF, 0x37, 0x06,
    0x67, 0xCF, 0x37, 0x0A, 0x6F, 0xCF, 0x37, 0x0E, 0x77, 0xCF, 0x37, 0x10,
    0x7F, 0xCF, 0x37, 0x10, 0x87, 0xCF, 0x37, 0x10, 0x8F, 0xCF, 0x37, 0x0E,
    0x97, 0xCF, 0x37, 0x0A, 0x9F, 0xCF, 0x37, 0x06, 0xA7, 0xCF, 0x37, 0x00,
    0xAF, 0xCF, 0x37, 0x00, 0xB7, 0xCF, 0x37, 0x00, 0xBF, 0xCF, 0x37, 0x00,
    0xC7, 0xCF, 0x37, 0x00, 0xCF, 0xCF, 0x37, 0x00, 0xD7, 0xCF, 0x37, 0x00,
    0xDF, 0xCF, 0x37, 0x00, 0xE7, 0xCF, 0x37, 0x00, 0xEF, 0xCF, 0x37, 0x00,
    0xF7, 0xCF, 0x37, 0x00, 0x00, 0xD7, 0x37, 0x00, 0x07, 0xD7, 0x37, 0x00,
    0x0F, 0xD7, 0x37, 0x00, 0x17, 0xD7, 0x37, 0x00, 0x1F, 0xD7, 0x37, 0x00,
    0x27, 0xD7, 0x37, 0x00, 0x2F, 0xD7, 0x37, 0x00, 0x37, 0xD7, 0x37, 0x00,
    0x3F, 0xD7, 0x37, 0x00, 0x47, 0xD7, 0x37, 0x00, 0x4F, 0xD7, 0x37, 0x00,
    0x57, 0xD7, 0x37, 0x00, 0x5F, 0xD7, 0x37, 0x00, 0x67, 0xD7, 0x37, 0x00,
    0x6F, 0xD7, 0x37, 0x00, 0x77, 0xD7, 0x37, 0x02, 0x7F, 0xD7, 0x37, 0x03,
    0x87, 0xD7, 0x37, 0x02, 0x8F, 0xD7, 0x37, 0x00, 0x97, 0xD7, 0x37, 0x00,
    0x9F, 0xD7, 0x37, 0x00, 0xA7, 0xD7, 0x37, 0x00, 0xAF, 0xD7, 0x37, 0x00,
    0xB7, 0xD7, 0x37, 0x00, 0xBF, 0xD7, 0x37, 0x00, 0xC7, 0xD7, 0x37, 0x00,
    0xCF, 0xD7, 0x37, 0x00, 0xD7, 0xD7, 0x37, 0x00, 0xDF, 0xD7, 0x37, 0x00,
    0xE7, 0xD7, 0x37, 0x00, 0xEF, 0xD7, 0x37, 0x00, 0xF7, 0xD7, 0x37, 0x00,
    0x00, 0xDF, 0x37, 0x00, 0x07, 0xDF, 0x37, 0x00, 0x0F, 0xDF, 0x37, 0x00,
    0x17, 0xDF, 0x37, 0x00, 0x1F, 0xDF, 0x37, 0x00, 0x27, 0xDF, 0x37, 0x00,
    0x2F, 0xDF, 0x37, 0x00, 0x37, 0xDF, 0x37, 0x00, 0x3F, 0xDF, 0x37, 0x00,
    0x47, 0xDF, 0x37, 0x00, 0x4F, 0xDF, 0x37, 0x00, 0x57, 0xDF, 0x37, 0x00,
    0x5F, 0xDF, 0x37, 0x00, 0x67, 0xDF, 0x37, 0x00, 0x6F, 0xDF, 0x37, 0x00,
    0x77, 0xDF, 0x37, 0x00, 0x7F, 0xDF, 0x37, 0x00, 0x87, 0xDF, 0x37, 0x00,
    0x8F, 0xDF, 0x37, 0x00, 0x97, 0xDF, 0x37, 0x00, 0x9F, 0xDF, 0x37, 0x00,
    0xA7, 0xDF, 0x37, 0x00, 0xAF, 0xDF, 0x37, 0x00, 0xB7, 0xDF, 0x37, 0x00,
    0xBF, 0xDF, 0x37, 0x00, 0xC7, 0xDF, 0x37, 0x00, 0xCF, 0xDF, 0x37, 0x00,
    0xD7, 0xDF, 0x37, 0x00, 0xDF, 0xDF, 0x37, 0x00, 0xE7, 0xDF, 0x37, 0x00,
    0xEF, 0xDF, 0x37, 0x00, 0xF7, 0xDF, 0x37, 0x00, 0x00, 0xE7, 0x37, 0x00,
    0x07, 0xE7, 0x37, 0x00, 0x0F, 0xE7, 0x37, 0x00, 0x17, 0xE7, 0x37, 0x00,
    0x1F, 0xE7, 0x37, 0x00, 0x27, 0xE7, 0x37, 0x00, 0x2F, 0xE7, 0x37, 0x00,
    0x37, 0xE7, 0x37, 0x00, 0x3F, 0xE7, 0x37, 0x00, 0x47, 0xE7, 0x37, 0x00,
    0x4F, 0xE7, 0x37, 0x00, 0x57, 0xE7, 0x37, 0x00, 0x5F, 0xE7, 0x37, 0x00,
    0x67, 0xE7, 0x37, 0x00, 0x6F, 0xE7, 0x37, 0x00, 0x77, 0xE7, 0x37, 0x00,
    0x7F, 0xE7, 0x37, 0x00, 0x87, 0xE7, 0x37, 0x00, 0x8F, 0xE7, 0x37, 0x00,
    0x97, 0xE7, 0x37, 0x00, 0x9F, 0xE7, 0x37, 0x00, 0xA7, 0xE7, 0x37, 0x00,
    0xAF, 0xE7, 0x37, 0x00, 0xB7, 0xE7, 0x37, 0x00, 0xBF, 0xE7, 0x37, 0x00,
    0xC7, 0xE7, 0x37, 0x00, 0xCF, 0xE7, 0x37, 0x00, 0xD7, 0xE7, 0x37, 0x00,
    0xDF, 0xE7, 0x37, 0x00, 0xE7, 0xE7, 0x37, 0x00, 0xEF, 0xE7, 0x37, 0x00,
    0xF7, 0xE7, 0x37, 0x00, 0x00, 0xEF, 0x37, 0x00, 0x07, 0xEF, 0x37, 0x00,
    0x0F, 0xEF, 0x37, 0x00, 0x17, 0xEF, 0x37, 0x00, 0x1F, 0xEF, 0x37, 0x00,
    0x27, 0xEF, 0x37, 0x00, 0x2F, 0xEF, 0x37, 0x00, 0x37, 0xEF, 0x37, 0x00,
    0x3F, 0xEF, 0x37, 0x00, 0x47, 0xEF, 0x37, 0x00, 0x4F, 0xEF, 0x37, 0x00,
    0x57, 0xEF, 0x37, 0x00, 0x5F, 0xEF, 0x37, 0x00, 0x67, 0xEF, 0x37, 0x00,
    0x6F, 0xEF, 0x37, 0x00, 0x77, 0xEF, 0x37, 0x00, 0x7F, 0xEF, 0x37, 0x00,
    0x87, 0xEF, 0x37, 0x00, 0x8F, 0xEF, 0x37, 0x00, 0x97, 0xEF, 0x37, 0x00,
    0x9F, 0xEF, 0x37, 0x00, 0xA7, 0xEF, 0x37, 0x00, 0xAF, 0xEF, 0x37, 0x00,
    0xB7, 0xEF, 0x37, 0x00, 0xBF, 0xEF, 0x37, 0x00, 0xC7, 0xEF, 0x37, 0x00,
    0xCF, 0xEF, 0x37, 0x00, 0xD7, 0xEF, 0x37, 0x00, 0xDF, 0xEF, 0x37, 0x00,
    0xE7, 0xEF, 0x37, 0x00, 0xEF, 0xEF, 0x37, 0x00, 0xF7, 0xEF, 0x37, 0x00,
    0x00, 0xF7, 0x37, 0x00, 0x07, 0xF7, 0x37, 0x00, 0x0F, 0xF7, 0x37, 0x00,
    0x17, 0xF7, 0x37, 0x00, 0x1F, 0xF7, 0x37, 0x00, 0x27, 0xF7, 0x37, 0x00,
    0x2F, 0xF7, 0x37, 0x00, 0x37, 0xF7, 0x37, 0x00, 0x3F, 0xF7, 0x37, 0x00,
    0x47, 0xF7, 0x37, 0x00, 0x4F, 0xF7, 0x37, 0x00, 0x57, 0xF7, 0x37, 0x00,
    0x5F, 0xF7, 0x37, 0x00, 0x67, 0xF7, 0x37, 0x00, 0x6F, 0xF7, 0x37, 0x00,
    0x77, 0xF7, 0x37, 0x00, 0x7F, 0xF7, 0x37, 0x00, 0x87, 0xF7, 0x37, 0x00,
    0x8F, 0xF7, 0x37, 0x00, 0x97, 0xF7, 0x37, 0x00, 0x9F, 0xF7, 0x37, 0x00,
    0xA7, 0xF7, 0x37, 0x00, 0xAF, 0xF7, 0x37, 0x00, 0xB7, 0xF7, 0x37, 0x00,
    0xBF, 0xF7, 0x37, 0x00, 0xC7, 0xF7, 0x37, 0x00, 0xCF, 0xF7, 0x37, 0x00,
    0xD7, 0xF7, 0x37, 0x00, 0xDF, 0xF7, 0x37, 0x00, 0xE7, 0xF7, 0x37, 0x00,
    0xEF, 0xF7, 0x37, 0x00, 0xF7, 0xF7, 0x37, 0x00, 0x00, 0x00, 0x3F, 0x00,
    0x07, 0x00, 0x3F, 0x00, 0x0F, 0x00, 0x3F, 0x00, 0x17, 0x00, 0x3F, 0x00,
    0x1F, 0x00, 0x3F, 0x00, 0x27, 0x00, 0x3F, 0x00, 0x2F, 0x00, 0x3F, 0x00,
    0x37, 0x00, 0x3F, 0x00, 0x3F, 0x00, 0x3F, 0x00, 0x47, 0x00, 0x3F, 0x00,
    0x4F, 0x00, 0x3F, 0x00, 0x57, 0x00, 0x3F, 0x00, 0x5F, 0x00, 0x3F, 0x00,
    0x67, 0x00, 0x3F, 0x00, 0x6F, 0x00, 0x3F, 0x00, 0x77, 0x00, 0x3F, 0x00,
    0x7F, 0x00, 0x3F, 0x00, 0x87, 0x00, 0x3F, 0x00, 0x8F, 0x00, 0x3F, 0x00,
    0x97, 0x00, 0x3F, 0x00, 0x9F, 0x00, 0x3F, 0x00, 0xA7, 0x00, 0x3F, 0x00,
    0xAF, 0x00, 0x3F, 0x00, 0xB7, 0x00, 0x3F, 0x00, 0xBF, 0x00, 0x3F, 0x00,
    0xC7, 0x00, 0x3F, 0x00, 0xCF, 0x00, 0x3F, 0x00, 0xD7, 0x00, 0x3F, 0x00,
    0xDF, 0x00, 0x3F, 0x00, 0xE7, 0x00, 0x3F, 0x00, 0xEF, 0x00, 0x3F, 0x00,
    0xF7, 0x00, 0x3F, 0x00, 0x00, 0x07, 0x3F, 0x00, 0x07, 0x07, 0x3F, 0x00,
    0x0F, 0x07, 0x3F, 0x00, 0x17, 0x07, 0x3F, 0x00, 0x1F, 0x07, 0x3F, 0x00,
    0x27, 0x07, 0x3F, 0x00, 0x2F, 0x07, 0x3F, 0x00, 0x37, 0x07, 0x3F, 0x00,
    0x3F, 0x07, 0x3F, 0x00, 0x47, 0x07, 0x3F, 0x00, 0x4F, 0x07, 0x3F, 0x00,
    0x57, 0x07, 0x3F, 0x00, 0x5F, 0x07, 0x3F, 0x00, 0x67, 0x07, 0x3F, 0x00,
    0x6F, 0x07, 0x3F, 0x00, 0x77, 0x07, 0x3F, 0x00, 0x7F, 0x07, 0x3F, 0x00,
    0x87, 0x07, 0x3F, 0x00, 0x8F, 0x07, 0x3F, 0x00, 0x97, 0x07, 0x3F, 0x00,
    0x9F, 0x07, 0x3F, 0x00, 0xA7, 0x07, 0x3F, 0x00, 0xAF, 0x07, 0x3F, 0x00,
    0xB7, 0x07, 0x3F, 0x00, 0xBF, 0x07, 0x3F, 0x00, 0xC7, 0x07, 0x3F, 0x00,
    0xCF, 0x07, 0x3F, 0x00, 0xD7, 0x07, 0x3F, 0x00, 0xDF, 0x07, 0x3F, 0x00,
    0xE7, 0x07, 0x3F, 0x00, 0xEF, 0x07, 0x3F, 0x00, 0xF7, 0x07, 0x3F, 0x00,
    0x00, 0x0F, 0x3F, 0x00, 0x07, 0x0F, 0x3F, 0x00, 0x0F, 0x0F, 0x3F, 0x00,
    0x17, 0x0F, 0x3F, 0x00, 0x1F, 0x0F, 0x3F, 0x00, 0x27, 0x0F, 0x3F, 0x00,
    0x2F, 0x0F, 0x3F, 0x00, 0x37, 0x0F, 0x3F, 0x00, 0x3F, 0x0F, 0x3F, 0x00,
    0x47, 0x0F, 0x3F, 0x00, 0x4F, 0x0F, 0x3F, 0x00, 0x57, 0x0F, 0x3F, 0x00,
    0x5F, 0x0F, 0x3F, 0x00, 0x67, 0x0F, 0x3F, 0x00, 0x6F, 0x0F, 0x3F, 0x00,
    0x77, 0x0F, 0x3F, 0x00, 0x7F, 0x0F, 0x3F, 0x00, 0x87, 0x0F, 0x3F, 0x00,
    0x8F, 0x0F, 0x3F, 0x00, 0x97, 0x0F, 0x3F, 0x00, 0x9F, 0x0F, 0x3F, 0x00,
    0xA7, 0x0F, 0x3F, 0x00, 0xAF, 0x0F, 0x3F, 0x00, 0xB7, 0x0F, 0x3F, 0x00,
    0xBF, 0x0F, 0x3F, 0x00, 0xC7, 0x0F, 0x3F, 0x00, 0xCF, 0x0F, 0x3F, 0x00,
    0xD7, 0x0F, 0x3F, 0x00, 0xDF, 0x0F, 0x3F, 0x00, 0xE7, 0x0F, 0x3F, 0x00,
    0xEF, 0x0F, 0x3F, 0x00, 0xF7, 0x0F, 0x3F, 0x00, 0x00, 0x17, 0x3F, 0x00,
    0x07, 0x17, 0x3F, 0x00, 0x0F, 0x17, 0x3F, 0x00, 0x17, 0x17, 0x3F, 0x00,
    0x1F, 0x17, 0x3F, 0x00, 0x27, 0x17, 0x3F, 0x00, 0x2F, 0x17, 0x3F, 0x00,
    0x37, 0x17, 0x3F, 0x00, 0x3F, 0x17, 0x3F, 0x00, 0x47, 0x17, 0x3F, 0x00,
    0x4F, 0x17, 0x3F, 0x00, 0x57, 0x17, 0x3F, 0x00, 0x5F, 0x17, 0x3F, 0x00,
    0x67, 0x17, 0x3F, 0x00, 0x6F, 0x17, 0x3F, 0x00, 0x77, 0x17, 0x3F, 0x00,
    0x7F, 0x17, 0x3F, 0x00, 0x87, 0x17, 0x3F, 0x00, 0x8F, 0x17, 0x3F, 0x00,
    0x97, 0x17, 0x3F, 0x00, 0x9F, 0x17, 0x3F, 0x00, 0xA7, 0x17, 0x3F, 0x00,
    0xAF, 0x17, 0x3F, 0x00, 0xB7, 0x17, 0x3F, 0x00, 0xBF, 0x17, 0x3F, 0x00,
    0xC7, 0x17, 0x3F, 0x00, 0xCF, 0x17, 0x3F, 0x00, 0xD7, 0x17, 0x3F, 0x00,
    0xDF, 0x17, 0x3F, 0x00, 0xE7, 0x17, 0x3F, 0x00, 0xEF, 0x17, 0x3F, 0x00,
    0xF7, 0x17, 0x3F, 0x00, 0x00, 0x1F, 0x3F, 0x00, 0x07, 0x1F, 0x3F, 0x00,
    0x0F, 0x1F, 0x3F, 0x00, 0x17, 0x1F, 0x3F, 0x00, 0x1F, 0x1F, 0x3F, 0x00,
    0x27, 0x1F, 0x3F, 0x00, 0x2F, 0x1F, 0x3F, 0x00, 0x37, 0x1F, 0x3F, 0x00,
    0x3F, 0x1F, 0x3F, 0x00, 0x47, 0x1F, 0x3F, 0x00, 0x4F, 0x1F, 0x3F, 0x00,
    0x57, 0x1F, 0x3F, 0x00, 0x5F, 0x1F, 0x3F, 0x00, 0x67, 0x1F, 0x3F, 0x00,
    0x6F, 0x1F, 0x3F, 0x00, 0x77, 0x1F, 0x3F, 0x00, 0x7F, 0x1F, 0x3F, 0x00,
    0x87, 0x1F, 0x3F, 0x00, 0x8F, 0x1F, 0x3F, 0x00, 0x97, 0x1F, 0x3F, 0x00,
    0x9F, 0x1F, 0x3F, 0x00, 0xA7, 0x1F, 0x3F, 0x00, 0xAF, 0x1F, 0x3F, 0x00,
    0xB7, 0x1F, 0x3F, 0x00, 0xBF, 0x1F, 0x3F, 0x00, 0xC7, 0x1F, 0x3F, 0x00,
    0xCF, 0x1F, 0x3F, 0x00, 0xD7, 0x1F, 0x3F, 0x00, 0xDF, 0x1F, 0x3F, 0x00,
    0xE7, 0x1F, 0x3F, 0x00, 0xEF, 0x1F, 0x3F, 0x00, 0xF7, 0x1F, 0x3F, 0x00,
    0x00, 0x27, 0x3F, 0x00, 0x07, 0x27, 0x3F, 0x00, 0x0F, 0x27, 0x3F, 0x00,
    0x17, 0x27, 0x3F, 0x00, 0x1F, 0x27, 0x3F, 0x00, 0x27, 0x27, 0x3F, 0x00,
    0x2F, 0x27, 0x3F, 0x00, 0x37, 0x27, 0x3F, 0x00, 0x3F, 0x27, 0x3F, 0x00,
    0x47, 0x27, 0x3F, 0x00, 0x4F, 0x27, 0x3F, 0x00, 0x57, 0x27, 0x3F, 0x00,
    0x5F, 0x27, 0x3F, 0x03, 0x67, 0x27, 0x3F, 0x08, 0x6F, 0x27, 0x3F, 0x0B,
    0x77, 0x27, 0x3F, 0x0D, 0x7F, 0x27, 0x3F, 0x0E, 0x87, 0x27, 0x3F, 0x0D,
    0x8F, 0x27, 0x3F, 0x0B, 0x97, 0x27, 0x3F, 0x08, 0x9F, 0x27, 0x3F, 0x03,
    0xA7, 0x27, 0x3F, 0x00, 0xAF, 0x27, 0x3F, 0x00, 0xB7, 0x27, 0x3F, 0x00,
    0xBF, 0x27, 0x3F, 0x00, 0xC7, 0x27, 0x3F, 0x00, 0xCF, 0x27, 0x3F, 0x00,
    0xD7, 0x27, 0x3F, 0x00, 0xDF, 0x27, 0x3F, 0x00, 0xE7, 0x27, 0x3F, 0x00,
    0xEF, 0x27, 0x3F, 0x00, 0xF7, 0x27, 0x3F, 0x00, 0x00, 0x2F, 0x3F, 0x00,
    0x07, 0x2F, 0x3F, 0x00, 0x0F, 0x2F, 0x3F, 0x00, 0x17, 0x2F, 0x3F, 0x00,
    0x1F, 0x2F, 0x3F, 0x00, 0x27, 0x2F, 0x3F, 0x00, 0x2F, 0x2F, 0x3F, 0x00,
    0x37, 0x2F, 0x3F, 0x00, 0x3F, 0x2F, 0x3F, 0x00, 0x47, 0x2F, 0x3F, 0x00,
    0x4F, 0x2F, 0x3F, 0x04, 0x57, 0x2F, 0x3F, 0x0B, 0x5F, 0x2F, 0x3F, 0x11,
    0x67, 0x2F, 0x3F, 0x16, 0x6F, 0x2F, 0x3F, 0x19, 0x77, 0x2F, 0x3F, 0x1B,
    0x7F, 0x2F, 0x3F, 0x1C, 0x87, 0x2F, 0x3F, 0x1B, 0x8F, 0x2F, 0x3F, 0x19,
    0x97, 0x2F, 0x3F, 0x16, 0x9F, 0x2F, 0x3F, 0x11, 0xA7, 0x2F, 0x3F, 0x0B,
    0xAF, 0x2F, 0x3F, 0x04, 0xB7, 0x2F, 0x3F, 0x00, 0xBF, 0x2F, 0x3F, 0x00,
    0xC7, 0x2F, 0x3F, 0x00, 0xCF, 0x2F, 0x3F, 0x00, 0xD7, 0x2F, 0x3F, 0x00,
    0xDF, 0x2F, 0x3F, 0x00, 0xE7, 0x2F, 0x3F, 0x00, 0xEF, 0x2F, 0x3F, 0x00,
    0xF7, 0x2F, 0x3F, 0x00, 0x00, 0x37, 0x3F, 0x00, 0x07, 0x37, 0x3F, 0x00,
    0x0F, 0x37, 0x3F, 0x00, 0x17, 0x37, 0x3F, 0x00, 0x1F, 0x37, 0x3F, 0x00,
    0x27, 0x37, 0x3F, 0x00, 0x2F, 0x37, 0x3F, 0x00, 0x37, 0x37, 0x3F, 0x00,
    0x3F, 0x37, 0x3F, 0x00, 0x47, 0x37, 0x3F, 0x08, 0x4F, 0x37, 0x3F, 0x10,
    0x57, 0x37, 0x3F, 0x18, 0x5F, 0x37, 0x3F, 0x1E, 0x67, 0x37, 0x3F, 0x23,
    0x6F, 0x37, 0x3F, 0x26, 0x77, 0x37, 0x3F, 0x29, 0x7F, 0x37, 0x3F, 0x29,
    0x87, 0x37, 0x3F, 0x29, 0x8F, 0x37, 0x3F, 0x26, 0x97, 0x37, 0x3F, 0x23,
    0x9F, 0x37, 0x3F, 0x1E, 0xA7, 0x37, 0x3F, 0x18, 0xAF, 0x37, 0x3F, 0x10,
    0xB7, 0x37, 0x3F, 0x08, 0xBF, 0x37, 0x3F, 0x00, 0xC7, 0x37, 0x3F, 0x00,
    0xCF, 0x37, 0x3F, 0x00, 0xD7, 0x37, 0x3F, 0x00, 0xDF, 0x37, 0x3F, 0x00,
    0xE7, 0x37, 0x3F, 0x00, 0xEF, 0x37, 0x3F, 0x00, 0xF7, 0x37, 0x3F, 0x00,
    0x00, 0x3F, 0x3F, 0x00, 0x07, 0x3F, 0x3F, 0x00, 0x0F, 0x3F, 0x3F, 0x00,
    0x17, 0x3F, 0x3F, 0x00, 0x1F, 0x3F, 0x3F, 0x00, 0x27, 0x3F, 0x3F, 0x00,
    0x2F, 0x3F, 0x3F, 0x00, 0x37, 0x3F, 0x3F, 0x00, 0x3F, 0x3F, 0x3F, 0x09,
    0x47, 0x3F, 0x3F, 0x13, 0x4F, 0x3F, 0x3F, 0x1C, 0x57, 0x3F, 0x3F, 0x23,
    0x5F, 0x3F, 0x3F, 0x2A, 0x67, 0x3F, 0x3F, 0x2F, 0x6F, 0x3F, 0x3F, 0x33,
    0x77, 0x3F, 0x3F, 0x35, 0x7F, 0x3F, 0x3F, 0x36, 0x87, 0x3F, 0x3F, 0x35,
    0x8F, 0x3F, 0x3F, 0x33, 0x97, 0x3F, 0x3F, 0x2F, 0x9F, 0x3F, 0x3F, 0x2A,
    0xA7, 0x3F, 0x3F, 0x23, 0xAF, 0x3F, 0x3F, 0x1C, 0xB7, 0x3F, 0x3F, 0x13,
    0xBF, 0x3F, 0x3F, 0x09, 0xC7, 0x3F, 0x3F, 0x00, 0xCF, 0x3F, 0x3F, 0x00,
    0xD7, 0x3F, 0x3F, 0x00, 0xDF, 0x3F, 0x3F, 0x00, 0xE7, 0x3F, 0x3F, 0x00,
    0xEF, 0x3F, 0x3F, 0x00, 0xF7, 0x3F, 0x3F, 0x00, 0x00, 0x47, 0x3F, 0x00,
    0x07, 0x47, 0x3F, 0x00, 0x0F, 0x47, 0x3F, 0x00, 0x17, 0x47, 0x3F, 0x00,
    0x1F, 0x47, 0x3F, 0x00, 0x27, 0x47, 0x3F, 0x00, 0x2F, 0x47, 0x3F, 0x00,
    0x37, 0x47, 0x3F, 0x08, 0x3F, 0x47, 0x3F, 0x13, 0x47, 0x47, 0x3F, 0x1D,
    0x4F, 0x47, 0x3F, 0x26, 0x57, 0x47, 0x3F, 0x2E, 0x5F, 0x47, 0x3F, 0x35,
    0x67, 0x47, 0x3F, 0x3B, 0x6F, 0x47, 0x3F, 0x3F, 0x77, 0x47, 0x3F, 0x41,
    0x7F, 0x47, 0x3F, 0x42, 0x87, 0x47, 0x3F, 0x41, 0x8F, 0x47, 0x3F, 0x3F,
    0x97, 0x47, 0x3F, 0x3B, 0x9F, 0x47, 0x3F, 0x35, 0xA7, 0x47, 0x3F, 0x2E,
    0xAF, 0x47, 0x3F, 0x26, 0xB7, 0x47, 0x3F, 0x1D, 0xBF, 0x47, 0x3F, 0x13,
    0xC7, 0x47, 0x3F, 0x08, 0xCF, 0x47, 0x3F, 0x00, 0xD7, 0x47, 0x3F, 0x00,
    0xDF, 0x47, 0x3F, 0x00, 0xE7, 0x47, 0x3F, 0x00, 0xEF, 0x47, 0x3F, 0x00,
    0xF7, 0x47, 0x3F, 0x00, 0x00, 0x4F, 0x3F, 0x00, 0x07, 0x4F, 0x3F, 0x00,
    0x0F, 0x4F, 0x3F, 0x00, 0x17, 0x4F, 0x3F, 0x00, 0x1F, 0x4F, 0x3F, 0x00,
    0x27, 0x4F, 0x3F, 0x00, 0x2F, 0x4F, 0x3F, 0x04, 0x37, 0x4F, 0x3F, 0x10,
    0x3F, 0x4F, 0x3F, 0x1C, 0x47, 0x4F, 0x3F, 0x26, 0x4F, 0x4F, 0x3F, 0x30,
    0x57, 0x4F, 0x3F, 0x39, 0x5F, 0x4F, 0x3F, 0x40, 0x67, 0x4F, 0x3F, 0x46,
    0x6F, 0x4F, 0x3F, 0x4A, 0x77, 0x4F, 0x3F, 0x4D, 0x7F, 0x4F, 0x3F, 0x4D,
    0x87, 0x4F, 0x3F, 0x4D, 0x8F, 0x4F, 0x3F, 0x4A, 0x97, 0x4F, 0x3F, 0x46,
    0x9F, 0x4F, 0x3F, 0x40, 0xA7, 0x4F, 0x3F, 0x39, 0xAF, 0x4F, 0x3F, 0x30,
    0xB7, 0x4F, 0x3F, 0x26, 0xBF, 0x4F, 0x3F, 0x1C, 0xC7, 0x4F, 0x3F, 0x10,
    0xCF, 0x4F, 0x3F, 0x04, 0xD7, 0x4F, 0x3F, 0x00, 0xDF, 0x4F, 0x3F, 0x00,
    0xE7, 0x4F, 0x3F, 0x00, 0xEF, 0x4F, 0x3F, 0x00, 0xF7, 0x4F, 0x3F, 0x00,
    0x00, 0x57, 0x3F, 0x00, 0x07, 0x57, 0x3F, 0x00, 0x0F, 0x57, 0x3F, 0x00,
    0x17, 0x57, 0x3F, 0x00, 0x1F, 0x57, 0x3F, 0x00, 0x27, 0x57, 0x3F, 0x00,
    0x2F, 0x57, 0x3F, 0x0B, 0x37, 0x57, 0x3F, 0x18, 0x3F, 0x57, 0x3F, 0x23,
    0x47, 0x57, 0x3F, 0x2E, 0x4F, 0x57, 0x3F, 0x39, 0x57, 0x57, 0x3F, 0x41,
    0x5F, 0x57, 0x3F, 0x49, 0x67, 0x57, 0x3F, 0x4F, 0x6F, 0x57, 0x3F, 0x54,
    0x77, 0x57, 0x3F, 0x57, 0x7F, 0x57, 0x3F, 0x57, 0x87, 0x57, 0x3F, 0x57,
    0x8F, 0x57, 0x3F, 0x54, 0x97, 0x57, 0x3F, 0x4F, 0x9F, 0x57, 0x3F, 0x49,
    0xA7, 0x57, 0x3F, 0x41, 0xAF, 0x57, 0x3F, 0x39, 0xB7, 0x57, 0x3F, 0x2E,
    0xBF, 0x57, 0x3F, 0x23, 0xC7, 0x57, 0x3F, 0x18, 0xCF, 0x57, 0x3F, 0x0B,
    0xD7, 0x57, 0x3F, 0x00, 0xDF, 0x57, 0x3F, 0x00, 0xE7, 0x57, 0x3F, 0x00,
    0xEF, 0x57, 0x3F, 0x00, 0xF7, 0x57, 0x3F, 0x00, 0x00, 0x5F, 0x3F, 0x00,
    0x07, 0x5F, 0x3F, 0x00, 0x0F, 0x5F, 0x3F, 0x00, 0x17, 0x5F, 0x3F, 0x00,
    0x1F, 0x5F, 0x3F, 0x00, 0x27, 0x5F, 0x3F, 0x03, 0x2F, 0x5F, 0x3F, 0x11,
    0x37, 0x5F, 0x3F, 0x1E, 0x3F, 0x5F, 0x3F, 0x2A, 0x47, 0x5F, 0x3F, 0x35,
    0x4F, 0x5F, 0x3F, 0x40, 0x57, 0x5F, 0x3F, 0x49, 0x5F, 0x5F, 0x3F, 0x51,
    0x67, 0x5F, 0x3F, 0x57, 0x6F, 0x5F, 0x3F, 0x5C, 0x77, 0x5F, 0x3F, 0x5F,
    0x7F, 0x5F, 0x3F, 0x60, 0x87, 0x5F, 0x3F, 0x5F, 0x8F, 0x5F, 0x3F, 0x5C,
    0x97, 0x5F, 0x3F, 0x57, 0x9F, 0x5F, 0x3F, 0x51, 0xA7, 0x5F, 0x3F, 0x49,
    0xAF, 0x5F, 0x3F, 0x40, 0xB7, 0x5F, 0x3F, 0x35, 0xBF, 0x5F, 0x3F, 0x2A,
    0xC7, 0x5F, 0x3F, 0x1E, 0xCF, 0x5F, 0x3F, 0x11, 0xD7, 0x5F, 0x3F, 0x03,
    0xDF, 0x5F, 0x3F, 0x00, 0xE7, 0x5F, 0x3F, 0x00, 0xEF, 0x5F, 0x3F, 0x00,
    0xF7, 0x5F, 0x3F, 0x00, 0x00, 0x67, 0x3F, 0x00, 0x07, 0x67, 0x3F, 0x00,
    0x0F, 0x67, 0x3F, 0x00, 0x17, 0x67, 0x3F, 0x00, 0x1F, 0x67, 0x3F, 0x00,
    0x27, 0x67, 0x3F, 0x08, 0x2F, 0x67, 0x3F, 0x16, 0x37, 0x67, 0x3F, 0x23,
    0x3F, 0x67, 0x3F, 0x2F, 0x47, 0x67, 0x3F, 0x3B, 0x4F, 0x67, 0x3F, 0x46,
    0x57, 0x67, 0x3F, 0x4F, 0x5F, 0x67, 0x3F, 0x57, 0x67, 0x67, 0x3F, 0x5E,
    0x6F, 0x67, 0x3F, 0x63, 0x77, 0x67, 0x3F, 0x66, 0x7F, 0x67, 0x3F, 0x67,
    0x87, 0x67, 0x3F, 0x66, 0x8F, 0x67, 0x3F, 0x63, 0x97, 0x67, 0x3F, 0x5E,
    0x9F, 0x67, 0x3F, 0x57, 0xA7, 0x67, 0x3F, 0x4F, 0xAF, 0x67, 0x3F, 0x46,
    0xB7, 0x67, 0x3F, 0x3B, 0xBF, 0x67, 0x3F, 0x2F, 0xC7, 0x67, 0x3F, 0x23,
    0xCF, 0x67, 0x3F, 0x16, 0xD7, 0x67, 0x3F, 0x08, 0xDF, 0x67, 0x3F, 0x00,
    0xE7, 0x67, 0x3F, 0x00, 0xEF, 0x67, 0x3F, 0x00, 0xF7, 0x67, 0x3F, 0x00,
    0x00, 0x6F, 0x3F, 0x00, 0x07, 0x6F, 0x3F, 0x00, 0x0F, 0x6F, 0x3F, 0x00,
    0x17, 0x6F, 0x3F, 0x00, 0x1F, 0x6F, 0x3F, 0x00, 0x27, 0x6F, 0x3F, 0x0B,
    0x2F, 0x6F, 0x3F, 0x19, 0x37, 0x6F, 0x3F, 0x26, 0x3F, 0x6F, 0x3F, 0x33,
    0x47, 0x6F, 0x3F, 0x3F, 0x4F, 0x6F, 0x3F, 0x4A, 0x57, 0x6F, 0x3F, 0x54,
    0x5F, 0x6F, 0x3F, 0x5C, 0x67, 0x6F, 0x3F, 0x63, 0x6F, 0x6F, 0x3F, 0x68,
    0x77, 0x6F, 0x3F, 0x6B, 0x7F, 0x6F, 0x3F, 0x6C, 0x87, 0x6F, 0x3F, 0x6B,
    0x8F, 0x6F, 0x3F, 0x68, 0x97, 0x6F, 0x3F, 0x63, 0x9F, 0x6F, 0x3F, 0x5C,
    0xA7, 0x6F, 0x3F, 0x54, 0xAF, 0x6F, 0x3F, 0x4A, 0xB7, 0x6F, 0x3F, 0x3F,
    0xBF, 0x6F, 0x3F, 0x33, 0xC7, 0x6F, 0x3F, 0x26, 0xCF, 0x6F, 0x3F, 0x19,
    0xD7, 0x6F, 0x3F, 0x0B, 0xDF, 0x6F, 0x3F, 0x00, 0xE7, 0x6F, 0x3F, 0x00,
    0xEF, 0x6F, 0x3F, 0x00, 0xF7, 0x6F, 0x3F, 0x00, 0x00, 0x77, 0x3F, 0x00,
    0x07, 0x77, 0x3F, 0x00, 0x0F, 0x77, 0x3F, 0x00, 0x17, 0x77, 0x3F, 0x00,
    0x1F, 0x77, 0x3F, 0x00, 0x27, 0x77, 0x3F, 0x0D, 0x2F, 0x77, 0x3F, 0x1B,
    0x37, 0x77, 0x3F, 0x29, 0x3F, 0x77, 0x3F, 0x35, 0x47, 0x77, 0x3F, 0x41,
    0x4F, 0x77, 0x3F, 0x4D, 0x57, 0x77, 0x3F, 0x57, 0x5F, 0x77, 0x3F, 0x5F,
    0x67, 0x77, 0x3F, 0x66, 0x6F, 0x77, 0x3F, 0x6B, 0x77, 0x77, 0x3F, 0x6F,
    0x7F, 0x77, 0x3F, 0x70, 0x87, 0x77, 0x3F, 0x6F, 0x8F, 0x77, 0x3F, 0x6B,
    0x97, 0x77, 0x3F, 0x66, 0x9F, 0x77, 0x3F, 0x5F, 0xA7, 0x77, 0x3F, 0x57,
    0xAF, 0x77, 0x3F, 0x4D, 0xB7, 0x77, 0x3F, 0x41, 0xBF, 0x77, 0x3F, 0x35,
    0xC7, 0x77, 0x3F, 0x29, 0xCF, 0x77, 0x3F, 0x1B, 0xD7, 0x77, 0x3F, 0x0D,
    0xDF, 0x77, 0x3F, 0x00, 0xE7, 0x77, 0x3F, 0x00, 0xEF, 0x77, 0x3F, 0x00,
    0xF7, 0x77, 0x3F, 0x00, 0x00, 0x7F, 0x3F, 0x00, 0x07, 0x7F, 0x3F, 0x00,
    0x0F, 0x7F, 0x3F, 0x00, 0x17, 0x7F, 0x3F, 0x00, 0x1F, 0x7F, 0x3F, 0x00,
    0x27, 0x7F, 0x3F, 0x0E, 0x2F, 0x7F, 0x3F, 0x1C, 0x37, 0x7F, 0x3F, 0x29,
    0x3F, 0x7F, 0x3F, 0x36, 0x47, 0x7F, 0x3F, 0x42, 0x4F, 0x7F, 0x3F, 0x4D,
    0x57, 0x7F, 0x3F, 0x57, 0x5F, 0x7F, 0x3F, 0x60, 0x67, 0x7F, 0x3F, 0x67,
    0x6F, 0x7F, 0x3F, 0x6C, 0x77, 0x7F, 0x3F, 0x70, 0x7F, 0x7F, 0x3F, 0x71,
    0x87, 0x7F, 0x3F, 0x70, 0x8F, 0x7F, 0x3F, 0x6C, 0x97, 0x7F, 0x3F, 0x67,
    0x9F, 0x7F, 0x3F, 0x60, 0xA7, 0x7F, 0x3F, 0x57, 0xAF, 0x7F, 0x3F, 0x4D,
    0xB7, 0x7F, 0x3F, 0x42, 0xBF, 0x7F, 0x3F, 0x36, 0xC7, 0x7F, 0x3F, 0x29,
    0xCF, 0x7F, 0x3F, 0x1C, 0xD7, 0x7F, 0x3F, 0x0E, 0xDF, 0x7F, 0x3F, 0x00,
    0xE7, 0x7F, 0x3F, 0x00, 0xEF, 0x7F, 0x3F, 0x00, 0xF7, 0x7F, 0x3F, 0x00,
    0x00, 0x87, 0x3F, 0x00, 0x07, 0x87, 0x3F, 0x00, 0x0F, 0x87, 0x3F, 0x00,
    0x17, 0x87, 0x3F, 0x00, 0x1F, 0x87, 0x3F, 0x00, 0x27, 0x87, 0x3F, 0x0D,
    0x2F, 0x87, 0x3F, 0x1B, 0x37, 0x87, 0x3F, 0x29, 0x3F, 0x87, 0x3F, 0x35,
    0x47, 0x87, 0x3F, 0x41, 0x4F, 0x87, 0x3F, 0x4D, 0x57, 0x87, 0x3F, 0x57,
    0x5F, 0x87, 0x3F, 0x5F, 0x67, 0x87, 0x3F, 0x66, 0x6F, 0x87, 0x3F, 0x6B,
    0x77, 0x87, 0x3F, 0x6F, 0x7F, 0x87, 0x3F, 0x70, 0x87, 0x87, 0x3F, 0x6F,
    0x8F, 0x87, 0x3F, 0x6B, 0x97, 0x87, 0x3F, 0x66, 0x9F, 0x87, 0x3F, 0x5F,
    0xA7, 0x87, 0x3F, 0x57, 0xAF, 0x87, 0x3F, 0x4D, 0xB7, 0x87, 0x3F, 0x41,
    0xBF, 0x87, 0x3F, 0x35, 0xC7, 0x87, 0x3F, 0x29, 0xCF, 0x87, 0x3F, 0x1B,
    0xD7, 0x87, 0x3F, 0x0D, 0xDF, 0x87, 0x3F, 0x00, 0xE7, 0x87, 0x3F, 0x00,
    0xEF, 0x87, 0x3F, 0x00, 0xF7, 0x87, 0x3F, 0x00, 0x00, 0x8F, 0x3F, 0x00,
    0x07, 0x8F, 0x3F, 0x00, 0x0F, 0x8F, 0x3F, 0x00, 0x17, 0x8F, 0x3F, 0x00,
    0x1F, 0x8F, 0x3F, 0x00, 0x27, 0x8F, 0x3F, 0x0B, 0x2F, 0x8F, 0x3F, 0x19,
    0x37, 0x8F, 0x3F, 0x26, 0x3F, 0x8F, 0x3F, 0x33, 0x47, 0x8F, 0x3F, 0x3F,
    0x4F, 0x8F, 0x3F, 0x4A, 0x57, 0x8F, 0x3F, 0x54, 0x5F, 0x8F, 0x3F, 0x5C,
    0x67, 0x8F, 0x3F, 0x63, 0x6F, 0x8F, 0x3F, 0x68, 0x77, 0x8F, 0x3F, 0x6B,
    0x7F, 0x8F, 0x3F, 0x6C, 0x87, 0x8F, 0x3F, 0x6B, 0x8F, 0x8F, 0x3F, 0x68,
    0x97, 0x8F, 0x3F, 0x63, 0x9F, 0x8F, 0x3F, 0x5C, 0xA7, 0x8F, 0x3F, 0x54,
    0xAF, 0x8F, 0x3F, 0x4A, 0xB7, 0x8F, 0x3F, 0x3F, 0xBF, 0x8F, 0x3F, 0x33,
    0xC7, 0x8F, 0x3F, 0x26, 0xCF, 0x8F, 0x3F, 0x19, 0xD7, 0x8F, 0x3F, 0x0B,
    0xDF, 0x8F, 0x3F, 0x00, 0xE7, 0x8F, 0x3F, 0x00, 0xEF, 0x8F, 0x3F, 0x00,
    0xF7, 0x8F, 0x3F, 0x00, 0x00, 0x97, 0x3F, 0x00, 0x07, 0x97, 0x3F, 0x00,
    0x0F, 0x97, 0x3F, 0x00, 0x17, 0x97, 0x3F, 0x00, 0x1F, 0x97, 0x3F, 0x00,
    0x27, 0x97, 0x3F, 0x08, 0x2F, 0x97, 0x3F, 0x16, 0x37, 0x97, 0x3F, 0x23,
    0x3F, 0x97, 0x3F, 0x2F, 0x47, 0x97, 0x3F, 0x3B, 0x4F, 0x97, 0x3F, 0x46,
    0x57, 0x97, 0x3F, 0x4F, 0x5F, 0x97, 0x3F, 0x57, 0x67, 0x97, 0x3F, 0x5E,
    0x6F, 0x97, 0x3F, 0x63, 0x77, 0x97, 0x3F, 0x66, 0x7F, 0x97, 0x3F, 0x67,
    0x87, 0x97, 0x3F, 0x66, 0x8F, 0x97, 0x3F, 0x63, 0x97, 0x97, 0x3F, 0x5E,
    0x9F, 0x97, 0x3F, 0x57, 0xA7, 0x97, 0x3F, 0x4F, 0xAF, 0x97, 0x3F, 0x46,
    0xB7, 0x97, 0x3F, 0x3B, 0xBF, 0x97, 0x3F, 0x2F, 0xC7, 0x97, 0x3F, 0x23,
    0xCF, 0x97, 0x3F, 0x16, 0xD7, 0x97, 0x3F, 0x08, 0xDF, 0x97, 0x3F, 0x00,
    0xE7, 0x97, 0x3F, 0x00, 0xEF, 0x97, 0x3F, 0x00, 0xF7, 0x97, 0x3F, 0x00,
    0x00, 0x9F, 0x3F, 0x00, 0x07, 0x9F, 0x3F, 0x00, 0x0F, 0x9F, 0x3F, 0x00,
    0x17, 0x9F, 0x3F, 0x00, 0x1F, 0x9F, 0x3F, 0x00, 0x27, 0x9F, 0x3F, 0x03,
    0x2F, 0x9F, 0x3F, 0x11, 0x37, 0x9F, 0x3F, 0x1E, 0x3F, 0x9F, 0x3F, 0x2A,
    0x47, 0x9F, 0x3F, 0x35, 0x4F, 0x9F, 0x3F, 0x40, 0x57, 0x9F, 0x3F, 0x49,
    0x5F, 0x9F, 0x3F, 0x51, 0x67, 0x9F, 0x3F, 0x57, 0x6F, 0x9F, 0x3F, 0x5C,
    0x77, 0x9F, 0x3F, 0x5F, 0x7F, 0x9F, 0x3F, 0x60, 0x87, 0x9F, 0x3F, 0x5F,
    0x8F, 0x9F, 0x3F, 0x5C, 0x97, 0x9F, 0x3F, 0x57, 0x9F, 0x9F, 0x3F, 0x51,
    0xA7, 0x9F, 0x3F, 0x49, 0xAF, 0x9F, 0x3F, 0x40, 0xB7, 0x9F, 0x3F, 0x35,
    0xBF, 0x9F, 0x3F, 0x2A, 0xC7, 0x9F, 0x3F, 0x1E, 0xCF, 0x9F, 0x3F, 0x11,
    0xD7, 0x9F, 0x3F, 0x03, 0xDF, 0x9F, 0x3F, 0x00, 0xE7, 0x9F, 0x3F, 0x00,
    0xEF, 0x9F, 0x3F, 0x00, 0xF7, 0x9F, 0x3F, 0x00, 0x00, 0xA7, 0x3F, 0x00,
    0x07, 0xA7, 0x3F, 0x00, 0x0F, 0xA7, 0x3F, 0x00, 0x17, 0xA7, 0x3F, 0x00,
    0x1F, 0xA7, 0x3F, 0x00, 0x27, 0xA7, 0x3F, 0x00, 0x2F, 0xA7, 0x3F, 0x0B,
    0x37, 0xA7, 0x3F, 0x18, 0x3F, 0xA7, 0x3F, 0x23, 0x47, 0xA7, 0x3F, 0x2E,
    0x4F, 0xA7, 0x3F, 0x39, 0x57, 0xA7, 0x3F, 0x41, 0x5F, 0xA7, 0x3F, 0x49,
    0x67, 0xA7, 0x3F, 0x4F, 0x6F, 0xA7, 0x3F, 0x54, 0x77, 0xA7, 0x3F, 0x57,
    0x7F, 0xA7, 0x3F, 0x57, 0x87, 0xA7, 0x3F, 0x57, 0x8F, 0xA7, 0x3F, 0x54,
    0x97, 0xA7, 0x3F, 0x4F, 0x9F, 0xA7, 0x3F, 0x49, 0xA7, 0xA7, 0x3F, 0x41,
    0xAF, 0xA7, 0x3F, 0x39, 0xB7, 0xA7, 0x3F, 0x2E, 0xBF, 0xA7, 0x3F, 0x23,
    0xC7, 0xA7, 0x3F, 0x18, 0xCF, 0xA7, 0x3F, 0x0B, 0xD7, 0xA7, 0x3F, 0x00,
    0xDF, 0xA7, 0x3F, 0x00, 0xE7, 0xA7, 0x3F, 0x00, 0xEF, 0xA7, 0x3F, 0x00,
    0xF7, 0xA7, 0x3F, 0x00, 0x00, 0xAF, 0x3F, 0x00, 0x07, 0xAF, 0x3F, 0x00,
    0x0F, 0xAF, 0x3F, 0x00, 0x17, 0xAF, 0x3F, 0x00, 0x1F, 0xAF, 0x3F, 0x00,
    0x27, 0xAF, 0x3F, 0x00, 0x2F, 0xAF, 0x3F, 0x04, 0x37, 0xAF, 0x3F, 0x10,
    0x3F, 0xAF, 0x3F, 0x1C, 0x47, 0xAF, 0x3F, 0x26, 0x4F, 0xAF, 0x3F, 0x30,
    0x57, 0xAF, 0x3F, 0x39, 0x5F, 0xAF, 0x3F, 0x40, 0x67, 0xAF, 0x3F, 0x46,
    0x6F, 0xAF, 0x3F, 0x4A, 0x77, 0xAF, 0x3F, 0x4D, 0x7F, 0xAF, 0x3F, 0x4D,
    0x87, 0xAF, 0x3F, 0x4D, 0x8F, 0xAF, 0x3F, 0x4A, 0x97, 0xAF, 0x3F, 0x46,
    0x9F, 0xAF, 0x3F, 0x40, 0xA7, 0xAF, 0x3F, 0x39, 0xAF, 0xAF, 0x3F, 0x30,
    0xB7, 0xAF, 0x3F, 0x26, 0xBF, 0xAF, 0x3F, 0x1C, 0xC7, 0xAF, 0x3F, 0x10,
    0xCF, 0xAF, 0x3F, 0x04, 0xD7, 0xAF, 0x3F, 0x00, 0xDF, 0xAF, 0x3F, 0x00,
    0xE7, 0xAF, 0x3F, 0x00, 0xEF, 0xAF, 0x3F, 0x00, 0xF7, 0xAF, 0x3F, 0x00,
    0x00, 0xB7, 0x3F, 0x00, 0x07, 0xB7, 0x3F, 0x00, 0x0F, 0xB7, 0x3F, 0x00,
    0x17, 0xB7, 0x3F, 0x00, 0x1F, 0xB7, 0x3F, 0x00, 0x27, 0xB7, 0x3F, 0x00,
    0x2F, 0xB7, 0x3F, 0x00, 0x37, 0xB7, 0x3F, 0x08, 0x3F, 0xB7, 0x3F, 0x13,
    0x47, 0xB7, 0x3F, 0x1D, 0x4F, 0xB7, 0x3F, 0x26, 0x57, 0xB7, 0x3F, 0x2E,
    0x5F, 0xB7, 0x3F, 0x35, 0x67, 0xB7, 0x3F, 0x3B, 0x6F, 0xB7, 0x3F, 0x3F,
    0x77, 0xB7, 0x3F, 0x41, 0x7F, 0xB7, 0x3F, 0x42, 0x87, 0xB7, 0x3F, 0x41,
    0x8F, 0xB7, 0x3F, 0x3F, 0x97, 0xB7, 0x3F, 0x3B, 0x9F, 0xB7, 0x3F, 0x35,
    0xA7, 0xB7, 0x3F, 0x2E, 0xAF, 0xB7, 0x3F, 0x26, 0xB7, 0xB7, 0x3F, 0x1D,
    0xBF, 0xB7, 0x3F, 0x13, 0xC7, 0xB7, 0x3F, 0x08, 0xCF, 0xB7, 0x3F, 0x00,
    0xD7, 0xB7, 0x3F, 0x00, 0xDF, 0xB7, 0x3F, 0x00, 0xE7, 0xB7, 0x3F, 0x00,
    0xEF, 0xB7, 0x3F, 0x00, 0xF7, 0xB7, 0x3F, 0x00, 0x00, 0xBF, 0x3F, 0x00,
    0x07, 0xBF, 0x3F, 0x00, 0x0F, 0xBF, 0x3F, 0x00, 0x17, 0xBF, 0x3F, 0x00,
    0x1F, 0xBF, 0x3F, 0x00, 0x27, 0xBF, 0x3F, 0x00, 0x2F, 0xBF, 0x3F, 0x00,
    0x37, 0xBF, 0x3F, 0x00, 0x3F, 0xBF, 0x3F, 0x09, 0x47, 0xBF, 0x3F, 0x13,
    0x4F, 0xBF, 0x3F, 0x1C, 0x57, 0xBF, 0x3F, 0x23, 0x5F, 0xBF, 0x3F, 0x2A,
    0x67, 0xBF, 0x3F, 0x2F, 0x6F, 0xBF, 0x3F, 0x33, 0x77, 0xBF, 0x3F, 0x35,
    0x7F, 0xBF, 0x3F, 0x36, 0x87, 0xBF, 0x3F, 0x35, 0x8F, 0xBF, 0x3F, 0x33,
    0x97, 0xBF, 0x3F, 0x2F, 0x9F, 0xBF, 0x3F, 0x2A, 0xA7, 0xBF, 0x3F, 0x23,
    0xAF, 0xBF, 0x3F, 0x1C, 0xB7, 0xBF, 0x3F, 0x13, 0xBF, 0xBF, 0x3F, 0x09,
    0xC7, 0xBF, 0x3F, 0x00, 0xCF, 0xBF, 0x3F, 0x00, 0xD7, 0xBF, 0x3F, 0x00,
    0xDF, 0xBF, 0x3F, 0x00, 0xE7, 0xBF, 0x3F, 0x00, 0xEF, 0xBF, 0x3F, 0x00,
    0xF7, 0xBF, 0x3F, 0x00, 0x00, 0xC7, 0x3F, 0x00, 0x07, 0xC7, 0x3F, 0x00,
    0x0F, 0xC7, 0x3F, 0x00, 0x17, 0xC7, 0x3F, 0x00, 0x1F, 0xC7, 0x3F, 0x00,
    0x27, 0xC7, 0x3F, 0x00, 0x2F, 0xC7, 0x3F, 0x00, 0x37, 0xC7, 0x3F, 0x00,
    0x3F, 0xC7, 0x3F, 0x00, 0x47, 0xC7, 0x3F, 0x08, 0x4F, 0xC7, 0x3F, 0x10,
    0x57, 0xC7, 0x3F, 0x18, 0x5F, 0xC7, 0x3F, 0x1E, 0x67, 0xC7, 0x3F, 0x23,
    0x6F, 0xC7, 0x3F, 0x26, 0x77, 0xC7, 0x3F, 0x29, 0x7F, 0xC7, 0x3F, 0x29,
    0x87, 0xC7, 0x3F, 0x29, 0x8F, 0xC7, 0x3F, 0x26, 0x97, 0xC7, 0x3F, 0x23,
    0x9F, 0xC7, 0x3F, 0x1E, 0xA7, 0xC7, 0x3F, 0x18, 0xAF, 0xC7, 0x3F, 0x10,
    0xB7, 0xC7, 0x3F, 0x08, 0xBF, 0xC7, 0x3F, 0x00, 0xC7, 0xC7, 0x3F, 0x00,
    0xCF, 0xC7, 0x3F, 0x00, 0xD7, 0xC7, 0x3F, 0x00, 0xDF, 0xC7, 0x3F, 0x00,
    0xE7, 0xC7, 0x3F, 0x00, 0xEF, 0xC7, 0x3F, 0x00, 0xF7, 0xC7, 0x3F, 0x00,
    0x00, 0xCF, 0x3F, 0x00, 0x07, 0xCF, 0x3F, 0x00, 0x0F, 0xCF, 0x3F, 0x00,
    0x17, 0xCF, 0x3F, 0x00, 0x1F, 0xCF, 0x3F, 0x00, 0x27, 0xCF, 0x3F, 0x00,
    0x2F, 0xCF, 0x3F, 0x00, 0x37, 0xCF, 0x3F, 0x00, 0x3F, 0xCF, 0x3F, 0x00,
    0x47, 0xCF, 0x3F, 0x00, 0x4F, 0xCF, 0x3F, 0x04, 0x57, 0xCF, 0x3F, 0x0B,
    0x5F, 0xCF, 0x3F, 0x11, 0x67, 0xCF, 0x3F, 0x16, 0x6F, 0xCF, 0x3F, 0x19,
    0x77, 0xCF, 0x3F, 0x1B, 0x7F, 0xCF, 0x3F, 0x1C, 0x87, 0xCF, 0x3F, 0x1B,
    0x8F, 0xCF, 0x3F, 0x19, 0x97, 0xCF, 0x3F, 0x16, 0x9F, 0xCF, 0x3F, 0x11,
    0xA7, 0xCF, 0x3F, 0x0B, 0xAF, 0xCF, 0x3F, 0x04, 0xB7, 0xCF, 0x3F, 0x00,
    0xBF, 0xCF, 0x3F, 0x00, 0xC7, 0xCF, 0x3F, 0x00, 0xCF, 0xCF, 0x3F, 0x00,
    0xD7, 0xCF, 0x3F, 0x00, 0xDF, 0xCF, 0x3F, 0x00, 0xE7, 0xCF, 0x3F, 0x00,
    0xEF, 0xCF, 0x3F, 0x00, 0xF7, 0xCF, 0x3F, 0x00, 0x00, 0xD7, 0x3F, 0x00,
    0x07, 0xD7, 0x3F, 0x00, 0x0F, 0xD7, 0x3F, 0x00, 0x17, 0xD7, 0x3F, 0x00,
    0x1F, 0xD7, 0x3F, 0x00, 0x27, 0xD7, 0x3F, 0x00, 0x2F, 0xD7, 0x3F, 0x00,
    0x37, 0xD7, 0x3F, 0x00, 0x3F, 0xD7, 0x3F, 0x00, 0x47, 0xD7, 0x3F, 0x00,
    0x4F, 0xD7, 0x3F, 0x00, 0x57, 0xD7, 0x3F, 0x00, 0x5F, 0xD7, 0x3F, 0x03,
    0x67, 0xD7, 0x3F, 0x08, 0x6F, 0xD7, 0x3F, 0x0B, 0x77, 0xD7, 0x3F, 0x0D,
    0x7F, 0xD7, 0x3F, 0x0E, 0x87, 0xD7, 0x3F, 0x0D, 0x8F, 0xD7, 0x3F, 0x0B,
    0x97, 0xD7, 0x3F, 0x08, 0x9F, 0xD7, 0x3F, 0x03, 0xA7, 0xD7, 0x3F, 0x00,
    0xAF, 0xD7, 0x3F, 0x00, 0xB7, 0xD7, 0x3F, 0x00, 0xBF, 0xD7, 0x3F, 0x00,
    0xC7, 0xD7, 0x3F, 0x00, 0xCF, 0xD7, 0x3F, 0x00, 0xD7, 0xD7, 0x3F, 0x00,
    0xDF, 0xD7, 0x3F, 0x00, 0xE7, 0xD7, 0x3F, 0x00, 0xEF, 0xD7, 0x3F, 0x00,
    0xF7, 0xD7, 0x3F, 0x00, 0x00, 0xDF, 0x3F, 0x00, 0x07, 0xDF, 0x3F, 0x00,
    0x0F, 0xDF, 0x3F, 0x00, 0x17, 0xDF, 0x3F, 0x00, 0x1F, 0xDF, 0x3F, 0x00,
    0x27, 0xDF, 0x3F, 0x00, 0x2F, 0xDF, 0x3F, 0x00, 0x37, 0xDF, 0x3F, 0x00,
    0x3F, 0xDF, 0x3F, 0x00, 0x47, 0xDF, 0x3F, 0x00, 0x4F, 0xDF, 0x3F, 0x00,
    0x57, 0xDF, 0x3F, 0x00, 0x5F, 0xDF, 0x3F, 0x00, 0x67, 0xDF, 0x3F, 0x00,
    0x6F, 0xDF, 0x3F, 0x00, 0x77, 0xDF, 0x3F, 0x00, 0x7F, 0xDF, 0x3F, 0x00,
    0x87, 0xDF, 0x3F, 0x00, 0x8F, 0xDF, 0x3F, 0x00, 0x97, 0xDF, 0x3F, 0x00,
    0x9F, 0xDF, 0x3F, 0x00, 0xA7, 0xDF, 0x3F, 0x00, 0xAF, 0xDF, 0x3F, 0x00,
    0xB7, 0xDF, 0x3F, 0x00, 0xBF, 0xDF, 0x3F, 0x00, 0xC7, 0xDF, 0x3F, 0x00,
    0xCF, 0xDF, 0x3F, 0x00, 0xD7, 0xDF, 0x3F, 0x00, 0xDF, 0xDF, 0x3F, 0x00,
    0xE7, 0xDF, 0x3F, 0x00, 0xEF, 0xDF, 0x3F, 0x00, 0xF7, 0xDF, 0x3F, 0x00,
    0x00, 0xE7, 0x3F, 0x00, 0x07, 0xE7, 0x3F, 0x00, 0x0F, 0xE7, 0x3F, 0x00,
    0x17, 0xE7, 0x3F, 0x00, 0x1F, 0xE7, 0x3F, 0x00, 0x27, 0xE7, 0x3F, 0x00,
    0x2F, 0xE7, 0x3F, 0x00, 0x37, 0xE7, 0x3F, 0x00, 0x3F, 0xE7, 0x3F, 0x00,
    0x47, 0xE7, 0x3F, 0x00, 0x4F, 0xE7, 0x3F, 0x00, 0x57, 0xE7, 0x3F, 0x00,
    0x5F, 0xE7, 0x3F, 0x00, 0x67, 0xE7, 0x3F, 0x00, 0x6F, 0xE7, 0x3F, 0x00,
    0x77, 0xE7, 0x3F, 0x00, 0x7F, 0xE7, 0x3F, 0x00, 0x87, 0xE7, 0x3F, 0x00,
    0x8F, 0xE7, 0x3F, 0x00, 0x97, 0xE7, 0x3F, 0x00, 0x9F, 0xE7, 0x3F, 0x00,
    0xA7, 0xE7, 0x3F, 0x00, 0xAF, 0xE7, 0x3F, 0x00, 0xB7, 0xE7, 0x3F, 0x00,
    0xBF, 0xE7, 0x3F, 0x00, 0xC7, 0xE7, 0x3F, 0x00, 0xCF, 0xE7, 0x3F, 0x00,
    0xD7, 0xE7, 0x3F, 0x00, 0xDF, 0xE7, 0x3F, 0x00, 0xE7, 0xE7, 0x3F, 0x00,
    0xEF, 0xE7, 0x3F, 0x00, 0xF7, 0xE7, 0x3F, 0x00, 0x00, 0xEF, 0x3F, 0x00,
    0x07, 0xEF, 0x3F, 0x00, 0x0F, 0xEF, 0x3F, 0x00, 0x17, 0xEF, 0x3F, 0x00,
    0x1F, 0xEF, 0x3F, 0x00, 0x27, 0xEF, 0x3F, 0x00, 0x2F, 0xEF, 0x3F, 0x00,
    0x37, 0xEF, 0x3F, 0x00, 0x3F, 0xEF, 0x3F, 0x00, 0x47, 0xEF, 0x3F, 0x00,
    0x4F, 0xEF, 0x3F, 0x00, 0x57, 0xEF, 0x3F, 0x00, 0x5F, 0xEF, 0x3F, 0x00,
    0x67, 0xEF, 0x3F, 0x00, 0x6F, 0xEF, 0x3F, 0x00, 0x77, 0xEF, 0x3F, 0x00,
    0x7F, 0xEF, 0x3F, 0x00, 0x87, 0xEF, 0x3F, 0x00, 0x8F, 0xEF, 0x3F, 0x00,
    0x97, 0xEF, 0x3F, 0x00, 0x9F, 0xEF, 0x3F, 0x00, 0xA7, 0xEF, 0x3F, 0x00,
    0xAF, 0xEF, 0x3F, 0x00, 0xB7, 0xEF, 0x3F, 0x00, 0xBF, 0xEF, 0x3F, 0x00,
    0xC7, 0xEF, 0x3F, 0x00, 0xCF, 0xEF, 0x3F, 0x00, 0xD7, 0xEF, 0x3F, 0x00,
    0xDF, 0xEF, 0x3F, 0x00, 0xE7, 0xEF, 0x3F, 0x00, 0xEF, 0xEF, 0x3F, 0x00,
    0xF7, 0xEF, 0x3F, 0x00, 0x00, 0xF7, 0x3F, 0x00, 0x07, 0xF7, 0x3F, 0x00,
    0x0F, 0xF7, 0x3F, 0x00, 0x17, 0xF7, 0x3F, 0x00, 0x1F, 0xF7, 0x3F, 0x00,
    0x27, 0xF7, 0x3F, 0x00, 0x2F, 0xF7, 0x3F, 0x00, 0x37, 0xF7, 0x3F, 0x00,
    0x3F, 0xF7, 0x3F, 0x00, 0x47, 0xF7, 0x3F, 0x00, 0x4F, 0xF7, 0x3F, 0x00,
    0x57, 0xF7, 0x3F, 0x00, 0x5F, 0xF7, 0x3F, 0x00, 0x67, 0xF7, 0x3F, 0x00,
    0x6F, 0xF7, 0x3F, 0x00, 0x77, 0xF7, 0x3F, 0x00, 0x7F, 0xF7, 0x3F, 0x00,
    0x87, 0xF7, 0x3F, 0x00, 0x8F, 0xF7, 0x3F, 0x00, 0x97, 0xF7, 0x3F, 0x00,
    0x9F, 0xF7, 0x3F, 0x00, 0xA7, 0xF7, 0x3F, 0x00, 0xAF, 0xF7, 0x3F, 0x00,
    0xB7, 0xF7, 0x3F, 0x00, 0xBF, 0xF7, 0x3F, 0x00, 0xC7, 0xF7, 0x3F, 0x00,
    0xCF, 0xF7, 0x3F, 0x00, 0xD7, 0xF7, 0x3F, 0x00, 0xDF, 0xF7, 0x3F, 0x00,
    0xE7, 0xF7, 0x3F, 0x00, 0xEF, 0xF7, 0x3F, 0x00, 0xF7, 0xF7, 0x3F, 0x00,
    0x00, 0x00, 0x47, 0x00, 0x07, 0x00, 0x47, 0x00, 0x0F, 0x00, 0x47, 0x00,
    0x17, 0x00, 0x47, 0x00, 0x1F, 0x00, 0x47, 0x00, 0x27, 0x00, 0x47, 0x00,
    0x2F, 0x00, 0x47, 0x00, 0x37, 0x00, 0x47, 0x00, 0x3F, 0x00, 0x47, 0x00,
    0x47, 0x00, 0x47, 0x00, 0x4F, 0x00, 0x47, 0x00, 0x57, 0x00, 0x47, 0x00,
    0x5F, 0x00, 0x47, 0x00, 0x67, 0x00, 0x47, 0x00, 0x6F, 0x00, 0x47, 0x00,
    0x77, 0x00, 0x47, 0x00, 0x7F, 0x00, 0x47, 0x00, 0x87, 0x00, 0x47, 0x00,
    0x8F, 0x00, 0x47, 0x00, 0x97, 0x00, 0x47, 0x00, 0x9F, 0x00, 0x47, 0x00,
    0xA7, 0x00, 0x47, 0x00, 0xAF, 0x00, 0x47, 0x00, 0xB7, 0x00, 0x47, 0x00,
    0xBF, 0x00, 0x47, 0x00, 0xC7, 0x00, 0x47, 0x00, 0xCF, 0x00, 0x47, 0x00,
    0xD7, 0x00, 0x47, 0x00, 0xDF, 0x00, 0x47, 0x00, 0xE7, 0x00, 0x47, 0x00,
    0xEF, 0x00, 0x47, 0x00, 0xF7, 0x00, 0x47, 0x00, 0x00, 0x07, 0x47, 0x00,
    0x07, 0x07, 0x47, 0x00, 0x0F, 0x07, 0x47, 0x00, 0x17, 0x07, 0x47, 0x00,
    0x1F, 0x07, 0x47, 0x00, 0x27, 0x07, 0x47, 0x00, 0x2F, 0x07, 0x47, 0x00,
    0x37, 0x07, 0x47, 0x00, 0x3F, 0x07, 0x47, 0x00, 0x47, 0x07, 0x47, 0x00,
    0x4F, 0x07, 0x47, 0x00, 0x57, 0x07, 0x47, 0x00, 0x5F, 0x07, 0x47, 0x00,
    0x67, 0x07, 0x47, 0x00, 0x6F, 0x07, 0x47, 0x00, 0x77, 0x07, 0x47, 0x00,
    0x7F, 0x07, 0x47, 0x00, 0x87, 0x07, 0x47, 0x00, 0x8F, 0x07, 0x47, 0x00,
    0x97, 0x07, 0x47, 0x00, 0x9F, 0x07, 0x47, 0x00, 0xA7, 0x07, 0x47, 0x00,
    0xAF, 0x07, 0x47, 0x00, 0xB7, 0x07, 0x47, 0x00, 0xBF, 0x07, 0x47, 0x00,
    0xC7, 0x07, 0x47, 0x00, 0xCF, 0x07, 0x47, 0x00, 0xD7, 0x07, 0x47, 0x00,
    0xDF, 0x07, 0x47, 0x00, 0xE7, 0x07, 0x47, 0x00, 0xEF, 0x07, 0x47, 0x00,
    0xF7, 0x07, 0x47, 0x00, 0x00, 0x0F, 0x47, 0x00, 0x07, 0x0F, 0x47, 0x00,
    0x0F, 0x0F, 0x47, 0x00, 0x17, 0x0F, 0x47, 0x00, 0x1F, 0x0F, 0x47, 0x00,
    0x27, 0x0F, 0x47, 0x00, 0x2F, 0x0F, 0x47, 0x00, 0x37, 0x0F, 0x47, 0x00,
    0x3F, 0x0F, 0x47, 0x00, 0x47, 0x0F, 0x47, 0x00, 0x4F, 0x0F, 0x47, 0x00,
    0x57, 0x0F, 0x47, 0x00, 0x5F, 0x0F, 0x47, 0x00, 0x67, 0x0F, 0x47, 0x00,
    0x6F, 0x0F, 0x47, 0x00, 0x77, 0x0F, 0x47, 0x00, 0x7F, 0x0F, 0x47, 0x00,
    0x87, 0x0F, 0x47, 0x00, 0x8F, 0x0F, 0x47, 0x00, 0x97, 0x0F, 0x47, 0x00,
    0x9F, 0x0F, 0x47, 0x00, 0xA7, 0x0F, 0x47, 0x00, 0xAF, 0x0F, 0x47, 0x00,
    0xB7, 0x0F, 0x47, 0x00, 0xBF, 0x0F, 0x47, 0x00, 0xC7, 0x0F, 0x47, 0x00,
    0xCF, 0x0F, 0x47, 0x00, 0xD7, 0x0F, 0x47, 0x00, 0xDF, 0x0F, 0x47, 0x00,
    0xE7, 0x0F, 0x47, 0x00, 0xEF, 0x0F, 0x47, 0x00, 0xF7, 0x0F, 0x47, 0x00,
    0x00, 0x17, 0x47, 0x00, 0x07, 0x17, 0x47, 0x00, 0x0F, 0x17, 0x47, 0x00,
    0x17, 0x17, 0x47, 0x00, 0x1F, 0x17, 0x47, 0x00, 0x27, 0x17, 0x47, 0x00,
    0x2F, 0x17, 0x47, 0x00, 0x37, 0x17, 0x47, 0x00, 0x3F, 0x17, 0x47, 0x00,
    0x47, 0x17, 0x47, 0x00, 0x4F, 0x17, 0x47, 0x00, 0x57, 0x17, 0x47, 0x00,
    0x5F, 0x17, 0x47, 0x00, 0x67, 0x17, 0x47, 0x00, 0x6F, 0x17, 0x47, 0x00,
    0x77, 0x17, 0x47, 0x00, 0x7F, 0x17, 0x47, 0x00, 0x87, 0x17, 0x47, 0x00,
    0x8F, 0x17, 0x47, 0x00, 0x97, 0x17, 0x47, 0x00, 0x9F, 0x17, 0x47, 0x00,
    0xA7, 0x17, 0x47, 0x00, 0xAF, 0x17, 0x47, 0x00, 0xB7, 0x17, 0x47, 0x00,
    0xBF, 0x17, 0x47, 0x00, 0xC7, 0x17, 0x47, 0x00, 0xCF, 0x17, 0x47, 0x00,
    0xD7, 0x17, 0x47, 0x00, 0xDF, 0x17, 0x47, 0x00, 0xE7, 0x17, 0x47, 0x00,
    0xEF, 0x17, 0x47, 0x00, 0xF7, 0x17, 0x47, 0x00, 0x00, 0x1F, 0x47, 0x00,
    0x07, 0x1F, 0x47, 0x00, 0x0F, 0x1F, 0x47, 0x00, 0x17, 0x1F, 0x47, 0x00,
    0x1F, 0x1F, 0x47, 0x00, 0x27, 0x1F, 0x47, 0x00, 0x2F, 0x1F, 0x47, 0x00,
    0x37, 0x1F, 0x47, 0x00, 0x3F, 0x1F, 0x47, 0x00, 0x47, 0x1F, 0x47, 0x00,
    0x4F, 0x1F, 0x47, 0x00, 0x57, 0x1F, 0x47, 0x00, 0x5F, 0x1F, 0x47, 0x00,
    0x67, 0x1F, 0x47, 0x03, 0x6F, 0x1F, 0x47, 0x06, 0x77, 0x1F, 0x47, 0x08,
    0x7F, 0x1F, 0x47, 0x08, 0x87, 0x1F, 0x47, 0x08, 0x8F, 0x1F, 0x47, 0x06,
    0x97, 0x1F, 0x47, 0x03, 0x9F, 0x1F, 0x47, 0x00, 0xA7, 0x1F, 0x47, 0x00,
    0xAF, 0x1F, 0x47, 0x00, 0xB7, 0x1F, 0x47, 0x00, 0xBF, 0x1F, 0x47, 0x00,
    0xC7, 0x1F, 0x47, 0x00, 0xCF, 0x1F, 0x47, 0x00, 0xD7, 0x1F, 0x47, 0x00,
    0xDF, 0x1F, 0x47, 0x00, 0xE7, 0x1F, 0x47, 0x00, 0xEF, 0x1F, 0x47, 0x00,
    0xF7, 0x1F, 0x47, 0x00, 0x00, 0x27, 0x47, 0x00, 0x07, 0x27, 0x47, 0x00,
    0x0F, 0x27, 0x47, 0x00, 0x17, 0x27, 0x47, 0x00, 0x1F, 0x27, 0x47, 0x00,
    0x27, 0x27, 0x47, 0x00, 0x2F, 0x27, 0x47, 0x00, 0x37, 0x27, 0x47, 0x00,
    0x3F, 0x27, 0x47, 0x00, 0x47, 0x27, 0x47, 0x00, 0x4F, 0x27, 0x47, 0x00,
    0x57, 0x27, 0x47, 0x07, 0x5F, 0x27, 0x47, 0x0D, 0x67, 0x27, 0x47, 0x12,
    0x6F, 0x27, 0x47, 0x15, 0x77, 0x27, 0x47, 0x17, 0x7F, 0x27, 0x47, 0x18,
    0x87, 0x27, 0x47, 0x17, 0x8F, 0x27, 0x47, 0x15, 0x97, 0x27, 0x47, 0x12,
    0x9F, 0x27, 0x47, 0x0D, 0xA7, 0x27, 0x47, 0x07, 0xAF, 0x27, 0x47, 0x00,
    0xB7, 0x27, 0x47, 0x00, 0xBF, 0x27, 0x47, 0x00, 0xC7, 0x27, 0x47, 0x00,
    0xCF, 0x27, 0x47, 0x00, 0xD7, 0x27, 0x47, 0x00, 0xDF, 0x27, 0x47, 0x00,
    0xE7, 0x27, 0x47, 0x00, 0xEF, 0x27, 0x47, 0x00, 0xF7, 0x27, 0x47, 0x00,
    0x00, 0x2F, 0x47, 0x00, 0x07, 0x2F, 0x47, 0x00, 0x0F, 0x2F, 0x47, 0x00,
    0x17, 0x2F, 0x47, 0x00, 0x1F, 0x2F, 0x47, 0x00, 0x27, 0x2F, 0x47, 0x00,
    0x2F, 0x2F, 0x47, 0x00, 0x37, 0x2F, 0x47, 0x00, 0x3F, 0x2F, 0x47, 0x00,
    0x47, 0x2F, 0x47, 0x05, 0x4F, 0x2F, 0x47, 0x0E, 0x57, 0x2F, 0x47, 0x15,
    0x5F, 0x2F, 0x47, 0x1B, 0x67, 0x2F, 0x47, 0x20, 0x6F, 0x2F, 0x47, 0x23,
    0x77, 0x2F, 0x47, 0x26, 0x7F, 0x2F, 0x47, 0x26, 0x87, 0x2F, 0x47, 0x26,
    0x8F, 0x2F, 0x47, 0x23, 0x97, 0x2F, 0x47, 0x20, 0x9F, 0x2F, 0x47, 0x1B,
    0xA7, 0x2F, 0x47, 0x15, 0xAF, 0x2F, 0x47, 0x0E, 0xB7, 0x2F, 0x47, 0x05,
    0xBF, 0x2F, 0x47, 0x00, 0xC7, 0x2F, 0x47, 0x00, 0xCF, 0x2F, 0x47, 0x00,
    0xD7, 0x2F, 0x47, 0x00, 0xDF, 0x2F, 0x47, 0x00, 0xE7, 0x2F, 0x47, 0x00,
    0xEF, 0x2F, 0x47, 0x00, 0xF7, 0x2F, 0x47, 0x00, 0x00, 0x37, 0x47, 0x00,
    0x07, 0x37, 0x47, 0x00, 0x0F, 0x37, 0x47, 0x00, 0x17, 0x37, 0x47, 0x00,
    0x1F, 0x37, 0x47, 0x00, 0x27, 0x37, 0x47, 0x00, 0x2F, 0x37, 0x47, 0x00,
    0x37, 0x37, 0x47, 0x00, 0x3F, 0x37, 0x47, 0x08, 0x47, 0x37, 0x47, 0x12,
    0x4F, 0x37, 0x47, 0x1A, 0x57, 0x37, 0x47, 0x22, 0x5F, 0x37, 0x47, 0x29,
    0x67, 0x37, 0x47, 0x2E, 0x6F, 0x37, 0x47, 0x32, 0x77, 0x37, 0x47, 0x34,
    0x7F, 0x37, 0x47, 0x35, 0x87, 0x37, 0x47, 0x34, 0x8F, 0x37, 0x47, 0x32,
    0x97, 0x37, 0x47, 0x2E, 0x9F, 0x37, 0x47, 0x29, 0xA7, 0x37, 0x47, 0x22,
    0xAF, 0x37, 0x47, 0x1A, 0xB7, 0x37, 0x47, 0x12, 0xBF, 0x37, 0x47, 0x08,
    0xC7, 0x37, 0x47, 0x00, 0xCF, 0x37, 0x47, 0x00, 0xD7, 0x37, 0x47, 0x00,
    0xDF, 0x37, 0x47, 0x00, 0xE7, 0x37, 0x47, 0x00, 0xEF, 0x37, 0x47, 0x00,
    0xF7, 0x37, 0x47, 0x00, 0x00, 0x3F, 0x47, 0x00, 0x07, 0x3F, 0x47, 0x00,
    0x0F, 0x3F, 0x47, 0x00, 0x17, 0x3F, 0x47, 0x00, 0x1F, 0x3F, 0x47, 0x00,
    0x27, 0x3F, 0x47, 0x00, 0x2F, 0x3F, 0x47, 0x00, 0x37, 0x3F, 0x47, 0x08,
    0x3F, 0x3F, 0x47, 0x13, 0x47, 0x3F, 0x47, 0x1D, 0x4F, 0x3F, 0x47, 0x26,
    0x57, 0x3F, 0x47, 0x2E, 0x5F, 0x3F, 0x47, 0x35, 0x67, 0x3F, 0x47, 0x3B,
    0x6F, 0x3F, 0x47, 0x3F, 0x77, 0x3F, 0x47, 0x41, 0x7F, 0x3F, 0x47, 0x42,
    0x87, 0x3F, 0x47, 0x41, 0x8F, 0x3F, 0x47, 0x3F, 0x97, 0x3F, 0x47, 0x3B,
    0x9F, 0x3F, 0x47, 0x35, 0xA7, 0x3F, 0x47, 0x2E, 0xAF, 0x3F, 0x47, 0x26,
    0xB7, 0x3F, 0x47, 0x1D, 0xBF, 0x3F, 0x47, 0x13, 0xC7, 0x3F, 0x47, 0x08,
    0xCF, 0x3F, 0x47, 0x00, 0xD7, 0x3F, 0x47, 0x00, 0xDF, 0x3F, 0x47, 0x00,
    0xE7, 0x3F, 0x47, 0x00, 0xEF, 0x3F, 0x47, 0x00, 0xF7, 0x3F, 0x47, 0x00,
    0x00, 0x47, 0x47, 0x00, 0x07, 0x47, 0x47, 0x00, 0x0F, 0x47, 0x47, 0x00,
    0x17, 0x47, 0x47, 0x00, 0x1F, 0x47, 0x47, 0x00, 0x27, 0x47, 0x47, 0x00,
    0x2F, 0x47, 0x47, 0x05, 0x37, 0x47, 0x47, 0x12, 0x3F, 0x47, 0x47, 0x1D,
    0x47, 0x47, 0x47, 0x28, 0x4F, 0x47, 0x47, 0x32, 0x57, 0x47, 0x47, 0x3A,
    0x5F, 0x47, 0x47, 0x41, 0x67, 0x47, 0x47, 0x47, 0x6F, 0x47, 0x47, 0x4C,
    0x77, 0x47, 0x47, 0x4E, 0x7F, 0x47, 0x47, 0x4F, 0x87, 0x47, 0x47, 0x4E,
    0x8F, 0x47, 0x47, 0x4C, 0x97, 0x47, 0x47, 0x47, 0x9F, 0x47, 0x47, 0x41,
    0xA7, 0x47, 0x47, 0x3A, 0xAF, 0x47, 0x47, 0x32, 0xB7, 0x47, 0x47, 0x28,
    0xBF, 0x47, 0x47, 0x1D, 0xC7, 0x47, 0x47, 0x12, 0xCF, 0x47, 0x47, 0x05,
    0xD7, 0x47, 0x47, 0x00, 0xDF, 0x47, 0x47, 0x00, 0xE7, 0x47, 0x47, 0x00,
    0xEF, 0x47, 0x47, 0x00, 0xF7, 0x47, 0x47, 0x00, 0x00, 0x4F, 0x47, 0x00,
    0x07, 0x4F, 0x47, 0x00, 0x0F, 0x4F, 0x47, 0x00, 0x17, 0x4F, 0x47, 0x00,
    0x1F, 0x4F, 0x47, 0x00, 0x27, 0x4F, 0x47, 0x00, 0x2F, 0x4F, 0x47, 0x0E,
    0x37, 0x4F, 0x47, 0x1A, 0x3F, 0x4F, 0x47, 0x26, 0x47, 0x4F, 0x47, 0x32,
    0x4F, 0x4F, 0x47, 0x3C, 0x57, 0x4F, 0x47, 0x45, 0x5F, 0x4F, 0x47, 0x4D,
    0x67, 0x4F, 0x47, 0x53, 0x6F, 0x4F, 0x47, 0x57, 0x77, 0x4F, 0x47, 0x5A,
    0x7F, 0x4F, 0x47, 0x5B, 0x87, 0x4F, 0x47, 0x5A, 0x8F, 0x4F, 0x47, 0x57,
    0x97, 0x4F, 0x47, 0x53, 0x9F, 0x4F, 0x47, 0x4D, 0xA7, 0x4F, 0x47, 0x45,
    0xAF, 0x4F, 0x47, 0x3C, 0xB7, 0x4F, 0x47, 0x32, 0xBF, 0x4F, 0x47, 0x26,
    0xC7, 0x4F, 0x47, 0x1A, 0xCF, 0x4F, 0x47, 0x0E, 0xD7, 0x4F, 0x47, 0x00,
    0xDF, 0x4F, 0x47, 0x00, 0xE7, 0x4F, 0x47, 0x00, 0xEF, 0x4F, 0x47, 0x00,
    0xF7, 0x4F, 0x47, 0x00, 0x00, 0x57, 0x47, 0x00, 0x07, 0x57, 0x47, 0x00,
    0x0F, 0x57, 0x47, 0x00, 0x17, 0x57, 0x47, 0x00, 0x1F, 0x57, 0x47, 0x00,
    0x27, 0x57, 0x47, 0x07, 0x2F, 0x57, 0x47, 0x15, 0x37, 0x57, 0x47, 0x22,
    0x3F, 0x57, 0x47, 0x2E, 0x47, 0x57, 0x47, 0x3A, 0x4F, 0x57, 0x47, 0x45,
    0x57, 0x57, 0x47, 0x4E, 0x5F, 0x57, 0x47, 0x57, 0x67, 0x57, 0x47, 0x5D,
    0x6F, 0x57, 0x47, 0x62, 0x77, 0x57, 0x47, 0x65, 0x7F, 0x57, 0x47, 0x66,
    0x87, 0x57, 0x47, 0x65, 0x8F, 0x57, 0x47, 0x62, 0x97, 0x57, 0x47, 0x5D,
    0x9F, 0x57, 0x47, 0x57, 0xA7, 0x57, 0x47, 0x4E, 0xAF, 0x57, 0x47, 0x45,
    0xB7, 0x57, 0x47, 0x3A, 0xBF, 0x57, 0x47, 0x2E, 0xC7, 0x57, 0x47, 0x22,
    0xCF, 0x57, 0x47, 0x15, 0xD7, 0x57, 0x47, 0x07, 0xDF, 0x57, 0x47, 0x00,
    0xE7, 0x57, 0x47, 0x00, 0xEF, 0x57, 0x47, 0x00, 0xF7, 0x57, 0x47, 0x00,
    0x00, 0x5F, 0x47, 0x00, 0x07, 0x5F, 0x47, 0x00, 0x0F, 0x5F, 0x47, 0x00,
    0x17, 0x5F, 0x47, 0x00, 0x1F, 0x5F, 0x47, 0x00, 0x27, 0x5F, 0x47, 0x0D,
    0x2F, 0x5F, 0x47, 0x1B, 0x37, 0x5F, 0x47, 0x29, 0x3F, 0x5F, 0x47, 0x35,
    0x47, 0x5F, 0x47, 0x41, 0x4F, 0x5F, 0x47, 0x4D, 0x57, 0x5F, 0x47, 0x57,
    0x5F, 0x5F, 0x47, 0x5F, 0x67, 0x5F, 0x47, 0x66, 0x6F, 0x5F, 0x47, 0x6B,
    0x77, 0x5F, 0x47, 0x6F, 0x7F, 0x5F, 0x47, 0x70, 0x87, 0x5F, 0x47, 0x6F,
    0x8F, 0x5F, 0x47, 0x6B, 0x97, 0x5F, 0x47, 0x66, 0x9F, 0x5F, 0x47, 0x5F,
    0xA7, 0x5F, 0x47, 0x57, 0xAF, 0x5F, 0x47, 0x4D, 0xB7, 0x5F, 0x47, 0x41,
    0xBF, 0x5F, 0x47, 0x35, 0xC7, 0x5F, 0x47, 0x29, 0xCF, 0x5F, 0x47, 0x1B,
    0xD7, 0x5F, 0x47, 0x0D, 0xDF, 0x5F, 0x47, 0x00, 0xE7, 0x5F, 0x47, 0x00,
    0xEF, 0x5F, 0x47, 0x00, 0xF7, 0x5F, 0x47, 0x00, 0x00, 0x67, 0x47, 0x00,
    0x07, 0x67, 0x47, 0x00, 0x0F, 0x67, 0x47, 0x00, 0x17, 0x67, 0x47, 0x00,
    0x1F, 0x67, 0x47, 0x03, 0x27, 0x67, 0x47, 0x12, 0x2F, 0x67, 0x47, 0x20,
    0x37, 0x67, 0x47, 0x2E, 0x3F, 0x67, 0x47, 0x3B, 0x47, 0x67, 0x47, 0x47,
    0x4F, 0x67, 0x47, 0x53, 0x57, 0x67, 0x47, 0x5D, 0x5F, 0x67, 0x47, 0x66,
    0x67, 0x67, 0x47, 0x6E, 0x6F, 0x67, 0x47, 0x73, 0x77, 0x67, 0x47, 0x76,
    0x7F, 0x67, 0x47, 0x78, 0x87, 0x67, 0x47, 0x76, 0x8F, 0x67, 0x47, 0x73,
    0x97, 0x67, 0x47, 0x6E, 0x9F, 0x67, 0x47, 0x66, 0xA7, 0x67, 0x47, 0x5D,
    0xAF, 0x67, 0x47, 0x53, 0xB7, 0x67, 0x47, 0x47, 0xBF, 0x67, 0x47, 0x3B,
    0xC7, 0x67, 0x47, 0x2E, 0xCF, 0x67, 0x47, 0x20, 0xD7, 0x67, 0x47, 0x12,
    0xDF, 0x67, 0x47, 0x03, 0xE7, 0x67, 0x47, 0x00, 0xEF, 0x67, 0x47, 0x00,
    0xF7, 0x67, 0x47, 0x00, 0x00, 0x6F, 0x47, 0x00, 0x07, 0x6F, 0x47, 0x00,
    0x0F, 0x6F, 0x47, 0x00, 0x17, 0x6F, 0x47, 0x00, 0x1F, 0x6F, 0x47, 0x06,
    0x27, 0x6F, 0x47, 0x15, 0x2F, 0x6F, 0x47, 0x23, 0x37, 0x6F, 0x47, 0x32,
    0x3F, 0x6F, 0x47, 0x3F, 0x47, 0x6F, 0x47, 0x4C, 0x4F, 0x6F, 0x47, 0x57,
    0x57, 0x6F, 0x47, 0x62, 0x5F, 0x6F, 0x47, 0x6B, 0x67, 0x6F, 0x47, 0x73,
    0x6F, 0x6F, 0x47, 0x79, 0x77, 0x6F, 0x47, 0x7C, 0x7F, 0x6F, 0x47, 0x7E,
    0x87, 0x6F, 0x47, 0x7C, 0x8F, 0x6F, 0x47, 0x79, 0x97, 0x6F, 0x47, 0x73,
    0x9F, 0x6F, 0x47, 0x6B, 0xA7, 0x6F, 0x47, 0x62, 0xAF, 0x6F, 0x47, 0x57,
    0xB7, 0x6F, 0x47, 0x4C, 0xBF, 0x6F, 0x47, 0x3F, 0xC7, 0x6F, 0x47, 0x32,
    0xCF, 0x6F, 0x47, 0x23, 0xD7, 0x6F, 0x47, 0x15, 0xDF, 0x6F, 0x47, 0x06,
    0xE7, 0x6F, 0x47, 0x00, 0xEF, 0x6F, 0x47, 0x00, 0xF7, 0x6F, 0x47, 0x00,
    0x00, 0x77, 0x47, 0x00, 0x07, 0x77, 0x47, 0x00, 0x0F, 0x77, 0x47, 0x00,
    0x17, 0x77, 0x47, 0x00, 0x1F, 0x77, 0x47, 0x08, 0x27, 0x77, 0x47, 0x17,
    0x2F, 0x77, 0x47, 0x26, 0x37, 0x77, 0x47, 0x34, 0x3F, 0x77, 0x47, 0x41,
    0x47, 0x77, 0x47, 0x4E, 0x4F, 0x77, 0x47, 0x5A, 0x57, 0x77, 0x47, 0x65,
    0x5F, 0x77, 0x47, 0x6F, 0x67, 0x77, 0x47, 0x76, 0x6F, 0x77, 0x47, 0x7C,
    0x77, 0x77, 0x47, 0x80, 0x7F, 0x77, 0x47, 0x81, 0x87, 0x77, 0x47, 0x80,
    0x8F, 0x77, 0x47, 0x7C, 0x97, 0x77, 0x47, 0x76, 0x9F, 0x77, 0x47, 0x6F,
    0xA7, 0x77, 0x47, 0x65, 0xAF, 0x77, 0x47, 0x5A, 0xB7, 0x77, 0x47, 0x4E,
    0xBF, 0x77, 0x47, 0x41, 0xC7, 0x77, 0x47, 0x34, 0xCF, 0x77, 0x47, 0x26,
    0xD7, 0x77, 0x47, 0x17, 0xDF, 0x77, 0x47, 0x08, 0xE7, 0x77, 0x47, 0x00,
    0xEF, 0x77, 0x47, 0x00, 0xF7, 0x77, 0x47, 0x00, 0x00, 0x7F, 0x47, 0x00,
    0x07, 0x7F, 0x47, 0x00, 0x0F, 0x7F, 0x47, 0x00, 0x17, 0x7F, 0x47, 0x00,
    0x1F, 0x7F, 0x47, 0x08, 0x27, 0x7F, 0x47, 0x18, 0x2F, 0x7F, 0x47, 0x26,
    0x37, 0x7F, 0x47, 0x35, 0x3F, 0x7F, 0x47, 0x42, 0x47, 0x7F, 0x47, 0x4F,
    0x4F, 0x7F, 0x47, 0x5B, 0x57, 0x7F, 0x47, 0x66, 0x5F, 0x7F, 0x47, 0x70,
    0x67, 0x7F, 0x47, 0x78, 0x6F, 0x7F, 0x47, 0x7E, 0x77, 0x7F, 0x47, 0x81,
    0x7F, 0x7F, 0x47, 0x83, 0x87, 0x7F, 0x47, 0x81, 0x8F, 0x7F, 0x47, 0x7E,
    0x97, 0x7F, 0x47, 0x78, 0x9F, 0x7F, 0x47, 0x70, 0xA7, 0x7F, 0x47, 0x66,
    0xAF, 0x7F, 0x47, 0x5B, 0xB7, 0x7F, 0x47, 0x4F, 0xBF, 0x7F, 0x47, 0x42,
    0xC7, 0x7F, 0x47, 0x35, 0xCF, 0x7F, 0x47, 0x26, 0xD7, 0x7F, 0x47, 0x18,
    0xDF, 0x7F, 0x47, 0x08, 0xE7, 0x7F, 0x47, 0x00, 0xEF, 0x7F, 0x47, 0x00,
    0xF7, 0x7F, 0x47, 0x00, 0x00, 0x87, 0x47, 0x00, 0x07, 0x87, 0x47, 0x00,
    0x0F, 0x87, 0x47, 0x00, 0x17, 0x87, 0x47, 0x00, 0x1F, 0x87, 0x47, 0x08,
    0x27, 0x87, 0x47, 0x17, 0x2F, 0x87, 0x47, 0x26, 0x37, 0x87, 0x47, 0x34,
    0x3F, 0x87, 0x47, 0x41, 0x47, 0x87, 0x47, 0x4E, 0x4F, 0x87, 0x47, 0x5A,
    0x57, 0x87, 0x47, 0x65, 0x5F, 0x87, 0x47, 0x6F, 0x67, 0x87, 0x47, 0x76,
    0x6F, 0x87, 0x47, 0x7C, 0x77, 0x87, 0x47, 0x80, 0x7F, 0x87, 0x47, 0x81,
    0x87, 0x87, 0x47, 0x80, 0x8F, 0x87, 0x47, 0x7C, 0x97, 0x87, 0x47, 0x76,
    0x9F, 0x87, 0x47, 0x6F, 0xA7, 0x87, 0x47, 0x65, 0xAF, 0x87, 0x47, 0x5A,
    0xB7, 0x87, 0x47, 0x4E, 0xBF, 0x87, 0x47, 0x41, 0xC7, 0x87, 0x47, 0x34,
    0xCF, 0x87, 0x47, 0x26, 0xD7, 0x87, 0x47, 0x17, 0xDF, 0x87, 0x47, 0x08,
    0xE7, 0x87, 0x47, 0x00, 0xEF, 0x87, 0x47, 0x00, 0xF7, 0x87, 0x47, 0x00,
    0x00, 0x8F, 0x47, 0x00, 0x07, 0x8F, 0x47, 0x00, 0x0F, 0x8F, 0x47, 0x00,
    0x17, 0x8F, 0x47, 0x00, 0x1F, 0x8F, 0x47, 0x06, 0x27, 0x8F, 0x47, 0x15,
    0x2F, 0x8F, 0x47, 0x23, 0x37, 0x8F, 0x47, 0x32, 0x3F, 0x8F, 0x47, 0x3F,
    0x47, 0x8F, 0x47, 0x4C, 0x4F, 0x8F, 0x47, 0x57, 0x57, 0x8F, 0x47, 0x62,
    0x5F, 0x8F, 0x47, 0x6B, 0x67, 0x8F, 0x47, 0x73, 0x6F, 0x8F, 0x47, 0x79,
    0x77, 0x8F, 0x47, 0x7C, 0x7F, 0x8F, 0x47, 0x7E, 0x87, 0x8F, 0x47, 0x7C,
    0x8F, 0x8F, 0x47, 0x79, 0x97, 0x8F, 0x47, 0x73, 0x9F, 0x8F, 0x47, 0x6B,
    0xA7, 0x8F, 0x47, 0x62, 0xAF, 0x8F, 0x47, 0x57, 0xB7, 0x8F, 0x47, 0x4C,
    0xBF, 0x8F, 0x47, 0x3F, 0xC7, 0x8F, 0x47, 0x32, 0xCF, 0x8F, 0x47, 0x23,
    0xD7, 0x8F, 0x47, 0x15, 0xDF, 0x8F, 0x47, 0x06, 0xE7, 0x8F, 0x47, 0x00,
    0xEF, 0x8F, 0x47, 0x00, 0xF7, 0x8F, 0x47, 0x00, 0x00, 0x97, 0x47, 0x00,
    0x07, 0x97, 0x47, 0x00, 0x0F, 0x97, 0x47, 0x00, 0x17, 0x97, 0x47, 0x00,
    0x1F, 0x97, 0x47, 0x03, 0x27, 0x97, 0x47, 0x12, 0x2F, 0x97, 0x47, 0x20,
    0x37, 0x97, 0x47, 0x2E, 0x3F, 0x97, 0x47, 0x3B, 0x47, 0x97, 0x47, 0x47,
    0x4F, 0x97, 0x47, 0x53, 0x57, 0x97, 0x47, 0x5D, 0x5F, 0x97, 0x47, 0x66,
    0x67, 0x97, 0x47, 0x6E, 0x6F, 0x97, 0x47, 0x73, 0x77, 0x97, 0x47, 0x76,
    0x7F, 0x97, 0x47, 0x78, 0x87, 0x97, 0x47, 0x76, 0x8F, 0x97, 0x47, 0x73,
    0x97, 0x97, 0x47, 0x6E, 0x9F, 0x97, 0x47, 0x66, 0xA7, 0x97, 0x47, 0x5D,
    0xAF, 0x97, 0x47, 0x53, 0xB7, 0x97, 0x47, 0x47, 0xBF, 0x97, 0x47, 0x3B,
    0xC7, 0x97, 0x47, 0x2E, 0xCF, 0x97, 0x47, 0x20, 0xD7, 0x97, 0x47, 0x12,
    0xDF, 0x97, 0x47, 0x03, 0xE7, 0x97, 0x47, 0x00, 0xEF, 0x97, 0x47, 0x00,
    0xF7, 0x97, 0x47, 0x00, 0x00, 0x9F, 0x47, 0x00, 0x07, 0x9F, 0x47, 0x00,
    0x0F, 0x9F, 0x47, 0x00, 0x17, 0x9F, 0x47, 0x00, 0x1F, 0x9F, 0x47, 0x00,
    0x27, 0x9F, 0x47, 0x0D, 0x2F, 0x9F, 0x47, 0x1B, 0x37, 0x9F, 0x47, 0x29,
    0x3F, 0x9F, 0x47, 0x35, 0x47, 0x9F, 0x47, 0x41, 0x4F, 0x9F, 0x47, 0x4D,
    0x57, 0x9F, 0x47, 0x57, 0x5F, 0x9F, 0x47, 0x5F, 0x67, 0x9F, 0x47, 0x66,
    0x6F, 0x9F, 0x47, 0x6B, 0x77, 0x9F, 0x47, 0x6F, 0x7F, 0x9F, 0x47, 0x70,
    0x87, 0x9F, 0x47, 0x6F, 0x8F, 0x9F, 0x47, 0x6B, 0x97, 0x9F, 0x47, 0x66,
    0x9F, 0x9F, 0x47, 0x5F, 0xA7, 0x9F, 0x47, 0x57, 0xAF, 0x9F, 0x47, 0x4D,
    0xB7, 0x9F, 0x47, 0x41, 0xBF, 0x9F, 0x47, 0x35, 0xC7, 0x9F, 0x47, 0x29,
    0xCF, 0x9F, 0x47, 0x1B, 0xD7, 0x9F, 0x47, 0x0D, 0xDF, 0x9F, 0x47, 0x00,
    0xE7, 0x9F, 0x47, 0x00, 0xEF, 0x9F, 0x47, 0x00, 0xF7, 0x9F, 0x47, 0x00,
    0x00, 0xA7, 0x47, 0x00, 0x07, 0xA7, 0x47, 0x00, 0x0F, 0xA7, 0x47, 0x00,
    0x17, 0xA7, 0x47, 0x00, 0x1F, 0xA7, 0x47, 0x00, 0x27, 0xA7, 0x47, 0x07,
    0x2F, 0xA7, 0x47, 0x15, 0x37, 0xA7, 0x47, 0x22, 0x3F, 0xA7, 0x47, 0x2E,
    0x47, 0xA7, 0x47, 0x3A, 0x4F, 0xA7, 0x47, 0x45, 0x57, 0xA7, 0x47, 0x4E,
    0x5F, 0xA7, 0x47, 0x57, 0x67, 0xA7, 0x47, 0x5D, 0x6F, 0xA7, 0x47, 0x62,
    0x77, 0xA7, 0x47, 0x65, 0x7F, 0xA7, 0x47, 0x66, 0x87, 0xA7, 0x47, 0x65,
    0x8F, 0xA7, 0x47, 0x62, 0x97, 0xA7, 0x47, 0x5D, 0x9F, 0xA7, 0x47, 0x57,
    0xA7, 0xA7, 0x47, 0x4E, 0xAF, 0xA7, 0x47, 0x45, 0xB7, 0xA7, 0x47, 0x3A,
    0xBF, 0xA7, 0x47, 0x2E, 0xC7, 0xA7, 0x47, 0x22, 0xCF, 0xA7, 0x47, 0x15,
    0xD7, 0xA7, 0x47, 0x07, 0xDF, 0xA7, 0x47, 0x00, 0xE7, 0xA7, 0x47, 0x00,
    0xEF, 0xA7, 0x47, 0x00, 0xF7, 0xA7, 0x47, 0x00, 0x00, 0xAF, 0x47, 0x00,
    0x07, 0xAF, 0x47, 0x00, 0x0F, 0xAF, 0x47, 0x00, 0x17, 0xAF, 0x47, 0x00,
    0x1F, 0xAF, 0x47, 0x00, 0x27, 0xAF, 0x47, 0x00, 0x2F, 0xAF, 0x47, 0x0E,
    0x37, 0xAF, 0x47, 0x1A, 0x3F, 0xAF, 0x47, 0x26, 0x47, 0xAF, 0x47, 0x32,
    0x4F, 0xAF, 0x47, 0x3C, 0x57, 0xAF, 0x47, 0x45, 0x5F, 0xAF, 0x47, 0x4D,
    0x67, 0xAF, 0x47, 0x53, 0x6F, 0xAF, 0x47, 0x57, 0x77, 0xAF, 0x47, 0x5A,
    0x7F, 0xAF, 0x47, 0x5B, 0x87, 0xAF, 0x47, 0x5A, 0x8F, 0xAF, 0x47, 0x57,
    0x97, 0xAF, 0x47, 0x53, 0x9F, 0xAF, 0x47, 0x4D, 0xA7, 0xAF, 0x47, 0x45,
    0xAF, 0xAF, 0x47, 0x3C, 0xB7, 0xAF, 0x47, 0x32, 0xBF, 0xAF, 0x47, 0x26,
    0xC7, 0xAF, 0x47, 0x1A, 0xCF, 0xAF, 0x47, 0x0E, 0xD7, 0xAF, 0x47, 0x00,
    0xDF, 0xAF, 0x47, 0x00, 0xE7, 0xAF, 0x47, 0x00, 0xEF, 0xAF, 0x47, 0x00,
    0xF7, 0xAF, 0x47, 0x00, 0x00, 0xB7, 0x47, 0x00, 0x07, 0xB7, 0x47, 0x00,
    0x0F, 0xB7, 0x47, 0x00, 0x17, 0xB7, 0x47, 0x00, 0x1F, 0xB7, 0x47, 0x00,
    0x27, 0xB7, 0x47, 0x00, 0x2F, 0xB7, 0x47, 0x05, 0x37, 0xB7, 0x47, 0x12,
    0x3F, 0xB7, 0x47, 0x1D, 0x47, 0xB7, 0x47, 0x28, 0x4F, 0xB7, 0x47, 0x32,
    0x57, 0xB7, 0x47, 0x3A, 0x5F, 0xB7, 0x47, 0x41, 0x67, 0xB7, 0x47, 0x47,
    0x6F, 0xB7, 0x47, 0x4C, 0x77, 0xB7, 0x47, 0x4E, 0x7F, 0xB7, 0x47, 0x4F,
    0x87, 0xB7, 0x47, 0x4E, 0x8F, 0xB7, 0x47, 0x4C, 0x97, 0xB7, 0x47, 0x47,
    0x9F, 0xB7, 0x47, 0x41, 0xA7, 0xB7, 0x47, 0x3A, 0xAF, 0xB7, 0x47, 0x32,
    0xB7, 0xB7, 0x47, 0x28, 0xBF, 0xB7, 0x47, 0x1D, 0xC7, 0xB7, 0x47, 0x12,
    0xCF, 0xB7, 0x47, 0x05, 0xD7, 0xB7, 0x47, 0x00, 0xDF, 0xB7, 0x47, 0x00,
    0xE7, 0xB7, 0x47, 0x00, 0xEF, 0xB7, 0x47, 0x00, 0xF7, 0xB7, 0x47, 0x00,
    0x00, 0xBF, 0x47, 0x00, 0x07, 0xBF, 0x47, 0x00, 0x0F, 0xBF, 0x47, 0x00,
    0x17, 0xBF, 0x47, 0x00, 0x1F, 0xBF, 0x47, 0x00, 0x27, 0xBF, 0x47, 0x00,
    0x2F, 0xBF, 0x47, 0x00, 0x37, 0xBF, 0x47, 0x08, 0x3F, 0xBF, 0x47, 0x13,
    0x47, 0xBF, 0x47, 0x1D, 0x4F, 0xBF, 0x47, 0x26, 0x57, 0xBF, 0x47, 0x2E,
    0x5F, 0xBF, 0x47, 0x35, 0x67, 0xBF, 0x47, 0x3B, 0x6F, 0xBF, 0x47, 0x3F,
    0x77, 0xBF, 0x47, 0x41, 0x7F, 0xBF, 0x47, 0x42, 0x87, 0xBF, 0x47, 0x41,
    0x8F, 0xBF, 0x47, 0x3F, 0x97, 0xBF, 0x47, 0x3B, 0x9F, 0xBF, 0x47, 0x35,
    0xA7, 0xBF, 0x47, 0x2E, 0xAF, 0xBF, 0x47, 0x26, 0xB7, 0xBF, 0x47, 0x1D,
    0xBF, 0xBF, 0x47, 0x13, 0xC7, 0xBF, 0x47, 0x08, 0xCF, 0xBF, 0x47, 0x00,
    0xD7, 0xBF, 0x47, 0x00, 0xDF, 0xBF, 0x47, 0x00, 0xE7, 0xBF, 0x47, 0x00,
    0xEF, 0xBF, 0x47, 0x00, 0xF7, 0xBF, 0x47, 0x00, 0x00, 0xC7, 0x47, 0x00,
    0x07, 0xC7, 0x47, 0x00, 0x0F, 0xC7, 0x47, 0x00, 0x17, 0xC7, 0x47, 0x00,
    0x1F, 0xC7, 0x47, 0x00, 0x27, 0xC7, 0x47, 0x00, 0x2F, 0xC7, 0x47, 0x00,
    0x37, 0xC7, 0x47, 0x00, 0x3F, 0xC7, 0x47, 0x08, 0x47, 0xC7, 0x47, 0x12,
    0x4F, 0xC7, 0x47, 0x1A, 0x57, 0xC7, 0x47, 0x22, 0x5F, 0xC7, 0x47, 0x29,
    0x67, 0xC7, 0x47, 0x2E, 0x6F, 0xC7, 0x47, 0x32, 0x77, 0xC7, 0x47, 0x34,
    0x7F, 0xC7, 0x47, 0x35, 0x87, 0xC7, 0x47, 0x34, 0x8F, 0xC7, 0x47, 0x32,
    0x97, 0xC7, 0x47, 0x2E, 0x9F, 0xC7, 0x47, 0x29, 0xA7, 0xC7, 0x47, 0x22,
    0xAF, 0xC7, 0x47, 0x1A, 0xB7, 0xC7, 0x47, 0x12, 0xBF, 0xC7, 0x47, 0x08,
    0xC7, 0xC7, 0x47, 0x00, 0xCF, 0xC7, 0x47, 0x00, 0xD7, 0xC7, 0x47, 0x00,
    0xDF, 0xC7, 0x47, 0x00, 0xE7, 0xC7, 0x47, 0x00, 0xEF, 0xC7, 0x47, 0x00,
    0xF7, 0xC7, 0x47, 0x00, 0x00, 0xCF, 0x47, 0x00, 0x07, 0xCF, 0x47, 0x00,
    0x0F, 0xCF, 0x47, 0x00, 0x17, 0xCF, 0x47, 0x00, 0x1F, 0xCF, 0x47, 0x00,
    0x27, 0xCF, 0x47, 0x00, 0x2F, 0xCF, 0x47, 0x00, 0x37, 0xCF, 0x47, 0x00,
    0x3F, 0xCF, 0x47, 0x00, 0x47, 0xCF, 0x47, 0x05, 0x4F, 0xCF, 0x47, 0x0E,
    0x57, 0xCF, 0x47, 0x15, 0x5F, 0xCF, 0x47, 0x1B, 0x67, 0xCF, 0x47, 0x20,
    0x6F, 0xCF, 0x47, 0x23, 0x77, 0xCF, 0x47, 0x26, 0x7F, 0xCF, 0x47, 0x26,
    0x87, 0xCF, 0x47, 0x26, 0x8F, 0xCF, 0x47, 0x23, 0x97, 0xCF, 0x47, 0x20,
    0x9F, 0xCF, 0x47, 0x1B, 0xA7, 0xCF, 0x47, 0x15, 0xAF, 0xCF, 0x47, 0x0E,
    0xB7, 0xCF, 0x47, 0x05, 0xBF, 0xCF, 0x47, 0x00, 0xC7, 0xCF, 0x47, 0x00,
    0xCF, 0xCF, 0x47, 0x00, 0xD7, 0xCF, 0x47, 0x00, 0xDF, 0xCF, 0x47, 0x00,
    0xE7, 0xCF, 0x47, 0x00, 0xEF, 0xCF, 0x47, 0x00, 0xF7, 0xCF, 0x47, 0x00,
    0x00, 0xD7, 0x47, 0x00, 0x07, 0xD7, 0x47, 0x00, 0x0F, 0xD7, 0x47, 0x00,
    0x17, 0xD7, 0x47, 0x00, 0x1F, 0xD7, 0x47, 0x00, 0x27, 0xD7, 0x47, 0x00,
    0x2F, 0xD7, 0x47, 0x00, 0x37, 0xD7, 0x47, 0x00, 0x3F, 0xD7, 0x47, 0x00,
    0x47, 0xD7, 0x47, 0x00, 0x4F, 0xD7, 0x47, 0x00, 0x57, 0xD7, 0x47, 0x07,
    0x5F, 0xD7, 0x47, 0x0D, 0x67, 0xD7, 0x47, 0x12, 0x6F, 0xD7, 0x47, 0x15,
    0x77, 0xD7, 0x47, 0x17, 0x7F, 0xD7, 0x47, 0x18, 0x87, 0xD7, 0x47, 0x17,
    0x8F, 0xD7, 0x47, 0x15, 0x97, 0xD7, 0x47, 0x12, 0x9F, 0xD7, 0x47, 0x0D,
    0xA7, 0xD7, 0x47, 0x07, 0xAF, 0xD7, 0x47, 0x00, 0xB7, 0xD7, 0x47, 0x00,
    0xBF, 0xD7, 0x47, 0x00, 0xC7, 0xD7, 0x47, 0x00, 0xCF, 0xD7, 0x47, 0x00,
    0xD7, 0xD7, 0x47, 0x00, 0xDF, 0xD7, 0x47, 0x00, 0xE7, 0xD7, 0x47, 0x00,
    0xEF, 0xD7, 0x47, 0x00, 0xF7, 0xD7, 0x47, 0x00, 0x00, 0xDF, 0x47, 0x00,
    0x07, 0xDF, 0x47, 0x00, 0x0F, 0xDF, 0x47, 0x00, 0x17, 0xDF, 0x47, 0x00,
    0x1F, 0xDF, 0x47, 0x00, 0x27, 0xDF, 0x47, 0x00, 0x2F, 0xDF, 0x47, 0x00,
    0x37, 0xDF, 0x47, 0x00, 0x3F, 0xDF, 0x47, 0x00, 0x47, 0xDF, 0x47, 0x00,
    0x4F, 0xDF, 0x47, 0x00, 0x57, 0xDF, 0x47, 0x00, 0x5F, 0xDF, 0x47, 0x00,
    0x67, 0xDF, 0x47, 0x03, 0x6F, 0xDF, 0x47, 0x06, 0x77, 0xDF, 0x47, 0x08,
    0x7F, 0xDF, 0x47, 0x08, 0x87, 0xDF, 0x47, 0x08, 0x8F, 0xDF, 0x47, 0x06,
    0x97, 0xDF, 0x47, 0x03, 0x9F, 0xDF, 0x47, 0x00, 0xA7, 0xDF, 0x47, 0x00,
    0xAF, 0xDF, 0x47, 0x00, 0xB7, 0xDF, 0x47, 0x00, 0xBF, 0xDF, 0x47, 0x00,
    0xC7, 0xDF, 0x47, 0x00, 0xCF, 0xDF, 0x47, 0x00, 0xD7, 0xDF, 0x47, 0x00,
    0xDF, 0xDF, 0x47, 0x00, 0xE7, 0xDF, 0x47, 0x00, 0xEF, 0xDF, 0x47, 0x00,
    0xF7, 0xDF, 0x47, 0x00, 0x00, 0xE7, 0x47, 0x00, 0x07, 0xE7, 0x47, 0x00,
    0x0F, 0xE7, 0x47, 0x00, 0x17, 0xE7, 0x47, 0x00, 0x1F, 0xE7, 0x47, 0x00,
    0x27, 0xE7, 0x47, 0x00, 0x2F, 0xE7, 0x47, 0x00, 0x37, 0xE7, 0x47, 0x00,
    0x3F, 0xE7, 0x47, 0x00, 0x47, 0xE7, 0x47, 0x00, 0x4F, 0xE7, 0x47, 0x00,
    0x57, 0xE7, 0x47, 0x00, 0x5F, 0xE7, 0x47, 0x00, 0x67, 0xE7, 0x47, 0x00,
    0x6F, 0xE7, 0x47, 0x00, 0x77, 0xE7, 0x47, 0x00, 0x7F, 0xE7, 0x47, 0x00,
    0x87, 0xE7, 0x47, 0x00, 0x8F, 0xE7, 0x47, 0x00, 0x97, 0xE7, 0x47, 0x00,
    0x9F, 0xE7, 0x47, 0x00, 0xA7, 0xE7, 0x47, 0x00, 0xAF, 0xE7, 0x47, 0x00,
    0xB7, 0xE7, 0x47, 0x00, 0xBF, 0xE7, 0x47, 0x00, 0xC7, 0xE7, 0x47, 0x00,
    0xCF, 0xE7, 0x47, 0x00, 0xD7, 0xE7, 0x47, 0x00, 0xDF, 0xE7, 0x47, 0x00,
    0xE7, 0xE7, 0x47, 0x00, 0xEF, 0xE7, 0x47, 0x00, 0xF7, 0xE7, 0x47, 0x00,
    0x00, 0xEF, 0x47, 0x00, 0x07, 0xEF, 0x47, 0x00, 0x0F, 0xEF, 0x47, 0x00,
    0x17, 0xEF, 0x47, 0x00, 0x1F, 0xEF, 0x47, 0x00, 0x27, 0xEF, 0x47, 0x00,
    0x2F, 0xEF, 0x47, 0x00, 0x37, 0xEF, 0x47, 0x00, 0x3F, 0xEF, 0x47, 0x00,
    0x47, 0xEF, 0x47, 0x00, 0x4F, 0xEF, 0x47, 0x00, 0x57, 0xEF, 0x47, 0x00,
    0x5F, 0xEF, 0x47, 0x00, 0x67, 0xEF, 0x47, 0x00, 0x6F, 0xEF, 0x47, 0x00,
    0x77, 0xEF, 0x47, 0x00, 0x7F, 0xEF, 0x47, 0x00, 0x87, 0xEF, 0x47, 0x00,
    0x8F, 0xEF, 0x47, 0x00, 0x97, 0xEF, 0x47, 0x00, 0x9F, 0xEF, 0x47, 0x00,
    0xA7, 0xEF, 0x47, 0x00, 0xAF, 0xEF, 0x47, 0x00, 0xB7, 0xEF, 0x47, 0x00,
    0xBF, 0xEF, 0x47, 0x00, 0xC7, 0xEF, 0x47, 0x00, 0xCF, 0xEF, 0x47, 0x00,
    0xD7, 0xEF, 0x47, 0x00, 0xDF, 0xEF, 0x47, 0x00, 0xE7, 0xEF, 0x47, 0x00,
    0xEF, 0xEF, 0x47, 0x00, 0xF7, 0xEF, 0x47, 0x00, 0x00, 0xF7, 0x47, 0x00,
    0x07, 0xF7, 0x47, 0x00, 0x0F, 0xF7, 0x47, 0x00, 0x17, 0xF7, 0x47, 0x00,
    0x1F, 0xF7, 0x47, 0x00, 0x27, 0xF7, 0x47, 0x00, 0x2F, 0xF7, 0x47, 0x00,
    0x37, 0xF7, 0x47, 0x00, 0x3F, 0xF7, 0x47, 0x00, 0x47, 0xF7, 0x47, 0x00,
    0x4F, 0xF7, 0x47, 0x00, 0x57, 0xF7, 0x47, 0x00, 0x5F, 0xF7, 0x47, 0x00,
    0x67, 0xF7, 0x47, 0x00, 0x6F, 0xF7, 0x47, 0x00, 0x77, 0xF7, 0x47, 0x00,
    0x7F, 0xF7, 0x47, 0x00, 0x87, 0xF7, 0x47, 0x00, 0x8F, 0xF7, 0x47, 0x00,
    0x97, 0xF7, 0x47, 0x00, 0x9F, 0xF7, 0x47, 0x00, 0xA7, 0xF7, 0x47, 0x00,
    0xAF, 0xF7, 0x47, 0x00, 0xB7, 0xF7, 0x47, 0x00, 0xBF, 0xF7, 0x47, 0x00,
    0xC7, 0xF7, 0x47, 0x00, 0xCF, 0xF7, 0x47, 0x00, 0xD7, 0xF7, 0x47, 0x00,
    0xDF, 0xF7, 0x47, 0x00, 0xE7, 0xF7, 0x47, 0x00, 0xEF, 0xF7, 0x47, 0x00,
    0xF7, 0xF7, 0x47, 0x00, 0x00, 0x00, 0x4F, 0x00, 0x07, 0x00, 0x4F, 0x00,
    0x0F, 0x00, 0x4F, 0x00, 0x17, 0x00, 0x4F, 0x00, 0x1F, 0x00, 0x4F, 0x00,
    0x27, 0x00, 0x4F, 0x00, 0x2F, 0x00, 0x4F, 0x00, 0x37, 0x00, 0x4F, 0x00,
    0x3F, 0x00, 0x4F, 0x00, 0x47, 0x00, 0x4F, 0x00, 0x4F, 0x00, 0x4F, 0x00,
    0x57, 0x00, 0x4F, 0x00, 0x5F, 0x00, 0x4F, 0x00, 0x67, 0x00, 0x4F, 0x00,
    0x6F, 0x00, 0x4F, 0x00, 0x77, 0x00, 0x4F, 0x00, 0x7F, 0x00, 0x4F, 0x00,
    0x87, 0x00, 0x4F, 0x00, 0x8F, 0x00, 0x4F, 0x00, 0x97, 0x00, 0x4F, 0x00,
    0x9F, 0x00, 0x4F, 0x00, 0xA7, 0x00, 0x4F, 0x00, 0xAF, 0x00, 0x4F, 0x00,
    0xB7, 0x00, 0x4F, 0x00, 0xBF, 0x00, 0x4F, 0x00, 0xC7, 0x00, 0x4F, 0x00,
    0xCF, 0x00, 0x4F, 0x00, 0xD7, 0x00, 0x4F, 0x00, 0xDF, 0x00, 0x4F, 0x00,
    0xE7, 0x00, 0x4F, 0x00, 0xEF, 0x00, 0x4F, 0x00, 0xF7, 0x00, 0x4F, 0x00,
    0x00, 0x07, 0x4F, 0x00, 0x07, 0x07, 0x4F, 0x00, 0x0F, 0x07, 0x4F, 0x00,
    0x17, 0x07, 0x4F, 0x00, 0x1F, 0x07, 0x4F, 0x00, 0x27, 0x07, 0x4F, 0x00,
    0x2F, 0x07, 0x4F, 0x00, 0x37, 0x07, 0x4F, 0x00, 0x3F, 0x07, 0x4F, 0x00,
    0x47, 0x07, 0x4F, 0x00, 0x4F, 0x07, 0x4F, 0x00, 0x57, 0x07, 0x4F, 0x00,
    0x5F, 0x07, 0x4F, 0x00, 0x67, 0x07, 0x4F, 0x00, 0x6F, 0x07, 0x4F, 0x00,
    0x77, 0x07, 0x4F, 0x00, 0x7F, 0x07, 0x4F, 0x00, 0x87, 0x07, 0x4F, 0x00,
    0x8F, 0x07, 0x4F, 0x00, 0x97, 0x07, 0x4F, 0x00, 0x9F, 0x07, 0x4F, 0x00,
    0xA7, 0x07, 0x4F, 0x00, 0xAF, 0x07, 0x4F, 0x00, 0xB7, 0x07, 0x4F, 0x00,
    0xBF, 0x07, 0x4F, 0x00, 0xC7, 0x07, 0x4F, 0x00, 0xCF, 0x07, 0x4F, 0x00,
    0xD7, 0x07, 0x4F, 0x00, 0xDF, 0x07, 0x4F, 0x00, 0xE7, 0x07, 0x4F, 0x00,
    0xEF, 0x07, 0x4F, 0x00, 0xF7, 0x07, 0x4F, 0x00, 0x00, 0x0F, 0x4F, 0x00,
    0x07, 0x0F, 0x4F, 0x00, 0x0F, 0x0F, 0x4F, 0x00, 0x17, 0x0F, 0x4F, 0x00,
    0x1F, 0x0F, 0x4F, 0x00, 0x27, 0x0F, 0x4F, 0x00, 0x2F, 0x0F, 0x4F, 0x00,
    0x37, 0x0F, 0x4F, 0x00, 0x3F, 0x0F, 0x4F, 0x00, 0x47, 0x0F, 0x4F, 0x00,
    0x4F, 0x0F, 0x4F, 0x00, 0x57, 0x0F, 0x4F, 0x00, 0x5F, 0x0F, 0x4F, 0x00,
    0x67, 0x0F, 0x4F, 0x00, 0x6F, 0x0F, 0x4F, 0x00, 0x77, 0x0F, 0x4F, 0x00,
    0x7F, 0x0F, 0x4F, 0x00, 0x87, 0x0F, 0x4F, 0x00, 0x8F, 0x0F, 0x4F, 0x00,
    0x97, 0x0F, 0x4F, 0x00, 0x9F, 0x0F, 0x4F, 0x00, 0xA7, 0x0F, 0x4F, 0x00,
    0xAF, 0x0F, 0x4F, 0x00, 0xB7, 0x0F, 0x4F, 0x00, 0xBF, 0x0F, 0x4F, 0x00,
    0xC7, 0x0F, 0x4F, 0x00, 0xCF, 0x0F, 0x4F, 0x00, 0xD7, 0x0F, 0x4F, 0x00,
    0xDF, 0x0F, 0x4F, 0x00, 0xE7, 0x0F, 0x4F, 0x00, 0xEF, 0x0F, 0x4F, 0x00,
    0xF7, 0x0F, 0x4F, 0x00, 0x00, 0x17, 0x4F, 0x00, 0x07, 0x17, 0x4F, 0x00,
    0x0F, 0x17, 0x4F, 0x00, 0x17, 0x17, 0x4F, 0x00, 0x1F, 0x17, 0x4F, 0x00,
    0x27, 0x17, 0x4F, 0x00, 0x2F, 0x17, 0x4F, 0x00, 0x37, 0x17, 0x4F, 0x00,
    0x3F, 0x17, 0x4F, 0x00, 0x47, 0x17, 0x4F, 0x00, 0x4F, 0x17, 0x4F, 0x00,
    0x57, 0x17, 0x4F, 0x00, 0x5F, 0x17, 0x4F, 0x00, 0x67, 0x17, 0x4F, 0x00,
    0x6F, 0x17, 0x4F, 0x00, 0x77, 0x17, 0x4F, 0x00, 0x7F, 0x17, 0x4F, 0x01,
    0x87, 0x17, 0x4F, 0x00, 0x8F, 0x17, 0x4F, 0x00, 0x97, 0x17, 0x4F, 0x00,
    0x9F, 0x17, 0x4F, 0x00, 0xA7, 0x17, 0x4F, 0x00, 0xAF, 0x17, 0x4F, 0x00,
    0xB7, 0x17, 0x4F, 0x00, 0xBF, 0x17, 0x4F, 0x00, 0xC7, 0x17, 0x4F, 0x00,
    0xCF, 0x17, 0x4F, 0x00, 0xD7, 0x17, 0x4F, 0x00, 0xDF, 0x17, 0x4F, 0x00,
    0xE7, 0x17, 0x4F, 0x00, 0xEF, 0x17, 0x4F, 0x00, 0xF7, 0x17, 0x4F, 0x00,
    0x00, 0x1F, 0x4F, 0x00, 0x07, 0x1F, 0x4F, 0x00, 0x0F, 0x1F, 0x4F, 0x00,
    0x17, 0x1F, 0x4F, 0x00, 0x1F, 0x1F, 0x4F, 0x00, 0x27, 0x1F, 0x4F, 0x00,
    0x2F, 0x1F, 0x4F, 0x00, 0x37, 0x1F, 0x4F, 0x00, 0x3F, 0x1F, 0x4F, 0x00,
    0x47, 0x1F, 0x4F, 0x00, 0x4F, 0x1F, 0x4F, 0x00, 0x57, 0x1F, 0x4F, 0x01,
    0x5F, 0x1F, 0x4F, 0x07, 0x67, 0x1F, 0x4F, 0x0B, 0x6F, 0x1F, 0x4F, 0x0E,
    0x77, 0x1F, 0x4F, 0x10, 0x7F, 0x1F, 0x4F, 0x11, 0x87, 0x1F, 0x4F, 0x10,
    0x8F, 0x1F, 0x4F, 0x0E, 0x97, 0x1F, 0x4F, 0x0B, 0x9F, 0x1F, 0x4F, 0x07,
    0xA7, 0x1F, 0x4F, 0x01, 0xAF, 0x1F, 0x4F, 0x00, 0xB7, 0x1F, 0x4F, 0x00,
    0xBF, 0x1F, 0x4F, 0x00, 0xC7, 0x1F, 0x4F, 0x00, 0xCF, 0x1F, 0x4F, 0x00,
    0xD7, 0x1F, 0x4F, 0x00, 0xDF, 0x1F, 0x4F, 0x00, 0xE7, 0x1F, 0x4F, 0x00,
    0xEF, 0x1F, 0x4F, 0x00, 0xF7, 0x1F, 0x4F, 0x00, 0x00, 0x27, 0x4F, 0x00,
    0x07, 0x27, 0x4F, 0x00, 0x0F, 0x27, 0x4F, 0x00, 0x17, 0x27, 0x4F, 0x00,
    0x1F, 0x27, 0x4F, 0x00, 0x27, 0x27, 0x4F, 0x00, 0x2F, 0x27, 0x4F, 0x00,
    0x37, 0x27, 0x4F, 0x00, 0x3F, 0x27, 0x4F, 0x00, 0x47, 0x27, 0x4F, 0x00,
    0x4F, 0x27, 0x4F, 0x08, 0x57, 0x27, 0x4F, 0x10, 0x5F, 0x27, 0x4F, 0x16,
    0x67, 0x27, 0x4F, 0x1A, 0x6F, 0x27, 0x4F, 0x1E, 0x77, 0x27, 0x4F, 0x20,
    0x7F, 0x27, 0x4F, 0x21, 0x87, 0x27, 0x4F, 0x20, 0x8F, 0x27, 0x4F, 0x1E,
    0x97, 0x27, 0x4F, 0x1A, 0x9F, 0x27, 0x4F, 0x16, 0xA7, 0x27, 0x4F, 0x10,
    0xAF, 0x27, 0x4F, 0x08, 0xB7, 0x27, 0x4F, 0x00, 0xBF, 0x27, 0x4F, 0x00,
    0xC7, 0x27, 0x4F, 0x00, 0xCF, 0x27, 0x4F, 0x00, 0xD7, 0x27, 0x4F, 0x00,
    0xDF, 0x27, 0x4F, 0x00, 0xE7, 0x27, 0x4F, 0x00, 0xEF, 0x27, 0x4F, 0x00,
    0xF7, 0x27, 0x4F, 0x00, 0x00, 0x2F, 0x4F, 0x00, 0x07, 0x2F, 0x4F, 0x00,
    0x0F, 0x2F, 0x4F, 0x00, 0x17, 0x2F, 0x4F, 0x00, 0x1F, 0x2F, 0x4F, 0x00,
    0x27, 0x2F, 0x4F, 0x00, 0x2F, 0x2F, 0x4F, 0x00, 0x37, 0x2F, 0x4F, 0x00,
    0x3F, 0x2F, 0x4F, 0x04, 0x47, 0x2F, 0x4F, 0x0E, 0x4F, 0x2F, 0x4F, 0x16,
    0x57, 0x2F, 0x4F, 0x1E, 0x5F, 0x2F, 0x4F, 0x24, 0x67, 0x2F, 0x4F, 0x29,
    0x6F, 0x2F, 0x4F, 0x2D, 0x77, 0x2F, 0x4F, 0x2F, 0x7F, 0x2F, 0x4F, 0x30,
    0x87, 0x2F, 0x4F, 0x2F, 0x8F, 0x2F, 0x4F, 0x2D, 0x97, 0x2F, 0x4F, 0x29,
    0x9F, 0x2F, 0x4F, 0x24, 0xA7, 0x2F, 0x4F, 0x1E, 0xAF, 0x2F, 0x4F, 0x16,
    0xB7, 0x2F, 0x4F, 0x0E, 0xBF, 0x2F, 0x4F, 0x04, 0xC7, 0x2F, 0x4F, 0x00,
    0xCF, 0x2F, 0x4F, 0x00, 0xD7, 0x2F, 0x4F, 0x00, 0xDF, 0x2F, 0x4F, 0x00,
    0xE7, 0x2F, 0x4F, 0x00, 0xEF, 0x2F, 0x4F, 0x00, 0xF7, 0x2F, 0x4F, 0x00,
    0x00, 0x37, 0x4F, 0x00, 0x07, 0x37, 0x4F, 0x00, 0x0F, 0x37, 0x4F, 0x00,
    0x17, 0x37, 0x4F, 0x00, 0x1F, 0x37, 0x4F, 0x00, 0x27, 0x37, 0x4F, 0x00,
    0x2F, 0x37, 0x4F, 0x00, 0x37, 0x37, 0x4F, 0x05, 0x3F, 0x37, 0x4F, 0x10,
    0x47, 0x37, 0x4F, 0x1A, 0x4F, 0x37, 0x4F, 0x23, 0x57, 0x37, 0x4F, 0x2B,
    0x5F, 0x37, 0x4F, 0x32, 0x67, 0x37, 0x4F, 0x38, 0x6F, 0x37, 0x4F, 0x3C,
    0x77, 0x37, 0x4F, 0x3E, 0x7F, 0x37, 0x4F, 0x3F, 0x87, 0x37, 0x4F, 0x3E,
    0x8F, 0x37, 0x4F, 0x3C, 0x97, 0x37, 0x4F, 0x38, 0x9F, 0x37, 0x4F, 0x32,
    0xA7, 0x37, 0x4F, 0x2B, 0xAF, 0x37, 0x4F, 0x23, 0xB7, 0x37, 0x4F, 0x1A,
    0xBF, 0x37, 0x4F, 0x10, 0xC7, 0x37, 0x4F, 0x05, 0xCF, 0x37, 0x4F, 0x00,
    0xD7, 0x37, 0x4F, 0x00, 0xDF, 0x37, 0x4F, 0x00, 0xE7, 0x37, 0x4F, 0x00,
    0xEF, 0x37, 0x4F, 0x00, 0xF7, 0x37, 0x4F, 0x00, 0x00, 0x3F, 0x4F, 0x00,
    0x07, 0x3F, 0x4F, 0x00, 0x0F, 0x3F, 0x4F, 0x00, 0x17, 0x3F, 0x4F, 0x00,
    0x1F, 0x3F, 0x4F, 0x00, 0x27, 0x3F, 0x4F, 0x00, 0x2F, 0x3F, 0x4F, 0x04,
    0x37, 0x3F, 0x4F, 0x10, 0x3F, 0x3F, 0x4F, 0x1C, 0x47, 0x3F, 0x4F, 0x26,
    0x4F, 0x3F, 0x4F, 0x30, 0x57, 0x3F, 0x4F, 0x39, 0x5F, 0x3F, 0x4F, 0x40,
    0x67, 0x3F, 0x4F, 0x46, 0x6F, 0x3F, 0x4F, 0x4A, 0x77, 0x3F, 0x4F, 0x4D,
    0x7F, 0x3F, 0x4F, 0x4D, 0x87, 0x3F, 0x4F, 0x4D, 0x8F, 0x3F, 0x4F, 0x4A,
    0x97, 0x3F, 0x4F, 0x46, 0x9F, 0x3F, 0x4F, 0x40, 0xA7, 0x3F, 0x4F, 0x39,
    0xAF, 0x3F, 0x4F, 0x30, 0xB7, 0x3F, 0x4F, 0x26, 0xBF, 0x3F, 0x4F, 0x1C,
    0xC7, 0x3F, 0x4F, 0x10, 0xCF, 0x3F, 0x4F, 0x04, 0xD7, 0x3F, 0x4F, 0x00,
    0xDF, 0x3F, 0x4F, 0x00, 0xE7, 0x3F, 0x4F, 0x00, 0xEF, 0x3F, 0x4F, 0x00,
    0xF7, 0x3F, 0x4F, 0x00, 0x00, 0x47, 0x4F, 0x00, 0x07, 0x47, 0x4F, 0x00,
    0x0F, 0x47, 0x4F, 0x00, 0x17, 0x47, 0x4F, 0x00, 0x1F, 0x47, 0x4F, 0x00,
    0x27, 0x47, 0x4F, 0x00, 0x2F, 0x47, 0x4F, 0x0E, 0x37, 0x47, 0x4F, 0x1A,
    0x3F, 0x47, 0x4F, 0x26, 0x47, 0x47, 0x4F, 0x32, 0x4F, 0x47, 0x4F, 0x3C,
    0x57, 0x47, 0x4F, 0x45, 0x5F, 0x47, 0x4F, 0x4D, 0x67, 0x47, 0x4F, 0x53,
    0x6F, 0x47, 0x4F, 0x57, 0x77, 0x47, 0x4F, 0x5A, 0x7F, 0x47, 0x4F, 0x5B,
    0x87, 0x47, 0x4F, 0x5A, 0x8F, 0x47, 0x4F, 0x57, 0x97, 0x47, 0x4F, 0x53,
    0x9F, 0x47, 0x4F, 0x4D, 0xA7, 0x47, 0x4F, 0x45, 0xAF, 0x47, 0x4F, 0x3C,
    0xB7, 0x47, 0x4F, 0x32, 0xBF, 0x47, 0x4F, 0x26, 0xC7, 0x47, 0x4F, 0x1A,
    0xCF, 0x47, 0x4F, 0x0E, 0xD7, 0x47, 0x4F, 0x00, 0xDF, 0x47, 0x4F, 0x00,
    0xE7, 0x47, 0x4F, 0x00, 0xEF, 0x47, 0x4F, 0x00, 0xF7, 0x47, 0x4F, 0x00,
    0x00, 0x4F, 0x4F, 0x00, 0x07, 0x4F, 0x4F, 0x00, 0x0F, 0x4F, 0x4F, 0x00,
    0x17, 0x4F, 0x4F, 0x00, 0x1F, 0x4F, 0x4F, 0x00, 0x27, 0x4F, 0x4F, 0x08,
    0x2F, 0x4F, 0x4F, 0x16, 0x37, 0x4F, 0x4F, 0x23, 0x3F, 0x4F, 0x4F, 0x30,
    0x47, 0x4F, 0x4F, 0x3C, 0x4F, 0x4F, 0x4F, 0x46, 0x57, 0x4F, 0x4F, 0x50,
    0x5F, 0x4F, 0x4F, 0x58, 0x67, 0x4F, 0x4F, 0x5F, 0x6F, 0x4F, 0x4F, 0x64,
    0x77, 0x4F, 0x4F, 0x67, 0x7F, 0x4F, 0x4F, 0x68, 0x87, 0x4F, 0x4F, 0x67,
    0x8F, 0x4F, 0x4F, 0x64, 0x97, 0x4F, 0x4F, 0x5F, 0x9F, 0x4F, 0x4F, 0x58,
    0xA7, 0x4F, 0x4F, 0x50, 0xAF, 0x4F, 0x4F, 0x46, 0xB7, 0x4F, 0x4F, 0x3C,
    0xBF, 0x4F, 0x4F, 0x30, 0xC7, 0x4F, 0x4F, 0x23, 0xCF, 0x4F, 0x4F, 0x16,
    0xD7, 0x4F, 0x4F, 0x08, 0xDF, 0x4F, 0x4F, 0x00, 0xE7, 0x4F, 0x4F, 0x00,
    0xEF, 0x4F, 0x4F, 0x00, 0xF7, 0x4F, 0x4F, 0x00, 0x00, 0x57, 0x4F, 0x00,
    0x07, 0x57, 0x4F, 0x00, 0x0F, 0x57, 0x4F, 0x00, 0x17, 0x57, 0x4F, 0x00,
    0x1F, 0x57, 0x4F, 0x01, 0x27, 0x57, 0x4F, 0x10, 0x2F, 0x57, 0x4F, 0x1E,
    0x37, 0x57, 0x4F, 0x2B, 0x3F, 0x57, 0x4F, 0x39, 0x47, 0x57, 0x4F, 0x45,
    0x4F, 0x57, 0x4F, 0x50, 0x57, 0x57, 0x4F, 0x5A, 0x5F, 0x57, 0x4F, 0x63,
    0x67, 0x57, 0x4F, 0x6A, 0x6F, 0x57, 0x4F, 0x70, 0x77, 0x57, 0x4F, 0x73,
    0x7F, 0x57, 0x4F, 0x74, 0x87, 0x57, 0x4F, 0x73, 0x8F, 0x57, 0x4F, 0x70,
    0x97, 0x57, 0x4F, 0x6A, 0x9F, 0x57, 0x4F, 0x63, 0xA7, 0x57, 0x4F, 0x5A,
    0xAF, 0x57, 0x4F, 0x50, 0xB7, 0x57, 0x4F, 0x45, 0xBF, 0x57, 0x4F, 0x39,
    0xC7, 0x57, 0x4F, 0x2B, 0xCF, 0x57, 0x4F, 0x1E, 0xD7, 0x57, 0x4F, 0x10,
    0xDF, 0x57, 0x4F, 0x01, 0xE7, 0x57, 0x4F, 0x00, 0xEF, 0x57, 0x4F, 0x00,
    0xF7, 0x57, 0x4F, 0x00, 0x00, 0x5F, 0x4F, 0x00, 0x07, 0x5F, 0x4F, 0x00,
    0x0F, 0x5F, 0x4F, 0x00, 0x17, 0x5F, 0x4F, 0x00, 0x1F, 0x5F, 0x4F, 0x07,
    0x27, 0x5F, 0x4F, 0x16, 0x2F, 0x5F, 0x4F, 0x24, 0x37, 0x5F, 0x4F, 0x32,
    0x3F, 0x5F, 0x4F, 0x40, 0x47, 0x5F, 0x4F, 0x4D, 0x4F, 0x5F, 0x4F, 0x58,
    0x57, 0x5F, 0x4F, 0x63, 0x5F, 0x5F, 0x4F, 0x6C, 0x67, 0x5F, 0x4F, 0x74,
    0x6F, 0x5F, 0x4F, 0x7A, 0x77, 0x5F, 0x4F, 0x7E, 0x7F, 0x5F, 0x4F, 0x7F,
    0x87, 0x5F, 0x4F, 0x7E, 0x8F, 0x5F, 0x4F, 0x7A, 0x97, 0x5F, 0x4F, 0x74,
    0x9F, 0x5F, 0x4F, 0x6C, 0xA7, 0x5F, 0x4F, 0x63, 0xAF, 0x5F, 0x4F, 0x58,
    0xB7, 0x5F, 0x4F, 0x4D, 0xBF, 0x5F, 0x4F, 0x40, 0xC7, 0x5F, 0x4F, 0x32,
    0xCF, 0x5F, 0x4F, 0x24, 0xD7, 0x5F, 0x4F, 0x16, 0xDF, 0x5F, 0x4F, 0x07,
    0xE7, 0x5F, 0x4F, 0x00, 0xEF, 0x5F, 0x4F, 0x00, 0xF7, 0x5F, 0x4F, 0x00,
    0x00, 0x67, 0x4F, 0x00, 0x07, 0x67, 0x4F, 0x00, 0x0F, 0x67, 0x4F, 0x00,
    0x17, 0x67, 0x4F, 0x00, 0x1F, 0x67, 0x4F, 0x0B, 0x27, 0x67, 0x4F, 0x1A,
    0x2F, 0x67, 0x4F, 0x29, 0x37, 0x67, 0x4F, 0x38, 0x3F, 0x67, 0x4F, 0x46,
    0x47, 0x67, 0x4F, 0x53, 0x4F, 0x67, 0x4F, 0x5F, 0x57, 0x67, 0x4F, 0x6A,
    0x5F, 0x67, 0x4F, 0x74, 0x67, 0x67, 0x4F, 0x7C, 0x6F, 0x67, 0x4F, 0x83,
    0x77, 0x67, 0x4F, 0x86, 0x7F, 0x67, 0x4F, 0x88, 0x87, 0x67, 0x4F, 0x86,
    0x8F, 0x67, 0x4F, 0x83, 0x97, 0x67, 0x4F, 0x7C, 0x9F, 0x67, 0x4F, 0x74,
    0xA7, 0x67, 0x4F, 0x6A, 0xAF, 0x67, 0x4F, 0x5F, 0xB7, 0x67, 0x4F, 0x53,
    0xBF, 0x67, 0x4F, 0x46, 0xC7, 0x67, 0x4F, 0x38, 0xCF, 0x67, 0x4F, 0x29,
    0xD7, 0x67, 0x4F, 0x1A, 0xDF, 0x67, 0x4F, 0x0B, 0xE7, 0x67, 0x4F, 0x00,
    0xEF, 0x67, 0x4F, 0x00, 0xF7, 0x67, 0x4F, 0x00, 0x00, 0x6F, 0x4F, 0x00,
    0x07, 0x6F, 0x4F, 0x00, 0x0F, 0x6F, 0x4F, 0x00, 0x17, 0x6F, 0x4F, 0x00,
    0x1F, 0x6F, 0x4F, 0x0E, 0x27, 0x6F, 0x4F, 0x1E, 0x2F, 0x6F, 0x4F, 0x2D,
    0x37, 0x6F, 0x4F, 0x3C, 0x3F, 0x6F, 0x4F, 0x4A, 0x47, 0x6F, 0x4F, 0x57,
    0x4F, 0x6F, 0x4F, 0x64, 0x57, 0x6F, 0x4F, 0x70, 0x5F, 0x6F, 0x4F, 0x7A,
    0x67, 0x6F, 0x4F, 0x83, 0x6F, 0x6F, 0x4F, 0x89, 0x77, 0x6F, 0x4F, 0x8D,
    0x7F, 0x6F, 0x4F, 0x8F, 0x87, 0x6F, 0x4F, 0x8D, 0x8F, 0x6F, 0x4F, 0x89,
    0x97, 0x6F, 0x4F, 0x83, 0x9F, 0x6F, 0x4F, 0x7A, 0xA7, 0x6F, 0x4F, 0x70,
    0xAF, 0x6F, 0x4F, 0x64, 0xB7, 0x6F, 0x4F, 0x57, 0xBF, 0x6F, 0x4F, 0x4A,
    0xC7, 0x6F, 0x4F, 0x3C, 0xCF, 0x6F, 0x4F, 0x2D, 0xD7, 0x6F, 0x4F, 0x1E,
    0xDF, 0x6F, 0x4F, 0x0E, 0xE7, 0x6F, 0x4F, 0x00, 0xEF, 0x6F, 0x4F, 0x00,
    0xF7, 0x6F, 0x4F, 0x00, 0x00, 0x77, 0x4F, 0x00, 0x07, 0x77, 0x4F, 0x00,
    0x0F, 0x77, 0x4F, 0x00, 0x17, 0x77, 0x4F, 0x00, 0x1F, 0x77, 0x4F, 0x10,
    0x27, 0x77, 0x4F, 0x20, 0x2F, 0x77, 0x4F, 0x2F, 0x37, 0x77, 0x4F, 0x3E,
    0x3F, 0x77, 0x4F, 0x4D, 0x47, 0x77, 0x4F, 0x5A, 0x4F, 0x77, 0x4F, 0x67,
    0x57, 0x77, 0x4F, 0x73, 0x5F, 0x77, 0x4F, 0x7E, 0x67, 0x77, 0x4F, 0x86,
    0x6F, 0x77, 0x4F, 0x8D, 0x77, 0x77, 0x4F, 0x91, 0x7F, 0x77, 0x4F, 0x93,
    0x87, 0x77, 0x4F, 0x91, 0x8F, 0x77, 0x4F, 0x8D, 0x97, 0x77, 0x4F, 0x86,
    0x9F, 0x77, 0x4F, 0x7E, 0xA7, 0x77, 0x4F, 0x73, 0xAF, 0x77, 0x4F, 0x67,
    0xB7, 0x77, 0x4F, 0x5A, 0xBF, 0x77, 0x4F, 0x4D, 0xC7, 0x77, 0x4F, 0x3E,
    0xCF, 0x77, 0x4F, 0x2F, 0xD7, 0x77, 0x4F, 0x20, 0xDF, 0x77, 0x4F, 0x10,
    0xE7, 0x77, 0x4F, 0x00, 0xEF, 0x77, 0x4F, 0x00, 0xF7, 0x77, 0x4F, 0x00,
    0x00, 0x7F, 0x4F, 0x00, 0x07, 0x7F, 0x4F, 0x00, 0x0F, 0x7F, 0x4F, 0x00,
    0x17, 0x7F, 0x4F, 0x01, 0x1F, 0x7F, 0x4F, 0x11, 0x27, 0x7F, 0x4F, 0x21,
    0x2F, 0x7F, 0x4F, 0x30, 0x37, 0x7F, 0x4F, 0x3F, 0x3F, 0x7F, 0x4F, 0x4D,
    0x47, 0x7F, 0x4F, 0x5B, 0x4F, 0x7F, 0x4F, 0x68, 0x57, 0x7F, 0x4F, 0x74,
    0x5F, 0x7F, 0x4F, 0x7F, 0x67, 0x7F, 0x4F, 0x88, 0x6F, 0x7F, 0x4F, 0x8F,
    0x77, 0x7F, 0x4F, 0x93, 0x7F, 0x7F, 0x4F, 0x94, 0x87, 0x7F, 0x4F, 0x93,
    0x8F, 0x7F, 0x4F, 0x8F, 0x97, 0x7F, 0x4F, 0x88, 0x9F, 0x7F, 0x4F, 0x7F,
    0xA7, 0x7F, 0x4F, 0x74, 0xAF, 0x7F, 0x4F, 0x68, 0xB7, 0x7F, 0x4F, 0x5B,
    0xBF, 0x7F, 0x4F, 0x4D, 0xC7, 0x7F, 0x4F, 0x3F, 0xCF, 0x7F, 0x4F, 0x30,
    0xD7, 0x7F, 0x4F, 0x21, 0xDF, 0x7F, 0x4F, 0x11, 0xE7, 0x7F, 0x4F, 0x01,
    0xEF, 0x7F, 0x4F, 0x00, 0xF7, 0x7F, 0x4F, 0x00, 0x00, 0x87, 0x4F, 0x00,
    0x07, 0x87, 0x4F, 0x00, 0x0F, 0x87, 0x4F, 0x00, 0x17, 0x87, 0x4F, 0x00,
    0x1F, 0x87, 0x4F, 0x10, 0x27, 0x87, 0x4F, 0x20, 0x2F, 0x87, 0x4F, 0x2F,
    0x37, 0x87, 0x4F, 0x3E, 0x3F, 0x87, 0x4F, 0x4D, 0x47, 0x87, 0x4F, 0x5A,
    0x4F, 0x87, 0x4F, 0x67, 0x57, 0x87, 0x4F, 0x73, 0x5F, 0x87, 0x4F, 0x7E,
    0x67, 0x87, 0x4F, 0x86, 0x6F, 0x87, 0x4F, 0x8D, 0x77, 0x87, 0x4F, 0x91,
    0x7F, 0x87, 0x4F, 0x93, 0x87, 0x87, 0x4F, 0x91, 0x8F, 0x87, 0x4F, 0x8D,
    0x97, 0x87, 0x4F, 0x86, 0x9F, 0x87, 0x4F, 0x7E, 0xA7, 0x87, 0x4F, 0x73,
    0xAF, 0x87, 0x4F, 0x67, 0xB7, 0x87, 0x4F, 0x5A, 0xBF, 0x87, 0x4F, 0x4D,
    0xC7, 0x87, 0x4F, 0x3E, 0xCF, 0x87, 0x4F, 0x2F, 0xD7, 0x87, 0x4F, 0x20,
    0xDF, 0x87, 0x4F, 0x10, 0xE7, 0x87, 0x4F, 0x00, 0xEF, 0x87, 0x4F, 0x00,
    0xF7, 0x87, 0x4F, 0x00, 0x00, 0x8F, 0x4F, 0x00, 0x07, 0x8F, 0x4F, 0x00,
    0x0F, 0x8F, 0x4F, 0x00, 0x17, 0x8F, 0x4F, 0x00, 0x1F, 0x8F, 0x4F, 0x0E,
    0x27, 0x8F, 0x4F, 0x1E, 0x2F, 0x8F, 0x4F, 0x2D, 0x37, 0x8F, 0x4F, 0x3C,
    0x3F, 0x8F, 0x4F, 0x4A, 0x47, 0x8F, 0x4F, 0x57, 0x4F, 0x8F, 0x4F, 0x64,
    0x57, 0x8F, 0x4F, 0x70, 0x5F, 0x8F, 0x4F, 0x7A, 0x67, 0x8F, 0x4F, 0x83,
    0x6F, 0x8F, 0x4F, 0x89, 0x77, 0x8F, 0x4F, 0x8D, 0x7F, 0x8F, 0x4F, 0x8F,
    0x87, 0x8F, 0x4F, 0x8D, 0x8F, 0x8F, 0x4F, 0x89, 0x97, 0x8F, 0x4F, 0x83,
    0x9F, 0x8F, 0x4F, 0x7A, 0xA7, 0x8F, 0x4F, 0x70, 0xAF, 0x8F, 0x4F, 0x64,
    0xB7, 0x8F, 0x4F, 0x57, 0xBF, 0x8F, 0x4F, 0x4A, 0xC7, 0x8F, 0x4F, 0x3C,
    0xCF, 0x8F, 0x4F, 0x2D, 0xD7, 0x8F, 0x4F, 0x1E, 0xDF, 0x8F, 0x4F, 0x0E,
    0xE7, 0x8F, 0x4F, 0x00, 0xEF, 0x8F, 0x4F, 0x00, 0xF7, 0x8F, 0x4F, 0x00,
    0x00, 0x97, 0x4F, 0x00, 0x07, 0x97, 0x4F, 0x00, 0x0F, 0x97, 0x4F, 0x00,
    0x17, 0x97, 0x4F, 0x00, 0x1F, 0x97, 0x4F, 0x0B, 0x27, 0x97, 0x4F, 0x1A,
    0x2F, 0x97, 0x4F, 0x29, 0x37, 0x97, 0x4F, 0x38, 0x3F, 0x97, 0x4F, 0x46,
    0x47, 0x97, 0x4F, 0x53, 0x4F, 0x97, 0x4F, 0x5F, 0x57, 0x97, 0x4F, 0x6A,
    0x5F, 0x97, 0x4F, 0x74, 0x67, 0x97, 0x4F, 0x7C, 0x6F, 0x97, 0x4F, 0x83,
    0x77, 0x97, 0x4F, 0x86, 0x7F, 0x97, 0x4F, 0x88, 0x87, 0x97, 0x4F, 0x86,
    0x8F, 0x97, 0x4F, 0x83, 0x97, 0x97, 0x4F, 0x7C, 0x9F, 0x97, 0x4F, 0x74,
    0xA7, 0x97, 0x4F, 0x6A, 0xAF, 0x97, 0x4F, 0x5F, 0xB7, 0x97, 0x4F, 0x53,
    0xBF, 0x97, 0x4F, 0x46, 0xC7, 0x97, 0x4F, 0x38, 0xCF, 0x97, 0x4F, 0x29,
    0xD7, 0x97, 0x4F, 0x1A, 0xDF, 0x97, 0x4F, 0x0B, 0xE7, 0x97, 0x4F, 0x00,
    0xEF, 0x97, 0x4F, 0x00, 0xF7, 0x97, 0x4F, 0x00, 0x00, 0x9F, 0x4F, 0x00,
    0x07, 0x9F, 0x4F, 0x00, 0x0F, 0x9F, 0x4F, 0x00, 0x17, 0x9F, 0x4F, 0x00,
    0x1F, 0x9F, 0x4F, 0x07, 0x27, 0x9F, 0x4F, 0x16, 0x2F, 0x9F, 0x4F, 0x24,
    0x37, 0x9F, 0x4F, 0x32, 0x3F, 0x9F, 0x4F, 0x40, 0x47, 0x9F, 0x4F, 0x4D,
    0x4F, 0x9F, 0x4F, 0x58, 0x57, 0x9F, 0x4F, 0x63, 0x5F, 0x9F, 0x4F, 0x6C,
    0x67, 0x9F, 0x4F, 0x74, 0x6F, 0x9F, 0x4F, 0x7A, 0x77, 0x9F, 0x4F, 0x7E,
    0x7F, 0x9F, 0x4F, 0x7F, 0x87, 0x9F, 0x4F, 0x7E, 0x8F, 0x9F, 0x4F, 0x7A,
    0x97, 0x9F, 0x4F, 0x74, 0x9F, 0x9F, 0x4F, 0x6C, 0xA7, 0x9F, 0x4F, 0x63,
    0xAF, 0x9F, 0x4F, 0x58, 0xB7, 0x9F, 0x4F, 0x4D, 0xBF, 0x9F, 0x4F, 0x40,
    0xC7, 0x9F, 0x4F, 0x32, 0xCF, 0x9F, 0x4F, 0x24, 0xD7, 0x9F, 0x4F, 0x16,
    0xDF, 0x9F, 0x4F, 0x07, 0xE7, 0x9F, 0x4F, 0x00, 0xEF, 0x9F, 0x4F, 0x00,
    0xF7, 0x9F, 0x4F, 0x00, 0x00, 0xA7, 0x4F, 0x00, 0x07, 0xA7, 0x4F, 0x00,
    0x0F, 0xA7, 0x4F, 0x00, 0x17, 0xA7, 0x4F, 0x00, 0x1F, 0xA7, 0x4F, 0x01,
    0x27, 0xA7, 0x4F, 0x10, 0x2F, 0xA7, 0x4F, 0x1E, 0x37, 0xA7, 0x4F, 0x2B,
    0x3F, 0xA7, 0x4F, 0x39, 0x47, 0xA7, 0x4F, 0x45, 0x4F, 0xA7, 0x4F, 0x50,
    0x57, 0xA7, 0x4F, 0x5A, 0x5F, 0xA7, 0x4F, 0x63, 0x67, 0xA7, 0x4F, 0x6A,
    0x6F, 0xA7, 0x4F, 0x70, 0x77, 0xA7, 0x4F, 0x73, 0x7F, 0xA7, 0x4F, 0x74,
    0x87, 0xA7, 0x4F, 0x73, 0x8F, 0xA7, 0x4F, 0x70, 0x97, 0xA7, 0x4F, 0x6A,
    0x9F, 0xA7, 0x4F, 0x63, 0xA7, 0xA7, 0x4F, 0x5A, 0xAF, 0xA7, 0x4F, 0x50,
    0xB7, 0xA7, 0x4F, 0x45, 0xBF, 0xA7, 0x4F, 0x39, 0xC7, 0xA7, 0x4F, 0x2B,
    0xCF, 0xA7, 0x4F, 0x1E, 0xD7, 0xA7, 0x4F, 0x10, 0xDF, 0xA7, 0x4F, 0x01,
    0xE7, 0xA7, 0x4F, 0x00, 0xEF, 0xA7, 0x4F, 0x00, 0xF7, 0xA7, 0x4F, 0x00,
    0x00, 0xAF, 0x4F, 0x00, 0x07, 0xAF, 0x4F, 0x00, 0x0F, 0xAF, 0x4F, 0x00,
    0x17, 0xAF, 0x4F, 0x00, 0x1F, 0xAF, 0x4F, 0x00, 0x27, 0xAF, 0x4F, 0x08,
    0x2F, 0xAF, 0x4F, 0x16, 0x37, 0xAF, 0x4F, 0x23, 0x3F, 0xAF, 0x4F, 0x30,
    0x47, 0xAF, 0x4F, 0x3C, 0x4F, 0xAF, 0x4F, 0x46, 0x57, 0xAF, 0x4F, 0x50,
    0x5F, 0xAF, 0x4F, 0x58, 0x67, 0xAF, 0x4F, 0x5F, 0x6F, 0xAF, 0x4F, 0x64,
    0x77, 0xAF, 0x4F, 0x67, 0x7F, 0xAF, 0x4F, 0x68, 0x87, 0xAF, 0x4F, 0x67,
    0x8F, 0xAF, 0x4F, 0x64, 0x97, 0xAF, 0x4F, 0x5F, 0x9F, 0xAF, 0x4F, 0x58,
    0xA7, 0xAF, 0x4F, 0x50, 0xAF, 0xAF, 0x4F, 0x46, 0xB7, 0xAF, 0x4F, 0x3C,
    0xBF, 0xAF, 0x4F, 0x30, 0xC7, 0xAF, 0x4F, 0x23, 0xCF, 0xAF, 0x4F, 0x16,
    0xD7, 0xAF, 0x4F, 0x08, 0xDF, 0xAF, 0x4F, 0x00, 0xE7, 0xAF, 0x4F, 0x00,
    0xEF, 0xAF, 0x4F, 0x00, 0xF7, 0xAF, 0x4F, 0x00, 0x00, 0xB7, 0x4F, 0x00,
    0x07, 0xB7, 0x4F, 0x00, 0x0F, 0xB7, 0x4F, 0x00, 0x17, 0xB7, 0x4F, 0x00,
    0x1F, 0xB7, 0x4F, 0x00, 0x27, 0xB7, 0x4F, 0x00, 0x2F, 0xB7, 0x4F, 0x0E,
    0x37, 0xB7, 0x4F, 0x1A, 0x3F, 0xB7, 0x4F, 0x26, 0x47, 0xB7, 0x4F, 0x32,
    0x4F, 0xB7, 0x4F, 0x3C, 0x57, 0xB7, 0x4F, 0x45, 0x5F, 0xB7, 0x4F, 0x4D,
    0x67, 0xB7, 0x4F, 0x53, 0x6F, 0xB7, 0x4F, 0x57, 0x77, 0xB7, 0x4F, 0x5A,
    0x7F, 0xB7, 0x4F, 0x5B, 0x87, 0xB7, 0x4F, 0x5A, 0x8F, 0xB7, 0x4F, 0x57,
    0x97, 0xB7, 0x4F, 0x53, 0x9F, 0xB7, 0x4F, 0x4D, 0xA7, 0xB7, 0x4F, 0x45,
    0xAF, 0xB7, 0x4F, 0x3C, 0xB7, 0xB7, 0x4F, 0x32, 0xBF, 0xB7, 0x4F, 0x26,
    0xC7, 0xB7, 0x4F, 0x1A, 0xCF, 0xB7, 0x4F, 0x0E, 0xD7, 0xB7, 0x4F, 0x00,
    0xDF, 0xB7, 0x4F, 0x00, 0xE7, 0xB7, 0x4F, 0x00, 0xEF, 0xB7, 0x4F, 0x00,
    0xF7, 0xB7, 0x4F, 0x00, 0x00, 0xBF, 0x4F, 0x00, 0x07, 0xBF, 0x4F, 0x00,
    0x0F, 0xBF, 0x4F, 0x00, 0x17, 0xBF, 0x4F, 0x00, 0x1F, 0xBF, 0x4F, 0x00,
    0x27, 0xBF, 0x4F, 0x00, 0x2F, 0xBF, 0x4F, 0x04, 0x37, 0xBF, 0x4F, 0x10,
    0x3F, 0xBF, 0x4F, 0x1C, 0x47, 0xBF, 0x4F, 0x26, 0x4F, 0xBF, 0x4F, 0x30,
    0x57, 0xBF, 0x4F, 0x39, 0x5F, 0xBF, 0x4F, 0x40, 0x67, 0xBF, 0x4F, 0x46,
    0x6F, 0xBF, 0x4F, 0x4A, 0x77, 0xBF, 0x4F, 0x4D, 0x7F, 0xBF, 0x4F, 0x4D,
    0x87, 0xBF, 0x4F, 0x4D, 0x8F, 0xBF, 0x4F, 0x4A, 0x97, 0xBF, 0x4F, 0x46,
    0x9F, 0xBF, 0x4F, 0x40, 0xA7, 0xBF, 0x4F, 0x39, 0xAF, 0xBF, 0x4F, 0x30,
    0xB7, 0xBF, 0x4F, 0x26, 0xBF, 0xBF, 0x4F, 0x1C, 0xC7, 0xBF, 0x4F, 0x10,
    0xCF, 0xBF, 0x4F, 0x04, 0xD7, 0xBF, 0x4F, 0x00, 0xDF, 0xBF, 0x4F, 0x00,
    0xE7, 0xBF, 0x4F, 0x00, 0xEF, 0xBF, 0x4F, 0x00, 0xF7, 0xBF, 0x4F, 0x00,
    0x00, 0xC7, 0x4F, 0x00, 0x07, 0xC7, 0x4F, 0x00, 0x0F, 0xC7, 0x4F, 0x00,
    0x17, 0xC7, 0x4F, 0x00, 0x1F, 0xC7, 0x4F, 0x00, 0x27, 0xC7, 0x4F, 0x00,
    0x2F, 0xC7, 0x4F, 0x00, 0x37, 0xC7, 0x4F, 0x05, 0x3F, 0xC7, 0x4F, 0x10,
    0x47, 0xC7, 0x4F, 0x1A, 0x4F, 0xC7, 0x4F, 0x23, 0x57, 0xC7, 0x4F, 0x2B,
    0x5F, 0xC7, 0x4F, 0x32, 0x67, 0xC7, 0x4F, 0x38, 0x6F, 0xC7, 0x4F, 0x3C,
    0x77, 0xC7, 0x4F, 0x3E, 0x7F, 0xC7, 0x4F, 0x3F, 0x87, 0xC7, 0x4F, 0x3E,
    0x8F, 0xC7, 0x4F, 0x3C, 0x97, 0xC7, 0x4F, 0x38, 0x9F, 0xC7, 0x4F, 0x32,
    0xA7, 0xC7, 0x4F, 0x2B, 0xAF, 0xC7, 0x4F, 0x23, 0xB7, 0xC7, 0x4F, 0x1A,
    0xBF, 0xC7, 0x4F, 0x10, 0xC7, 0xC7, 0x4F, 0x05, 0xCF, 0xC7, 0x4F, 0x00,
    0xD7, 0xC7, 0x4F, 0x00, 0xDF, 0xC7, 0x4F, 0x00, 0xE7, 0xC7, 0x4F, 0x00,
    0xEF, 0xC7, 0x4F, 0x00, 0xF7, 0xC7, 0x4F, 0x00, 0x00, 0xCF, 0x4F, 0x00,
    0x07, 0xCF, 0x4F, 0x00, 0x0F, 0xCF, 0x4F, 0x00, 0x17, 0xCF, 0x4F, 0x00,
    0x1F, 0xCF, 0x4F, 0x00, 0x27, 0xCF, 0x4F, 0x00, 0x2F, 0xCF, 0x4F, 0x00,
    0x37, 0xCF, 0x4F, 0x00, 0x3F, 0xCF, 0x4F, 0x04, 0x47, 0xCF, 0x4F, 0x0E,
    0x4F, 0xCF, 0x4F, 0x16, 0x57, 0xCF, 0x4F, 0x1E, 0x5F, 0xCF, 0x4F, 0x24,
    0x67, 0xCF, 0x4F, 0x29, 0x6F, 0xCF, 0x4F, 0x2D, 0x77, 0xCF, 0x4F, 0x2F,
    0x7F, 0xCF, 0x4F, 0x30, 0x87, 0xCF, 0x4F, 0x2F, 0x8F, 0xCF, 0x4F, 0x2D,
    0x97, 0xCF, 0x4F, 0x29, 0x9F, 0xCF, 0x4F, 0x24, 0xA7, 0xCF, 0x4F, 0x1E,
    0xAF, 0xCF, 0x4F, 0x16, 0xB7, 0xCF, 0x4F, 0x0E, 0xBF, 0xCF, 0x4F, 0x04,
    0xC7, 0xCF, 0x4F, 0x00, 0xCF, 0xCF, 0x4F, 0x00, 0xD7, 0xCF, 0x4F, 0x00,
    0xDF, 0xCF, 0x4F, 0x00, 0xE7, 0xCF, 0x4F, 0x00, 0xEF, 0xCF, 0x4F, 0x00,
    0xF7, 0xCF, 0x4F, 0x00, 0x00, 0xD7, 0x4F, 0x00, 0x07, 0xD7, 0x4F, 0x00,
    0x0F, 0xD7, 0x4F, 0x00, 0x17, 0xD7, 0x4F, 0x00, 0x1F, 0xD7, 0x4F, 0x00,
    0x27, 0xD7, 0x4F, 0x00, 0x2F, 0xD7, 0x4F, 0x00, 0x37, 0xD7, 0x4F, 0x00,
    0x3F, 0xD7, 0x4F, 0x00, 0x47, 0xD7, 0x4F, 0x00, 0x4F, 0xD7, 0x4F, 0x08,
    0x57, 0xD7, 0x4F, 0x10, 0x5F, 0xD7, 0x4F, 0x16, 0x67, 0xD7, 0x4F, 0x1A,
    0x6F, 0xD7, 0x4F, 0x1E, 0x77, 0xD7, 0x4F, 0x20, 0x7F, 0xD7, 0x4F, 0x21,
    0x87, 0xD7, 0x4F, 0x20, 0x8F, 0xD7, 0x4F, 0x1E, 0x97, 0xD7, 0x4F, 0x1A,
    0x9F, 0xD7, 0x4F, 0x16, 0xA7, 0xD7, 0x4F, 0x10, 0xAF, 0xD7, 0x4F, 0x08,
    0xB7, 0xD7, 0x4F, 0x00, 0xBF, 0xD7, 0x4F, 0x00, 0xC7, 0xD7, 0x4F, 0x00,
    0xCF, 0xD7, 0x4F, 0x00, 0xD7, 0xD7, 0x4F, 0x00, 0xDF, 0xD7, 0x4F, 0x00,
    0xE7, 0xD7, 0x4F, 0x00, 0xEF, 0xD7, 0x4F, 0x00, 0xF7, 0xD7, 0x4F, 0x00,
    0x00, 0xDF, 0x4F, 0x00, 0x07, 0xDF, 0x4F, 0x00, 0x0F, 0xDF, 0x4F, 0x00,
    0x17, 0xDF, 0x4F, 0x00, 0x1F, 0xDF, 0x4F, 0x00, 0x27, 0xDF, 0x4F, 0x00,
    0x2F, 0xDF, 0x4F, 0x00, 0x37, 0xDF, 0x4F, 0x00, 0x3F, 0xDF, 0x4F, 0x00,
    0x47, 0xDF, 0x4F, 0x00, 0x4F, 0xDF, 0x4F, 0x00, 0x57, 0xDF, 0x4F, 0x01,
    0x5F, 0xDF, 0x4F, 0x07, 0x67, 0xDF, 0x4F, 0x0B, 0x6F, 0xDF, 0x4F, 0x0E,
    0x77, 0xDF, 0x4F, 0x10, 0x7F, 0xDF, 0x4F, 0x11, 0x87, 0xDF, 0x4F, 0x10,
    0x8F, 0xDF, 0x4F, 0x0E, 0x97, 0xDF, 0x4F, 0x0B, 0x9F, 0xDF, 0x4F, 0x07,
    0xA7, 0xDF, 0x4F, 0x01, 0xAF, 0xDF, 0x4F, 0x00, 0xB7, 0xDF, 0x4F, 0x00,
    0xBF, 0xDF, 0x4F, 0x00, 0xC7, 0xDF, 0x4F, 0x00, 0xCF, 0xDF, 0x4F, 0x00,
    0xD7, 0xDF, 0x4F, 0x00, 0xDF, 0xDF, 0x4F, 0x00, 0xE7, 0xDF, 0x4F, 0x00,
    0xEF, 0xDF, 0x4F, 0x00, 0xF7, 0xDF, 0x4F, 0x00, 0x00, 0xE7, 0x4F, 0x00,
    0x07, 0xE7, 0x4F, 0x00, 0x0F, 0xE7, 0x4F, 0x00, 0x17, 0xE7, 0x4F, 0x00,
    0x1F, 0xE7, 0x4F, 0x00, 0x27, 0xE7, 0x4F, 0x00, 0x2F, 0xE7, 0x4F, 0x00,
    0x37, 0xE7, 0x4F, 0x00, 0x3F, 0xE7, 0x4F, 0x00, 0x47, 0xE7, 0x4F, 0x00,
    0x4F, 0xE7, 0x4F, 0x00, 0x57, 0xE7, 0x4F, 0x00, 0x5F, 0xE7, 0x4F, 0x00,
    0x67, 0xE7, 0x4F, 0x00, 0x6F, 0xE7, 0x4F, 0x00, 0x77, 0xE7, 0x4F, 0x00,
    0x7F, 0xE7, 0x4F, 0x01, 0x87, 0xE7, 0x4F, 0x00, 0x8F, 0xE7, 0x4F, 0x00,
    0x97, 0xE7, 0x4F, 0x00, 0x9F, 0xE7, 0x4F, 0x00, 0xA7, 0xE7, 0x4F, 0x00,
    0xAF, 0xE7, 0x4F, 0x00, 0xB7, 0xE7, 0x4F, 0x00, 0xBF, 0xE7, 0x4F, 0x00,
    0xC7, 0xE7, 0x4F, 0x00, 0xCF, 0xE7, 0x4F, 0x00, 0xD7, 0xE7, 0x4F, 0x00,
    0xDF, 0xE7, 0x4F, 0x00, 0xE7, 0xE7, 0x4F, 0x00, 0xEF, 0xE7, 0x4F, 0x00,
    0xF7, 0xE7, 0x4F, 0x00, 0x00, 0xEF, 0x4F, 0x00, 0x07, 0xEF, 0x4F, 0x00,
    0x0F, 0xEF, 0x4F, 0x00, 0x17, 0xEF, 0x4F, 0x00, 0x1F, 0xEF, 0x4F, 0x00,
    0x27, 0xEF, 0x4F, 0x00, 0x2F, 0xEF, 0x4F, 0x00, 0x37, 0xEF, 0x4F, 0x00,
    0x3F, 0xEF, 0x4F, 0x00, 0x47, 0xEF, 0x4F, 0x00, 0x4F, 0xEF, 0x4F, 0x00,
    0x57, 0xEF, 0x4F, 0x00, 0x5F, 0xEF, 0x4F, 0x00, 0x67, 0xEF, 0x4F, 0x00,
    0x6F, 0xEF, 0x4F, 0x00, 0x77, 0xEF, 0x4F, 0x00, 0x7F, 0xEF, 0x4F, 0x00,
    0x87, 0xEF, 0x4F, 0x00, 0x8F, 0xEF, 0x4F, 0x00, 0x97, 0xEF, 0x4F, 0x00,
    0x9F, 0xEF, 0x4F, 0x00, 0xA7, 0xEF, 0x4F, 0x00, 0xAF, 0xEF, 0x4F, 0x00,
    0xB7, 0xEF, 0x4F, 0x00, 0xBF, 0xEF, 0x4F, 0x00, 0xC7, 0xEF, 0x4F, 0x00,
    0xCF, 0xEF, 0x4F, 0x00, 0xD7, 0xEF, 0x4F, 0x00, 0xDF, 0xEF, 0x4F, 0x00,
    0xE7, 0xEF, 0x4F, 0x00, 0xEF, 0xEF, 0x4F, 0x00, 0xF7, 0xEF, 0x4F, 0x00,
    0x00, 0xF7, 0x4F, 0x00, 0x07, 0xF7, 0x4F, 0x00, 0x0F, 0xF7, 0x4F, 0x00,
    0x17, 0xF7, 0x4F, 0x00, 0x1F, 0xF7, 0x4F, 0x00, 0x27, 0xF7, 0x4F, 0x00,
    0x2F, 0xF7, 0x4F, 0x00, 0x37, 0xF7, 0x4F, 0x00, 0x3F, 0xF7, 0x4F, 0x00,
    0x47, 0xF7, 0x4F, 0x00, 0x4F, 0xF7, 0x4F, 0x00, 0x57, 0xF7, 0x4F, 0x00,
    0x5F, 0xF7, 0x4F, 0x00, 0x67, 0xF7, 0x4F, 0x00, 0x6F, 0xF7, 0x4F, 0x00,
    0x77, 0xF7, 0x4F, 0x00, 0x7F, 0xF7, 0x4F, 0x00, 0x87, 0xF7, 0x4F, 0x00,
    0x8F, 0xF7, 0x4F, 0x00, 0x97, 0xF7, 0x4F, 0x00, 0x9F, 0xF7, 0x4F, 0x00,
    0xA7, 0xF7, 0x4F, 0x00, 0xAF, 0xF7, 0x4F, 0x00, 0xB7, 0xF7, 0x4F, 0x00,
    0xBF, 0xF7, 0x4F, 0x00, 0xC7, 0xF7, 0x4F, 0x00, 0xCF, 0xF7, 0x4F, 0x00,
    0xD7, 0xF7, 0x4F, 0x00, 0xDF, 0xF7, 0x4F, 0x00, 0xE7, 0xF7, 0x4F, 0x00,
    0xEF, 0xF7, 0x4F, 0x00, 0xF7, 0xF7, 0x4F, 0x00, 0x00, 0x00, 0x57, 0x00,
    0x07, 0x00, 0x57, 0x00, 0x0F, 0x00, 0x57, 0x00, 0x17, 0x00, 0x57, 0x00,
    0x1F, 0x00, 0x57, 0x00, 0x27, 0x00, 0x57, 0x00, 0x2F, 0x00, 0x57, 0x00,
    0x37, 0x00, 0x57, 0x00, 0x3F, 0x00, 0x57, 0x00, 0x47, 0x00, 0x57, 0x00,
    0x4F, 0x00, 0x57, 0x00, 0x57, 0x00, 0x57, 0x00, 0x5F, 0x00, 0x57, 0x00,
    0x67, 0x00, 0x57, 0x00, 0x6F, 0x00, 0x57, 0x00, 0x77, 0x00, 0x57, 0x00,
    0x7F, 0x00, 0x57, 0x00, 0x87, 0x00, 0x57, 0x00, 0x8F, 0x00, 0x57, 0x00,
    0x97, 0x00, 0x57, 0x00, 0x9F, 0x00, 0x57, 0x00, 0xA7, 0x00, 0x57, 0x00,
    0xAF, 0x00, 0x57, 0x00, 0xB7, 0x00, 0x57, 0x00, 0xBF, 0x00, 0x57, 0x00,
    0xC7, 0x00, 0x57, 0x00, 0xCF, 0x00, 0x57, 0x00, 0xD7, 0x00, 0x57, 0x00,
    0xDF, 0x00, 0x57, 0x00, 0xE7, 0x00, 0x57, 0x00, 0xEF, 0x00, 0x57, 0x00,
    0xF7, 0x00, 0x57, 0x00, 0x00, 0x07, 0x57, 0x00, 0x07, 0x07, 0x57, 0x00,
    0x0F, 0x07, 0x57, 0x00, 0x17, 0x07, 0x57, 0x00, 0x1F, 0x07, 0x57, 0x00,
    0x27, 0x07, 0x57, 0x00, 0x2F, 0x07, 0x57, 0x00, 0x37, 0x07, 0x57, 0x00,
    0x3F, 0x07, 0x57, 0x00, 0x47, 0x07, 0x57, 0x00, 0x4F, 0x07, 0x57, 0x00,
    0x57, 0x07, 0x57, 0x00, 0x5F, 0x07, 0x57, 0x00, 0x67, 0x07, 0x57, 0x00,
    0x6F, 0x07, 0x57, 0x00, 0x77, 0x07, 0x57, 0x00, 0x7F, 0x07, 0x57, 0x00,
    0x87, 0x07, 0x57, 0x00, 0x8F, 0x07, 0x57, 0x00, 0x97, 0x07, 0x57, 0x00,
    0x9F, 0x07, 0x57, 0x00, 0xA7, 0x07, 0x57, 0x00, 0xAF, 0x07, 0x57, 0x00,
    0xB7, 0x07, 0x57, 0x00, 0xBF, 0x07, 0x57, 0x00, 0xC7, 0x07, 0x57, 0x00,
    0xCF, 0x07, 0x57, 0x00, 0xD7, 0x07, 0x57, 0x00, 0xDF, 0x07, 0x57, 0x00,
    0xE7, 0x07, 0x57, 0x00, 0xEF, 0x07, 0x57, 0x00, 0xF7, 0x07, 0x57, 0x00,
    0x00, 0x0F, 0x57, 0x00, 0x07, 0x0F, 0x57, 0x00, 0x0F, 0x0F, 0x57, 0x00,
    0x17, 0x0F, 0x57, 0x00, 0x1F, 0x0F, 0x57, 0x00, 0x27, 0x0F, 0x57, 0x00,
    0x2F, 0x0F, 0x57, 0x00, 0x37, 0x0F, 0x57, 0x00, 0x3F, 0x0F, 0x57, 0x00,
    0x47, 0x0F, 0x57, 0x00, 0x4F, 0x0F, 0x57, 0x00, 0x57, 0x0F, 0x57, 0x00,
    0x5F, 0x0F, 0x57, 0x00, 0x67, 0x0F, 0x57, 0x00, 0x6F, 0x0F, 0x57, 0x00,
    0x77, 0x0F, 0x57, 0x00, 0x7F, 0x0F, 0x57, 0x00, 0x87, 0x0F, 0x57, 0x00,
    0x8F, 0x0F, 0x57, 0x00, 0x97, 0x0F, 0x57, 0x00, 0x9F, 0x0F, 0x57, 0x00,
    0xA7, 0x0F, 0x57, 0x00, 0xAF, 0x0F, 0x57, 0x00, 0xB7, 0x0F, 0x57, 0x00,
    0xBF, 0x0F, 0x57, 0x00, 0xC7, 0x0F, 0x57, 0x00, 0xCF, 0x0F, 0x57, 0x00,
    0xD7, 0x0F, 0x57, 0x00, 0xDF, 0x0F, 0x57, 0x00, 0xE7, 0x0F, 0x57, 0x00,
    0xEF, 0x0F, 0x57, 0x00, 0xF7, 0x0F, 0x57, 0x00, 0x00, 0x17, 0x57, 0x00,
    0x07, 0x17, 0x57, 0x00, 0x0F, 0x17, 0x57, 0x00, 0x17, 0x17, 0x57, 0x00,
    0x1F, 0x17, 0x57, 0x00, 0x27, 0x17, 0x57, 0x00, 0x2F, 0x17, 0x57, 0x00,
    0x37, 0x17, 0x57, 0x00, 0x3F, 0x17, 0x57, 0x00, 0x47, 0x17, 0x57, 0x00,
    0x4F, 0x17, 0x57, 0x00, 0x57, 0x17, 0x57, 0x00, 0x5F, 0x17, 0x57, 0x00,
    0x67, 0x17, 0x57, 0x02, 0x6F, 0x17, 0x57, 0x05, 0x77, 0x17, 0x57, 0x07,
    0x7F, 0x17, 0x57, 0x08, 0x87, 0x17, 0x57, 0x07, 0x8F, 0x17, 0x57, 0x05,
    0x97, 0x17, 0x57, 0x02, 0x9F, 0x17, 0x57, 0x00, 0xA7, 0x17, 0x57, 0x00,
    0xAF, 0x17, 0x57, 0x00, 0xB7, 0x17, 0x57, 0x00, 0xBF, 0x17, 0x57, 0x00,
    0xC7, 0x17, 0x57, 0x00, 0xCF, 0x17, 0x57, 0x00, 0xD7, 0x17, 0x57, 0x00,
    0xDF, 0x17, 0x57, 0x00, 0xE7, 0x17, 0x57, 0x00, 0xEF, 0x17, 0x57, 0x00,
    0xF7, 0x17, 0x57, 0x00, 0x00, 0x1F, 0x57, 0x00, 0x07, 0x1F, 0x57, 0x00,
    0x0F, 0x1F, 0x57, 0x00, 0x17, 0x1F, 0x57, 0x00, 0x1F, 0x1F, 0x57, 0x00,
    0x27, 0x1F, 0x57, 0x00, 0x2F, 0x1F, 0x57, 0x00, 0x37, 0x1F, 0x57, 0x00,
    0x3F, 0x1F, 0x57, 0x00, 0x47, 0x1F, 0x57, 0x00, 0x4F, 0x1F, 0x57, 0x01,
    0x57, 0x1F, 0x57, 0x08, 0x5F, 0x1F, 0x57, 0x0E, 0x67, 0x1F, 0x57, 0x12,
    0x6F, 0x1F, 0x57, 0x16, 0x77, 0x1F, 0x57, 0x18, 0x7F, 0x1F, 0x57, 0x18,
    0x87, 0x1F, 0x57, 0x18, 0x8F, 0x1F, 0x57, 0x16, 0x97, 0x1F, 0x57, 0x12,
    0x9F, 0x1F, 0x57, 0x0E, 0xA7, 0x1F, 0x57, 0x08, 0xAF, 0x1F, 0x57, 0x01,
    0xB7, 0x1F, 0x57, 0x00, 0xBF, 0x1F, 0x57, 0x00, 0xC7, 0x1F, 0x57, 0x00,
    0xCF, 0x1F, 0x57, 0x00, 0xD7, 0x1F, 0x57, 0x00, 0xDF, 0x1F, 0x57, 0x00,
    0xE7, 0x1F, 0x57, 0x00, 0xEF, 0x1F, 0x57, 0x00, 0xF7, 0x1F, 0x57, 0x00,
    0x00, 0x27, 0x57, 0x00, 0x07, 0x27, 0x57, 0x00, 0x0F, 0x27, 0x57, 0x00,
    0x17, 0x27, 0x57, 0x00, 0x1F, 0x27, 0x57, 0x00, 0x27, 0x27, 0x57, 0x00,
    0x2F, 0x27, 0x57, 0x00, 0x37, 0x27, 0x57, 0x00, 0x3F, 0x27, 0x57, 0x00,
    0x47, 0x27, 0x57, 0x07, 0x4F, 0x27, 0x57, 0x10, 0x57, 0x27, 0x57, 0x17,
    0x5F, 0x27, 0x57, 0x1D, 0x67, 0x27, 0x57, 0x22, 0x6F, 0x27, 0x57, 0x26,
    0x77, 0x27, 0x57, 0x28, 0x7F, 0x27, 0x57, 0x29, 0x87, 0x27, 0x57, 0x28,
    0x8F, 0x27, 0x57, 0x26, 0x97, 0x27, 0x57, 0x22, 0x9F, 0x27, 0x57, 0x1D,
    0xA7, 0x27, 0x57, 0x17, 0xAF, 0x27, 0x57, 0x10, 0xB7, 0x27, 0x57, 0x07,
    0xBF, 0x27, 0x57, 0x00, 0xC7, 0x27, 0x57, 0x00, 0xCF, 0x27, 0x57, 0x00,
    0xD7, 0x27, 0x57, 0x00, 0xDF, 0x27, 0x57, 0x00, 0xE7, 0x27, 0x57, 0x00,
    0xEF, 0x27, 0x57, 0x00, 0xF7, 0x27, 0x57, 0x00, 0x00, 0x2F, 0x57, 0x00,
    0x07, 0x2F, 0x57, 0x00, 0x0F, 0x2F, 0x57, 0x00, 0x17, 0x2F, 0x57, 0x00,
    0x1F, 0x2F, 0x57, 0x00, 0x27, 0x2F, 0x57, 0x00, 0x2F, 0x2F, 0x57, 0x00,
    0x37, 0x2F, 0x57, 0x00, 0x3F, 0x2F, 0x57, 0x0B, 0x47, 0x2F, 0x57, 0x15,
    0x4F, 0x2F, 0x57, 0x1E, 0x57, 0x2F, 0x57, 0x26, 0x5F, 0x2F, 0x57, 0x2C,
    0x67, 0x2F, 0x57, 0x32, 0x6F, 0x2F, 0x57, 0x35, 0x77, 0x2F, 0x57, 0x38,
    0x7F, 0x2F, 0x57, 0x39, 0x87, 0x2F, 0x57, 0x38, 0x8F, 0x2F, 0x57, 0x35,
    0x97, 0x2F, 0x57, 0x32, 0x9F, 0x2F, 0x57, 0x2C, 0xA7, 0x2F, 0x57, 0x26,
    0xAF, 0x2F, 0x57, 0x1E, 0xB7, 0x2F, 0x57, 0x15, 0xBF, 0x2F, 0x57, 0x0B,
    0xC7, 0x2F, 0x57, 0x00, 0xCF, 0x2F, 0x57, 0x00, 0xD7, 0x2F, 0x57, 0x00,
    0xDF, 0x2F, 0x57, 0x00, 0xE7, 0x2F, 0x57, 0x00, 0xEF, 0x2F, 0x57, 0x00,
    0xF7, 0x2F, 0x57, 0x00, 0x00, 0x37, 0x57, 0x00, 0x07, 0x37, 0x57, 0x00,
    0x0F, 0x37, 0x57, 0x00, 0x17, 0x37, 0x57, 0x00, 0x1F, 0x37, 0x57, 0x00,
    0x27, 0x37, 0x57, 0x00, 0x2F, 0x37, 0x57, 0x00, 0x37, 0x37, 0x57, 0x0C,
    0x3F, 0x37, 0x57, 0x18, 0x47, 0x37, 0x57, 0x22, 0x4F, 0x37, 0x57, 0x2B,
    0x57, 0x37, 0x57, 0x34, 0x5F, 0x37, 0x57, 0x3B, 0x67, 0x37, 0x57, 0x41,
    0x6F, 0x37, 0x57, 0x45, 0x77, 0x37, 0x57, 0x47, 0x7F, 0x37, 0x57, 0x48,
    0x87, 0x37, 0x57, 0x47, 0x8F, 0x37, 0x57, 0x45, 0x97, 0x37, 0x57, 0x41,
    0x9F, 0x37, 0x57, 0x3B, 0xA7, 0x37, 0x57, 0x34, 0xAF, 0x37, 0x57, 0x2B,
    0xB7, 0x37, 0x57, 0x22, 0xBF, 0x37, 0x57, 0x18, 0xC7, 0x37, 0x57, 0x0C,
    0xCF, 0x37, 0x57, 0x00, 0xD7, 0x37, 0x57, 0x00, 0xDF, 0x37, 0x57, 0x00,
    0xE7, 0x37, 0x57, 0x00, 0xEF, 0x37, 0x57, 0x00, 0xF7, 0x37, 0x57, 0x00,
    0x00, 0x3F, 0x57, 0x00, 0x07, 0x3F, 0x57, 0x00, 0x0F, 0x3F, 0x57, 0x00,
    0x17, 0x3F, 0x57, 0x00, 0x1F, 0x3F, 0x57, 0x00, 0x27, 0x3F, 0x57, 0x00,
    0x2F, 0x3F, 0x57, 0x0B, 0x37, 0x3F, 0x57, 0x18, 0x3F, 0x3F, 0x57, 0x23,
    0x47, 0x3F, 0x57, 0x2E, 0x4F, 0x3F, 0x57, 0x39, 0x57, 0x3F, 0x57, 0x41,
    0x5F, 0x3F, 0x57, 0x49, 0x67, 0x3F, 0x57, 0x4F, 0x6F, 0x3F, 0x57, 0x54,
    0x77, 0x3F, 0x57, 0x57, 0x7F, 0x3F, 0x57, 0x57, 0x87, 0x3F, 0x57, 0x57,
    0x8F, 0x3F, 0x57, 0x54, 0x97, 0x3F, 0x57, 0x4F, 0x9F, 0x3F, 0x57, 0x49,
    0xA7, 0x3F, 0x57, 0x41, 0xAF, 0x3F, 0x57, 0x39, 0xB7, 0x3F, 0x57, 0x2E,
    0xBF, 0x3F, 0x57, 0x23, 0xC7, 0x3F, 0x57, 0x18, 0xCF, 0x3F, 0x57, 0x0B,
    0xD7, 0x3F, 0x57, 0x00, 0xDF, 0x3F, 0x57, 0x00, 0xE7, 0x3F, 0x57, 0x00,
    0xEF, 0x3F, 0x57, 0x00, 0xF7, 0x3F, 0x57, 0x00, 0x00, 0x47, 0x57, 0x00,
    0x07, 0x47, 0x57, 0x00, 0x0F, 0x47, 0x57, 0x00, 0x17, 0x47, 0x57, 0x00,
    0x1F, 0x47, 0x57, 0x00, 0x27, 0x47, 0x57, 0x07, 0x2F, 0x47, 0x57, 0x15,
    0x37, 0x47, 0x57, 0x22, 0x3F, 0x47, 0x57, 0x2E, 0x47, 0x47, 0x57, 0x3A,
    0x4F, 0x47, 0x57, 0x45, 0x57, 0x47, 0x57, 0x4E, 0x5F, 0x47, 0x57, 0x57,
    0x67, 0x47, 0x57, 0x5D, 0x6F, 0x47, 0x57, 0x62, 0x77, 0x47, 0x57, 0x65,
    0x7F, 0x47, 0x57, 0x66, 0x87, 0x47, 0x57, 0x65, 0x8F, 0x47, 0x57, 0x62,
    0x97, 0x47, 0x57, 0x5D, 0x9F, 0x47, 0x57, 0x57, 0xA7, 0x47, 0x57, 0x4E,
    0xAF, 0x47, 0x57, 0x45, 0xB7, 0x47, 0x57, 0x3A, 0xBF, 0x47, 0x57, 0x2E,
    0xC7, 0x47, 0x57, 0x22, 0xCF, 0x47, 0x57, 0x15, 0xD7, 0x47, 0x57, 0x07,
    0xDF, 0x47, 0x57, 0x00, 0xE7, 0x47, 0x57, 0x00, 0xEF, 0x47, 0x57, 0x00,
    0xF7, 0x47, 0x57, 0x00, 0x00, 0x4F, 0x57, 0x00, 0x07, 0x4F, 0x57, 0x00,
    0x0F, 0x4F, 0x57, 0x00, 0x17, 0x4F, 0x57, 0x00, 0x1F, 0x4F, 0x57, 0x01,
    0x27, 0x4F, 0x57, 0x10, 0x2F, 0x4F, 0x57, 0x1E, 0x37, 0x4F, 0x57, 0x2B,
    0x3F, 0x4F, 0x57, 0x39, 0x47, 0x4F, 0x57, 0x45, 0x4F, 0x4F, 0x57, 0x50,
    0x57, 0x4F, 0x57, 0x5A, 0x5F, 0x4F, 0x57, 0x63, 0x67, 0x4F, 0x57, 0x6A,
    0x6F, 0x4F, 0x57, 0x70, 0x77, 0x4F, 0x57, 0x73, 0x7F, 0x4F, 0x57, 0x74,
    0x87, 0x4F, 0x57, 0x73, 0x8F, 0x4F, 0x57, 0x70, 0x97, 0x4F, 0x57, 0x6A,
    0x9F, 0x4F, 0x57, 0x63, 0xA7, 0x4F, 0x57, 0x5A, 0xAF, 0x4F, 0x57, 0x50,
    0xB7, 0x4F, 0x57, 0x45, 0xBF, 0x4F, 0x57, 0x39, 0xC7, 0x4F, 0x57, 0x2B,
    0xCF, 0x4F, 0x57, 0x1E, 0xD7, 0x4F, 0x57, 0x10, 0xDF, 0x4F, 0x57, 0x01,
    0xE7, 0x4F, 0x57, 0x00, 0xEF, 0x4F, 0x57, 0x00, 0xF7, 0x4F, 0x57, 0x00,
    0x00, 0x57, 0x57, 0x00, 0x07, 0x57, 0x57, 0x00, 0x0F, 0x57, 0x57, 0x00,
    0x17, 0x57, 0x57, 0x00, 0x1F, 0x57, 0x57, 0x08, 0x27, 0x57, 0x57, 0x17,
    0x2F, 0x57, 0x57, 0x26, 0x37, 0x57, 0x57, 0x34, 0x3F, 0x57, 0x57, 0x41,
    0x47, 0x57, 0x57, 0x4E, 0x4F, 0x57, 0x57, 0x5A, 0x57, 0x57, 0x57, 0x65,
    0x5F, 0x57, 0x57, 0x6F, 0x67, 0x57, 0x57, 0x76, 0x6F, 0x57, 0x57, 0x7C,
    0x77, 0x57, 0x57, 0x80, 0x7F, 0x57, 0x57, 0x81, 0x87, 0x57, 0x57, 0x80,
    0x8F, 0x57, 0x57, 0x7C, 0x97, 0x57, 0x57, 0x76, 0x9F, 0x57, 0x57, 0x6F,
    0xA7, 0x57, 0x57, 0x65, 0xAF, 0x57, 0x57, 0x5A, 0xB7, 0x57, 0x57, 0x4E,
    0xBF, 0x57, 0x57, 0x41, 0xC7, 0x57, 0x57, 0x34, 0xCF, 0x57, 0x57, 0x26,
    0xD7, 0x57, 0x57, 0x17, 0xDF, 0x57, 0x57, 0x08, 0xE7, 0x57, 0x57, 0x00,
    0xEF, 0x57, 0x57, 0x00, 0xF7, 0x57, 0x57, 0x00, 0x00, 0x5F, 0x57, 0x00,
    0x07, 0x5F, 0x57, 0x00, 0x0F, 0x5F, 0x57, 0x00, 0x17, 0x5F, 0x57, 0x00,
    0x1F, 0x5F, 0x57, 0x0E, 0x27, 0x5F, 0x57, 0x1D, 0x2F, 0x5F, 0x57, 0x2C,
    0x37, 0x5F, 0x57, 0x3B, 0x3F, 0x5F, 0x57, 0x49, 0x47, 0x5F, 0x57, 0x57,
    0x4F, 0x5F, 0x57, 0x63, 0x57, 0x5F, 0x57, 0x6F, 0x5F, 0x5F, 0x57, 0x79,
    0x67, 0x5F, 0x57, 0x81, 0x6F, 0x5F, 0x57, 0x88, 0x77, 0x5F, 0x57, 0x8C,
    0x7F, 0x5F, 0x57, 0x8D, 0x87, 0x5F, 0x57, 0x8C, 0x8F, 0x5F, 0x57, 0x88,
    0x97, 0x5F, 0x57, 0x81, 0x9F, 0x5F, 0x57, 0x79, 0xA7, 0x5F, 0x57, 0x6F,
    0xAF, 0x5F, 0x57, 0x63, 0xB7, 0x5F, 0x57, 0x57, 0xBF, 0x5F, 0x57, 0x49,
    0xC7, 0x5F, 0x57, 0x3B, 0xCF, 0x5F, 0x57, 0x2C, 0xD7, 0x5F, 0x57, 0x1D,
    0xDF, 0x5F, 0x57, 0x0E, 0xE7, 0x5F, 0x57, 0x00, 0xEF, 0x5F, 0x57, 0x00,
    0xF7, 0x5F, 0x57, 0x00, 0x00, 0x67, 0x57, 0x00, 0x07, 0x67, 0x57, 0x00,
    0x0F, 0x67, 0x57, 0x00, 0x17, 0x67, 0x57, 0x02, 0x1F, 0x67, 0x57, 0x12,
    0x27, 0x67, 0x57, 0x22, 0x2F, 0x67, 0x57, 0x32, 0x37, 0x67, 0x57, 0x41,
    0x3F, 0x67, 0x57, 0x4F, 0x47, 0x67, 0x57, 0x5D, 0x4F, 0x67, 0x57, 0x6A,
    0x57, 0x67, 0x57, 0x76, 0x5F, 0x67, 0x57, 0x81, 0x67, 0x67, 0x57, 0x8A,
    0x6F, 0x67, 0x57, 0x91, 0x77, 0x67, 0x57, 0x96, 0x7F, 0x67, 0x57, 0x97,
    0x87, 0x67, 0x57, 0x96, 0x8F, 0x67, 0x57, 0x91, 0x97, 0x67, 0x57, 0x8A,
    0x9F, 0x67, 0x57, 0x81, 0xA7, 0x67, 0x57, 0x76, 0xAF, 0x67, 0x57, 0x6A,
    0xB7, 0x67, 0x57, 0x5D, 0xBF, 0x67, 0x57, 0x4F, 0xC7, 0x67, 0x57, 0x41,
    0xCF, 0x67, 0x57, 0x32, 0xD7, 0x67, 0x57, 0x22, 0xDF, 0x67, 0x57, 0x12,
    0xE7, 0x67, 0x57, 0x02, 0xEF, 0x67, 0x57, 0x00, 0xF7, 0x67, 0x57, 0x00,
    0x00, 0x6F, 0x57, 0x00, 0x07, 0x6F, 0x57, 0x00, 0x0F, 0x6F, 0x57, 0x00,
    0x17, 0x6F, 0x57, 0x05, 0x1F, 0x6F, 0x57, 0x16, 0x27, 0x6F, 0x57, 0x26,
    0x2F, 0x6F, 0x57, 0x35, 0x37, 0x6F, 0x57, 0x45, 0x3F, 0x6F, 0x57, 0x54,
    0x47, 0x6F, 0x57, 0x62, 0x4F, 0x6F, 0x57, 0x70, 0x57, 0x6F, 0x57, 0x7C,
    0x5F, 0x6F, 0x57, 0x88, 0x67, 0x6F, 0x57, 0x91, 0x6F, 0x6F, 0x57, 0x99,
    0x77, 0x6F, 0x57, 0x9E, 0x7F, 0x6F, 0x57, 0x9F, 0x87, 0x6F, 0x57, 0x9E,
    0x8F, 0x6F, 0x57, 0x99, 0x97, 0x6F, 0x57, 0x91, 0x9F, 0x6F, 0x57, 0x88,
    0xA7, 0x6F, 0x57, 0x7C, 0xAF, 0x6F, 0x57, 0x70, 0xB7, 0x6F, 0x57, 0x62,
    0xBF, 0x6F, 0x57, 0x54, 0xC7, 0x6F, 0x57, 0x45, 0xCF, 0x6F, 0x57, 0x35,
    0xD7, 0x6F, 0x57, 0x26, 0xDF, 0x6F, 0x57, 0x16, 0xE7, 0x6F, 0x57, 0x05,
    0xEF, 0x6F, 0x57, 0x00, 0xF7, 0x6F, 0x57, 0x00, 0x00, 0x77, 0x57, 0x00,
    0x07, 0x77, 0x57, 0x00, 0x0F, 0x77, 0x57, 0x00, 0x17, 0x77, 0x57, 0x07,
    0x1F, 0x77, 0x57, 0x18, 0x27, 0x77, 0x57, 0x28, 0x2F, 0x77, 0x57, 0x38,
    0x37, 0x77, 0x57, 0x47, 0x3F, 0x77, 0x57, 0x57, 0x47, 0x77, 0x57, 0x65,
    0x4F, 0x77, 0x57, 0x73, 0x57, 0x77, 0x57, 0x80, 0x5F, 0x77, 0x57, 0x8C,
    0x67, 0x77, 0x57, 0x96, 0x6F, 0x77, 0x57, 0x9E, 0x77, 0x77, 0x57, 0xA2,
    0x7F, 0x77, 0x57, 0xA4, 0x87, 0x77, 0x57, 0xA2, 0x8F, 0x77, 0x57, 0x9E,
    0x97, 0x77, 0x57, 0x96, 0x9F, 0x77, 0x57, 0x8C, 0xA7, 0x77, 0x57, 0x80,
    0xAF, 0x77, 0x57, 0x73, 0xB7, 0x77, 0x57, 0x65, 0xBF, 0x77, 0x57, 0x57,
    0xC7, 0x77, 0x57, 0x47, 0xCF, 0x77, 0x57, 0x38, 0xD7, 0x77, 0x57, 0x28,
    0xDF, 0x77, 0x57, 0x18, 0xE7, 0x77, 0x57, 0x07, 0xEF, 0x77, 0x57, 0x00,
    0xF7, 0x77, 0x57, 0x00, 0x00, 0x7F, 0x57, 0x00, 0x07, 0x7F, 0x57, 0x00,
    0x0F, 0x7F, 0x57, 0x00, 0x17, 0x7F, 0x57, 0x08, 0x1F, 0x7F, 0x57, 0x18,
    0x27, 0x7F, 0x57, 0x29, 0x2F, 0x7F, 0x57, 0x39, 0x37, 0x7F, 0x57, 0x48,
    0x3F, 0x7F, 0x57, 0x57, 0x47, 0x7F, 0x57, 0x66, 0x4F, 0x7F, 0x57, 0x74,
    0x57, 0x7F, 0x57, 0x81, 0x5F, 0x7F, 0x57, 0x8D, 0x67, 0x7F, 0x57, 0x97,
    0x6F, 0x7F, 0x57, 0x9F, 0x77, 0x7F, 0x57, 0xA4, 0x7F, 0x7F, 0x57, 0xA6,
    0x87, 0x7F, 0x57, 0xA4, 0x8F, 0x7F, 0x57, 0x9F, 0x97, 0x7F, 0x57, 0x97,
    0x9F, 0x7F, 0x57, 0x8D, 0xA7, 0x7F, 0x57, 0x81, 0xAF, 0x7F, 0x57, 0x74,
    0xB7, 0x7F, 0x57, 0x66, 0xBF, 0x7F, 0x57, 0x57, 0xC7, 0x7F, 0x57, 0x48,
    0xCF, 0x7F, 0x57, 0x39, 0xD7, 0x7F, 0x57, 0x29, 0xDF, 0x7F, 0x57, 0x18,
    0xE7, 0x7F, 0x57, 0x08, 0xEF, 0x7F, 0x57, 0x00, 0xF7, 0x7F, 0x57, 0x00,
    0x00, 0x87, 0x57, 0x00, 0x07, 0x87, 0x57, 0x00, 0x0F, 0x87, 0x57, 0x00,
    0x17, 0x87, 0x57, 0x07, 0x1F, 0x87, 0x57, 0x18, 0x27, 0x87, 0x57, 0x28,
    0x2F, 0x87, 0x57, 0x38, 0x37, 0x87, 0x57, 0x47, 0x3F, 0x87, 0x57, 0x57,
    0x47, 0x87, 0x57, 0x65, 0x4F, 0x87, 0x57, 0x73, 0x57, 0x87, 0x57, 0x80,
    0x5F, 0x87, 0x57, 0x8C, 0x67, 0x87, 0x57, 0x96, 0x6F, 0x87, 0x57, 0x9E,
    0x77, 0x87, 0x57, 0xA2, 0x7F, 0x87, 0x57, 0xA4, 0x87, 0x87, 0x57, 0xA2,
    0x8F, 0x87, 0x57, 0x9E, 0x97, 0x87, 0x57, 0x96, 0x9F, 0x87, 0x57, 0x8C,
    0xA7, 0x87, 0x57, 0x80, 0xAF, 0x87, 0x57, 0x73, 0xB7, 0x87, 0x57, 0x65,
    0xBF, 0x87, 0x57, 0x57, 0xC7, 0x87, 0x57, 0x47, 0xCF, 0x87, 0x57, 0x38,
    0xD7, 0x87, 0x57, 0x28, 0xDF, 0x87, 0x57, 0x18, 0xE7, 0x87, 0x57, 0x07,
    0xEF, 0x87, 0x57, 0x00, 0xF7, 0x87, 0x57, 0x00, 0x00, 0x8F, 0x57, 0x00,
    0x07, 0x8F, 0x57, 0x00, 0x0F, 0x8F, 0x57, 0x00, 0x17, 0x8F, 0x57, 0x05,
    0x1F, 0x8F, 0x57, 0x16, 0x27, 0x8F, 0x57, 0x26, 0x2F, 0x8F, 0x57, 0x35,
    0x37, 0x8F, 0x57, 0x45, 0x3F, 0x8F, 0x57, 0x54, 0x47, 0x8F, 0x57, 0x62,
    0x4F, 0x8F, 0x57, 0x70, 0x57, 0x8F, 0x57, 0x7C, 0x5F, 0x8F, 0x57, 0x88,
    0x67, 0x8F, 0x57, 0x91, 0x6F, 0x8F, 0x57, 0x99, 0x77, 0x8F, 0x57, 0x9E,
    0x7F, 0x8F, 0x57, 0x9F, 0x87, 0x8F, 0x57, 0x9E, 0x8F, 0x8F, 0x57, 0x99,
    0x97, 0x8F, 0x57, 0x91, 0x9F, 0x8F, 0x57, 0x88, 0xA7, 0x8F, 0x57, 0x7C,
    0xAF, 0x8F, 0x57, 0x70, 0xB7, 0x8F, 0x57, 0x62, 0xBF, 0x8F, 0x57, 0x54,
    0xC7, 0x8F, 0x57, 0x45, 0xCF, 0x8F, 0x57, 0x35, 0xD7, 0x8F, 0x57, 0x26,
    0xDF, 0x8F, 0x57, 0x16, 0xE7, 0x8F, 0x57, 0x05, 0xEF, 0x8F, 0x57, 0x00,
    0xF7, 0x8F, 0x57, 0x00, 0x00, 0x97, 0x57, 0x00, 0x07, 0x97, 0x57, 0x00,
    0x0F, 0x97, 0x57, 0x00, 0x17, 0x97, 0x57, 0x02, 0x1F, 0x97, 0x57, 0x12,
    0x27, 0x97, 0x57, 0x22, 0x2F, 0x97, 0x57, 0x32, 0x37, 0x97, 0x57, 0x41,
    0x3F, 0x97, 0x57, 0x4F, 0x47, 0x97, 0x57, 0x5D, 0x4F, 0x97, 0x57, 0x6A,
    0x57, 0x97, 0x57, 0x76, 0x5F, 0x97, 0x57, 0x81, 0x67, 0x97, 0x57, 0x8A,
    0x6F, 0x97, 0x57, 0x91, 0x77, 0x97, 0x57, 0x96, 0x7F, 0x97, 0x57, 0x97,
    0x87, 0x97, 0x57, 0x96, 0x8F, 0x97, 0x57, 0x91, 0x97, 0x97, 0x57, 0x8A,
    0x9F, 0x97, 0x57, 0x81, 0xA7, 0x97, 0x57, 0x76, 0xAF, 0x97, 0x57, 0x6A,
    0xB7, 0x97, 0x57, 0x5D, 0xBF, 0x97, 0x57, 0x4F, 0xC7, 0x97, 0x57, 0x41,
    0xCF, 0x97, 0x57, 0x32, 0xD7, 0x97, 0x57, 0x22, 0xDF, 0x97, 0x57, 0x12,
    0xE7, 0x97, 0x57, 0x02, 0xEF, 0x97, 0x57, 0x00, 0xF7, 0x97, 0x57, 0x00,
    0x00, 0x9F, 0x57, 0x00, 0x07, 0x9F, 0x57, 0x00, 0x0F, 0x9F, 0x57, 0x00,
    0x17, 0x9F, 0x57, 0x00, 0x1F, 0x9F, 0x57, 0x0E, 0x27, 0x9F, 0x57, 0x1D,
    0x2F, 0x9F, 0x57, 0x2C, 0x37, 0x9F, 0x57, 0x3B, 0x3F, 0x9F, 0x57, 0x49,
    0x47, 0x9F, 0x57, 0x57, 0x4F, 0x9F, 0x57, 0x63, 0x57, 0x9F, 0x57, 0x6F,
    0x5F, 0x9F, 0x57, 0x79, 0x67, 0x9F, 0x57, 0x81, 0x6F, 0x9F, 0x57, 0x88,
    0x77, 0x9F, 0x57, 0x8C, 0x7F, 0x9F, 0x57, 0x8D, 0x87, 0x9F, 0x57, 0x8C,
    0x8F, 0x9F, 0x57, 0x88, 0x97, 0x9F, 0x57, 0x81, 0x9F, 0x9F, 0x57, 0x79,
    0xA7, 0x9F, 0x57, 0x6F, 0xAF, 0x9F, 0x57, 0x63, 0xB7, 0x9F, 0x57, 0x57,
    0xBF, 0x9F, 0x57, 0x49, 0xC7, 0x9F, 0x57, 0x3B, 0xCF, 0x9F, 0x57, 0x2C,
    0xD7, 0x9F, 0x57, 0x1D, 0xDF, 0x9F, 0x57, 0x0E, 0xE7, 0x9F, 0x57, 0x00,
    0xEF, 0x9F, 0x57, 0x00, 0xF7, 0x9F, 0x57, 0x00, 0x00, 0xA7, 0x57, 0x00,
    0x07, 0xA7, 0x57, 0x00, 0x0F, 0xA7, 0x57, 0x00, 0x17, 0xA7, 0x57, 0x00,
    0x1F, 0xA7, 0x57, 0x08, 0x27, 0xA7, 0x57, 0x17, 0x2F, 0xA7, 0x57, 0x26,
    0x37, 0xA7, 0x57, 0x34, 0x3F, 0xA7, 0x57, 0x41, 0x47, 0xA7, 0x57, 0x4E,
    0x4F, 0xA7, 0x57, 0x5A, 0x57, 0xA7, 0x57, 0x65, 0x5F, 0xA7, 0x57, 0x6F,
    0x67, 0xA7, 0x57, 0x76, 0x6F, 0xA7, 0x57, 0x7C, 0x77, 0xA7, 0x57, 0x80,
    0x7F, 0xA7, 0x57, 0x81, 0x87, 0xA7, 0x57, 0x80, 0x8F, 0xA7, 0x57, 0x7C,
    0x97, 0xA7, 0x57, 0x76, 0x9F, 0xA7, 0x57, 0x6F, 0xA7, 0xA7, 0x57, 0x65,
    0xAF, 0xA7, 0x57, 0x5A, 0xB7, 0xA7, 0x57, 0x4E, 0xBF, 0xA7, 0x57, 0x41,
    0xC7, 0xA7, 0x57, 0x34, 0xCF, 0xA7, 0x57, 0x26, 0xD7, 0xA7, 0x57, 0x17,
    0xDF, 0xA7, 0x57, 0x08, 0xE7, 0xA7, 0x57, 0x00, 0xEF, 0xA7, 0x57, 0x00,
    0xF7, 0xA7, 0x57, 0x00, 0x00, 0xAF, 0x57, 0x00, 0x07, 0xAF, 0x57, 0x00,
    0x0F, 0xAF, 0x57, 0x00, 0x17, 0xAF, 0x57, 0x00, 0x1F, 0xAF, 0x57, 0x01,
    0x27, 0xAF, 0x57, 0x10, 0x2F, 0xAF, 0x57, 0x1E, 0x37, 0xAF, 0x57, 0x2B,
    0x3F, 0xAF, 0x57, 0x39, 0x47, 0xAF, 0x57, 0x45, 0x4F, 0xAF, 0x57, 0x50,
    0x57, 0xAF, 0x57, 0x5A, 0x5F, 0xAF, 0x57, 0x63, 0x67, 0xAF, 0x57, 0x6A,
    0x6F, 0xAF, 0x57, 0x70, 0x77, 0xAF, 0x57, 0x73, 0x7F, 0xAF, 0x57, 0x74,
    0x87, 0xAF, 0x57, 0x73, 0x8F, 0xAF, 0x57, 0x70, 0x97, 0xAF, 0x57, 0x6A,
    0x9F, 0xAF, 0x57, 0x63, 0xA7, 0xAF, 0x57, 0x5A, 0xAF, 0xAF, 0x57, 0x50,
    0xB7, 0xAF, 0x57, 0x45, 0xBF, 0xAF, 0x57, 0x39, 0xC7, 0xAF, 0x57, 0x2B,
    0xCF, 0xAF, 0x57, 0x1E, 0xD7, 0xAF, 0x57, 0x10, 0xDF, 0xAF, 0x57, 0x01,
    0xE7, 0xAF, 0x57, 0x00, 0xEF, 0xAF, 0x57, 0x00, 0xF7, 0xAF, 0x57, 0x00,
    0x00, 0xB7, 0x57, 0x00, 0x07, 0xB7, 0x57, 0x00, 0x0F, 0xB7, 0x57, 0x00,
    0x17, 0xB7, 0x57, 0x00, 0x1F, 0xB7, 0x57, 0x00, 0x27, 0xB7, 0x57, 0x07,
    0x2F, 0xB7, 0x57, 0x15, 0x37, 0xB7, 0x57, 0x22, 0x3F, 0xB7, 0x57, 0x2E,
    0x47, 0xB7, 0x57, 0x3A, 0x4F, 0xB7, 0x57, 0x45, 0x57, 0xB7, 0x57, 0x4E,
    0x5F, 0xB7, 0x57, 0x57, 0x67, 0xB7, 0x57, 0x5D, 0x6F, 0xB7, 0x57, 0x62,
    0x77, 0xB7, 0x57, 0x65, 0x7F, 0xB7, 0x57, 0x66, 0x87, 0xB7, 0x57, 0x65,
    0x8F, 0xB7, 0x57, 0x62, 0x97, 0xB7, 0x57, 0x5D, 0x9F, 0xB7, 0x57, 0x57,
    0xA7, 0xB7, 0x57, 0x4E, 0xAF, 0xB7, 0x57, 0x45, 0xB7, 0xB7, 0x57, 0x3A,
    0xBF, 0xB7, 0x57, 0x2E, 0xC7, 0xB7, 0x57, 0x22, 0xCF, 0xB7, 0x57, 0x15,
    0xD7, 0xB7, 0x57, 0x07, 0xDF, 0xB7, 0x57, 0x00, 0xE7, 0xB7, 0x57, 0x00,
    0xEF, 0xB7, 0x57, 0x00, 0xF7, 0xB7, 0x57, 0x00, 0x00, 0xBF, 0x57, 0x00,
    0x07, 0xBF, 0x57, 0x00, 0x0F, 0xBF, 0x57, 0x00, 0x17, 0xBF, 0x57, 0x00,
    0x1F, 0xBF, 0x57, 0x00, 0x27, 0xBF, 0x57, 0x00, 0x2F, 0xBF, 0x57, 0x0B,
    0x37, 0xBF, 0x57, 0x18, 0x3F, 0xBF, 0x57, 0x23, 0x47, 0xBF, 0x57, 0x2E,
    0x4F, 0xBF, 0x57, 0x39, 0x57, 0xBF, 0x57, 0x41, 0x5F, 0xBF, 0x57, 0x49,
    0x67, 0xBF, 0x57, 0x4F, 0x6F, 0xBF, 0x57, 0x54, 0x77, 0xBF, 0x57, 0x57,
    0x7F, 0xBF, 0x57, 0x57, 0x87, 0xBF, 0x57, 0x57, 0x8F, 0xBF, 0x57, 0x54,
    0x97, 0xBF, 0x57, 0x4F, 0x9F, 0xBF, 0x57, 0x49, 0xA7, 0xBF, 0x57, 0x41,
    0xAF, 0xBF, 0x57, 0x39, 0xB7, 0xBF, 0x57, 0x2E, 0xBF, 0xBF, 0x57, 0x23,
    0xC7, 0xBF, 0x57, 0x18, 0xCF, 0xBF, 0x57, 0x0B, 0xD7, 0xBF, 0x57, 0x00,
    0xDF, 0xBF, 0x57, 0x00, 0xE7, 0xBF, 0x57, 0x00, 0xEF, 0xBF, 0x57, 0x00,
    0xF7, 0xBF, 0x57, 0x00, 0x00, 0xC7, 0x57, 0x00, 0x07, 0xC7, 0x57, 0x00,
    0x0F, 0xC7, 0x57, 0x00, 0x17, 0xC7, 0x57, 0x00, 0x1F, 0xC7, 0x57, 0x00,
    0x27, 0xC7, 0x57, 0x00, 0x2F, 0xC7, 0x57, 0x00, 0x37, 0xC7, 0x57, 0x0C,
    0x3F, 0xC7, 0x57, 0x18, 0x47, 0xC7, 0x57, 0x22, 0x4F, 0xC7, 0x57, 0x2B,
    0x57, 0xC7, 0x57, 0x34, 0x5F, 0xC7, 0x57, 0x3B, 0x67, 0xC7, 0x57, 0x41,
    0x6F, 0xC7, 0x57, 0x45, 0x77, 0xC7, 0x57, 0x47, 0x7F, 0xC7, 0x57, 0x48,
    0x87, 0xC7, 0x57, 0x47, 0x8F, 0xC7, 0x57, 0x45, 0x97, 0xC7, 0x57, 0x41,
    0x9F, 0xC7, 0x57, 0x3B, 0xA7, 0xC7, 0x57, 0x34, 0xAF, 0xC7, 0x57, 0x2B,
    0xB7, 0xC7, 0x57, 0x22, 0xBF, 0xC7, 0x57, 0x18, 0xC7, 0xC7, 0x57, 0x0C,
    0xCF, 0xC7, 0x57, 0x00, 0xD7, 0xC7, 0x57, 0x00, 0xDF, 0xC7, 0x57, 0x00,
    0xE7, 0xC7, 0x57, 0x00, 0xEF, 0xC7, 0x57, 0x00, 0xF7, 0xC7, 0x57, 0x00,
    0x00, 0xCF, 0x57, 0x00, 0x07, 0xCF, 0x57, 0x00, 0x0F, 0xCF, 0x57, 0x00,
    0x17, 0xCF, 0x57, 0x00, 0x1F, 0xCF, 0x57, 0x00, 0x27, 0xCF, 0x57, 0x00,
    0x2F, 0xCF, 0x57, 0x00, 0x37, 0xCF, 0x57, 0x00, 0x3F, 0xCF, 0x57, 0x0B,
    0x47, 0xCF, 0x57, 0x15, 0x4F, 0xCF, 0x57, 0x1E, 0x57, 0xCF, 0x57, 0x26,
    0x5F, 0xCF, 0x57, 0x2C, 0x67, 0xCF, 0x57, 0x32, 0x6F, 0xCF, 0x57, 0x35,
    0x77, 0xCF, 0x57, 0x38, 0x7F, 0xCF, 0x57, 0x39, 0x87, 0xCF, 0x57, 0x38,
    0x8F, 0xCF, 0x57, 0x35, 0x97, 0xCF, 0x57, 0x32, 0x9F, 0xCF, 0x57, 0x2C,
    0xA7, 0xCF, 0x57, 0x26, 0xAF, 0xCF, 0x57, 0x1E, 0xB7, 0xCF, 0x57, 0x15,
    0xBF, 0xCF, 0x57, 0x0B, 0xC7, 0xCF, 0x57, 0x00, 0xCF, 0xCF, 0x57, 0x00,
    0xD7, 0xCF, 0x57, 0x00, 0xDF, 0xCF, 0x57, 0x00, 0xE7, 0xCF, 0x57, 0x00,
    0xEF, 0xCF, 0x57, 0x00, 0xF7, 0xCF, 0x57, 0x00, 0x00, 0xD7, 0x57, 0x00,
    0x07, 0xD7, 0x57, 0x00, 0x0F, 0xD7, 0x57, 0x00, 0x17, 0xD7, 0x57, 0x00,
    0x1F, 0xD7, 0x57, 0x00, 0x27, 0xD7, 0x57, 0x00, 0x2F, 0xD7, 0x57, 0x00,
    0x37, 0xD7, 0x57, 0x00, 0x3F, 0xD7, 0x57, 0x00, 0x47, 0xD7, 0x57, 0x07,
    0x4F, 0xD7, 0x57, 0x10, 0x57, 0xD7, 0x57, 0x17, 0x5F, 0xD7, 0x57, 0x1D,
    0x67, 0xD7, 0x57, 0x22, 0x6F, 0xD7, 0x57, 0x26, 0x77, 0xD7, 0x57, 0x28,
    0x7F, 0xD7, 0x57, 0x29, 0x87, 0xD7, 0x57, 0x28, 0x8F, 0xD7, 0x57, 0x26,
    0x97, 0xD7, 0x57, 0x22, 0x9F, 0xD7, 0x57, 0x1D, 0xA7, 0xD7, 0x57, 0x17,
    0xAF, 0xD7, 0x57, 0x10, 0xB7, 0xD7, 0x57, 0x07, 0xBF, 0xD7, 0x57, 0x00,
    0xC7, 0xD7, 0x57, 0x00, 0xCF, 0xD7, 0x57, 0x00, 0xD7, 0xD7, 0x57, 0x00,
    0xDF, 0xD7, 0x57, 0x00, 0xE7, 0xD7, 0x57, 0x00, 0xEF, 0xD7, 0x57, 0x00,
    0xF7, 0xD7, 0x57, 0x00, 0x00, 0xDF, 0x57, 0x00, 0x07, 0xDF, 0x57, 0x00,
    0x0F, 0xDF, 0x57, 0x00, 0x17, 0xDF, 0x57, 0x00, 0x1F, 0xDF, 0x57, 0x00,
    0x27, 0xDF, 0x57, 0x00, 0x2F, 0xDF, 0x57, 0x00, 0x37, 0xDF, 0x57, 0x00,
    0x3F, 0xDF, 0x57, 0x00, 0x47, 0xDF, 0x57, 0x00, 0x4F, 0xDF, 0x57, 0x01,
    0x57, 0xDF, 0x57, 0x08, 0x5F, 0xDF, 0x57, 0x0E, 0x67, 0xDF, 0x57, 0x12,
    0x6F, 0xDF, 0x57, 0x16, 0x77, 0xDF, 0x57, 0x18, 0x7F, 0xDF, 0x57, 0x18,
    0x87, 0xDF, 0x57, 0x18, 0x8F, 0xDF, 0x57, 0x16, 0x97, 0xDF, 0x57, 0x12,
    0x9F, 0xDF, 0x57, 0x0E, 0xA7, 0xDF, 0x57, 0x08, 0xAF, 0xDF, 0x57, 0x01,
    0xB7, 0xDF, 0x57, 0x00, 0xBF, 0xDF, 0x57, 0x00, 0xC7, 0xDF, 0x57, 0x00,
    0xCF, 0xDF, 0x57, 0x00, 0xD7, 0xDF, 0x57, 0x00, 0xDF, 0xDF, 0x57, 0x00,
    0xE7, 0xDF, 0x57, 0x00, 0xEF, 0xDF, 0x57, 0x00, 0xF7, 0xDF, 0x57, 0x00,
    0x00, 0xE7, 0x57, 0x00, 0x07, 0xE7, 0x57, 0x00, 0x0F, 0xE7, 0x57, 0x00,
    0x17, 0xE7, 0x57, 0x00, 0x1F, 0xE7, 0x57, 0x00, 0x27, 0xE7, 0x57, 0x00,
    0x2F, 0xE7, 0x57, 0x00, 0x37, 0xE7, 0x57, 0x00, 0x3F, 0xE7, 0x57, 0x00,
    0x47, 0xE7, 0x57, 0x00, 0x4F, 0xE7, 0x57, 0x00, 0x57, 0xE7, 0x57, 0x00,
    0x5F, 0xE7, 0x57, 0x00, 0x67, 0xE7, 0x57, 0x02, 0x6F, 0xE7, 0x57, 0x05,
    0x77, 0xE7, 0x57, 0x07, 0x7F, 0xE7, 0x57, 0x08, 0x87, 0xE7, 0x57, 0x07,
    0x8F, 0xE7, 0x57, 0x05, 0x97, 0xE7, 0x57, 0x02, 0x9F, 0xE7, 0x57, 0x00,
    0xA7, 0xE7, 0x57, 0x00, 0xAF, 0xE7, 0x57, 0x00, 0xB7, 0xE7, 0x57, 0x00,
    0xBF, 0xE7, 0x57, 0x00, 0xC7, 0xE7, 0x57, 0x00, 0xCF, 0xE7, 0x57, 0x00,
    0xD7, 0xE7, 0x57, 0x00, 0xDF, 0xE7, 0x57, 0x00, 0xE7, 0xE7, 0x57, 0x00,
    0xEF, 0xE7, 0x57, 0x00, 0xF7, 0xE7, 0x57, 0x00, 0x00, 0xEF, 0x57, 0x00,
    0x07, 0xEF, 0x57, 0x00, 0x0F, 0xEF, 0x57, 0x00, 0x17, 0xEF, 0x57, 0x00,
    0x1F, 0xEF, 0x57, 0x00, 0x27, 0xEF, 0x57, 0x00, 0x2F, 0xEF, 0x57, 0x00,
    0x37, 0xEF, 0x57, 0x00, 0x3F, 0xEF, 0x57, 0x00, 0x47, 0xEF, 0x57, 0x00,
    0x4F, 0xEF, 0x57, 0x00, 0x57, 0xEF, 0x57, 0x00, 0x5F, 0xEF, 0x57, 0x00,
    0x67, 0xEF, 0x57, 0x00, 0x6F, 0xEF, 0x57, 0x00, 0x77, 0xEF, 0x57, 0x00,
    0x7F, 0xEF, 0x57, 0x00, 0x87, 0xEF, 0x57, 0x00, 0x8F, 0xEF, 0x57, 0x00,
    0x97, 0xEF, 0x57, 0x00, 0x9F, 0xEF, 0x57, 0x00, 0xA7, 0xEF, 0x57, 0x00,
    0xAF, 0xEF, 0x57, 0x00, 0xB7, 0xEF, 0x57, 0x00, 0xBF, 0xEF, 0x57, 0x00,
    0xC7, 0xEF, 0x57, 0x00, 0xCF, 0xEF, 0x57, 0x00, 0xD7, 0xEF, 0x57, 0x00,
    0xDF, 0xEF, 0x57, 0x00, 0xE7, 0xEF, 0x57, 0x00, 0xEF, 0xEF, 0x57, 0x00,
    0xF7, 0xEF, 0x57, 0x00, 0x00, 0xF7, 0x57, 0x00, 0x07, 0xF7, 0x57, 0x00,
    0x0F, 0xF7, 0x57, 0x00, 0x17, 0xF7, 0x57, 0x00, 0x1F, 0xF7, 0x57, 0x00,
    0x27, 0xF7, 0x57, 0x00, 0x2F, 0xF7, 0x57, 0x00, 0x37, 0xF7, 0x57, 0x00,
    0x3F, 0xF7, 0x57, 0x00, 0x47, 0xF7, 0x57, 0x00, 0x4F, 0xF7, 0x57, 0x00,
    0x57, 0xF7, 0x57, 0x00, 0x5F, 0xF7, 0x57, 0x00, 0x67, 0xF7, 0x57, 0x00,
    0x6F, 0xF7, 0x57, 0x00, 0x77, 0xF7, 0x57, 0x00, 0x7F, 0xF7, 0x57, 0x00,
    0x87, 0xF7, 0x57, 0x00, 0x8F, 0xF7, 0x57, 0x00, 0x97, 0xF7, 0x57, 0x00,
    0x9F, 0xF7, 0x57, 0x00, 0xA7, 0xF7, 0x57, 0x00, 0xAF, 0xF7, 0x57, 0x00,
    0xB7, 0xF7, 0x57, 0x00, 0xBF, 0xF7, 0x57, 0x00, 0xC7, 0xF7, 0x57, 0x00,
    0xCF, 0xF7, 0x57, 0x00, 0xD7, 0xF7, 0x57, 0x00, 0xDF, 0xF7, 0x57, 0x00,
    0xE7, 0xF7, 0x57, 0x00, 0xEF, 0xF7, 0x57, 0x00, 0xF7, 0xF7, 0x57, 0x00,
    0x00, 0x00, 0x5F, 0x00, 0x07, 0x00, 0x5F, 0x00, 0x0F, 0x00, 0x5F, 0x00,
    0x17, 0x00, 0x5F, 0x00, 0x1F, 0x00, 0x5F, 0x00, 0x27, 0x00, 0x5F, 0x00,
    0x2F, 0x00, 0x5F, 0x00, 0x37, 0x00, 0x5F, 0x00, 0x3F, 0x00, 0x5F, 0x00,
    0x47, 0x00, 0x5F, 0x00, 0x4F, 0x00, 0x5F, 0x00, 0x57, 0x00, 0x5F, 0x00,
    0x5F, 0x00, 0x5F, 0x00, 0x67, 0x00, 0x5F, 0x00, 0x6F, 0x00, 0x5F, 0x00,
    0x77, 0x00, 0x5F, 0x00, 0x7F, 0x00, 0x5F, 0x00, 0x87, 0x00, 0x5F, 0x00,
    0x8F, 0x00, 0x5F, 0x00, 0x97, 0x00, 0x5F, 0x00, 0x9F, 0x00, 0x5F, 0x00,
    0xA7, 0x00, 0x5F, 0x00, 0xAF, 0x00, 0x5F, 0x00, 0xB7, 0x00, 0x5F, 0x00,
    0xBF, 0x00, 0x5F, 0x00, 0xC7, 0x00, 0x5F, 0x00, 0xCF, 0x00, 0x5F, 0x00,
    0xD7, 0x00, 0x5F, 0x00, 0xDF, 0x00, 0x5F, 0x00, 0xE7, 0x00, 0x5F, 0x00,
    0xEF, 0x00, 0x5F, 0x00, 0xF7, 0x00, 0x5F, 0x00, 0x00, 0x07, 0x5F, 0x00,
    0x07, 0x07, 0x5F, 0x00, 0x0F, 0x07, 0x5F, 0x00, 0x17, 0x07, 0x5F, 0x00,
    0x1F, 0x07, 0x5F, 0x00, 0x27, 0x07, 0x5F, 0x00, 0x2F, 0x07, 0x5F, 0x00,
    0x37, 0x07, 0x5F, 0x00, 0x3F, 0x07, 0x5F, 0x00, 0x47, 0x07, 0x5F, 0x00,
    0x4F, 0x07, 0x5F, 0x00, 0x57, 0x07, 0x5F, 0x00, 0x5F, 0x07, 0x5F, 0x00,
    0x67, 0x07, 0x5F, 0x00, 0x6F, 0x07, 0x5F, 0x00, 0x77, 0x07, 0x5F, 0x00,
    0x7F, 0x07, 0x5F, 0x00, 0x87, 0x07, 0x5F, 0x00, 0x8F, 0x07, 0x5F, 0x00,
    0x97, 0x07, 0x5F, 0x00, 0x9F, 0x07, 0x5F, 0x00, 0xA7, 0x07, 0x5F, 0x00,
    0xAF, 0x07, 0x5F, 0x00, 0xB7, 0x07, 0x5F, 0x00, 0xBF, 0x07, 0x5F, 0x00,
    0xC7, 0x07, 0x5F, 0x00, 0xCF, 0x07, 0x5F, 0x00, 0xD7, 0x07, 0x5F, 0x00,
    0xDF, 0x07, 0x5F, 0x00, 0xE7, 0x07, 0x5F, 0x00, 0xEF, 0x07, 0x5F, 0x00,
    0xF7, 0x07, 0x5F, 0x00, 0x00, 0x0F, 0x5F, 0x00, 0x07, 0x0F, 0x5F, 0x00,
    0x0F, 0x0F, 0x5F, 0x00, 0x17, 0x0F, 0x5F, 0x00, 0x1F, 0x0F, 0x5F, 0x00,
    0x27, 0x0F, 0x5F, 0x00, 0x2F, 0x0F, 0x5F, 0x00, 0x37, 0x0F, 0x5F, 0x00,
    0x3F, 0x0F, 0x5F, 0x00, 0x47, 0x0F, 0x5F, 0x00, 0x4F, 0x0F, 0x5F, 0x00,
    0x57, 0x0F, 0x5F, 0x00, 0x5F, 0x0F, 0x5F, 0x00, 0x67, 0x0F, 0x5F, 0x00,
    0x6F, 0x0F, 0x5F, 0x00, 0x77, 0x0F, 0x5F, 0x00, 0x7F, 0x0F, 0x5F, 0x00,
    0x87, 0x0F, 0x5F, 0x00, 0x8F, 0x0F, 0x5F, 0x00, 0x97, 0x0F, 0x5F, 0x00,
    0x9F, 0x0F, 0x5F, 0x00, 0xA7, 0x0F, 0x5F, 0x00, 0xAF, 0x0F, 0x5F, 0x00,
    0xB7, 0x0F, 0x5F, 0x00, 0xBF, 0x0F, 0x5F, 0x00, 0xC7, 0x0F, 0x5F, 0x00,
    0xCF, 0x0F, 0x5F, 0x00, 0xD7, 0x0F, 0x5F, 0x00, 0xDF, 0x0F, 0x5F, 0x00,
    0xE7, 0x0F, 0x5F, 0x00, 0xEF, 0x0F, 0x5F, 0x00, 0xF7, 0x0F, 0x5F, 0x00,
    0x00, 0x17, 0x5F, 0x00, 0x07, 0x17, 0x5F, 0x00, 0x0F, 0x17, 0x5F, 0x00,
    0x17, 0x17, 0x5F, 0x00, 0x1F, 0x17, 0x5F, 0x00, 0x27, 0x17, 0x5F, 0x00,
    0x2F, 0x17, 0x5F, 0x00, 0x37, 0x17, 0x5F, 0x00, 0x3F, 0x17, 0x5F, 0x00,
    0x47, 0x17, 0x5F, 0x00, 0x4F, 0x17, 0x5F, 0x00, 0x57, 0x17, 0x5F, 0x00,
    0x5F, 0x17, 0x5F, 0x03, 0x67, 0x17, 0x5F, 0x08, 0x6F, 0x17, 0x5F, 0x0B,
    0x77, 0x17, 0x5F, 0x0D, 0x7F, 0x17, 0x5F, 0x0E, 0x87, 0x17, 0x5F, 0x0D,
    0x8F, 0x17, 0x5F, 0x0B, 0x97, 0x17, 0x5F, 0x08, 0x9F, 0x17, 0x5F, 0x03,
    0xA7, 0x17, 0x5F, 0x00, 0xAF, 0x17, 0x5F, 0x00, 0xB7, 0x17, 0x5F, 0x00,
    0xBF, 0x17, 0x5F, 0x00, 0xC7, 0x17, 0x5F, 0x00, 0xCF, 0x17, 0x5F, 0x00,
    0xD7, 0x17, 0x5F, 0x00, 0xDF, 0x17, 0x5F, 0x00, 0xE7, 0x17, 0x5F, 0x00,
    0xEF, 0x17, 0x5F, 0x00, 0xF7, 0x17, 0x5F, 0x00, 0x00, 0x1F, 0x5F, 0x00,
    0x07, 0x1F, 0x5F, 0x00, 0x0F, 0x1F, 0x5F, 0x00, 0x17, 0x1F, 0x5F, 0x00,
    0x1F, 0x1F, 0x5F, 0x00, 0x27, 0x1F, 0x5F, 0x00, 0x2F, 0x1F, 0x5F, 0x00,
    0x37, 0x1F, 0x5F, 0x00, 0x3F, 0x1F, 0x5F, 0x00, 0x47, 0x1F, 0x5F, 0x00,
    0x4F, 0x1F, 0x5F, 0x07, 0x57, 0x1F, 0x5F, 0x0E, 0x5F, 0x1F, 0x5F, 0x14,
    0x67, 0x1F, 0x5F, 0x18, 0x6F, 0x1F, 0x5F, 0x1C, 0x77, 0x1F, 0x5F, 0x1E,
    0x7F, 0x1F, 0x5F, 0x1F, 0x87, 0x1F, 0x5F, 0x1E, 0x8F, 0x1F, 0x5F, 0x1C,
    0x97, 0x1F, 0x5F, 0x18, 0x9F, 0x1F, 0x5F, 0x14, 0xA7, 0x1F, 0x5F, 0x0E,
    0xAF, 0x1F, 0x5F, 0x07, 0xB7, 0x1F, 0x5F, 0x00, 0xBF, 0x1F, 0x5F, 0x00,
    0xC7, 0x1F, 0x5F, 0x00, 0xCF, 0x1F, 0x5F, 0x00, 0xD7, 0x1F, 0x5F, 0x00,
    0xDF, 0x1F, 0x5F, 0x00, 0xE7, 0x1F, 0x5F, 0x00, 0xEF, 0x1F, 0x5F, 0x00,
    0xF7, 0x1F, 0x5F, 0x00, 0x00, 0x27, 0x5F, 0x00, 0x07, 0x27, 0x5F, 0x00,
    0x0F, 0x27, 0x5F, 0x00, 0x17, 0x27, 0x5F, 0x00, 0x1F, 0x27, 0x5F, 0x00,
    0x27, 0x27, 0x5F, 0x00, 0x2F, 0x27, 0x5F, 0x00, 0x37, 0x27, 0x5F, 0x00,
    0x3F, 0x27, 0x5F, 0x03, 0x47, 0x27, 0x5F, 0x0D, 0x4F, 0x27, 0x5F, 0x16,
    0x57, 0x27, 0x5F, 0x1D, 0x5F, 0x27, 0x5F, 0x23, 0x67, 0x27, 0x5F, 0x29,
    0x6F, 0x27, 0x5F, 0x2C, 0x77, 0x27, 0x5F, 0x2E, 0x7F, 0x27, 0x5F, 0x2F,
    0x87, 0x27, 0x5F, 0x2E, 0x8F, 0x27, 0x5F, 0x2C, 0x97, 0x27, 0x5F, 0x29,
    0x9F, 0x27, 0x5F, 0x23, 0xA7, 0x27, 0x5F, 0x1D, 0xAF, 0x27, 0x5F, 0x16,
    0xB7, 0x27, 0x5F, 0x0D, 0xBF, 0x27, 0x5F, 0x03, 0xC7, 0x27, 0x5F, 0x00,
    0xCF, 0x27, 0x5F, 0x00, 0xD7, 0x27, 0x5F, 0x00, 0xDF, 0x27, 0x5F, 0x00,
    0xE7, 0x27, 0x5F, 0x00, 0xEF, 0x27, 0x5F, 0x00, 0xF7, 0x27, 0x5F, 0x00,
    0x00, 0x2F, 0x5F, 0x00, 0x07, 0x2F, 0x5F, 0x00, 0x0F, 0x2F, 0x5F, 0x00,
    0x17, 0x2F, 0x5F, 0x00, 0x1F, 0x2F, 0x5F, 0x00, 0x27, 0x2F, 0x5F, 0x00,
    0x2F, 0x2F, 0x5F, 0x00, 0x37, 0x2F, 0x5F, 0x06, 0x3F, 0x2F, 0x5F, 0x11,
    0x47, 0x2F, 0x5F, 0x1B, 0x4F, 0x2F, 0x5F, 0x24, 0x57, 0x2F, 0x5F, 0x2C,
    0x5F, 0x2F, 0x5F, 0x33, 0x67, 0x2F, 0x5F, 0x39, 0x6F, 0x2F, 0x5F, 0x3D,
    0x77, 0x2F, 0x5F, 0x3F, 0x7F, 0x2F, 0x5F, 0x40, 0x87, 0x2F, 0x5F, 0x3F,
    0x8F, 0x2F, 0x5F, 0x3D, 0x97, 0x2F, 0x5F, 0x39, 0x9F, 0x2F, 0x5F, 0x33,
    0xA7, 0x2F, 0x5F, 0x2C, 0xAF, 0x2F, 0x5F, 0x24, 0xB7, 0x2F, 0x5F, 0x1B,
    0xBF, 0x2F, 0x5F, 0x11, 0xC7, 0x2F, 0x5F, 0x06, 0xCF, 0x2F, 0x5F, 0x00,
    0xD7, 0x2F, 0x5F, 0x00, 0xDF, 0x2F, 0x5F, 0x00, 0xE7, 0x2F, 0x5F, 0x00,
    0xEF, 0x2F, 0x5F, 0x00, 0xF7, 0x2F, 0x5F, 0x00, 0x00, 0x37, 0x5F, 0x00,
    0x07, 0x37, 0x5F, 0x00, 0x0F, 0x37, 0x5F, 0x00, 0x17, 0x37, 0x5F, 0x00,
    0x1F, 0x37, 0x5F, 0x00, 0x27, 0x37, 0x5F, 0x00, 0x2F, 0x37, 0x5F, 0x06,
    0x37, 0x37, 0x5F, 0x12, 0x3F, 0x37, 0x5F, 0x1E, 0x47, 0x37, 0x5F, 0x29,
    0x4F, 0x37, 0x5F, 0x32, 0x57, 0x37, 0x5F, 0x3B, 0x5F, 0x37, 0x5F, 0x42,
    0x67, 0x37, 0x5F, 0x48, 0x6F, 0x37, 0x5F, 0x4D, 0x77, 0x37, 0x5F, 0x4F,
    0x7F, 0x37, 0x5F, 0x50, 0x87, 0x37, 0x5F, 0x4F, 0x8F, 0x37, 0x5F, 0x4D,
    0x97, 0x37, 0x5F, 0x48, 0x9F, 0x37, 0x5F, 0x42, 0xA7, 0x37, 0x5F, 0x3B,
    0xAF, 0x37, 0x5F, 0x32, 0xB7, 0x37, 0x5F, 0x29, 0xBF, 0x37, 0x5F, 0x1E,
    0xC7, 0x37, 0x5F, 0x12, 0xCF, 0x37, 0x5F, 0x06, 0xD7, 0x37, 0x5F, 0x00,
    0xDF, 0x37, 0x5F, 0x00, 0xE7, 0x37, 0x5F, 0x00, 0xEF, 0x37, 0x5F, 0x00,
    0xF7, 0x37, 0x5F, 0x00, 0x00, 0x3F, 0x5F, 0x00, 0x07, 0x3F, 0x5F, 0x00,
    0x0F, 0x3F, 0x5F, 0x00, 0x17, 0x3F, 0x5F, 0x00, 0x1F, 0x3F, 0x5F, 0x00,
    0x27, 0x3F, 0x5F, 0x03, 0x2F, 0x3F, 0x5F, 0x11, 0x37, 0x3F, 0x5F, 0x1E,
    0x3F, 0x3F, 0x5F, 0x2A, 0x47, 0x3F, 0x5F, 0x35, 0x4F, 0x3F, 0x5F, 0x40,
    0x57, 0x3F, 0x5F, 0x49, 0x5F, 0x3F, 0x5F, 0x51, 0x67, 0x3F, 0x5F, 0x57,
    0x6F, 0x3F, 0x5F, 0x5C, 0x77, 0x3F, 0x5F, 0x5F, 0x7F, 0x3F, 0x5F, 0x60,
    0x87, 0x3F, 0x5F, 0x5F, 0x8F, 0x3F, 0x5F, 0x5C, 0x97, 0x3F, 0x5F, 0x57,
    0x9F, 0x3F, 0x5F, 0x51, 0xA7, 0x3F, 0x5F, 0x49, 0xAF, 0x3F, 0x5F, 0x40,
    0xB7, 0x3F, 0x5F, 0x35, 0xBF, 0x3F, 0x5F, 0x2A, 0xC7, 0x3F, 0x5F, 0x1E,
    0xCF, 0x3F, 0x5F, 0x11, 0xD7, 0x3F, 0x5F, 0x03, 0xDF, 0x3F, 0x5F, 0x00,
    0xE7, 0x3F, 0x5F, 0x00, 0xEF, 0x3F, 0x5F, 0x00, 0xF7, 0x3F, 0x5F, 0x00,
    0x00, 0x47, 0x5F, 0x00, 0x07, 0x47, 0x5F, 0x00, 0x0F, 0x47, 0x5F, 0x00,
    0x17, 0x47, 0x5F, 0x00, 0x1F, 0x47, 0x5F, 0x00, 0x27, 0x47, 0x5F, 0x0D,
    0x2F, 0x47, 0x5F, 0x1B, 0x37, 0x47, 0x5F, 0x29, 0x3F, 0x47, 0x5F, 0x35,
    0x47, 0x47, 0x5F, 0x41, 0x4F, 0x47, 0x5F, 0x4D, 0x57, 0x47, 0x5F, 0x57,
    0x5F, 0x47, 0x5F, 0x5F, 0x67, 0x47, 0x5F, 0x66, 0x6F, 0x47, 0x5F, 0x6B,
    0x77, 0x47, 0x5F, 0x6F, 0x7F, 0x47, 0x5F, 0x70, 0x87, 0x47, 0x5F, 0x6F,
    0x8F, 0x47, 0x5F, 0x6B, 0x97, 0x47, 0x5F, 0x66, 0x9F, 0x47, 0x5F, 0x5F,
    0xA7, 0x47, 0x5F, 0x57, 0xAF, 0x47, 0x5F, 0x4D, 0xB7, 0x47, 0x5F, 0x41,
    0xBF, 0x47, 0x5F, 0x35, 0xC7, 0x47, 0x5F, 0x29, 0xCF, 0x47, 0x5F, 0x1B,
    0xD7, 0x47, 0x5F, 0x0D, 0xDF, 0x47, 0x5F, 0x00, 0xE7, 0x47, 0x5F, 0x00,
    0xEF, 0x47, 0x5F, 0x00, 0xF7, 0x47, 0x5F, 0x00, 0x00, 0x4F, 0x5F, 0x00,
    0x07, 0x4F, 0x5F, 0x00, 0x0F, 0x4F, 0x5F, 0x00, 0x17, 0x4F, 0x5F, 0x00,
    0x1F, 0x4F, 0x5F, 0x07, 0x27, 0x4F, 0x5F, 0x16, 0x2F, 0x4F, 0x5F, 0x24,
    0x37, 0x4F, 0x5F, 0x32, 0x3F, 0x4F, 0x5F, 0x40, 0x47, 0x4F, 0x5F, 0x4D,
    0x4F, 0x4F, 0x5F, 0x58, 0x57, 0x4F, 0x5F, 0x63, 0x5F, 0x4F, 0x5F, 0x6C,
    0x67, 0x4F, 0x5F, 0x74, 0x6F, 0x4F, 0x5F, 0x7A, 0x77, 0x4F, 0x5F, 0x7E,
    0x7F, 0x4F, 0x5F, 0x7F, 0x87, 0x4F, 0x5F, 0x7E, 0x8F, 0x4F, 0x5F, 0x7A,
    0x97, 0x4F, 0x5F, 0x74, 0x9F, 0x4F, 0x5F, 0x6C, 0xA7, 0x4F, 0x5F, 0x63,
    0xAF, 0x4F, 0x5F, 0x58, 0xB7, 0x4F, 0x5F, 0x4D, 0xBF, 0x4F, 0x5F, 0x40,
    0xC7, 0x4F, 0x5F, 0x32, 0xCF, 0x4F, 0x5F, 0x24, 0xD7, 0x4F, 0x5F, 0x16,
    0xDF, 0x4F, 0x5F, 0x07, 0xE7, 0x4F, 0x5F, 0x00, 0xEF, 0x4F, 0x5F, 0x00,
    0xF7, 0x4F, 0x5F, 0x00, 0x00, 0x57, 0x5F, 0x00, 0x07, 0x57, 0x5F, 0x00,
    0x0F, 0x57, 0x5F, 0x00, 0x17, 0x57, 0x5F, 0x00, 0x1F, 0x57, 0x5F, 0x0E,
    0x27, 0x57, 0x5F, 0x1D, 0x2F, 0x57, 0x5F, 0x2C, 0x37, 0x57, 0x5F, 0x3B,
    0x3F, 0x57, 0x5F, 0x49, 0x47, 0x57, 0x5F, 0x57, 0x4F, 0x57, 0x5F, 0x63,
    0x57, 0x57, 0x5F, 0x6F, 0x5F, 0x57, 0x5F, 0x79, 0x67, 0x57, 0x5F, 0x81,
    0x6F, 0x57, 0x5F, 0x88, 0x77, 0x57, 0x5F, 0x8C, 0x7F, 0x57, 0x5F, 0x8D,
    0x87, 0x57, 0x5F, 0x8C, 0x8F, 0x57, 0x5F, 0x88, 0x97, 0x57, 0x5F, 0x81,
    0x9F, 0x57, 0x5F, 0x79, 0xA7, 0x57, 0x5F, 0x6F, 0xAF, 0x57, 0x5F, 0x63,
    0xB7, 0x57, 0x5F, 0x57, 0xBF, 0x57, 0x5F, 0x49, 0xC7, 0x57, 0x5F, 0x3B,
    0xCF, 0x57, 0x5F, 0x2C, 0xD7, 0x57, 0x5F, 0x1D, 0xDF, 0x57, 0x5F, 0x0E,
    0xE7, 0x57, 0x5F, 0x00, 0xEF, 0x57, 0x5F, 0x00, 0xF7, 0x57, 0x5F, 0x00,
    0x00, 0x5F, 0x5F, 0x00, 0x07, 0x5F, 0x5F, 0x00, 0x0F, 0x5F, 0x5F, 0x00,
    0x17, 0x5F, 0x5F, 0x03, 0x1F, 0x5F, 0x5F, 0x14, 0x27, 0x5F, 0x5F, 0x23,
    0x2F, 0x5F, 0x5F, 0x33, 0x37, 0x5F, 0x5F, 0x42, 0x3F, 0x5F, 0x5F, 0x51,
    0x47, 0x5F, 0x5F, 0x5F, 0x4F, 0x5F, 0x5F, 0x6C, 0x57, 0x5F, 0x5F, 0x79,
    0x5F, 0x5F, 0x5F, 0x84, 0x67, 0x5F, 0x5F, 0x8D, 0x6F, 0x5F, 0x5F, 0x94,
    0x77, 0x5F, 0x5F, 0x99, 0x7F, 0x5F, 0x5F, 0x9A, 0x87, 0x5F, 0x5F, 0x99,
    0x8F, 0x5F, 0x5F, 0x94, 0x97, 0x5F, 0x5F, 0x8D, 0x9F, 0x5F, 0x5F, 0x84,
    0xA7, 0x5F, 0x5F, 0x79, 0xAF, 0x5F, 0x5F, 0x6C, 0xB7, 0x5F, 0x5F, 0x5F,
    0xBF, 0x5F, 0x5F, 0x51, 0xC7, 0x5F, 0x5F, 0x42, 0xCF, 0x5F, 0x5F, 0x33,
    0xD7, 0x5F, 0x5F, 0x23, 0xDF, 0x5F, 0x5F, 0x14, 0xE7, 0x5F, 0x5F, 0x03,
    0xEF, 0x5F, 0x5F, 0x00, 0xF7, 0x5F, 0x5F, 0x00, 0x00, 0x67, 0x5F, 0x00,
    0x07, 0x67, 0x5F, 0x00, 0x0F, 0x67, 0x5F, 0x00, 0x17, 0x67, 0x5F, 0x08,
    0x1F, 0x67, 0x5F, 0x18, 0x27, 0x67, 0x5F, 0x29, 0x2F, 0x67, 0x5F, 0x39,
    0x37, 0x67, 0x5F, 0x48, 0x3F, 0x67, 0x5F, 0x57, 0x47, 0x67, 0x5F, 0x66,
    0x4F, 0x67, 0x5F, 0x74, 0x57, 0x67, 0x5F, 0x81, 0x5F, 0x67, 0x5F, 0x8D,
    0x67, 0x67, 0x5F, 0x97, 0x6F, 0x67, 0x5F, 0x9F, 0x77, 0x67, 0x5F, 0xA4,
    0x7F, 0x67, 0x5F, 0xA6, 0x87, 0x67, 0x5F, 0xA4, 0x8F, 0x67, 0x5F, 0x9F,
    0x97, 0x67, 0x5F, 0x97, 0x9F, 0x67, 0x5F, 0x8D, 0xA7, 0x67, 0x5F, 0x81,
    0xAF, 0x67, 0x5F, 0x74, 0xB7, 0x67, 0x5F, 0x66, 0xBF, 0x67, 0x5F, 0x57,
    0xC7, 0x67, 0x5F, 0x48, 0xCF, 0x67, 0x5F, 0x39, 0xD7, 0x67, 0x5F, 0x29,
    0xDF, 0x67, 0x5F, 0x18, 0xE7, 0x67, 0x5F, 0x08, 0xEF, 0x67, 0x5F, 0x00,
    0xF7, 0x67, 0x5F, 0x00, 0x00, 0x6F, 0x5F, 0x00, 0x07, 0x6F, 0x5F, 0x00,
    0x0F, 0x6F, 0x5F, 0x00, 0x17, 0x6F, 0x5F, 0x0B, 0x1F, 0x6F, 0x5F, 0x1C,
    0x27, 0x6F, 0x5F, 0x2C, 0x2F, 0x6F, 0x5F, 0x3D, 0x37, 0x6F, 0x5F, 0x4D,
    0x3F, 0x6F, 0x5F, 0x5C, 0x47, 0x6F, 0x5F, 0x6B, 0x4F, 0x6F, 0x5F, 0x7A,
    0x57, 0x6F, 0x5F, 0x88, 0x5F, 0x6F, 0x5F, 0x94, 0x67, 0x6F, 0x5F, 0x9F,
    0x6F, 0x6F, 0x5F, 0xA8, 0x77, 0x6F, 0x5F, 0xAD, 0x7F, 0x6F, 0x5F, 0xAF,
    0x87, 0x6F, 0x5F, 0xAD, 0x8F, 0x6F, 0x5F, 0xA8, 0x97, 0x6F, 0x5F, 0x9F,
    0x9F, 0x6F, 0x5F, 0x94, 0xA7, 0x6F, 0x5F, 0x88, 0xAF, 0x6F, 0x5F, 0x7A,
    0xB7, 0x6F, 0x5F, 0x6B, 0xBF, 0x6F, 0x5F, 0x5C, 0xC7, 0x6F, 0x5F, 0x4D,
    0xCF, 0x6F, 0x5F, 0x3D, 0xD7, 0x6F, 0x5F, 0x2C, 0xDF, 0x6F, 0x5F, 0x1C,
    0xE7, 0x6F, 0x5F, 0x0B, 0xEF, 0x6F, 0x5F, 0x00, 0xF7, 0x6F, 0x5F, 0x00,
    0x00, 0x77, 0x5F, 0x00, 0x07, 0x77, 0x5F, 0x00, 0x0F, 0x77, 0x5F, 0x00,
    0x17, 0x77, 0x5F, 0x0D, 0x1F, 0x77, 0x5F, 0x1E, 0x27, 0x77, 0x5F, 0x2E,
    0x2F, 0x77, 0x5F, 0x3F, 0x37, 0x77, 0x5F, 0x4F, 0x3F, 0x77, 0x5F, 0x5F,
    0x47, 0x77, 0x5F, 0x6F, 0x4F, 0x77, 0x5F, 0x7E, 0x57, 0x77, 0x5F, 0x8C,
    0x5F, 0x77, 0x5F, 0x99, 0x67, 0x77, 0x5F, 0xA4, 0x6F, 0x77, 0x5F, 0xAD,
    0x77, 0x77, 0x5F, 0xB3, 0x7F, 0x77, 0x5F, 0xB5, 0x87, 0x77, 0x5F, 0xB3,
    0x8F, 0x77, 0x5F, 0xAD, 0x97, 0x77, 0x5F, 0xA4, 0x9F, 0x77, 0x5F, 0x99,
    0xA7, 0x77, 0x5F, 0x8C, 0xAF, 0x77, 0x5F, 0x7E, 0xB7, 0x77, 0x5F, 0x6F,
    0xBF, 0x77, 0x5F, 0x5F, 0xC7, 0x77, 0x5F, 0x4F, 0xCF, 0x77, 0x5F, 0x3F,
    0xD7, 0x77, 0x5F, 0x2E, 0xDF, 0x77, 0x5F, 0x1E, 0xE7, 0x77, 0x5F, 0x0D,
    0xEF, 0x77, 0x5F, 0x00, 0xF7, 0x77, 0x5F, 0x00, 0x00, 0x7F, 0x5F, 0x00,
    0x07, 0x7F, 0x5F, 0x00, 0x0F, 0x7F, 0x5F, 0x00, 0x17, 0x7F, 0x5F, 0x0E,
    0x1F, 0x7F, 0x5F, 0x1F, 0x27, 0x7F, 0x5F, 0x2F, 0x2F, 0x7F, 0x5F, 0x40,
    0x37, 0x7F, 0x5F, 0x50, 0x3F, 0x7F, 0x5F, 0x60, 0x47, 0x7F, 0x5F, 0x70,
    0x4F, 0x7F, 0x5F, 0x7F, 0x57, 0x7F, 0x5F, 0x8D, 0x5F, 0x7F, 0x5F, 0x9A,
    0x67, 0x7F, 0x5F, 0xA6, 0x6F, 0x7F, 0x5F, 0xAF, 0x77, 0x7F, 0x5F, 0xB5,
    0x7F, 0x7F, 0x5F, 0xB8, 0x87, 0x7F, 0x5F, 0xB5, 0x8F, 0x7F, 0x5F, 0xAF,
    0x97, 0x7F, 0x5F, 0xA6, 0x9F, 0x7F, 0x5F, 0x9A, 0xA7, 0x7F, 0x5F, 0x8D,
    0xAF, 0x7F, 0x5F, 0x7F, 0xB7, 0x7F, 0x5F, 0x70, 0xBF, 0x7F, 0x5F, 0x60,
    0xC7, 0x7F, 0x5F, 0x50, 0xCF, 0x7F, 0x5F, 0x40, 0xD7, 0x7F, 0x5F, 0x2F,
    0xDF, 0x7F, 0x5F, 0x1F, 0xE7, 0x7F, 0x5F, 0x0E, 0xEF, 0x7F, 0x5F, 0x00,
    0xF7, 0x7F, 0x5F, 0x00, 0x00, 0x87, 0x5F, 0x00, 0x07, 0x87, 0x5F, 0x00,
    0x0F, 0x87, 0x5F, 0x00, 0x17, 0x87, 0x5F, 0x0D, 0x1F, 0x87, 0x5F, 0x1E,
    0x27, 0x87, 0x5F, 0x2E, 0x2F, 0x87, 0x5F, 0x3F, 0x37, 0x87, 0x5F, 0x4F,
    0x3F, 0x87, 0x5F, 0x5F, 0x47, 0x87, 0x5F, 0x6F, 0x4F, 0x87, 0x5F, 0x7E,
    0x57, 0x87, 0x5F, 0x8C, 0x5F, 0x87, 0x5F, 0x99, 0x67, 0x87, 0x5F, 0xA4,
    0x6F, 0x87, 0x5F, 0xAD, 0x77, 0x87, 0x5F, 0xB3, 0x7F, 0x87, 0x5F, 0xB5,
    0x87, 0x87, 0x5F, 0xB3, 0x8F, 0x87, 0x5F, 0xAD, 0x97, 0x87, 0x5F, 0xA4,
    0x9F, 0x87, 0x5F, 0x99, 0xA7, 0x87, 0x5F, 0x8C, 0xAF, 0x87, 0x5F, 0x7E,
    0xB7, 0x87, 0x5F, 0x6F, 0xBF, 0x87, 0x5F, 0x5F, 0xC7, 0x87, 0x5F, 0x4F,
    0xCF, 0x87, 0x5F, 0x3F, 0xD7, 0x87, 0x5F, 0x2E, 0xDF, 0x87, 0x5F, 0x1E,
    0xE7, 0x87, 0x5F, 0x0D, 0xEF, 0x87, 0x5F, 0x00, 0xF7, 0x87, 0x5F, 0x00,
    0x00, 0x8F, 0x5F, 0x00, 0x07, 0x8F, 0x5F, 0x00, 0x0F, 0x8F, 0x5F, 0x00,
    0x17, 0x8F, 0x5F, 0x0B, 0x1F, 0x8F, 0x5F, 0x1C, 0x27, 0x8F, 0x5F, 0x2C,
    0x2F, 0x8F, 0x5F, 0x3D, 0x37, 0x8F, 0x5F, 0x4D, 0x3F, 0x8F, 0x5F, 0x5C,
    0x47, 0x8F, 0x5F, 0x6B, 0x4F, 0x8F, 0x5F, 0x7A, 0x57, 0x8F, 0x5F, 0x88,
    0x5F, 0x8F, 0x5F, 0x94, 0x67, 0x8F, 0x5F, 0x9F, 0x6F, 0x8F, 0x5F, 0xA8,
    0x77, 0x8F, 0x5F, 0xAD, 0x7F, 0x8F, 0x5F, 0xAF, 0x87, 0x8F, 0x5F, 0xAD,
    0x8F, 0x8F, 0x5F, 0xA8, 0x97, 0x8F, 0x5F, 0x9F, 0x9F, 0x8F, 0x5F, 0x94,
    0xA7, 0x8F, 0x5F, 0x88, 0xAF, 0x8F, 0x5F, 0x7A, 0xB7, 0x8F, 0x5F, 0x6B,
    0xBF, 0x8F, 0x5F, 0x5C, 0xC7, 0x8F, 0x5F, 0x4D, 0xCF, 0x8F, 0x5F, 0x3D,
    0xD7, 0x8F, 0x5F, 0x2C, 0xDF, 0x8F, 0x5F, 0x1C, 0xE7, 0x8F, 0x5F, 0x0B,
    0xEF, 0x8F, 0x5F, 0x00, 0xF7, 0x8F, 0x5F, 0x00, 0x00, 0x97, 0x5F, 0x00,
    0x07, 0x97, 0x5F, 0x00, 0x0F, 0x97, 0x5F, 0x00, 0x17, 0x97, 0x5F, 0x08,
    0x1F, 0x97, 0x5F, 0x18, 0x27, 0x97, 0x5F, 0x29, 0x2F, 0x97, 0x5F, 0x39,
    0x37, 0x97, 0x5F, 0x48, 0x3F, 0x97, 0x5F, 0x57, 0x47, 0x97, 0x5F, 0x66,
    0x4F, 0x97, 0x5F, 0x74, 0x57, 0x97, 0x5F, 0x81, 0x5F, 0x97, 0x5F, 0x8D,
    0x67, 0x97, 0x5F, 0x97, 0x6F, 0x97, 0x5F, 0x9F, 0x77, 0x97, 0x5F, 0xA4,
    0x7F, 0x97, 0x5F, 0xA6, 0x87, 0x97, 0x5F, 0xA4, 0x8F, 0x97, 0x5F, 0x9F,
    0x97, 0x97, 0x5F, 0x97, 0x9F, 0x97, 0x5F, 0x8D, 0xA7, 0x97, 0x5F, 0x81,
    0xAF, 0x97, 0x5F, 0x74, 0xB7, 0x97, 0x5F, 0x66, 0xBF, 0x97, 0x5F, 0x57,
    0xC7, 0x97, 0x5F, 0x48, 0xCF, 0x97, 0x5F, 0x39, 0xD7, 0x97, 0x5F, 0x29,
    0xDF, 0x97, 0x5F, 0x18, 0xE7, 0x97, 0x5F, 0x08, 0xEF, 0x97, 0x5F, 0x00,
    0xF7, 0x97, 0x5F, 0x00, 0x00, 0x9F, 0x5F, 0x00, 0x07, 0x9F, 0x5F, 0x00,
    0x0F, 0x9F, 0x5F, 0x00, 0x17, 0x9F, 0x5F, 0x03, 0x1F, 0x9F, 0x5F, 0x14,
    0x27, 0x9F, 0x5F, 0x23, 0x2F, 0x9F, 0x5F, 0x33, 0x37, 0x9F, 0x5F, 0x42,
    0x3F, 0x9F, 0x5F, 0x51, 0x47, 0x9F, 0x5F, 0x5F, 0x4F, 0x9F, 0x5F, 0x6C,
    0x57, 0x9F, 0x5F, 0x79, 0x5F, 0x9F, 0x5F, 0x84, 0x67, 0x9F, 0x5F, 0x8D,
    0x6F, 0x9F, 0x5F, 0x94, 0x77, 0x9F, 0x5F, 0x99, 0x7F, 0x9F, 0x5F, 0x9A,
    0x87, 0x9F, 0x5F, 0x99, 0x8F, 0x9F, 0x5F, 0x94, 0x97, 0x9F, 0x5F, 0x8D,
    0x9F, 0x9F, 0x5F, 0x84, 0xA7, 0x9F, 0x5F, 0x79, 0xAF, 0x9F, 0x5F, 0x6C,
    0xB7, 0x9F, 0x5F, 0x5F, 0xBF, 0x9F, 0x5F, 0x51, 0xC7, 0x9F, 0x5F, 0x42,
    0xCF, 0x9F, 0x5F, 0x33, 0xD7, 0x9F, 0x5F, 0x23, 0xDF, 0x9F, 0x5F, 0x14,
    0xE7, 0x9F, 0x5F, 0x03, 0xEF, 0x9F, 0x5F, 0x00, 0xF7, 0x9F, 0x5F, 0x00,
    0x00, 0xA7, 0x5F, 0x00, 0x07, 0xA7, 0x5F, 0x00, 0x0F, 0xA7, 0x5F, 0x00,
    0x17, 0xA7, 0x5F, 0x00, 0x1F, 0xA7, 0x5F, 0x0E, 0x27, 0xA7, 0x5F, 0x1D,
    0x2F, 0xA7, 0x5F, 0x2C, 0x37, 0xA7, 0x5F, 0x3B, 0x3F, 0xA7, 0x5F, 0x49,
    0x47, 0xA7, 0x5F, 0x57, 0x4F, 0xA7, 0x5F, 0x63, 0x57, 0xA7, 0x5F, 0x6F,
    0x5F, 0xA7, 0x5F, 0x79, 0x67, 0xA7, 0x5F, 0x81, 0x6F, 0xA7, 0x5F, 0x88,
    0x77, 0xA7, 0x5F, 0x8C, 0x7F, 0xA7, 0x5F, 0x8D, 0x87, 0xA7, 0x5F, 0x8C,
    0x8F, 0xA7, 0x5F, 0x88, 0x97, 0xA7, 0x5F, 0x81, 0x9F, 0xA7, 0x5F, 0x79,
    0xA7, 0xA7, 0x5F, 0x6F, 0xAF, 0xA7, 0x5F, 0x63, 0xB7, 0xA7, 0x5F, 0x57,
    0xBF, 0xA7, 0x5F, 0x49, 0xC7, 0xA7, 0x5F, 0x3B, 0xCF, 0xA7, 0x5F, 0x2C,
    0xD7, 0xA7, 0x5F, 0x1D, 0xDF, 0xA7, 0x5F, 0x0E, 0xE7, 0xA7, 0x5F, 0x00,
    0xEF, 0xA7, 0x5F, 0x00, 0xF7, 0xA7, 0x5F, 0x00, 0x00, 0xAF, 0x5F, 0x00,
    0x07, 0xAF, 0x5F, 0x00, 0x0F, 0xAF, 0x5F, 0x00, 0x17, 0xAF, 0x5F, 0x00,
    0x1F, 0xAF, 0x5F, 0x07, 0x27, 0xAF, 0x5F, 0x16, 0x2F, 0xAF, 0x5F, 0x24,
    0x37, 0xAF, 0x5F, 0x32, 0x3F, 0xAF, 0x5F, 0x40, 0x47, 0xAF, 0x5F, 0x4D,
    0x4F, 0xAF, 0x5F, 0x58, 0x57, 0xAF, 0x5F, 0x63, 0x5F, 0xAF, 0x5F, 0x6C,
    0x67, 0xAF, 0x5F, 0x74, 0x6F, 0xAF, 0x5F, 0x7A, 0x77, 0xAF, 0x5F, 0x7E,
    0x7F, 0xAF, 0x5F, 0x7F, 0x87, 0xAF, 0x5F, 0x7E, 0x8F, 0xAF, 0x5F, 0x7A,
    0x97, 0xAF, 0x5F, 0x74, 0x9F, 0xAF, 0x5F, 0x6C, 0xA7, 0xAF, 0x5F, 0x63,
    0xAF, 0xAF, 0x5F, 0x58, 0xB7, 0xAF, 0x5F, 0x4D, 0xBF, 0xAF, 0x5F, 0x40,
    0xC7, 0xAF, 0x5F, 0x32, 0xCF, 0xAF, 0x5F, 0x24, 0xD7, 0xAF, 0x5F, 0x16,
    0xDF, 0xAF, 0x5F, 0x07, 0xE7, 0xAF, 0x5F, 0x00, 0xEF, 0xAF, 0x5F, 0x00,
    0xF7, 0xAF, 0x5F, 0x00, 0x00, 0xB7, 0x5F, 0x00, 0x07, 0xB7, 0x5F, 0x00,
    0x0F, 0xB7, 0x5F, 0x00, 0x17, 0xB7, 0x5F, 0x00, 0x1F, 0xB7, 0x5F, 0x00,
    0x27, 0xB7, 0x5F, 0x0D, 0x2F, 0xB7, 0x5F, 0x1B, 0x37, 0xB7, 0x5F, 0x29,
    0x3F, 0xB7, 0x5F, 0x35, 0x47, 0xB7, 0x5F, 0x41, 0x4F, 0xB7, 0x5F, 0x4D,
    0x57, 0xB7, 0x5F, 0x57, 0x5F, 0xB7, 0x5F, 0x5F, 0x67, 0xB7, 0x5F, 0x66,
    0x6F, 0xB7, 0x5F, 0x6B, 0x77, 0xB7, 0x5F, 0x6F, 0x7F, 0xB7, 0x5F, 0x70,
    0x87, 0xB7, 0x5F, 0x6F, 0x8F, 0xB7, 0x5F, 0x6B, 0x97, 0xB7, 0x5F, 0x66,
    0x9F, 0xB7, 0x5F, 0x5F, 0xA7, 0xB7, 0x5F, 0x57, 0xAF, 0xB7, 0x5F, 0x4D,
    0xB7, 0xB7, 0x5F, 0x41, 0xBF, 0xB7, 0x5F, 0x35, 0xC7, 0xB7, 0x5F, 0x29,
    0xCF, 0xB7, 0x5F, 0x1B, 0xD7, 0xB7, 0x5F, 0x0D, 0xDF, 0xB7, 0x5F, 0x00,
    0xE7, 0xB7, 0x5F, 0x00, 0xEF, 0xB7, 0x5F, 0x00, 0xF7, 0xB7, 0x5F, 0x00,
    0x00, 0xBF, 0x5F, 0x00, 0x07, 0xBF, 0x5F, 0x00, 0x0F, 0xBF, 0x5F, 0x00,
    0x17, 0xBF, 0x5F, 0x00, 0x1F, 0xBF, 0x5F, 0x00, 0x27, 0xBF, 0x5F, 0x03,
    0x2F, 0xBF, 0x5F, 0x11, 0x37, 0xBF, 0x5F, 0x1E, 0x3F, 0xBF, 0x5F, 0x2A,
    0x47, 0xBF, 0x5F, 0x35, 0x4F, 0xBF, 0x5F, 0x40, 0x57, 0xBF, 0x5F, 0x49,
    0x5F, 0xBF, 0x5F, 0x51, 0x67, 0xBF, 0x5F, 0x57, 0x6F, 0xBF, 0x5F, 0x5C,
    0x77, 0xBF, 0x5F, 0x5F, 0x7F, 0xBF, 0x5F, 0x60, 0x87, 0xBF, 0x5F, 0x5F,
    0x8F, 0xBF, 0x5F, 0x5C, 0x97, 0xBF, 0x5F, 0x57, 0x9F, 0xBF, 0x5F, 0x51,
    0xA7, 0xBF, 0x5F, 0x49, 0xAF, 0xBF, 0x5F, 0x40, 0xB7, 0xBF, 0x5F, 0x35,
    0xBF, 0xBF, 0x5F, 0x2A, 0xC7, 0xBF, 0x5F, 0x1E, 0xCF, 0xBF, 0x5F, 0x11,
    0xD7, 0xBF, 0x5F, 0x03, 0xDF, 0xBF, 0x5F, 0x00, 0xE7, 0xBF, 0x5F, 0x00,
    0xEF, 0xBF, 0x5F, 0x00, 0xF7, 0xBF, 0x5F, 0x00, 0x00, 0xC7, 0x5F, 0x00,
    0x07, 0xC7, 0x5F, 0x00, 0x0F, 0xC7, 0x5F, 0x00, 0x17, 0xC7, 0x5F, 0x00,
    0x1F, 0xC7, 0x5F, 0x00, 0x27, 0xC7, 0x5F, 0x00, 0x2F, 0xC7, 0x5F, 0x06,
    0x37, 0xC7, 0x5F, 0x12, 0x3F, 0xC7, 0x5F, 0x1E, 0x47, 0xC7, 0x5F, 0x29,
    0x4F, 0xC7, 0x5F, 0x32, 0x57, 0xC7, 0x5F, 0x3B, 0x5F, 0xC7, 0x5F, 0x42,
    0x67, 0xC7, 0x5F, 0x48, 0x6F, 0xC7, 0x5F, 0x4D, 0x77, 0xC7, 0x5F, 0x4F,
    0x7F, 0xC7, 0x5F, 0x50, 0x87, 0xC7, 0x5F, 0x4F, 0x8F, 0xC7, 0x5F, 0x4D,
    0x97, 0xC7, 0x5F, 0x48, 0x9F, 0xC7, 0x5F, 0x42, 0xA7, 0xC7, 0x5F, 0x3B,
    0xAF, 0xC7, 0x5F, 0x32, 0xB7, 0xC7, 0x5F, 0x29, 0xBF, 0xC7, 0x5F, 0x1E,
    0xC7, 0xC7, 0x5F, 0x12, 0xCF, 0xC7, 0x5F, 0x06, 0xD7, 0xC7, 0x5F, 0x00,
    0xDF, 0xC7, 0x5F, 0x00, 0xE7, 0xC7, 0x5F, 0x00, 0xEF, 0xC7, 0x5F, 0x00,
    0xF7, 0xC7, 0x5F, 0x00, 0x00, 0xCF, 0x5F, 0x00, 0x07, 0xCF, 0x5F, 0x00,
    0x0F, 0xCF, 0x5F, 0x00, 0x17, 0xCF, 0x5F, 0x00, 0x1F, 0xCF, 0x5F, 0x00,
    0x27, 0xCF, 0x5F, 0x00, 0x2F, 0xCF, 0x5F, 0x00, 0x37, 0xCF, 0x5F, 0x06,
    0x3F, 0xCF, 0x5F, 0x11, 0x47, 0xCF, 0x5F, 0x1B, 0x4F, 0xCF, 0x5F, 0x24,
    0x57, 0xCF, 0x5F, 0x2C, 0x5F, 0xCF, 0x5F, 0x33, 0x67, 0xCF, 0x5F, 0x39,
    0x6F, 0xCF, 0x5F, 0x3D, 0x77, 0xCF, 0x5F, 0x3F, 0x7F, 0xCF, 0x5F, 0x40,
    0x87, 0xCF, 0x5F, 0x3F, 0x8F, 0xCF, 0x5F, 0x3D, 0x97, 0xCF, 0x5F, 0x39,
    0x9F, 0xCF, 0x5F, 0x33, 0xA7, 0xCF, 0x5F, 0x2C, 0xAF, 0xCF, 0x5F, 0x24,
    0xB7, 0xCF, 0x5F, 0x1B, 0xBF, 0xCF, 0x5F, 0x11, 0xC7, 0xCF, 0x5F, 0x06,
    0xCF, 0xCF, 0x5F, 0x00, 0xD7, 0xCF, 0x5F, 0x00, 0xDF, 0xCF, 0x5F, 0x00,
    0xE7, 0xCF, 0x5F, 0x00, 0xEF, 0xCF, 0x5F, 0x00, 0xF7, 0xCF, 0x5F, 0x00,
    0x00, 0xD7, 0x5F, 0x00, 0x07, 0xD7, 0x5F, 0x00, 0x0F, 0xD7, 0x5F, 0x00,
    0x17, 0xD7, 0x5F, 0x00, 0x1F, 0xD7, 0x5F, 0x00, 0x27, 0xD7, 0x5F, 0x00,
    0x2F, 0xD7, 0x5F, 0x00, 0x37, 0xD7, 0x5F, 0x00, 0x3F, 0xD7, 0x5F, 0x03,
    0x47, 0xD7, 0x5F, 0x0D, 0x4F, 0xD7, 0x5F, 0x16, 0x57, 0xD7, 0x5F, 0x1D,
    0x5F, 0xD7, 0x5F, 0x23, 0x67, 0xD7, 0x5F, 0x29, 0x6F, 0xD7, 0x5F, 0x2C,
    0x77, 0xD7, 0x5F, 0x2E, 0x7F, 0xD7, 0x5F, 0x2F, 0x87, 0xD7, 0x5F, 0x2E,
    0x8F, 0xD7, 0x5F, 0x2C, 0x97, 0xD7, 0x5F, 0x29, 0x9F, 0xD7, 0x5F, 0x23,
    0xA7, 0xD7, 0x5F, 0x1D, 0xAF, 0xD7, 0x5F, 0x16, 0xB7, 0xD7, 0x5F, 0x0D,
    0xBF, 0xD7, 0x5F, 0x03, 0xC7, 0xD7, 0x5F, 0x00, 0xCF, 0xD7, 0x5F, 0x00,
    0xD7, 0xD7, 0x5F, 0x00, 0xDF, 0xD7, 0x5F, 0x00, 0xE7, 0xD7, 0x5F, 0x00,
    0xEF, 0xD7, 0x5F, 0x00, 0xF7, 0xD7, 0x5F, 0x00, 0x00, 0xDF, 0x5F, 0x00,
    0x07, 0xDF, 0x5F, 0x00, 0x0F, 0xDF, 0x5F, 0x00, 0x17, 0xDF, 0x5F, 0x00,
    0x1F, 0xDF, 0x5F, 0x00, 0x27, 0xDF, 0x5F, 0x00, 0x2F, 0xDF, 0x5F, 0x00,
    0x37, 0xDF, 0x5F, 0x00, 0x3F, 0xDF, 0x5F, 0x00, 0x47, 0xDF, 0x5F, 0x00,
    0x4F, 0xDF, 0x5F, 0x07, 0x57, 0xDF, 0x5F, 0x0E, 0x5F, 0xDF, 0x5F, 0x14,
    0x67, 0xDF, 0x5F, 0x18, 0x6F, 0xDF, 0x5F, 0x1C, 0x77, 0xDF, 0x5F, 0x1E,
    0x7F, 0xDF, 0x5F, 0x1F, 0x87, 0xDF, 0x5F, 0x1E, 0x8F, 0xDF, 0x5F, 0x1C,
    0x97, 0xDF, 0x5F, 0x18, 0x9F, 0xDF, 0x5F, 0x14, 0xA7, 0xDF, 0x5F, 0x0E,
    0xAF, 0xDF, 0x5F, 0x07, 0xB7, 0xDF, 0x5F, 0x00, 0xBF, 0xDF, 0x5F, 0x00,
    0xC7, 0xDF, 0x5F, 0x00, 0xCF, 0xDF, 0x5F, 0x00, 0xD7, 0xDF, 0x5F, 0x00,
    0xDF, 0xDF, 0x5F, 0x00, 0xE7, 0xDF, 0x5F, 0x00, 0xEF, 0xDF, 0x5F, 0x00,
    0xF7, 0xDF, 0x5F, 0x00, 0x00, 0xE7, 0x5F, 0x00, 0x07, 0xE7, 0x5F, 0x00,
    0x0F, 0xE7, 0x5F, 0x00, 0x17, 0xE7, 0x5F, 0x00, 0x1F, 0xE7, 0x5F, 0x00,
    0x27, 0xE7, 0x5F, 0x00, 0x2F, 0xE7, 0x5F, 0x00, 0x37, 0xE7, 0x5F, 0x00,
    0x3F, 0xE7, 0x5F, 0x00, 0x47, 0xE7, 0x5F, 0x00, 0x4F, 0xE7, 0x5F, 0x00,
    0x57, 0xE7, 0x5F, 0x00, 0x5F, 0xE7, 0x5F, 0x03, 0x67, 0xE7, 0x5F, 0x08,
    0x6F, 0xE7, 0x5F, 0x0B, 0x77, 0xE7, 0x5F, 0x0D, 0x7F, 0xE7, 0x5F, 0x0E,
    0x87, 0xE7, 0x5F, 0x0D, 0x8F, 0xE7, 0x5F, 0x0B, 0x97, 0xE7, 0x5F, 0x08,
    0x9F, 0xE7, 0x5F, 0x03, 0xA7, 0xE7, 0x5F, 0x00, 0xAF, 0xE7, 0x5F, 0x00,
    0xB7, 0xE7, 0x5F, 0x00, 0xBF, 0xE7, 0x5F, 0x00, 0xC7, 0xE7, 0x5F, 0x00,
    0xCF, 0xE7, 0x5F, 0x00, 0xD7, 0xE7, 0x5F, 0x00, 0xDF, 0xE7, 0x5F, 0x00,
    0xE7, 0xE7, 0x5F, 0x00, 0xEF, 0xE7, 0x5F, 0x00, 0xF7, 0xE7, 0x5F, 0x00,
    0x00, 0xEF, 0x5F, 0x00, 0x07, 0xEF, 0x5F, 0x00, 0x0F, 0xEF, 0x5F, 0x00,
    0x17, 0xEF, 0x5F, 0x00, 0x1F, 0xEF, 0x5F, 0x00, 0x27, 0xEF, 0x5F, 0x00,
    0x2F, 0xEF, 0x5F, 0x00, 0x37, 0xEF, 0x5F, 0x00, 0x3F, 0xEF, 0x5F, 0x00,
    0x47, 0xEF, 0x5F, 0x00, 0x4F, 0xEF, 0x5F, 0x00, 0x57, 0xEF, 0x5F, 0x00,
    0x5F, 0xEF, 0x5F, 0x00, 0x67, 0xEF, 0x5F, 0x00, 0x6F, 0xEF, 0x5F, 0x00,
    0x77, 0xEF, 0x5F, 0x00, 0x7F, 0xEF, 0x5F, 0x00, 0x87, 0xEF, 0x5F, 0x00,
    0x8F, 0xEF, 0x5F, 0x00, 0x97, 0xEF, 0x5F, 0x00, 0x9F, 0xEF, 0x5F, 0x00,
    0xA7, 0xEF, 0x5F, 0x00, 0xAF, 0xEF, 0x5F, 0x00, 0xB7, 0xEF, 0x5F, 0x00,
    0xBF, 0xEF, 0x5F, 0x00, 0xC7, 0xEF, 0x5F, 0x00, 0xCF, 0xEF, 0x5F, 0x00,
    0xD7, 0xEF, 0x5F, 0x00, 0xDF, 0xEF, 0x5F, 0x00, 0xE7, 0xEF, 0x5F, 0x00,
    0xEF, 0xEF, 0x5F, 0x00, 0xF7, 0xEF, 0x5F, 0x00, 0x00, 0xF7, 0x5F, 0x00,
    0x07, 0xF7, 0x5F, 0x00, 0x0F, 0xF7, 0x5F, 0x00, 0x17, 0xF7, 0x5F, 0x00,
    0x1F, 0xF7, 0x5F, 0x00, 0x27, 0xF7, 0x5F, 0x00, 0x2F, 0xF7, 0x5F, 0x00,
    0x37, 0xF7, 0x5F, 0x00, 0x3F, 0xF7, 0x5F, 0x00, 0x47, 0xF7, 0x5F, 0x00,
    0x4F, 0xF7, 0x5F, 0x00, 0x57, 0xF7, 0x5F, 0x00, 0x5F, 0xF7, 0x5F, 0x00,
    0x67, 0xF7, 0x5F, 0x00, 0x6F, 0xF7, 0x5F, 0x00, 0x77, 0xF7, 0x5F, 0x00,
    0x7F, 0xF7, 0x5F, 0x00, 0x87, 0xF7, 0x5F, 0x00, 0x8F, 0xF7, 0x5F, 0x00,
    0x97, 0xF7, 0x5F, 0x00, 0x9F, 0xF7, 0x5F, 0x00, 0xA7, 0xF7, 0x5F, 0x00,
    0xAF, 0xF7, 0x5F, 0x00, 0xB7, 0xF7, 0x5F, 0x00, 0xBF, 0xF7, 0x5F, 0x00,
    0xC7, 0xF7, 0x5F, 0x00, 0xCF, 0xF7, 0x5F, 0x00, 0xD7, 0xF7, 0x5F, 0x00,
    0xDF, 0xF7, 0x5F, 0x00, 0xE7, 0xF7, 0x5F, 0x00, 0xEF, 0xF7, 0x5F, 0x00,
    0xF7, 0xF7, 0x5F, 0x00, 0x00, 0x00, 0x67, 0x00, 0x07, 0x00, 0x67, 0x00,
    0x0F, 0x00, 0x67, 0x00, 0x17, 0x00, 0x67, 0x00, 0x1F, 0x00, 0x67, 0x00,
    0x27, 0x00, 0x67, 0x00, 0x2F, 0x00, 0x67, 0x00, 0x37, 0x00, 0x67, 0x00,
    0x3F, 0x00, 0x67, 0x00, 0x47, 0x00, 0x67, 0x00, 0x4F, 0x00, 0x67, 0x00,
    0x57, 0x00, 0x67, 0x00, 0x5F, 0x00, 0x67, 0x00, 0x67, 0x00, 0x67, 0x00,
    0x6F, 0x00, 0x67, 0x00, 0x77, 0x00, 0x67, 0x00, 0x7F, 0x00, 0x67, 0x00,
    0x87, 0x00, 0x67, 0x00, 0x8F, 0x00, 0x67, 0x00, 0x97, 0x00, 0x67, 0x00,
    0x9F, 0x00, 0x67, 0x00, 0xA7, 0x00, 0x67, 0x00, 0xAF, 0x00, 0x67, 0x00,
    0xB7, 0x00, 0x67, 0x00, 0xBF, 0x00, 0x67, 0x00, 0xC7, 0x00, 0x67, 0x00,
    0xCF, 0x00, 0x67, 0x00, 0xD7, 0x00, 0x67, 0x00, 0xDF, 0x00, 0x67, 0x00,
    0xE7, 0x00, 0x67, 0x00, 0xEF, 0x00, 0x67, 0x00, 0xF7, 0x00, 0x67, 0x00,
    0x00, 0x07, 0x67, 0x00, 0x07, 0x07, 0x67, 0x00, 0x0F, 0x07, 0x67, 0x00,
    0x17, 0x07, 0x67, 0x00, 0x1F, 0x07, 0x67, 0x00, 0x27, 0x07, 0x67, 0x00,
    0x2F, 0x07, 0x67, 0x00, 0x37, 0x07, 0x67, 0x00, 0x3F, 0x07, 0x67, 0x00,
    0x47, 0x07, 0x67, 0x00, 0x4F, 0x07, 0x67, 0x00, 0x57, 0x07, 0x67, 0x00,
    0x5F, 0x07, 0x67, 0x00, 0x67, 0x07, 0x67, 0x00, 0x6F, 0x07, 0x67, 0x00,
    0x77, 0x07, 0x67, 0x00, 0x7F, 0x07, 0x67, 0x00, 0x87, 0x07, 0x67, 0x00,
    0x8F, 0x07, 0x67, 0x00, 0x97, 0x07, 0x67, 0x00, 0x9F, 0x07, 0x67, 0x00,
    0xA7, 0x07, 0x67, 0x00, 0xAF, 0x07, 0x67, 0x00, 0xB7, 0x07, 0x67, 0x00,
    0xBF, 0x07, 0x67, 0x00, 0xC7, 0x07, 0x67, 0x00, 0xCF, 0x07, 0x67, 0x00,
    0xD7, 0x07, 0x67, 0x00, 0xDF, 0x07, 0x67, 0x00, 0xE7, 0x07, 0x67, 0x00,
    0xEF, 0x07, 0x67, 0x00, 0xF7, 0x07, 0x67, 0x00, 0x00, 0x0F, 0x67, 0x00,
    0x07, 0x0F, 0x67, 0x00, 0x0F, 0x0F, 0x67, 0x00, 0x17, 0x0F, 0x67, 0x00,
    0x1F, 0x0F, 0x67, 0x00, 0x27, 0x0F, 0x67, 0x00, 0x2F, 0x0F, 0x67, 0x00,
    0x37, 0x0F, 0x67, 0x00, 0x3F, 0x0F, 0x67, 0x00, 0x47, 0x0F, 0x67, 0x00,
    0x4F, 0x0F, 0x67, 0x00, 0x57, 0x0F, 0x67, 0x00, 0x5F, 0x0F, 0x67, 0x00,
    0x67, 0x0F, 0x67, 0x00, 0x6F, 0x0F, 0x67, 0x00, 0x77, 0x0F, 0x67, 0x00,
    0x7F, 0x0F, 0x67, 0x01, 0x87, 0x0F, 0x67, 0x00, 0x8F, 0x0F, 0x67, 0x00,
    0x97, 0x0F, 0x67, 0x00, 0x9F, 0x0F, 0x67, 0x00, 0xA7, 0x0F, 0x67, 0x00,
    0xAF, 0x0F, 0x67, 0x00, 0xB7, 0x0F, 0x67, 0x00, 0xBF, 0x0F, 0x67, 0x00,
    0xC7, 0x0F, 0x67, 0x00, 0xCF, 0x0F, 0x67, 0x00, 0xD7, 0x0F, 0x67, 0x00,
    0xDF, 0x0F, 0x67, 0x00, 0xE7, 0x0F, 0x67, 0x00, 0xEF, 0x0F, 0x67, 0x00,
    0xF7, 0x0F, 0x67, 0x00, 0x00, 0x17, 0x67, 0x00, 0x07, 0x17, 0x67, 0x00,
    0x0F, 0x17, 0x67, 0x00, 0x17, 0x17, 0x67, 0x00, 0x1F, 0x17, 0x67, 0x00,
    0x27, 0x17, 0x67, 0x00, 0x2F, 0x17, 0x67, 0x00, 0x37, 0x17, 0x67, 0x00,
    0x3F, 0x17, 0x67, 0x00, 0x47, 0x17, 0x67, 0x00, 0x4F, 0x17, 0x67, 0x00,
    0x57, 0x17, 0x67, 0x02, 0x5F, 0x17, 0x67, 0x08, 0x67, 0x17, 0x67, 0x0C,
    0x6F, 0x17, 0x67, 0x10, 0x77, 0x17, 0x67, 0x12, 0x7F, 0x17, 0x67, 0x12,
    0x87, 0x17, 0x67, 0x12, 0x8F, 0x17, 0x67, 0x10, 0x97, 0x17, 0x67, 0x0C,
    0x9F, 0x17, 0x67, 0x08, 0xA7, 0x17, 0x67, 0x02, 0xAF, 0x17, 0x67, 0x00,
    0xB7, 0x17, 0x67, 0x00, 0xBF, 0x17, 0x67, 0x00, 0xC7, 0x17, 0x67, 0x00,
    0xCF, 0x17, 0x67, 0x00, 0xD7, 0x17, 0x67, 0x00, 0xDF, 0x17, 0x67, 0x00,
    0xE7, 0x17, 0x67, 0x00, 0xEF, 0x17, 0x67, 0x00, 0xF7, 0x17, 0x67, 0x00,
    0x00, 0x1F, 0x67, 0x00, 0x07, 0x1F, 0x67, 0x00, 0x0F, 0x1F, 0x67, 0x00,
    0x17, 0x1F, 0x67, 0x00, 0x1F, 0x1F, 0x67, 0x00, 0x27, 0x1F, 0x67, 0x00,
    0x2F, 0x1F, 0x67, 0x00, 0x37, 0x1F, 0x67, 0x00, 0x3F, 0x1F, 0x67, 0x00,
    0x47, 0x1F, 0x67, 0x03, 0x4F, 0x1F, 0x67, 0x0B, 0x57, 0x1F, 0x67, 0x12,
    0x5F, 0x1F, 0x67, 0x18, 0x67, 0x1F, 0x67, 0x1D, 0x6F, 0x1F, 0x67, 0x21,
    0x77, 0x1F, 0x67, 0x23, 0x7F, 0x1F, 0x67, 0x23, 0x87, 0x1F, 0x67, 0x23,
    0x8F, 0x1F, 0x67, 0x21, 0x97, 0x1F, 0x67, 0x1D, 0x9F, 0x1F, 0x67, 0x18,
    0xA7, 0x1F, 0x67, 0x12, 0xAF, 0x1F, 0x67, 0x0B, 0xB7, 0x1F, 0x67, 0x03,
    0xBF, 0x1F, 0x67, 0x00, 0xC7, 0x1F, 0x67, 0x00, 0xCF, 0x1F, 0x67, 0x00,
    0xD7, 0x1F, 0x67, 0x00, 0xDF, 0x1F, 0x67, 0x00, 0xE7, 0x1F, 0x67, 0x00,
    0xEF, 0x1F, 0x67, 0x00, 0xF7, 0x1F, 0x67, 0x00, 0x00, 0x27, 0x67, 0x00,
    0x07, 0x27, 0x67, 0x00, 0x0F, 0x27, 0x67, 0x00, 0x17, 0x27, 0x67, 0x00,
    0x1F, 0x27, 0x67, 0x00, 0x27, 0x27, 0x67, 0x00, 0x2F, 0x27, 0x67, 0x00,
    0x37, 0x27, 0x67, 0x00, 0x3F, 0x27, 0x67, 0x08, 0x47, 0x27, 0x67, 0x12,
    0x4F, 0x27, 0x67, 0x1A, 0x57, 0x27, 0x67, 0x22, 0x5F, 0x27, 0x67, 0x29,
    0x67, 0x27, 0x67, 0x2E, 0x6F, 0x27, 0x67, 0x32, 0x77, 0x27, 0x67, 0x34,
    0x7F, 0x27, 0x67, 0x35, 0x87, 0x27, 0x67, 0x34, 0x8F, 0x27, 0x67, 0x32,
    0x97, 0x27, 0x67, 0x2E, 0x9F, 0x27, 0x67, 0x29, 0xA7, 0x27, 0x67, 0x22,
    0xAF, 0x27, 0x67, 0x1A, 0xB7, 0x27, 0x67, 0x12, 0xBF, 0x27, 0x67, 0x08,
    0xC7, 0x27, 0x67, 0x00, 0xCF, 0x27, 0x67, 0x00, 0xD7, 0x27, 0x67, 0x00,
    0xDF, 0x27, 0x67, 0x00, 0xE7, 0x27, 0x67, 0x00, 0xEF, 0x27, 0x67, 0x00,
    0xF7, 0x27, 0x67, 0x00, 0x00, 0x2F, 0x67, 0x00, 0x07, 0x2F, 0x67, 0x00,
    0x0F, 0x2F, 0x67, 0x00, 0x17, 0x2F, 0x67, 0x00, 0x1F, 0x2F, 0x67, 0x00,
    0x27, 0x2F, 0x67, 0x00, 0x2F, 0x2F, 0x67, 0x00, 0x37, 0x2F, 0x67, 0x0A,
    0x3F, 0x2F, 0x67, 0x16, 0x47, 0x2F, 0x67, 0x20, 0x4F, 0x2F, 0x67, 0x29,
    0x57, 0x2F, 0x67, 0x32, 0x5F, 0x2F, 0x67, 0x39, 0x67, 0x2F, 0x67, 0x3E,
    0x6F, 0x2F, 0x67, 0x42, 0x77, 0x2F, 0x67, 0x45, 0x7F, 0x2F, 0x67, 0x46,
    0x87, 0x2F, 0x67, 0x45, 0x8F, 0x2F, 0x67, 0x42, 0x97, 0x2F, 0x67, 0x3E,
    0x9F, 0x2F, 0x67, 0x39, 0xA7, 0x2F, 0x67, 0x32, 0xAF, 0x2F, 0x67, 0x29,
    0xB7, 0x2F, 0x67, 0x20, 0xBF, 0x2F, 0x67, 0x16, 0xC7, 0x2F, 0x67, 0x0A,
    0xCF, 0x2F, 0x67, 0x00, 0xD7, 0x2F, 0x67, 0x00, 0xDF, 0x2F, 0x67, 0x00,
    0xE7, 0x2F, 0x67, 0x00, 0xEF, 0x2F, 0x67, 0x00, 0xF7, 0x2F, 0x67, 0x00,
    0x00, 0x37, 0x67, 0x00, 0x07, 0x37, 0x67, 0x00, 0x0F, 0x37, 0x67, 0x00,
    0x17, 0x37, 0x67, 0x00, 0x1F, 0x37, 0x67, 0x00, 0x27, 0x37, 0x67, 0x00,
    0x2F, 0x37, 0x67, 0x0A, 0x37, 0x37, 0x67, 0x17, 0x3F, 0x37, 0x67, 0x23,
    0x47, 0x37, 0x67, 0x2E, 0x4F, 0x37, 0x67, 0x38, 0x57, 0x37, 0x67, 0x41,
    0x5F, 0x37, 0x67, 0x48, 0x67, 0x37, 0x67, 0x4E, 0x6F, 0x37, 0x67, 0x53,
    0x77, 0x37, 0x67, 0x56, 0x7F, 0x37, 0x67, 0x57, 0x87, 0x37, 0x67, 0x56,
    0x8F, 0x37, 0x67, 0x53, 0x97, 0x37, 0x67, 0x4E, 0x9F, 0x37, 0x67, 0x48,
    0xA7, 0x37, 0x67, 0x41, 0xAF, 0x37, 0x67, 0x38, 0xB7, 0x37, 0x67, 0x2E,
    0xBF, 0x37, 0x67, 0x23, 0xC7, 0x37, 0x67, 0x17, 0xCF, 0x37, 0x67, 0x0A,
    0xD7, 0x37, 0x67, 0x00, 0xDF, 0x37, 0x67, 0x00, 0xE7, 0x37, 0x67, 0x00,
    0xEF, 0x37, 0x67, 0x00, 0xF7, 0x37, 0x67, 0x00, 0x00, 0x3F, 0x67, 0x00,
    0x07, 0x3F, 0x67, 0x00, 0x0F, 0x3F, 0x67, 0x00, 0x17, 0x3F, 0x67, 0x00,
    0x1F, 0x3F, 0x67, 0x00, 0x27, 0x3F, 0x67, 0x08, 0x2F, 0x3F, 0x67, 0x16,
    0x37, 0x3F, 0x67, 0x23, 0x3F, 0x3F, 0x67, 0x2F, 0x47, 0x3F, 0x67, 0x3B,
    0x4F, 0x3F, 0x67, 0x46, 0x57, 0x3F, 0x67, 0x4F, 0x5F, 0x3F, 0x67, 0x57,
    0x67, 0x3F, 0x67, 0x5E, 0x6F, 0x3F, 0x67, 0x63, 0x77, 0x3F, 0x67, 0x66,
    0x7F, 0x3F, 0x67, 0x67, 0x87, 0x3F, 0x67, 0x66, 0x8F, 0x3F, 0x67, 0x63,
    0x97, 0x3F, 0x67, 0x5E, 0x9F, 0x3F, 0x67, 0x57, 0xA7, 0x3F, 0x67, 0x4F,
    0xAF, 0x3F, 0x67, 0x46, 0xB7, 0x3F, 0x67, 0x3B, 0xBF, 0x3F, 0x67, 0x2F,
    0xC7, 0x3F, 0x67, 0x23, 0xCF, 0x3F, 0x67, 0x16, 0xD7, 0x3F, 0x67, 0x08,
    0xDF, 0x3F, 0x67, 0x00, 0xE7, 0x3F, 0x67, 0x00, 0xEF, 0x3F, 0x67, 0x00,
    0xF7, 0x3F, 0x67, 0x00, 0x00, 0x47, 0x67, 0x00, 0x07, 0x47, 0x67, 0x00,
    0x0F, 0x47, 0x67, 0x00, 0x17, 0x47, 0x67, 0x00, 0x1F, 0x47, 0x67, 0x03,
    0x27, 0x47, 0x67, 0x12, 0x2F, 0x47, 0x67, 0x20, 0x37, 0x47, 0x67, 0x2E,
    0x3F, 0x47, 0x67, 0x3B, 0x47, 0x47, 0x67, 0x47, 0x4F, 0x47, 0x67, 0x53,
    0x57, 0x47, 0x67, 0x5D, 0x5F, 0x47, 0x67, 0x66, 0x67, 0x47, 0x67, 0x6E,
    0x6F, 0x47, 0x67, 0x73, 0x77, 0x47, 0x67, 0x76, 0x7F, 0x47, 0x67, 0x78,
    0x87, 0x47, 0x67, 0x76, 0x8F, 0x47, 0x67, 0x73, 0x97, 0x47, 0x67, 0x6E,
    0x9F, 0x47, 0x67, 0x66, 0xA7, 0x47, 0x67, 0x5D, 0xAF, 0x47, 0x67, 0x53,
    0xB7, 0x47, 0x67, 0x47, 0xBF, 0x47, 0x67, 0x3B, 0xC7, 0x47, 0x67, 0x2E,
    0xCF, 0x47, 0x67, 0x20, 0xD7, 0x47, 0x67, 0x12, 0xDF, 0x47, 0x67, 0x03,
    0xE7, 0x47, 0x67, 0x00, 0xEF, 0x47, 0x67, 0x00, 0xF7, 0x47, 0x67, 0x00,
    0x00, 0x4F, 0x67, 0x00, 0x07, 0x4F, 0x67, 0x00, 0x0F, 0x4F, 0x67, 0x00,
    0x17, 0x4F, 0x67, 0x00, 0x1F, 0x4F, 0x67, 0x0B, 0x27, 0x4F, 0x67, 0x1A,
    0x2F, 0x4F, 0x67, 0x29, 0x37, 0x4F, 0x67, 0x38, 0x3F, 0x4F, 0x67, 0x46,
    0x47, 0x4F, 0x67, 0x53, 0x4F, 0x4F, 0x67, 0x5F, 0x57, 0x4F, 0x67, 0x6A,
    0x5F, 0x4F, 0x67, 0x74, 0x67, 0x4F, 0x67, 0x7C, 0x6F, 0x4F, 0x67, 0x83,
    0x77, 0x4F, 0x67, 0x86, 0x7F, 0x4F, 0x67, 0x88, 0x87, 0x4F, 0x67, 0x86,
    0x8F, 0x4F, 0x67, 0x83, 0x97, 0x4F, 0x67, 0x7C, 0x9F, 0x4F, 0x67, 0x74,
    0xA7, 0x4F, 0x67, 0x6A, 0xAF, 0x4F, 0x67, 0x5F, 0xB7, 0x4F, 0x67, 0x53,
    0xBF, 0x4F, 0x67, 0x46, 0xC7, 0x4F, 0x67, 0x38, 0xCF, 0x4F, 0x67, 0x29,
    0xD7, 0x4F, 0x67, 0x1A, 0xDF, 0x4F, 0x67, 0x0B, 0xE7, 0x4F, 0x67, 0x00,
    0xEF, 0x4F, 0x67, 0x00, 0xF7, 0x4F, 0x67, 0x00, 0x00, 0x57, 0x67, 0x00,
    0x07, 0x57, 0x67, 0x00, 0x0F, 0x57, 0x67, 0x00, 0x17, 0x57, 0x67, 0x02,
    0x1F, 0x57, 0x67, 0x12, 0x27, 0x57, 0x67, 0x22, 0x2F, 0x57, 0x67, 0x32,
    0x37, 0x57, 0x67, 0x41, 0x3F, 0x57, 0x67, 0x4F, 0x47, 0x57, 0x67, 0x5D,
    0x4F, 0x57, 0x67, 0x6A, 0x57, 0x57, 0x67, 0x76, 0x5F, 0x57, 0x67, 0x81,
    0x67, 0x57, 0x67, 0x8A, 0x6F, 0x57, 0x67, 0x91, 0x77, 0x57, 0x67, 0x96,
    0x7F, 0x57, 0x67, 0x97, 0x87, 0x57, 0x67, 0x96, 0x8F, 0x57, 0x67, 0x91,
    0x97, 0x57, 0x67, 0x8A, 0x9F, 0x57, 0x67, 0x81, 0xA7, 0x57, 0x67, 0x76,
    0xAF, 0x57, 0x67, 0x6A, 0xB7, 0x57, 0x67, 0x5D, 0xBF, 0x57, 0x67, 0x4F,
    0xC7, 0x57, 0x67, 0x41, 0xCF, 0x57, 0x67, 0x32, 0xD7, 0x57, 0x67, 0x22,
    0xDF, 0x57, 0x67, 0x12, 0xE7, 0x57, 0x67, 0x02, 0xEF, 0x57, 0x67, 0x00,
    0xF7, 0x57, 0x67, 0x00, 0x00, 0x5F, 0x67, 0x00, 0x07, 0x5F, 0x67, 0x00,
    0x0F, 0x5F, 0x67, 0x00, 0x17, 0x5F, 0x67, 0x08, 0x1F, 0x5F, 0x67, 0x18,
    0x27, 0x5F, 0x67, 0x29, 0x2F, 0x5F, 0x67, 0x39, 0x37, 0x5F, 0x67, 0x48,
    0x3F, 0x5F, 0x67, 0x57, 0x47, 0x5F, 0x67, 0x66, 0x4F, 0x5F, 0x67, 0x74,
    0x57, 0x5F, 0x67, 0x81, 0x5F, 0x5F, 0x67, 0x8D, 0x67, 0x5F, 0x67, 0x97,
    0x6F, 0x5F, 0x67, 0x9F, 0x77, 0x5F, 0x67, 0xA4, 0x7F, 0x5F, 0x67, 0xA6,
    0x87, 0x5F, 0x67, 0xA4, 0x8F, 0x5F, 0x67, 0x9F, 0x97, 0x5F, 0x67, 0x97,
    0x9F, 0x5F, 0x67, 0x8D, 0xA7, 0x5F, 0x67, 0x81, 0xAF, 0x5F, 0x67, 0x74,
    0xB7, 0x5F, 0x67, 0x66, 0xBF, 0x5F, 0x67, 0x57, 0xC7, 0x5F, 0x67, 0x48,
    0xCF, 0x5F, 0x67, 0x39, 0xD7, 0x5F, 0x67, 0x29, 0xDF, 0x5F, 0x67, 0x18,
    0xE7, 0x5F, 0x67, 0x08, 0xEF, 0x5F, 0x67, 0x00, 0xF7, 0x5F, 0x67, 0x00,
    0x00, 0x67, 0x67, 0x00, 0x07, 0x67, 0x67, 0x00, 0x0F, 0x67, 0x67, 0x00,
    0x17, 0x67, 0x67, 0x0C, 0x1F, 0x67, 0x67, 0x1D, 0x27, 0x67, 0x67, 0x2E,
    0x2F, 0x67, 0x67, 0x3E, 0x37, 0x67, 0x67, 0x4E, 0x3F, 0x67, 0x67, 0x5E,
    0x47, 0x67, 0x67, 0x6E, 0x4F, 0x67, 0x67, 0x7C, 0x57, 0x67, 0x67, 0x8A,
    0x5F, 0x67, 0x67, 0x97, 0x67, 0x67, 0x67, 0xA2, 0x6F, 0x67, 0x67, 0xAB,
    0x77, 0x67, 0x67, 0xB1, 0x7F, 0x67, 0x67, 0xB3, 0x87, 0x67, 0x67, 0xB1,
    0x8F, 0x67, 0x67, 0xAB, 0x97, 0x67, 0x67, 0xA2, 0x9F, 0x67, 0x67, 0x97,
    0xA7, 0x67, 0x67, 0x8A, 0xAF, 0x67, 0x67, 0x7C, 0xB7, 0x67, 0x67, 0x6E,
    0xBF, 0x67, 0x67, 0x5E, 0xC7, 0x67, 0x67, 0x4E, 0xCF, 0x67, 0x67, 0x3E,
    0xD7, 0x67, 0x67, 0x2E, 0xDF, 0x67, 0x67, 0x1D, 0xE7, 0x67, 0x67, 0x0C,
    0xEF, 0x67, 0x67, 0x00, 0xF7, 0x67, 0x67, 0x00, 0x00, 0x6F, 0x67, 0x00,
    0x07, 0x6F, 0x67, 0x00, 0x0F, 0x6F, 0x67, 0x00, 0x17, 0x6F, 0x67, 0x10,
    0x1F, 0x6F, 0x67, 0x21, 0x27, 0x6F, 0x67, 0x32, 0x2F, 0x6F, 0x67, 0x42,
    0x37, 0x6F, 0x67, 0x53, 0x3F, 0x6F, 0x67, 0x63, 0x47, 0x6F, 0x67, 0x73,
    0x4F, 0x6F, 0x67, 0x83, 0x57, 0x6F, 0x67, 0x91, 0x5F, 0x6F, 0x67, 0x9F,
    0x67, 0x6F, 0x67, 0xAB, 0x6F, 0x6F, 0x67, 0xB5, 0x77, 0x6F, 0x67, 0xBC,
    0x7F, 0x6F, 0x67, 0xBF, 0x87, 0x6F, 0x67, 0xBC, 0x8F, 0x6F, 0x67, 0xB5,
    0x97, 0x6F, 0x67, 0xAB, 0x9F, 0x6F, 0x67, 0x9F, 0xA7, 0x6F, 0x67, 0x91,
    0xAF, 0x6F, 0x67, 0x83, 0xB7, 0x6F, 0x67, 0x73, 0xBF, 0x6F, 0x67, 0x63,
    0xC7, 0x6F, 0x67, 0x53, 0xCF, 0x6F, 0x67, 0x42, 0xD7, 0x6F, 0x67, 0x32,
    0xDF, 0x6F, 0x67, 0x21, 0xE7, 0x6F, 0x67, 0x10, 0xEF, 0x6F, 0x67, 0x00,
    0xF7, 0x6F, 0x67, 0x00, 0x00, 0x77, 0x67, 0x00, 0x07, 0x77, 0x67, 0x00,
    0x0F, 0x77, 0x67, 0x00, 0x17, 0x77, 0x67, 0x12, 0x1F, 0x77, 0x67, 0x23,
    0x27, 0x77, 0x67, 0x34, 0x2F, 0x77, 0x67, 0x45, 0x37, 0x77, 0x67, 0x56,
    0x3F, 0x77, 0x67, 0x66, 0x47, 0x77, 0x67, 0x76, 0x4F, 0x77, 0x67, 0x86,
    0x57, 0x77, 0x67, 0x96, 0x5F, 0x77, 0x67, 0xA4, 0x67, 0x77, 0x67, 0xB1,
    0x6F, 0x77, 0x67, 0xBC, 0x77, 0x77, 0x67, 0xC4, 0x7F, 0x77, 0x67, 0xC7,
    0x87, 0x77, 0x67, 0xC4, 0x8F, 0x77, 0x67, 0xBC, 0x97, 0x77, 0x67, 0xB1,
    0x9F, 0x77, 0x67, 0xA4, 0xA7, 0x77, 0x67, 0x96, 0xAF, 0x77, 0x67, 0x86,
    0xB7, 0x77, 0x67, 0x76, 0xBF, 0x77, 0x67, 0x66, 0xC7, 0x77, 0x67, 0x56,
    0xCF, 0x77, 0x67, 0x45, 0xD7, 0x77, 0x67, 0x34, 0xDF, 0x77, 0x67, 0x23,
    0xE7, 0x77, 0x67, 0x12, 0xEF, 0x77, 0x67, 0x00, 0xF7, 0x77, 0x67, 0x00,
    0x00, 0x7F, 0x67, 0x00, 0x07, 0x7F, 0x67, 0x00, 0x0F, 0x7F, 0x67, 0x01,
    0x17, 0x7F, 0x67, 0x12, 0x1F, 0x7F, 0x67, 0x23, 0x27, 0x7F, 0x67, 0x35,
    0x2F, 0x7F, 0x67, 0x46, 0x37, 0x7F, 0x67, 0x57, 0x3F, 0x7F, 0x67, 0x67,
    0x47, 0x7F, 0x67, 0x78, 0x4F, 0x7F, 0x67, 0x88, 0x57, 0x7F, 0x67, 0x97,
    0x5F, 0x7F, 0x67, 0xA6, 0x67, 0x7F, 0x67, 0xB3, 0x6F, 0x7F, 0x67, 0xBF,
    0x77, 0x7F, 0x67, 0xC7, 0x7F, 0x7F, 0x67, 0xC9, 0x87, 0x7F, 0x67, 0xC7,
    0x8F, 0x7F, 0x67, 0xBF, 0x97, 0x7F, 0x67, 0xB3, 0x9F, 0x7F, 0x67, 0xA6,
    0xA7, 0x7F, 0x67, 0x97, 0xAF, 0x7F, 0x67, 0x88, 0xB7, 0x7F, 0x67, 0x78,
    0xBF, 0x7F, 0x67, 0x67, 0xC7, 0x7F, 0x67, 0x57, 0xCF, 0x7F, 0x67, 0x46,
    0xD7, 0x7F, 0x67, 0x35, 0xDF, 0x7F, 0x67, 0x23, 0xE7, 0x7F, 0x67, 0x12,
    0xEF, 0x7F, 0x67, 0x01, 0xF7, 0x7F, 0x67, 0x00, 0x00, 0x87, 0x67, 0x00,
    0x07, 0x87, 0x67, 0x00, 0x0F, 0x87, 0x67, 0x00, 0x17, 0x87, 0x67, 0x12,
    0x1F, 0x87, 0x67, 0x23, 0x27, 0x87, 0x67, 0x34, 0x2F, 0x87, 0x67, 0x45,
    0x37, 0x87, 0x67, 0x56, 0x3F, 0x87, 0x67, 0x66, 0x47, 0x87, 0x67, 0x76,
    0x4F, 0x87, 0x67, 0x86, 0x57, 0x87, 0x67, 0x96, 0x5F, 0x87, 0x67, 0xA4,
    0x67, 0x87, 0x67, 0xB1, 0x6F, 0x87, 0x67, 0xBC, 0x77, 0x87, 0x67, 0xC4,
    0x7F, 0x87, 0x67, 0xC7, 0x87, 0x87, 0x67, 0xC4, 0x8F, 0x87, 0x67, 0xBC,
    0x97, 0x87, 0x67, 0xB1, 0x9F, 0x87, 0x67, 0xA4, 0xA7, 0x87, 0x67, 0x96,
    0xAF, 0x87, 0x67, 0x86, 0xB7, 0x87, 0x67, 0x76, 0xBF, 0x87, 0x67, 0x66,
    0xC7, 0x87, 0x67, 0x56, 0xCF, 0x87, 0x67, 0x45, 0xD7, 0x87, 0x67, 0x34,
    0xDF, 0x87, 0x67, 0x23, 0xE7, 0x87, 0x67, 0x12, 0xEF, 0x87, 0x67, 0x00,
    0xF7, 0x87, 0x67, 0x00, 0x00, 0x8F, 0x67, 0x00, 0x07, 0x8F, 0x67, 0x00,
    0x0F, 0x8F, 0x67, 0x00, 0x17, 0x8F, 0x67, 0x10, 0x1F, 0x8F, 0x67, 0x21,
    0x27, 0x8F, 0x67, 0x32, 0x2F, 0x8F, 0x67, 0x42, 0x37, 0x8F, 0x67, 0x53,
    0x3F, 0x8F, 0x67, 0x63, 0x47, 0x8F, 0x67, 0x73, 0x4F, 0x8F, 0x67, 0x83,
    0x57, 0x8F, 0x67, 0x91, 0x5F, 0x8F, 0x67, 0x9F, 0x67, 0x8F, 0x67, 0xAB,
    0x6F, 0x8F, 0x67, 0xB5, 0x77, 0x8F, 0x67, 0xBC, 0x7F, 0x8F, 0x67, 0xBF,
    0x87, 0x8F, 0x67, 0xBC, 0x8F, 0x8F, 0x67, 0xB5, 0x97, 0x8F, 0x67, 0xAB,
    0x9F, 0x8F, 0x67, 0x9F, 0xA7, 0x8F, 0x67, 0x91, 0xAF, 0x8F, 0x67, 0x83,
    0xB7, 0x8F, 0x67, 0x73, 0xBF, 0x8F, 0x67, 0x63, 0xC7, 0x8F, 0x67, 0x53,
    0xCF, 0x8F, 0x67, 0x42, 0xD7, 0x8F, 0x67, 0x32, 0xDF, 0x8F, 0x67, 0x21,
    0xE7, 0x8F, 0x67, 0x10, 0xEF, 0x8F, 0x67, 0x00, 0xF7, 0x8F, 0x67, 0x00,
    0x00, 0x97, 0x67, 0x00, 0x07, 0x97, 0x67, 0x00, 0x0F, 0x97, 0x67, 0x00,
    0x17, 0x97, 0x67, 0x0C, 0x1F, 0x97, 0x67, 0x1D, 0x27, 0x97, 0x67, 0x2E,
    0x2F, 0x97, 0x67, 0x3E, 0x37, 0x97, 0x67, 0x4E, 0x3F, 0x97, 0x67, 0x5E,
    0x47, 0x97, 0x67, 0x6E, 0x4F, 0x97, 0x67, 0x7C, 0x57, 0x97, 0x67, 0x8A,
    0x5F, 0x97, 0x67, 0x97, 0x67, 0x97, 0x67, 0xA2, 0x6F, 0x97, 0x67, 0xAB,
    0x77, 0x97, 0x67, 0xB1, 0x7F, 0x97, 0x67, 0xB3, 0x87, 0x97, 0x67, 0xB1,
    0x8F, 0x97, 0x67, 0xAB, 0x97, 0x97, 0x67, 0xA2, 0x9F, 0x97, 0x67, 0x97,
    0xA7, 0x97, 0x67, 0x8A, 0xAF, 0x97, 0x67, 0x7C, 0xB7, 0x97, 0x67, 0x6E,
    0xBF, 0x97, 0x67, 0x5E, 0xC7, 0x97, 0x67, 0x4E, 0xCF, 0x97, 0x67, 0x3E,
    0xD7, 0x97, 0x67, 0x2E, 0xDF, 0x97, 0x67, 0x1D, 0xE7, 0x97, 0x67, 0x0C,
    0xEF, 0x97, 0x67, 0x00, 0xF7, 0x97, 0x67, 0x00, 0x00, 0x9F, 0x67, 0x00,
    0x07, 0x9F, 0x67, 0x00, 0x0F, 0x9F, 0x67, 0x00, 0x17, 0x9F, 0x67, 0x08,
    0x1F, 0x9F, 0x67, 0x18, 0x27, 0x9F, 0x67, 0x29, 0x2F, 0x9F, 0x67, 0x39,
    0x37, 0x9F, 0x67, 0x48, 0x3F, 0x9F, 0x67, 0x57, 0x47, 0x9F, 0x67, 0x66,
    0x4F, 0x9F, 0x67, 0x74, 0x57, 0x9F, 0x67, 0x81, 0x5F, 0x9F, 0x67, 0x8D,
    0x67, 0x9F, 0x67, 0x97, 0x6F, 0x9F, 0x67, 0x9F, 0x77, 0x9F, 0x67, 0xA4,
    0x7F, 0x9F, 0x67, 0xA6, 0x87, 0x9F, 0x67, 0xA4, 0x8F, 0x9F, 0x67, 0x9F,
    0x97, 0x9F, 0x67, 0x97, 0x9F, 0x9F, 0x67, 0x8D, 0xA7, 0x9F, 0x67, 0x81,
    0xAF, 0x9F, 0x67, 0x74, 0xB7, 0x9F, 0x67, 0x66, 0xBF, 0x9F, 0x67, 0x57,
    0xC7, 0x9F, 0x67, 0x48, 0xCF, 0x9F, 0x67, 0x39, 0xD7, 0x9F, 0x67, 0x29,
    0xDF, 0x9F, 0x67, 0x18, 0xE7, 0x9F, 0x67, 0x08, 0xEF, 0x9F, 0x67, 0x00,
    0xF7, 0x9F, 0x67, 0x00, 0x00, 0xA7, 0x67, 0x00, 0x07, 0xA7, 0x67, 0x00,
    0x0F, 0xA7, 0x67, 0x00, 0x17, 0xA7, 0x67, 0x02, 0x1F, 0xA7, 0x67, 0x12,
    0x27, 0xA7, 0x67, 0x22, 0x2F, 0xA7, 0x67, 0x32, 0x37, 0xA7, 0x67, 0x41,
    0x3F, 0xA7, 0x67, 0x4F, 0x47, 0xA7, 0x67, 0x5D, 0x4F, 0xA7, 0x67, 0x6A,
    0x57, 0xA7, 0x67, 0x76, 0x5F, 0xA7, 0x67, 0x81, 0x67, 0xA7, 0x67, 0x8A,
    0x6F, 0xA7, 0x67, 0x91, 0x77, 0xA7, 0x67, 0x96, 0x7F, 0xA7, 0x67, 0x97,
    0x87, 0xA7, 0x67, 0x96, 0x8F, 0xA7, 0x67, 0x91, 0x97, 0xA7, 0x67, 0x8A,
    0x9F, 0xA7, 0x67, 0x81, 0xA7, 0xA7, 0x67, 0x76, 0xAF, 0xA7, 0x67, 0x6A,
    0xB7, 0xA7, 0x67, 0x5D, 0xBF, 0xA7, 0x67, 0x4F, 0xC7, 0xA7, 0x67, 0x41,
    0xCF, 0xA7, 0x67, 0x32, 0xD7, 0xA7, 0x67, 0x22, 0xDF, 0xA7, 0x67, 0x12,
    0xE7, 0xA7, 0x67, 0x02, 0xEF, 0xA7, 0x67, 0x00, 0xF7, 0xA7, 0x67, 0x00,
    0x00, 0xAF, 0x67, 0x00, 0x07, 0xAF, 0x67, 0x00, 0x0F, 0xAF, 0x67, 0x00,
    0x17, 0xAF, 0x67, 0x00, 0x1F, 0xAF, 0x67, 0x0B, 0x27, 0xAF, 0x67, 0x1A,
    0x2F, 0xAF, 0x67, 0x29, 0x37, 0xAF, 0x67, 0x38, 0x3F, 0xAF, 0x67, 0x46,
    0x47, 0xAF, 0x67, 0x53, 0x4F, 0xAF, 0x67, 0x5F, 0x57, 0xAF, 0x67, 0x6A,
    0x5F, 0xAF, 0x67, 0x74, 0x67, 0xAF, 0x67, 0x7C, 0x6F, 0xAF, 0x67, 0x83,
    0x77, 0xAF, 0x67, 0x86, 0x7F, 0xAF, 0x67, 0x88, 0x87, 0xAF, 0x67, 0x86,
    0x8F, 0xAF, 0x67, 0x83, 0x97, 0xAF, 0x67, 0x7C, 0x9F, 0xAF, 0x67, 0x74,
    0xA7, 0xAF, 0x67, 0x6A, 0xAF, 0xAF, 0x67, 0x5F, 0xB7, 0xAF, 0x67, 0x53,
    0xBF, 0xAF, 0x67, 0x46, 0xC7, 0xAF, 0x67, 0x38, 0xCF, 0xAF, 0x67, 0x29,
    0xD7, 0xAF, 0x67, 0x1A, 0xDF, 0xAF, 0x67, 0x0B, 0xE7, 0xAF, 0x67, 0x00,
    0xEF, 0xAF, 0x67, 0x00, 0xF7, 0xAF, 0x67, 0x00, 0x00, 0xB7, 0x67, 0x00,
    0x07, 0xB7, 0x67, 0x00, 0x0F, 0xB7, 0x67, 0x00, 0x17, 0xB7, 0x67, 0x00,
    0x1F, 0xB7, 0x67, 0x03, 0x27, 0xB7, 0x67, 0x12, 0x2F, 0xB7, 0x67, 0x20,
    0x37, 0xB7, 0x67, 0x2E, 0x3F, 0xB7, 0x67, 0x3B, 0x47, 0xB7, 0x67, 0x47,
    0x4F, 0xB7, 0x67, 0x53, 0x57, 0xB7, 0x67, 0x5D, 0x5F, 0xB7, 0x67, 0x66,
    0x67, 0xB7, 0x67, 0x6E, 0x6F, 0xB7, 0x67, 0x73, 0x77, 0xB7, 0x67, 0x76,
    0x7F, 0xB7, 0x67, 0x78, 0x87, 0xB7, 0x67, 0x76, 0x8F, 0xB7, 0x67, 0x73,
    0x97, 0xB7, 0x67, 0x6E, 0x9F, 0xB7, 0x67, 0x66, 0xA7, 0xB7, 0x67, 0x5D,
    0xAF, 0xB7, 0x67, 0x53, 0xB7, 0xB7, 0x67, 0x47, 0xBF, 0xB7, 0x67, 0x3B,
    0xC7, 0xB7, 0x67, 0x2E, 0xCF, 0xB7, 0x67, 0x20, 0xD7, 0xB7, 0x67, 0x12,
    0xDF, 0xB7, 0x67, 0x03, 0xE7, 0xB7, 0x67, 0x00, 0xEF, 0xB7, 0x67, 0x00,
    0xF7, 0xB7, 0x67, 0x00, 0x00, 0xBF, 0x67, 0x00, 0x07, 0xBF, 0x67, 0x00,
    0x0F, 0xBF, 0x67, 0x00, 0x17, 0xBF, 0x67, 0x00, 0x1F, 0xBF, 0x67, 0x00,
    0x27, 0xBF, 0x67, 0x08, 0x2F, 0xBF, 0x67, 0x16, 0x37, 0xBF, 0x67, 0x23,
    0x3F, 0xBF, 0x67, 0x2F, 0x47, 0xBF, 0x67, 0x3B, 0x4F, 0xBF, 0x67, 0x46,
    0x57, 0xBF, 0x67, 0x4F, 0x5F, 0xBF, 0x67, 0x57, 0x67, 0xBF, 0x67, 0x5E,
    0x6F, 0xBF, 0x67, 0x63, 0x77, 0xBF, 0x67, 0x66, 0x7F, 0xBF, 0x67, 0x67,
    0x87, 0xBF, 0x67, 0x66, 0x8F, 0xBF, 0x67, 0x63, 0x97, 0xBF, 0x67, 0x5E,
    0x9F, 0xBF, 0x67, 0x57, 0xA7, 0xBF, 0x67, 0x4F, 0xAF, 0xBF, 0x67, 0x46,
    0xB7, 0xBF, 0x67, 0x3B, 0xBF, 0xBF, 0x67, 0x2F, 0xC7, 0xBF, 0x67, 0x23,
    0xCF, 0xBF, 0x67, 0x16, 0xD7, 0xBF, 0x67, 0x08, 0xDF, 0xBF, 0x67, 0x00,
    0xE7, 0xBF, 0x67, 0x00, 0xEF, 0xBF, 0x67, 0x00, 0xF7, 0xBF, 0x67, 0x00,
    0x00, 0xC7, 0x67, 0x00, 0x07, 0xC7, 0x67, 0x00, 0x0F, 0xC7, 0x67, 0x00,
    0x17, 0xC7, 0x67, 0x00, 0x1F, 0xC7, 0x67, 0x00, 0x27, 0xC7, 0x67, 0x00,
    0x2F, 0xC7, 0x67, 0x0A, 0x37, 0xC7, 0x67, 0x17, 0x3F, 0xC7, 0x67, 0x23,
    0x47, 0xC7, 0x67, 0x2E, 0x4F, 0xC7, 0x67, 0x38, 0x57, 0xC7, 0x67, 0x41,
    0x5F, 0xC7, 0x67, 0x48, 0x67, 0xC7, 0x67, 0x4E, 0x6F, 0xC7, 0x67, 0x53,
    0x77, 0xC7, 0x67, 0x56, 0x7F, 0xC7, 0x67, 0x57, 0x87, 0xC7, 0x67, 0x56,
    0x8F, 0xC7, 0x67, 0x53, 0x97, 0xC7, 0x67, 0x4E, 0x9F, 0xC7, 0x67, 0x48,
    0xA7, 0xC7, 0x67, 0x41, 0xAF, 0xC7, 0x67, 0x38, 0xB7, 0xC7, 0x67, 0x2E,
    0xBF, 0xC7, 0x67, 0x23, 0xC7, 0xC7, 0x67, 0x17, 0xCF, 0xC7, 0x67, 0x0A,
    0xD7, 0xC7, 0x67, 0x00, 0xDF, 0xC7, 0x67, 0x00, 0xE7, 0xC7, 0x67, 0x00,
    0xEF, 0xC7, 0x67, 0x00, 0xF7, 0xC7, 0x67, 0x00, 0x00, 0xCF, 0x67, 0x00,
    0x07, 0xCF, 0x67, 0x00, 0x0F, 0xCF, 0x67, 0x00, 0x17, 0xCF, 0x67, 0x00,
    0x1F, 0xCF, 0x67, 0x00, 0x27, 0xCF, 0x67, 0x00, 0x2F, 0xCF, 0x67, 0x00,
    0x37, 0xCF, 0x67, 0x0A, 0x3F, 0xCF, 0x67, 0x16, 0x47, 0xCF, 0x67, 0x20,
    0x4F, 0xCF, 0x67, 0x29, 0x57, 0xCF, 0x67, 0x32, 0x5F, 0xCF, 0x67, 0x39,
    0x67, 0xCF, 0x67, 0x3E, 0x6F, 0xCF, 0x67, 0x42, 0x77, 0xCF, 0x67, 0x45,
    0x7F, 0xCF, 0x67, 0x46, 0x87, 0xCF, 0x67, 0x45, 0x8F, 0xCF, 0x67, 0x42,
    0x97, 0xCF, 0x67, 0x3E, 0x9F, 0xCF, 0x67, 0x39, 0xA7, 0xCF, 0x67, 0x32,
    0xAF, 0xCF, 0x67, 0x29, 0xB7, 0xCF, 0x67, 0x20, 0xBF, 0xCF, 0x67, 0x16,
    0xC7, 0xCF, 0x67, 0x0A, 0xCF, 0xCF, 0x67, 0x00, 0xD7, 0xCF, 0x67, 0x00,
    0xDF, 0xCF, 0x67, 0x00, 0xE7, 0xCF, 0x67, 0x00, 0xEF, 0xCF, 0x67, 0x00,
    0xF7, 0xCF, 0x67, 0x00, 0x00, 0xD7, 0x67, 0x00, 0x07, 0xD7, 0x67, 0x00,
    0x0F, 0xD7, 0x67, 0x00, 0x17, 0xD7, 0x67, 0x00, 0x1F, 0xD7, 0x67, 0x00,
    0x27, 0xD7, 0x67, 0x00, 0x2F, 0xD7, 0x67, 0x00, 0x37, 0xD7, 0x67, 0x00,
    0x3F, 0xD7, 0x67, 0x08, 0x47, 0xD7, 0x67, 0x12, 0x4F, 0xD7, 0x67, 0x1A,
    0x57, 0xD7, 0x67, 0x22, 0x5F, 0xD7, 0x67, 0x29, 0x67, 0xD7, 0x67, 0x2E,
    0x6F, 0xD7, 0x67, 0x32, 0x77, 0xD7, 0x67, 0x34, 0x7F, 0xD7, 0x67, 0x35,
    0x87, 0xD7, 0x67, 0x34, 0x8F, 0xD7, 0x67, 0x32, 0x97, 0xD7, 0x67, 0x2E,
    0x9F, 0xD7, 0x67, 0x29, 0xA7, 0xD7, 0x67, 0x22, 0xAF, 0xD7, 0x67, 0x1A,
    0xB7, 0xD7, 0x67, 0x12, 0xBF, 0xD7, 0x67, 0x08, 0xC7, 0xD7, 0x67, 0x00,
    0xCF, 0xD7, 0x67, 0x00, 0xD7, 0xD7, 0x67, 0x00, 0xDF, 0xD7, 0x67, 0x00,
    0xE7, 0xD7, 0x67, 0x00, 0xEF, 0xD7, 0x67, 0x00, 0xF7, 0xD7, 0x67, 0x00,
    0x00, 0xDF, 0x67, 0x00, 0x07, 0xDF, 0x67, 0x00, 0x0F, 0xDF, 0x67, 0x00,
    0x17, 0xDF, 0x67, 0x00, 0x1F, 0xDF, 0x67, 0x00, 0x27, 0xDF, 0x67, 0x00,
    0x2F, 0xDF, 0x67, 0x00, 0x37, 0xDF, 0x67, 0x00, 0x3F, 0xDF, 0x67, 0x00,
    0x47, 0xDF, 0x67, 0x03, 0x4F, 0xDF, 0x67, 0x0B, 0x57, 0xDF, 0x67, 0x12,
    0x5F, 0xDF, 0x67, 0x18, 0x67, 0xDF, 0x67, 0x1D, 0x6F, 0xDF, 0x67, 0x21,
    0x77, 0xDF, 0x67, 0x23, 0x7F, 0xDF, 0x67, 0x23, 0x87, 0xDF, 0x67, 0x23,
    0x8F, 0xDF, 0x67, 0x21, 0x97, 0xDF, 0x67, 0x1D, 0x9F, 0xDF, 0x67, 0x18,
    0xA7, 0xDF, 0x67, 0x12, 0xAF, 0xDF, 0x67, 0x0B, 0xB7, 0xDF, 0x67, 0x03,
    0xBF, 0xDF, 0x67, 0x00, 0xC7, 0xDF, 0x67, 0x00, 0xCF, 0xDF, 0x67, 0x00,
    0xD7, 0xDF, 0x67, 0x00, 0xDF, 0xDF, 0x67, 0x00, 0xE7, 0xDF, 0x67, 0x00,
    0xEF, 0xDF, 0x67, 0x00, 0xF7, 0xDF, 0x67, 0x00, 0x00, 0xE7, 0x67, 0x00,
    0x07, 0xE7, 0x67, 0x00, 0x0F, 0xE7, 0x67, 0x00, 0x17, 0xE7, 0x67, 0x00,
    0x1F, 0xE7, 0x67, 0x00, 0x27, 0xE7, 0x67, 0x00, 0x2F, 0xE7, 0x67, 0x00,
    0x37, 0xE7, 0x67, 0x00, 0x3F, 0xE7, 0x67, 0x00, 0x47, 0xE7, 0x67, 0x00,
    0x4F, 0xE7, 0x67, 0x00, 0x57, 0xE7, 0x67, 0x02, 0x5F, 0xE7, 0x67, 0x08,
    0x67, 0xE7, 0x67, 0x0C, 0x6F, 0xE7, 0x67, 0x10, 0x77, 0xE7, 0x67, 0x12,
    0x7F, 0xE7, 0x67, 0x12, 0x87, 0xE7, 0x67, 0x12, 0x8F, 0xE7, 0x67, 0x10,
    0x97, 0xE7, 0x67, 0x0C, 0x9F, 0xE7, 0x67, 0x08, 0xA7, 0xE7, 0x67, 0x02,
    0xAF, 0xE7, 0x67, 0x00, 0xB7, 0xE7, 0x67, 0x00, 0xBF, 0xE7, 0x67, 0x00,
    0xC7, 0xE7, 0x67, 0x00, 0xCF, 0xE7, 0x67, 0x00, 0xD7, 0xE7, 0x67, 0x00,
    0xDF, 0xE7, 0x67, 0x00, 0xE7, 0xE7, 0x67, 0x00, 0xEF, 0xE7, 0x67, 0x00,
    0xF7, 0xE7, 0x67, 0x00, 0x00, 0xEF, 0x67, 0x00, 0x07, 0xEF, 0x67, 0x00,
    0x0F, 0xEF, 0x67, 0x00, 0x17, 0xEF, 0x67, 0x00, 0x1F, 0xEF, 0x67, 0x00,
    0x27, 0xEF, 0x67, 0x00, 0x2F, 0xEF, 0x67, 0x00, 0x37, 0xEF, 0x67, 0x00,
    0x3F, 0xEF, 0x67, 0x00, 0x47, 0xEF, 0x67, 0x00, 0x4F, 0xEF, 0x67, 0x00,
    0x57, 0xEF, 0x67, 0x00, 0x5F, 0xEF, 0x67, 0x00, 0x67, 0xEF, 0x67, 0x00,
    0x6F, 0xEF, 0x67, 0x00, 0x77, 0xEF, 0x67, 0x00, 0x7F, 0xEF, 0x67, 0x01,
    0x87, 0xEF, 0x67, 0x00, 0x8F, 0xEF, 0x67, 0x00, 0x97, 0xEF, 0x67, 0x00,
    0x9F, 0xEF, 0x67, 0x00, 0xA7, 0xEF, 0x67, 0x00, 0xAF, 0xEF, 0x67, 0x00,
    0xB7, 0xEF, 0x67, 0x00, 0xBF, 0xEF, 0x67, 0x00, 0xC7, 0xEF, 0x67, 0x00,
    0xCF, 0xEF, 0x67, 0x00, 0xD7, 0xEF, 0x67, 0x00, 0xDF, 0xEF, 0x67, 0x00,
    0xE7, 0xEF, 0x67, 0x00, 0xEF, 0xEF, 0x67, 0x00, 0xF7, 0xEF, 0x67, 0x00,
    0x00, 0xF7, 0x67, 0x00, 0x07, 0xF7, 0x67, 0x00, 0x0F, 0xF7, 0x67, 0x00,
    0x17, 0xF7, 0x67, 0x00, 0x1F, 0xF7, 0x67, 0x00, 0x27, 0xF7, 0x67, 0x00,
    0x2F, 0xF7, 0x67, 0x00, 0x37, 0xF7, 0x67, 0x00, 0x3F, 0xF7, 0x67, 0x00,
    0x47, 0xF7, 0x67, 0x00, 0x4F, 0xF7, 0x67, 0x00, 0x57, 0xF7, 0x67, 0x00,
    0x5F, 0xF7, 0x67, 0x00, 0x67, 0xF7, 0x67, 0x00, 0x6F, 0xF7, 0x67, 0x00,
    0x77, 0xF7, 0x67, 0x00, 0x7F, 0xF7, 0x67, 0x00, 0x87, 0xF7, 0x67, 0x00,
    0x8F, 0xF7, 0x67, 0x00, 0x97, 0xF7, 0x67, 0x00, 0x9F, 0xF7, 0x67, 0x00,
    0xA7, 0xF7, 0x67, 0x00, 0xAF, 0xF7, 0x67, 0x00, 0xB7, 0xF7, 0x67, 0x00,
    0xBF, 0xF7, 0x67, 0x00, 0xC7, 0xF7, 0x67, 0x00, 0xCF, 0xF7, 0x67, 0x00,
    0xD7, 0xF7, 0x67, 0x00, 0xDF, 0xF7, 0x67, 0x00, 0xE7, 0xF7, 0x67, 0x00,
    0xEF, 0xF7, 0x67, 0x00, 0xF7, 0xF7, 0x67, 0x00, 0x00, 0x00, 0x6F, 0x00,
    0x07, 0x00, 0x6F, 0x00, 0x0F, 0x00, 0x6F, 0x00, 0x17, 0x00, 0x6F, 0x00,
    0x1F, 0x00, 0x6F, 0x00, 0x27, 0x00, 0x6F, 0x00, 0x2F, 0x00, 0x6F, 0x00,
    0x37, 0x00, 0x6F, 0x00, 0x3F, 0x00, 0x6F, 0x00, 0x47, 0x00, 0x6F, 0x00,
    0x4F, 0x00, 0x6F, 0x00, 0x57, 0x00, 0x6F, 0x00, 0x5F, 0x00, 0x6F, 0x00,
    0x67, 0x00, 0x6F, 0x00, 0x6F, 0x00, 0x6F, 0x00, 0x77, 0x00, 0x6F, 0x00,
    0x7F, 0x00, 0x6F, 0x00, 0x87, 0x00, 0x6F, 0x00, 0x8F, 0x00, 0x6F, 0x00,
    0x97, 0x00, 0x6F, 0x00, 0x9F, 0x00, 0x6F, 0x00, 0xA7, 0x00, 0x6F, 0x00,
    0xAF, 0x00, 0x6F, 0x00, 0xB7, 0x00, 0x6F, 0x00, 0xBF, 0x00, 0x6F, 0x00,
    0xC7, 0x00, 0x6F, 0x00, 0xCF, 0x00, 0x6F, 0x00, 0xD7, 0x00, 0x6F, 0x00,
    0xDF, 0x00, 0x6F, 0x00, 0xE7, 0x00, 0x6F, 0x00, 0xEF, 0x00, 0x6F, 0x00,
    0xF7, 0x00, 0x6F, 0x00, 0x00, 0x07, 0x6F, 0x00, 0x07, 0x07, 0x6F, 0x00,
    0x0F, 0x07, 0x6F, 0x00, 0x17, 0x07, 0x6F, 0x00, 0x1F, 0x07, 0x6F, 0x00,
    0x27, 0x07, 0x6F, 0x00, 0x2F, 0x07, 0x6F, 0x00, 0x37, 0x07, 0x6F, 0x00,
    0x3F, 0x07, 0x6F, 0x00, 0x47, 0x07, 0x6F, 0x00, 0x4F, 0x07, 0x6F, 0x00,
    0x57, 0x07, 0x6F, 0x00, 0x5F, 0x07, 0x6F, 0x00, 0x67, 0x07, 0x6F, 0x00,
    0x6F, 0x07, 0x6F, 0x00, 0x77, 0x07, 0x6F, 0x00, 0x7F, 0x07, 0x6F, 0x00,
    0x87, 0x07, 0x6F, 0x00, 0x8F, 0x07, 0x6F, 0x00, 0x97, 0x07, 0x6F, 0x00,
    0x9F, 0x07, 0x6F, 0x00, 0xA7, 0x07, 0x6F, 0x00, 0xAF, 0x07, 0x6F, 0x00,
    0xB7, 0x07, 0x6F, 0x00, 0xBF, 0x07, 0x6F, 0x00, 0xC7, 0x07, 0x6F, 0x00,
    0xCF, 0x07, 0x6F, 0x00, 0xD7, 0x07, 0x6F, 0x00, 0xDF, 0x07, 0x6F, 0x00,
    0xE7, 0x07, 0x6F, 0x00, 0xEF, 0x07, 0x6F, 0x00, 0xF7, 0x07, 0x6F, 0x00,
    0x00, 0x0F, 0x6F, 0x00, 0x07, 0x0F, 0x6F, 0x00, 0x0F, 0x0F, 0x6F, 0x00,
    0x17, 0x0F, 0x6F, 0x00, 0x1F, 0x0F, 0x6F, 0x00, 0x27, 0x0F, 0x6F, 0x00,
    0x2F, 0x0F, 0x6F, 0x00, 0x37, 0x0F, 0x6F, 0x00, 0x3F, 0x0F, 0x6F, 0x00,
    0x47, 0x0F, 0x6F, 0x00, 0x4F, 0x0F, 0x6F, 0x00, 0x57, 0x0F, 0x6F, 0x00,
    0x5F, 0x0F, 0x6F, 0x00, 0x67, 0x0F, 0x6F, 0x00, 0x6F, 0x0F, 0x6F, 0x02,
    0x77, 0x0F, 0x6F, 0x03, 0x7F, 0x0F, 0x6F, 0x04, 0x87, 0x0F, 0x6F, 0x03,
    0x8F, 0x0F, 0x6F, 0x02, 0x97, 0x0F, 0x6F, 0x00, 0x9F, 0x0F, 0x6F, 0x00,
    0xA7, 0x0F, 0x6F, 0x00, 0xAF, 0x0F, 0x6F, 0x00, 0xB7, 0x0F, 0x6F, 0x00,
    0xBF, 0x0F, 0x6F, 0x00, 0xC7, 0x0F, 0x6F, 0x00, 0xCF, 0x0F, 0x6F, 0x00,
    0xD7, 0x0F, 0x6F, 0x00, 0xDF, 0x0F, 0x6F, 0x00, 0xE7, 0x0F, 0x6F, 0x00,
    0xEF, 0x0F, 0x6F, 0x00, 0xF7, 0x0F, 0x6F, 0x00, 0x00, 0x17, 0x6F, 0x00,
    0x07, 0x17, 0x6F, 0x00, 0x0F, 0x17, 0x6F, 0x00, 0x17, 0x17, 0x6F, 0x00,
    0x1F, 0x17, 0x6F, 0x00, 0x27, 0x17, 0x6F, 0x00, 0x2F, 0x17, 0x6F, 0x00,
    0x37, 0x17, 0x6F, 0x00, 0x3F, 0x17, 0x6F, 0x00, 0x47, 0x17, 0x6F, 0x00,
    0x4F, 0x17, 0x6F, 0x00, 0x57, 0x17, 0x6F, 0x05, 0x5F, 0x17, 0x6F, 0x0B,
    0x67, 0x17, 0x6F, 0x10, 0x6F, 0x17, 0x6F, 0x13, 0x77, 0x17, 0x6F, 0x15,
    0x7F, 0x17, 0x6F, 0x16, 0x87, 0x17, 0x6F, 0x15, 0x8F, 0x17, 0x6F, 0x13,
    0x97, 0x17, 0x6F, 0x10, 0x9F, 0x17, 0x6F, 0x0B, 0xA7, 0x17, 0x6F, 0x05,
    0xAF, 0x17, 0x6F, 0x00, 0xB7, 0x17, 0x6F, 0x00, 0xBF, 0x17, 0x6F, 0x00,
    0xC7, 0x17, 0x6F, 0x00, 0xCF, 0x17, 0x6F, 0x00, 0xD7, 0x17, 0x6F, 0x00,
    0xDF, 0x17, 0x6F, 0x00, 0xE7, 0x17, 0x6F, 0x00, 0xEF, 0x17, 0x6F, 0x00,
    0xF7, 0x17, 0x6F, 0x00, 0x00, 0x1F, 0x6F, 0x00, 0x07, 0x1F, 0x6F, 0x00,
    0x0F, 0x1F, 0x6F, 0x00, 0x17, 0x1F, 0x6F, 0x00, 0x1F, 0x1F, 0x6F, 0x00,
    0x27, 0x1F, 0x6F, 0x00, 0x2F, 0x1F, 0x6F, 0x00, 0x37, 0x1F, 0x6F, 0x00,
    0x3F, 0x1F, 0x6F, 0x00, 0x47, 0x1F, 0x6F, 0x06, 0x4F, 0x1F, 0x6F, 0x0E,
    0x57, 0x1F, 0x6F, 0x16, 0x5F, 0x1F, 0x6F, 0x1C, 0x67, 0x1F, 0x6F, 0x21,
    0x6F, 0x1F, 0x6F, 0x24, 0x77, 0x1F, 0x6F, 0x26, 0x7F, 0x1F, 0x6F, 0x27,
    0x87, 0x1F, 0x6F, 0x26, 0x8F, 0x1F, 0x6F, 0x24, 0x97, 0x1F, 0x6F, 0x21,
    0x9F, 0x1F, 0x6F, 0x1C, 0xA7, 0x1F, 0x6F, 0x16, 0xAF, 0x1F, 0x6F, 0x0E,
    0xB7, 0x1F, 0x6F, 0x06, 0xBF, 0x1F, 0x6F, 0x00, 0xC7, 0x1F, 0x6F, 0x00,
    0xCF, 0x1F, 0x6F, 0x00, 0xD7, 0x1F, 0x6F, 0x00, 0xDF, 0x1F, 0x6F, 0x00,
    0xE7, 0x1F, 0x6F, 0x00, 0xEF, 0x1F, 0x6F, 0x00, 0xF7, 0x1F, 0x6F, 0x00,
    0x00, 0x27, 0x6F, 0x00, 0x07, 0x27, 0x6F, 0x00, 0x0F, 0x27, 0x6F, 0x00,
    0x17, 0x27, 0x6F, 0x00, 0x1F, 0x27, 0x6F, 0x00, 0x27, 0x27, 0x6F, 0x00,
    0x2F, 0x27, 0x6F, 0x00, 0x37, 0x27, 0x6F, 0x00, 0x3F, 0x27, 0x6F, 0x0B,
    0x47, 0x27, 0x6F, 0x15, 0x4F, 0x27, 0x6F, 0x1E, 0x57, 0x27, 0x6F, 0x26,
    0x5F, 0x27, 0x6F, 0x2C, 0x67, 0x27, 0x6F, 0x32, 0x6F, 0x27, 0x6F, 0x35,
    0x77, 0x27, 0x6F, 0x38, 0x7F, 0x27, 0x6F, 0x39, 0x87, 0x27, 0x6F, 0x38,
    0x8F, 0x27, 0x6F, 0x35, 0x97, 0x27, 0x6F, 0x32, 0x9F, 0x27, 0x6F, 0x2C,
    0xA7, 0x27, 0x6F, 0x26, 0xAF, 0x27, 0x6F, 0x1E, 0xB7, 0x27, 0x6F, 0x15,
    0xBF, 0x27, 0x6F, 0x0B, 0xC7, 0x27, 0x6F, 0x00, 0xCF, 0x27, 0x6F, 0x00,
    0xD7, 0x27, 0x6F, 0x00, 0xDF, 0x27, 0x6F, 0x00, 0xE7, 0x27, 0x6F, 0x00,
    0xEF, 0x27, 0x6F, 0x00, 0xF7, 0x27, 0x6F, 0x00, 0x00, 0x2F, 0x6F, 0x00,
    0x07, 0x2F, 0x6F, 0x00, 0x0F, 0x2F, 0x6F, 0x00, 0x17, 0x2F, 0x6F, 0x00,
    0x1F, 0x2F, 0x6F, 0x00, 0x27, 0x2F, 0x6F, 0x00, 0x2F, 0x2F, 0x6F, 0x02,
    0x37, 0x2F, 0x6F, 0x0E, 0x3F, 0x2F, 0x6F, 0x19, 0x47, 0x2F, 0x6F, 0x23,
    0x4F, 0x2F, 0x6F, 0x2D, 0x57, 0x2F, 0x6F, 0x35, 0x5F, 0x2F, 0x6F, 0x3D,
    0x67, 0x2F, 0x6F, 0x42, 0x6F, 0x2F, 0x6F, 0x46, 0x77, 0x2F, 0x6F, 0x49,
    0x7F, 0x2F, 0x6F, 0x4A, 0x87, 0x2F, 0x6F, 0x49, 0x8F, 0x2F, 0x6F, 0x46,
    0x97, 0x2F, 0x6F, 0x42, 0x9F, 0x2F, 0x6F, 0x3D, 0xA7, 0x2F, 0x6F, 0x35,
    0xAF, 0x2F, 0x6F, 0x2D, 0xB7, 0x2F, 0x6F, 0x23, 0xBF, 0x2F, 0x6F, 0x19,
    0xC7, 0x2F, 0x6F, 0x0E, 0xCF, 0x2F, 0x6F, 0x02, 0xD7, 0x2F, 0x6F, 0x00,
    0xDF, 0x2F, 0x6F, 0x00, 0xE7, 0x2F, 0x6F, 0x00, 0xEF, 0x2F, 0x6F, 0x00,
    0xF7, 0x2F, 0x6F, 0x00, 0x00, 0x37, 0x6F, 0x00, 0x07, 0x37, 0x6F, 0x00,
    0x0F, 0x37, 0x6F, 0x00, 0x17, 0x37, 0x6F, 0x00, 0x1F, 0x37, 0x6F, 0x00,
    0x27, 0x37, 0x6F, 0x00, 0x2F, 0x37, 0x6F, 0x0E, 0x37, 0x37, 0x6F, 0x1A,
    0x3F, 0x37, 0x6F, 0x26, 0x47, 0x37, 0x6F, 0x32, 0x4F, 0x37, 0x6F, 0x3C,
    0x57, 0x37, 0x6F, 0x45, 0x5F, 0x37, 0x6F, 0x4D, 0x67, 0x37, 0x6F, 0x53,
    0x6F, 0x37, 0x6F, 0x57, 0x77, 0x37, 0x6F, 0x5A, 0x7F, 0x37, 0x6F, 0x5B,
    0x87, 0x37, 0x6F, 0x5A, 0x8F, 0x37, 0x6F, 0x57, 0x97, 0x37, 0x6F, 0x53,
    0x9F, 0x37, 0x6F, 0x4D, 0xA7, 0x37, 0x6F, 0x45, 0xAF, 0x37, 0x6F, 0x3C,
    0xB7, 0x37, 0x6F, 0x32, 0xBF, 0x37, 0x6F, 0x26, 0xC7, 0x37, 0x6F, 0x1A,
    0xCF, 0x37, 0x6F, 0x0E, 0xD7, 0x37, 0x6F, 0x00, 0xDF, 0x37, 0x6F, 0x00,
    0xE7, 0x37, 0x6F, 0x00, 0xEF, 0x37, 0x6F, 0x00, 0xF7, 0x37, 0x6F, 0x00,
    0x00, 0x3F, 0x6F, 0x00, 0x07, 0x3F, 0x6F, 0x00, 0x0F, 0x3F, 0x6F, 0x00,
    0x17, 0x3F, 0x6F, 0x00, 0x1F, 0x3F, 0x6F, 0x00, 0x27, 0x3F, 0x6F, 0x0B,
    0x2F, 0x3F, 0x6F, 0x19, 0x37, 0x3F, 0x6F, 0x26, 0x3F, 0x3F, 0x6F, 0x33,
    0x47, 0x3F, 0x6F, 0x3F, 0x4F, 0x3F, 0x6F, 0x4A, 0x57, 0x3F, 0x6F, 0x54,
    0x5F, 0x3F, 0x6F, 0x5C, 0x67, 0x3F, 0x6F, 0x63, 0x6F, 0x3F, 0x6F, 0x68,
    0x77, 0x3F, 0x6F, 0x6B, 0x7F, 0x3F, 0x6F, 0x6C, 0x87, 0x3F, 0x6F, 0x6B,
    0x8F, 0x3F, 0x6F, 0x68, 0x97, 0x3F, 0x6F, 0x63, 0x9F, 0x3F, 0x6F, 0x5C,
    0xA7, 0x3F, 0x6F, 0x54, 0xAF, 0x3F, 0x6F, 0x4A, 0xB7, 0x3F, 0x6F, 0x3F,
    0xBF, 0x3F, 0x6F, 0x33, 0xC7, 0x3F, 0x6F, 0x26, 0xCF, 0x3F, 0x6F, 0x19,
    0xD7, 0x3F, 0x6F, 0x0B, 0xDF, 0x3F, 0x6F, 0x00, 0xE7, 0x3F, 0x6F, 0x00,
    0xEF, 0x3F, 0x6F, 0x00, 0xF7, 0x3F, 0x6F, 0x00, 0x00, 0x47, 0x6F, 0x00,
    0x07, 0x47, 0x6F, 0x00, 0x0F, 0x47, 0x6F, 0x00, 0x17, 0x47, 0x6F, 0x00,
    0x1F, 0x47, 0x6F, 0x06, 0x27, 0x47, 0x6F, 0x15, 0x2F, 0x47, 0x6F, 0x23,
    0x37, 0x47, 0x6F, 0x32, 0x3F, 0x47, 0x6F, 0x3F, 0x47, 0x47, 0x6F, 0x4C,
    0x4F, 0x47, 0x6F, 0x57, 0x57, 0x47, 0x6F, 0x62, 0x5F, 0x47, 0x6F, 0x6B,
    0x67, 0x47, 0x6F, 0x73, 0x6F, 0x47, 0x6F, 0x79, 0x77, 0x47, 0x6F, 0x7C,
    0x7F, 0x47, 0x6F, 0x7E, 0x87, 0x47, 0x6F, 0x7C, 0x8F, 0x47, 0x6F, 0x79,
    0x97, 0x47, 0x6F, 0x73, 0x9F, 0x47, 0x6F, 0x6B, 0xA7, 0x47, 0x6F, 0x62,
    0xAF, 0x47, 0x6F, 0x57, 0xB7, 0x47, 0x6F, 0x4C, 0xBF, 0x47, 0x6F, 0x3F,
    0xC7, 0x47, 0x6F, 0x32, 0xCF, 0x47, 0x6F, 0x23, 0xD7, 0x47, 0x6F, 0x15,
    0xDF, 0x47, 0x6F, 0x06, 0xE7, 0x47, 0x6F, 0x00, 0xEF, 0x47, 0x6F, 0x00,
    0xF7, 0x47, 0x6F, 0x00, 0x00, 0x4F, 0x6F, 0x00, 0x07, 0x4F, 0x6F, 0x00,
    0x0F, 0x4F, 0x6F, 0x00, 0x17, 0x4F, 0x6F, 0x00, 0x1F, 0x4F, 0x6F, 0x0E,
    0x27, 0x4F, 0x6F, 0x1E, 0x2F, 0x4F, 0x6F, 0x2D, 0x37, 0x4F, 0x6F, 0x3C,
    0x3F, 0x4F, 0x6F, 0x4A, 0x47, 0x4F, 0x6F, 0x57, 0x4F, 0x4F, 0x6F, 0x64,
    0x57, 0x4F, 0x6F, 0x70, 0x5F, 0x4F, 0x6F, 0x7A, 0x67, 0x4F, 0x6F, 0x83,
    0x6F, 0x4F, 0x6F, 0x89, 0x77, 0x4F, 0x6F, 0x8D, 0x7F, 0x4F, 0x6F, 0x8F,
    0x87, 0x4F, 0x6F, 0x8D, 0x8F, 0x4F, 0x6F, 0x89, 0x97, 0x4F, 0x6F, 0x83,
    0x9F, 0x4F, 0x6F, 0x7A, 0xA7, 0x4F, 0x6F, 0x70, 0xAF, 0x4F, 0x6F, 0x64,
    0xB7, 0x4F, 0x6F, 0x57, 0xBF, 0x4F, 0x6F, 0x4A, 0xC7, 0x4F, 0x6F, 0x3C,
    0xCF, 0x4F, 0x6F, 0x2D, 0xD7, 0x4F, 0x6F, 0x1E, 0xDF, 0x4F, 0x6F, 0x0E,
    0xE7, 0x4F, 0x6F, 0x00, 0xEF, 0x4F, 0x6F, 0x00, 0xF7, 0x4F, 0x6F, 0x00,
    0x00, 0x57, 0x6F, 0x00, 0x07, 0x57, 0x6F, 0x00, 0x0F, 0x57, 0x6F, 0x00,
    0x17, 0x57, 0x6F, 0x05, 0x1F, 0x57, 0x6F, 0x16, 0x27, 0x57, 0x6F, 0x26,
    0x2F, 0x57, 0x6F, 0x35, 0x37, 0x57, 0x6F, 0x45, 0x3F, 0x57, 0x6F, 0x54,
    0x47, 0x57, 0x6F, 0x62, 0x4F, 0x57, 0x6F, 0x70, 0x57, 0x57, 0x6F, 0x7C,
    0x5F, 0x57, 0x6F, 0x88, 0x67, 0x57, 0x6F, 0x91, 0x6F, 0x57, 0x6F, 0x99,
    0x77, 0x57, 0x6F, 0x9E, 0x7F, 0x57, 0x6F, 0x9F, 0x87, 0x57, 0x6F, 0x9E,
    0x8F, 0x57, 0x6F, 0x99, 0x97, 0x57, 0x6F, 0x91, 0x9F, 0x57, 0x6F, 0x88,
    0xA7, 0x57, 0x6F, 0x7C, 0xAF, 0x57, 0x6F, 0x70, 0xB7, 0x57, 0x6F, 0x62,
    0xBF, 0x57, 0x6F, 0x54, 0xC7, 0x57, 0x6F, 0x45, 0xCF, 0x57, 0x6F, 0x35,
    0xD7, 0x57, 0x6F, 0x26, 0xDF, 0x57, 0x6F, 0x16, 0xE7, 0x57, 0x6F, 0x05,
    0xEF, 0x57, 0x6F, 0x00, 0xF7, 0x57, 0x6F, 0x00, 0x00, 0x5F, 0x6F, 0x00,
    0x07, 0x5F, 0x6F, 0x00, 0x0F, 0x5F, 0x6F, 0x00, 0x17, 0x5F, 0x6F, 0x0B,
    0x1F, 0x5F, 0x6F, 0x1C, 0x27, 0x5F, 0x6F, 0x2C, 0x2F, 0x5F, 0x6F, 0x3D,
    0x37, 0x5F, 0x6F, 0x4D, 0x3F, 0x5F, 0x6F, 0x5C, 0x47, 0x5F, 0x6F, 0x6B,
    0x4F, 0x5F, 0x6F, 0x7A, 0x57, 0x5F, 0x6F, 0x88, 0x5F, 0x5F, 0x6F, 0x94,
    0x67, 0x5F, 0x6F, 0x9F, 0x6F, 0x5F, 0x6F, 0xA8, 0x77, 0x5F, 0x6F, 0xAD,
    0x7F, 0x5F, 0x6F, 0xAF, 0x87, 0x5F, 0x6F, 0xAD, 0x8F, 0x5F, 0x6F, 0xA8,
    0x97, 0x5F, 0x6F, 0x9F, 0x9F, 0x5F, 0x6F, 0x94, 0xA7, 0x5F, 0x6F, 0x88,
    0xAF, 0x5F, 0x6F, 0x7A, 0xB7, 0x5F, 0x6F, 0x6B, 0xBF, 0x5F, 0x6F, 0x5C,
    0xC7, 0x5F, 0x6F, 0x4D, 0xCF, 0x5F, 0x6F, 0x3D, 0xD7, 0x5F, 0x6F, 0x2C,
    0xDF, 0x5F, 0x6F, 0x1C, 0xE7, 0x5F, 0x6F, 0x0B, 0xEF, 0x5F, 0x6F, 0x00,
    0xF7, 0x5F, 0x6F, 0x00, 0x00, 0x67, 0x6F, 0x00, 0x07, 0x67, 0x6F, 0x00,
    0x0F, 0x67, 0x6F, 0x00, 0x17, 0x67, 0x6F, 0x10, 0x1F, 0x67, 0x6F, 0x21,
    0x27, 0x67, 0x6F, 0x32, 0x2F, 0x67, 0x6F, 0x42, 0x37, 0x67, 0x6F, 0x53,
    0x3F, 0x67, 0x6F, 0x63, 0x47, 0x67, 0x6F, 0x73, 0x4F, 0x67, 0x6F, 0x83,
    0x57, 0x67, 0x6F, 0x91, 0x5F, 0x67, 0x6F, 0x9F, 0x67, 0x67, 0x6F, 0xAB,
    0x6F, 0x67, 0x6F, 0xB5, 0x77, 0x67, 0x6F, 0xBC, 0x7F, 0x67, 0x6F, 0xBF,
    0x87, 0x67, 0x6F, 0xBC, 0x8F, 0x67, 0x6F, 0xB5, 0x97, 0x67, 0x6F, 0xAB,
    0x9F, 0x67, 0x6F, 0x9F, 0xA7, 0x67, 0x6F, 0x91, 0xAF, 0x67, 0x6F, 0x83,
    0xB7, 0x67, 0x6F, 0x73, 0xBF, 0x67, 0x6F, 0x63, 0xC7, 0x67, 0x6F, 0x53,
    0xCF, 0x67, 0x6F, 0x42, 0xD7, 0x67, 0x6F, 0x32, 0xDF, 0x67, 0x6F, 0x21,
    0xE7, 0x67, 0x6F, 0x10, 0xEF, 0x67, 0x6F, 0x00, 0xF7, 0x67, 0x6F, 0x00,
    0x00, 0x6F, 0x6F, 0x00, 0x07, 0x6F, 0x6F, 0x00, 0x0F, 0x6F, 0x6F, 0x02,
    0x17, 0x6F, 0x6F, 0x13, 0x1F, 0x6F, 0x6F, 0x24, 0x27, 0x6F, 0x6F, 0x35,
    0x2F, 0x6F, 0x6F, 0x46, 0x37, 0x6F, 0x6F, 0x57, 0x3F, 0x6F, 0x6F, 0x68,
    0x47, 0x6F, 0x6F, 0x79, 0x4F, 0x6F, 0x6F, 0x89, 0x57, 0x6F, 0x6F, 0x99,
    0x5F, 0x6F, 0x6F, 0xA8, 0x67, 0x6F, 0x6F, 0xB5, 0x6F, 0x6F, 0x6F, 0xC1,
    0x77, 0x6F, 0x6F, 0xC9, 0x7F, 0x6F, 0x6F, 0xCC, 0x87, 0x6F, 0x6F, 0xC9,
    0x8F, 0x6F, 0x6F, 0xC1, 0x97, 0x6F, 0x6F, 0xB5, 0x9F, 0x6F, 0x6F, 0xA8,
    0xA7, 0x6F, 0x6F, 0x99, 0xAF, 0x6F, 0x6F, 0x89, 0xB7, 0x6F, 0x6F, 0x79,
    0xBF, 0x6F, 0x6F, 0x68, 0xC7, 0x6F, 0x6F, 0x57, 0xCF, 0x6F, 0x6F, 0x46,
    0xD7, 0x6F, 0x6F, 0x35, 0xDF, 0x6F, 0x6F, 0x24, 0xE7, 0x6F, 0x6F, 0x13,
    0xEF, 0x6F, 0x6F, 0x02, 0xF7, 0x6F, 0x6F, 0x00, 0x00, 0x77, 0x6F, 0x00,
    0x07, 0x77, 0x6F, 0x00, 0x0F, 0x77, 0x6F, 0x03, 0x17, 0x77, 0x6F, 0x15,
    0x1F, 0x77, 0x6F, 0x26, 0x27, 0x77, 0x6F, 0x38, 0x2F, 0x77, 0x6F, 0x49,
    0x37, 0x77, 0x6F, 0x5A, 0x3F, 0x77, 0x6F, 0x6B, 0x47, 0x77, 0x6F, 0x7C,
    0x4F, 0x77, 0x6F, 0x8D, 0x57, 0x77, 0x6F, 0x9E, 0x5F, 0x77, 0x6F, 0xAD,
    0x67, 0x77, 0x6F, 0xBC, 0x6F, 0x77, 0x6F, 0xC9, 0x77, 0x77, 0x6F, 0xD3,
    0x7F, 0x77, 0x6F, 0xD7, 0x87, 0x77, 0x6F, 0xD3, 0x8F, 0x77, 0x6F, 0xC9,
    0x97, 0x77, 0x6F, 0xBC, 0x9F, 0x77, 0x6F, 0xAD, 0xA7, 0x77, 0x6F, 0x9E,
    0xAF, 0x77, 0x6F, 0x8D, 0xB7, 0x77, 0x6F, 0x7C, 0xBF, 0x77, 0x6F, 0x6B,
    0xC7, 0x77, 0x6F, 0x5A, 0xCF, 0x77, 0x6F, 0x49, 0xD7, 0x77, 0x6F, 0x38,
    0xDF, 0x77, 0x6F, 0x26, 0xE7, 0x77, 0x6F, 0x15, 0xEF, 0x77, 0x6F, 0x03,
    0xF7, 0x77, 0x6F, 0x00, 0x00, 0x7F, 0x6F, 0x00, 0x07, 0x7F, 0x6F, 0x00,
    0x0F, 0x7F, 0x6F, 0x04, 0x17, 0x7F, 0x6F, 0x16, 0x1F, 0x7F, 0x6F, 0x27,
    0x27, 0x7F, 0x6F, 0x39, 0x2F, 0x7F, 0x6F, 0x4A, 0x37, 0x7F, 0x6F, 0x5B,
    0x3F, 0x7F, 0x6F, 0x6C, 0x47, 0x7F, 0x6F, 0x7E, 0x4F, 0x7F, 0x6F, 0x8F,
    0x57, 0x7F, 0x6F, 0x9F, 0x5F, 0x7F, 0x6F, 0xAF, 0x67, 0x7F, 0x6F, 0xBF,
    0x6F, 0x7F, 0x6F, 0xCC, 0x77, 0x7F, 0x6F, 0xD7, 0x7F, 0x7F, 0x6F, 0xDB,
    0x87, 0x7F, 0x6F, 0xD7, 0x8F, 0x7F, 0x6F, 0xCC, 0x97, 0x7F, 0x6F, 0xBF,
    0x9F, 0x7F, 0x6F, 0xAF, 0xA7, 0x7F, 0x6F, 0x9F, 0xAF, 0x7F, 0x6F, 0x8F,
    0xB7, 0x7F, 0x6F, 0x7E, 0xBF, 0x7F, 0x6F, 0x6C, 0xC7, 0x7F, 0x6F, 0x5B,
    0xCF, 0x7F, 0x6F, 0x4A, 0xD7, 0x7F, 0x6F, 0x39, 0xDF, 0x7F, 0x6F, 0x27,
    0xE7, 0x7F, 0x6F, 0x16, 0xEF, 0x7F, 0x6F, 0x04, 0xF7, 0x7F, 0x6F, 0x00,
    0x00, 0x87, 0x6F, 0x00, 0x07, 0x87, 0x6F, 0x00, 0x0F, 0x87, 0x6F, 0x03,
    0x17, 0x87, 0x6F, 0x15, 0x1F, 0x87, 0x6F, 0x26, 0x27, 0x87, 0x6F, 0x38,
    0x2F, 0x87, 0x6F, 0x49, 0x37, 0x87, 0x6F, 0x5A, 0x3F, 0x87, 0x6F, 0x6B,
    0x47, 0x87, 0x6F, 0x7C, 0x4F, 0x87, 0x6F, 0x8D, 0x57, 0x87, 0x6F, 0x9E,
    0x5F, 0x87, 0x6F, 0xAD, 0x67, 0x87, 0x6F, 0xBC, 0x6F, 0x87, 0x6F, 0xC9,
    0x77, 0x87, 0x6F, 0xD3, 0x7F, 0x87, 0x6F, 0xD7, 0x87, 0x87, 0x6F, 0xD3,
    0x8F, 0x87, 0x6F, 0xC9, 0x97, 0x87, 0x6F, 0xBC, 0x9F, 0x87, 0x6F, 0xAD,
    0xA7, 0x87, 0x6F, 0x9E, 0xAF, 0x87, 0x6F, 0x8D, 0xB7, 0x87, 0x6F, 0x7C,
    0xBF, 0x87, 0x6F, 0x6B, 0xC7, 0x87, 0x6F, 0x5A, 0xCF, 0x87, 0x6F, 0x49,
    0xD7, 0x87, 0x6F, 0x38, 0xDF, 0x87, 0x6F, 0x26, 0xE7, 0x87, 0x6F, 0x15,
    0xEF, 0x87, 0x6F, 0x03, 0xF7, 0x87, 0x6F, 0x00, 0x00, 0x8F, 0x6F, 0x00,
    0x07, 0x8F, 0x6F, 0x00, 0x0F, 0x8F, 0x6F, 0x02, 0x17, 0x8F, 0x6F, 0x13,
    0x1F, 0x8F, 0x6F, 0x24, 0x27, 0x8F, 0x6F, 0x35, 0x2F, 0x8F, 0x6F, 0x46,
    0x37, 0x8F, 0x6F, 0x57, 0x3F, 0x8F, 0x6F, 0x68, 0x47, 0x8F, 0x6F, 0x79,
    0x4F, 0x8F, 0x6F, 0x89, 0x57, 0x8F, 0x6F, 0x99, 0x5F, 0x8F, 0x6F, 0xA8,
    0x67, 0x8F, 0x6F, 0xB5, 0x6F, 0x8F, 0x6F, 0xC1, 0x77, 0x8F, 0x6F, 0xC9,
    0x7F, 0x8F, 0x6F, 0xCC, 0x87, 0x8F, 0x6F, 0xC9, 0x8F, 0x8F, 0x6F, 0xC1,
    0x97, 0x8F, 0x6F, 0xB5, 0x9F, 0x8F, 0x6F, 0xA8, 0xA7, 0x8F, 0x6F, 0x99,
    0xAF, 0x8F, 0x6F, 0x89, 0xB7, 0x8F, 0x6F, 0x79, 0xBF, 0x8F, 0x6F, 0x68,
    0xC7, 0x8F, 0x6F, 0x57, 0xCF, 0x8F, 0x6F, 0x46, 0xD7, 0x8F, 0x6F, 0x35,
    0xDF, 0x8F, 0x6F, 0x24, 0xE7, 0x8F, 0x6F, 0x13, 0xEF, 0x8F, 0x6F, 0x02,
    0xF7, 0x8F, 0x6F, 0x00, 0x00, 0x97, 0x6F, 0x00, 0x07, 0x97, 0x6F, 0x00,
    0x0F, 0x97, 0x6F, 0x00, 0x17, 0x97, 0x6F, 0x10, 0x1F, 0x97, 0x6F, 0x21,
    0x27, 0x97, 0x6F, 0x32, 0x2F, 0x97, 0x6F, 0x42, 0x37, 0x97, 0x6F, 0x53,
    0x3F, 0x97, 0x6F, 0x63, 0x47, 0x97, 0x6F, 0x73, 0x4F, 0x97, 0x6F, 0x83,
    0x57, 0x97, 0x6F, 0x91, 0x5F, 0x97, 0x6F, 0x9F, 0x67, 0x97, 0x6F, 0xAB,
    0x6F, 0x97, 0x6F, 0xB5, 0x77, 0x97, 0x6F, 0xBC, 0x7F, 0x97, 0x6F, 0xBF,
    0x87, 0x97, 0x6F, 0xBC, 0x8F, 0x97, 0x6F, 0xB5, 0x97, 0x97, 0x6F, 0xAB,
    0x9F, 0x97, 0x6F, 0x9F, 0xA7, 0x97, 0x6F, 0x91, 0xAF, 0x97, 0x6F, 0x83,
    0xB7, 0x97, 0x6F, 0x73, 0xBF, 0x97, 0x6F, 0x63, 0xC7, 0x97, 0x6F, 0x53,
    0xCF, 0x97, 0x6F, 0x42, 0xD7, 0x97, 0x6F, 0x32, 0xDF, 0x97, 0x6F, 0x21,
    0xE7, 0x97, 0x6F, 0x10, 0xEF, 0x97, 0x6F, 0x00, 0xF7, 0x97, 0x6F, 0x00,
    0x00, 0x9F, 0x6F, 0x00, 0x07, 0x9F, 0x6F, 0x00, 0x0F, 0x9F, 0x6F, 0x00,
    0x17, 0x9F, 0x6F, 0x0B, 0x1F, 0x9F, 0x6F, 0x1C, 0x27, 0x9F, 0x6F, 0x2C,
    0x2F, 0x9F, 0x6F, 0x3D, 0x37, 0x9F, 0x6F, 0x4D, 0x3F, 0x9F, 0x6F, 0x5C,
    0x47, 0x9F, 0x6F, 0x6B, 0x4F, 0x9F, 0x6F, 0x7A, 0x57, 0x9F, 0x6F, 0x88,
    0x5F, 0x9F, 0x6F, 0x94, 0x67, 0x9F, 0x6F, 0x9F, 0x6F, 0x9F, 0x6F, 0xA8,
    0x77, 0x9F, 0x6F, 0xAD, 0x7F, 0x9F, 0x6F, 0xAF, 0x87, 0x9F, 0x6F, 0xAD,
    0x8F, 0x9F, 0x6F, 0xA8, 0x97, 0x9F, 0x6F, 0x9F, 0x9F, 0x9F, 0x6F, 0x94,
    0xA7, 0x9F, 0x6F, 0x88, 0xAF, 0x9F, 0x6F, 0x7A, 0xB7, 0x9F, 0x6F, 0x6B,
    0xBF, 0x9F, 0x6F, 0x5C, 0xC7, 0x9F, 0x6F, 0x4D, 0xCF, 0x9F, 0x6F, 0x3D,
    0xD7, 0x9F, 0x6F, 0x2C, 0xDF, 0x9F, 0x6F, 0x1C, 0xE7, 0x9F, 0x6F, 0x0B,
    0xEF, 0x9F, 0x6F, 0x00, 0xF7, 0x9F, 0x6F, 0x00, 0x00, 0xA7, 0x6F, 0x00,
    0x07, 0xA7, 0x6F, 0x00, 0x0F, 0xA7, 0x6F, 0x00, 0x17, 0xA7, 0x6F, 0x05,
    0x1F, 0xA7, 0x6F, 0x16, 0x27, 0xA7, 0x6F, 0x26, 0x2F, 0xA7, 0x6F, 0x35,
    0x37, 0xA7, 0x6F, 0x45, 0x3F, 0xA7, 0x6F, 0x54, 0x47, 0xA7, 0x6F, 0x62,
    0x4F, 0xA7, 0x6F, 0x70, 0x57, 0xA7, 0x6F, 0x7C, 0x5F, 0xA7, 0x6F, 0x88,
    0x67, 0xA7, 0x6F, 0x91, 0x6F, 0xA7, 0x6F, 0x99, 0x77, 0xA7, 0x6F, 0x9E,
    0x7F, 0xA7, 0x6F, 0x9F, 0x87, 0xA7, 0x6F, 0x9E, 0x8F, 0xA7, 0x6F, 0x99,
    0x97, 0xA7, 0x6F, 0x91, 0x9F, 0xA7, 0x6F, 0x88, 0xA7, 0xA7, 0x6F, 0x7C,
    0xAF, 0xA7, 0x6F, 0x70, 0xB7, 0xA7, 0x6F, 0x62, 0xBF, 0xA7, 0x6F, 0x54,
    0xC7, 0xA7, 0x6F, 0x45, 0xCF, 0xA7, 0x6F, 0x35, 0xD7, 0xA7, 0x6F, 0x26,
    0xDF, 0xA7, 0x6F, 0x16, 0xE7, 0xA7, 0x6F, 0x05, 0xEF, 0xA7, 0x6F, 0x00,
    0xF7, 0xA7, 0x6F, 0x00, 0x00, 0xAF, 0x6F, 0x00, 0x07, 0xAF, 0x6F, 0x00,
    0x0F, 0xAF, 0x6F, 0x00, 0x17, 0xAF, 0x6F, 0x00, 0x1F, 0xAF, 0x6F, 0x0E,
    0x27, 0xAF, 0x6F, 0x1E, 0x2F, 0xAF, 0x6F, 0x2D, 0x37, 0xAF, 0x6F, 0x3C,
    0x3F, 0xAF, 0x6F, 0x4A, 0x47, 0xAF, 0x6F, 0x57, 0x4F, 0xAF, 0x6F, 0x64,
    0x57, 0xAF, 0x6F, 0x70, 0x5F, 0xAF, 0x6F, 0x7A, 0x67, 0xAF, 0x6F, 0x83,
    0x6F, 0xAF, 0x6F, 0x89, 0x77, 0xAF, 0x6F, 0x8D, 0x7F, 0xAF, 0x6F, 0x8F,
    0x87, 0xAF, 0x6F, 0x8D, 0x8F, 0xAF, 0x6F, 0x89, 0x97, 0xAF, 0x6F, 0x83,
    0x9F, 0xAF, 0x6F, 0x7A, 0xA7, 0xAF, 0x6F, 0x70, 0xAF, 0xAF, 0x6F, 0x64,
    0xB7, 0xAF, 0x6F, 0x57, 0xBF, 0xAF, 0x6F, 0x4A, 0xC7, 0xAF, 0x6F, 0x3C,
    0xCF, 0xAF, 0x6F, 0x2D, 0xD7, 0xAF, 0x6F, 0x1E, 0xDF, 0xAF, 0x6F, 0x0E,
    0xE7, 0xAF, 0x6F, 0x00, 0xEF, 0xAF, 0x6F, 0x00, 0xF7, 0xAF, 0x6F, 0x00,
    0x00, 0xB7, 0x6F, 0x00, 0x07, 0xB7, 0x6F, 0x00, 0x0F, 0xB7, 0x6F, 0x00,
    0x17, 0xB7, 0x6F, 0x00, 0x1F, 0xB7, 0x6F, 0x06, 0x27, 0xB7, 0x6F, 0x15,
    0x2F, 0xB7, 0x6F, 0x23, 0x37, 0xB7, 0x6F, 0x32, 0x3F, 0xB7, 0x6F, 0x3F,
    0x47, 0xB7, 0x6F, 0x4C, 0x4F, 0xB7, 0x6F, 0x57, 0x57, 0xB7, 0x6F, 0x62,
    0x5F, 0xB7, 0x6F, 0x6B, 0x67, 0xB7, 0x6F, 0x73, 0x6F, 0xB7, 0x6F, 0x79,
    0x77, 0xB7, 0x6F, 0x7C, 0x7F, 0xB7, 0x6F, 0x7E, 0x87, 0xB7, 0x6F, 0x7C,
    0x8F, 0xB7, 0x6F, 0x79, 0x97, 0xB7, 0x6F, 0x73, 0x9F, 0xB7, 0x6F, 0x6B,
    0xA7, 0xB7, 0x6F, 0x62, 0xAF, 0xB7, 0x6F, 0x57, 0xB7, 0xB7, 0x6F, 0x4C,
    0xBF, 0xB7, 0x6F, 0x3F, 0xC7, 0xB7, 0x6F, 0x32, 0xCF, 0xB7, 0x6F, 0x23,
    0xD7, 0xB7, 0x6F, 0x15, 0xDF, 0xB7, 0x6F, 0x06, 0xE7, 0xB7, 0x6F, 0x00,
    0xEF, 0xB7, 0x6F, 0x00, 0xF7, 0xB7, 0x6F, 0x00, 0x00, 0xBF, 0x6F, 0x00,
    0x07, 0xBF, 0x6F, 0x00, 0x0F, 0xBF, 0x6F, 0x00, 0x17, 0xBF, 0x6F, 0x00,
    0x1F, 0xBF, 0x6F, 0x00, 0x27, 0xBF, 0x6F, 0x0B, 0x2F, 0xBF, 0x6F, 0x19,
    0x37, 0xBF, 0x6F, 0x26, 0x3F, 0xBF, 0x6F, 0x33, 0x47, 0xBF, 0x6F, 0x3F,
    0x4F, 0xBF, 0x6F, 0x4A, 0x57, 0xBF, 0x6F, 0x54, 0x5F, 0xBF, 0x6F, 0x5C,
    0x67, 0xBF, 0x6F, 0x63, 0x6F, 0xBF, 0x6F, 0x68, 0x77, 0xBF, 0x6F, 0x6B,
    0x7F, 0xBF, 0x6F, 0x6C, 0x87, 0xBF, 0x6F, 0x6B, 0x8F, 0xBF, 0x6F, 0x68,
    0x97, 0xBF, 0x6F, 0x63, 0x9F, 0xBF, 0x6F, 0x5C, 0xA7, 0xBF, 0x6F, 0x54,
    0xAF, 0xBF, 0x6F, 0x4A, 0xB7, 0xBF, 0x6F, 0x3F, 0xBF, 0xBF, 0x6F, 0x33,
    0xC7, 0xBF, 0x6F, 0x26, 0xCF, 0xBF, 0x6F, 0x19, 0xD7, 0xBF, 0x6F, 0x0B,
    0xDF, 0xBF, 0x6F, 0x00, 0xE7, 0xBF, 0x6F, 0x00, 0xEF, 0xBF, 0x6F, 0x00,
    0xF7, 0xBF, 0x6F, 0x00, 0x00, 0xC7, 0x6F, 0x00, 0x07, 0xC7, 0x6F, 0x00,
    0x0F, 0xC7, 0x6F, 0x00, 0x17, 0xC7, 0x6F, 0x00, 0x1F, 0xC7, 0x6F, 0x00,
    0x27, 0xC7, 0x6F, 0x00, 0x2F, 0xC7, 0x6F, 0x0E, 0x37, 0xC7, 0x6F, 0x1A,
    0x3F, 0xC7, 0x6F, 0x26, 0x47, 0xC7, 0x6F, 0x32, 0x4F, 0xC7, 0x6F, 0x3C,
    0x57, 0xC7, 0x6F, 0x45, 0x5F, 0xC7, 0x6F, 0x4D, 0x67, 0xC7, 0x6F, 0x53,
    0x6F, 0xC7, 0x6F, 0x57, 0x77, 0xC7, 0x6F, 0x5A, 0x7F, 0xC7, 0x6F, 0x5B,
    0x87, 0xC7, 0x6F, 0x5A, 0x8F, 0xC7, 0x6F, 0x57, 0x97, 0xC7, 0x6F, 0x53,
    0x9F, 0xC7, 0x6F, 0x4D, 0xA7, 0xC7, 0x6F, 0x45, 0xAF, 0xC7, 0x6F, 0x3C,
    0xB7, 0xC7, 0x6F, 0x32, 0xBF, 0xC7, 0x6F, 0x26, 0xC7, 0xC7, 0x6F, 0x1A,
    0xCF, 0xC7, 0x6F, 0x0E, 0xD7, 0xC7, 0x6F, 0x00, 0xDF, 0xC7, 0x6F, 0x00,
    0xE7, 0xC7, 0x6F, 0x00, 0xEF, 0xC7, 0x6F, 0x00, 0xF7, 0xC7, 0x6F, 0x00,
    0x00, 0xCF, 0x6F, 0x00, 0x07, 0xCF, 0x6F, 0x00, 0x0F, 0xCF, 0x6F, 0x00,
    0x17, 0xCF, 0x6F, 0x00, 0x1F, 0xCF, 0x6F, 0x00, 0x27, 0xCF, 0x6F, 0x00,
    0x2F, 0xCF, 0x6F, 0x02, 0x37, 0xCF, 0x6F, 0x0E, 0x3F, 0xCF, 0x6F, 0x19,
    0x47, 0xCF, 0x6F, 0x23, 0x4F, 0xCF, 0x6F, 0x2D, 0x57, 0xCF, 0x6F, 0x35,
    0x5F, 0xCF, 0x6F, 0x3D, 0x67, 0xCF, 0x6F, 0x42, 0x6F, 0xCF, 0x6F, 0x46,
    0x77, 0xCF, 0x6F, 0x49, 0x7F, 0xCF, 0x6F, 0x4A, 0x87, 0xCF, 0x6F, 0x49,
    0x8F, 0xCF, 0x6F, 0x46, 0x97, 0xCF, 0x6F, 0x42, 0x9F, 0xCF, 0x6F, 0x3D,
    0xA7, 0xCF, 0x6F, 0x35, 0xAF, 0xCF, 0x6F, 0x2D, 0xB7, 0xCF, 0x6F, 0x23,
    0xBF, 0xCF, 0x6F, 0x19, 0xC7, 0xCF, 0x6F, 0x0E, 0xCF, 0xCF, 0x6F, 0x02,
    0xD7, 0xCF, 0x6F, 0x00, 0xDF, 0xCF, 0x6F, 0x00, 0xE7, 0xCF, 0x6F, 0x00,
    0xEF, 0xCF, 0x6F, 0x00, 0xF7, 0xCF, 0x6F, 0x00, 0x00, 0xD7, 0x6F, 0x00,
    0x07, 0xD7, 0x6F, 0x00, 0x0F, 0xD7, 0x6F, 0x00, 0x17, 0xD7, 0x6F, 0x00,
    0x1F, 0xD7, 0x6F, 0x00, 0x27, 0xD7, 0x6F, 0x00, 0x2F, 0xD7, 0x6F, 0x00,
    0x37, 0xD7, 0x6F, 0x00, 0x3F, 0xD7, 0x6F, 0x0B, 0x47, 0xD7, 0x6F, 0x15,
    0x4F, 0xD7, 0x6F, 0x1E, 0x57, 0xD7, 0x6F, 0x26, 0x5F, 0xD7, 0x6F, 0x2C,
    0x67, 0xD7, 0x6F, 0x32, 0x6F, 0xD7, 0x6F, 0x35, 0x77, 0xD7, 0x6F, 0x38,
    0x7F, 0xD7, 0x6F, 0x39, 0x87, 0xD7, 0x6F, 0x38, 0x8F, 0xD7, 0x6F, 0x35,
    0x97, 0xD7, 0x6F, 0x32, 0x9F, 0xD7, 0x6F, 0x2C, 0xA7, 0xD7, 0x6F, 0x26,
    0xAF, 0xD7, 0x6F, 0x1E, 0xB7, 0xD7, 0x6F, 0x15, 0xBF, 0xD7, 0x6F, 0x0B,
    0xC7, 0xD7, 0x6F, 0x00, 0xCF, 0xD7, 0x6F, 0x00, 0xD7, 0xD7, 0x6F, 0x00,
    0xDF, 0xD7, 0x6F, 0x00, 0xE7, 0xD7, 0x6F, 0x00, 0xEF, 0xD7, 0x6F, 0x00,
    0xF7, 0xD7, 0x6F, 0x00, 0x00, 0xDF, 0x6F, 0x00, 0x07, 0xDF, 0x6F, 0x00,
    0x0F, 0xDF, 0x6F, 0x00, 0x17, 0xDF, 0x6F, 0x00, 0x1F, 0xDF, 0x6F, 0x00,
    0x27, 0xDF, 0x6F, 0x00, 0x2F, 0xDF, 0x6F, 0x00, 0x37, 0xDF, 0x6F, 0x00,
    0x3F, 0xDF, 0x6F, 0x00, 0x47, 0xDF, 0x6F, 0x06, 0x4F, 0xDF, 0x6F, 0x0E,
    0x57, 0xDF, 0x6F, 0x16, 0x5F, 0xDF, 0x6F, 0x1C, 0x67, 0xDF, 0x6F, 0x21,
    0x6F, 0xDF, 0x6F, 0x24, 0x77, 0xDF, 0x6F, 0x26, 0x7F, 0xDF, 0x6F, 0x27,
    0x87, 0xDF, 0x6F, 0x26, 0x8F, 0xDF, 0x6F, 0x24, 0x97, 0xDF, 0x6F, 0x21,
    0x9F, 0xDF, 0x6F, 0x1C, 0xA7, 0xDF, 0x6F, 0x16, 0xAF, 0xDF, 0x6F, 0x0E,
    0xB7, 0xDF, 0x6F, 0x06, 0xBF, 0xDF, 0x6F, 0x00, 0xC7, 0xDF, 0x6F, 0x00,
    0xCF, 0xDF, 0x6F, 0x00, 0xD7, 0xDF, 0x6F, 0x00, 0xDF, 0xDF, 0x6F, 0x00,
    0xE7, 0xDF, 0x6F, 0x00, 0xEF, 0xDF, 0x6F, 0x00, 0xF7, 0xDF, 0x6F, 0x00,
    0x00, 0xE7, 0x6F, 0x00, 0x07, 0xE7, 0x6F, 0x00, 0x0F, 0xE7, 0x6F, 0x00,
    0x17, 0xE7, 0x6F, 0x00, 0x1F, 0xE7, 0x6F, 0x00, 0x27, 0xE7, 0x6F, 0x00,
    0x2F, 0xE7, 0x6F, 0x00, 0x37, 0xE7, 0x6F, 0x00, 0x3F, 0xE7, 0x6F, 0x00,
    0x47, 0xE7, 0x6F, 0x00, 0x4F, 0xE7, 0x6F, 0x00, 0x57, 0xE7, 0x6F, 0x05,
    0x5F, 0xE7, 0x6F, 0x0B, 0x67, 0xE7, 0x6F, 0x10, 0x6F, 0xE7, 0x6F, 0x13,
    0x77, 0xE7, 0x6F, 0x15, 0x7F, 0xE7, 0x6F, 0x16, 0x87, 0xE7, 0x6F, 0x15,
    0x8F, 0xE7, 0x6F, 0x13, 0x97, 0xE7, 0x6F, 0x10, 0x9F, 0xE7, 0x6F, 0x0B,
    0xA7, 0xE7, 0x6F, 0x05, 0xAF, 0xE7, 0x6F, 0x00, 0xB7, 0xE7, 0x6F, 0x00,
    0xBF, 0xE7, 0x6F, 0x00, 0xC7, 0xE7, 0x6F, 0x00, 0xCF, 0xE7, 0x6F, 0x00,
    0xD7, 0xE7, 0x6F, 0x00, 0xDF, 0xE7, 0x6F, 0x00, 0xE7, 0xE7, 0x6F, 0x00,
    0xEF, 0xE7, 0x6F, 0x00, 0xF7, 0xE7, 0x6F, 0x00, 0x00, 0xEF, 0x6F, 0x00,
    0x07, 0xEF, 0x6F, 0x00, 0x0F, 0xEF, 0x6F, 0x00, 0x17, 0xEF, 0x6F, 0x00,
    0x1F, 0xEF, 0x6F, 0x00, 0x27, 0xEF, 0x6F, 0x00, 0x2F, 0xEF, 0x6F, 0x00,
    0x37, 0xEF, 0x6F, 0x00, 0x3F, 0xEF, 0x6F, 0x00, 0x47, 0xEF, 0x6F, 0x00,
    0x4F, 0xEF, 0x6F, 0x00, 0x57, 0xEF, 0x6F, 0x00, 0x5F, 0xEF, 0x6F, 0x00,
    0x67, 0xEF, 0x6F, 0x00, 0x6F, 0xEF, 0x6F, 0x02, 0x77, 0xEF, 0x6F, 0x03,
    0x7F, 0xEF, 0x6F, 0x04, 0x87, 0xEF, 0x6F, 0x03, 0x8F, 0xEF, 0x6F, 0x02,
    0x97, 0xEF, 0x6F, 0x00, 0x9F, 0xEF, 0x6F, 0x00, 0xA7, 0xEF, 0x6F, 0x00,
    0xAF, 0xEF, 0x6F, 0x00, 0xB7, 0xEF, 0x6F, 0x00, 0xBF, 0xEF, 0x6F, 0x00,
    0xC7, 0xEF, 0x6F, 0x00, 0xCF, 0xEF, 0x6F, 0x00, 0xD7, 0xEF, 0x6F, 0x00,
    0xDF, 0xEF, 0x6F, 0x00, 0xE7, 0xEF, 0x6F, 0x00, 0xEF, 0xEF, 0x6F, 0x00,
    0xF7, 0xEF, 0x6F, 0x00, 0x00, 0xF7, 0x6F, 0x00, 0x07, 0xF7, 0x6F, 0x00,
    0x0F, 0xF7, 0x6F, 0x00, 0x17, 0xF7, 0x6F, 0x00, 0x1F, 0xF7, 0x6F, 0x00,
    0x27, 0xF7, 0x6F, 0x00, 0x2F, 0xF7, 0x6F, 0x00, 0x37, 0xF7, 0x6F, 0x00,
    0x3F, 0xF7, 0x6F, 0x00, 0x47, 0xF7, 0x6F, 0x00, 0x4F, 0xF7, 0x6F, 0x00,
    0x57, 0xF7, 0x6F, 0x00, 0x5F, 0xF7, 0x6F, 0x00, 0x67, 0xF7, 0x6F, 0x00,
    0x6F, 0xF7, 0x6F, 0x00, 0x77, 0xF7, 0x6F, 0x00, 0x7F, 0xF7, 0x6F, 0x00,
    0x87, 0xF7, 0x6F, 0x00, 0x8F, 0xF7, 0x6F, 0x00, 0x97, 0xF7, 0x6F, 0x00,
    0x9F, 0xF7, 0x6F, 0x00, 0xA7, 0xF7, 0x6F, 0x00, 0xAF, 0xF7, 0x6F, 0x00,
    0xB7, 0xF7, 0x6F, 0x00, 0xBF, 0xF7, 0x6F, 0x00, 0xC7, 0xF7, 0x6F, 0x00,
    0xCF, 0xF7, 0x6F, 0x00, 0xD7, 0xF7, 0x6F, 0x00, 0xDF, 0xF7, 0x6F, 0x00,
    0xE7, 0xF7, 0x6F, 0x00, 0xEF, 0xF7, 0x6F, 0x00, 0xF7, 0xF7, 0x6F, 0x00,
    0x00, 0x00, 0x77, 0x00, 0x07, 0x00, 0x77, 0x00, 0x0F, 0x00, 0x77, 0x00,
    0x17, 0x00, 0x77, 0x00, 0x1F, 0x00, 0x77, 0x00, 0x27, 0x00, 0x77, 0x00,
    0x2F, 0x00, 0x77, 0x00, 0x37, 0x00, 0x77, 0x00, 0x3F, 0x00, 0x77, 0x00,
    0x47, 0x00, 0x77, 0x00, 0x4F, 0x00, 0x77, 0x00, 0x57, 0x00, 0x77, 0x00,
    0x5F, 0x00, 0x77, 0x00, 0x67, 0x00, 0x77, 0x00, 0x6F, 0x00, 0x77, 0x00,
    0x77, 0x00, 0x77, 0x00, 0x7F, 0x00, 0x77, 0x00, 0x87, 0x00, 0x77, 0x00,
    0x8F, 0x00, 0x77, 0x00, 0x97, 0x00, 0x77, 0x00, 0x9F, 0x00, 0x77, 0x00,
    0xA7, 0x00, 0x77, 0x00, 0xAF, 0x00, 0x77, 0x00, 0xB7, 0x00, 0x77, 0x00,
    0xBF, 0x00, 0x77, 0x00, 0xC7, 0x00, 0x77, 0x00, 0xCF, 0x00, 0x77, 0x00,
    0xD7, 0x00, 0x77, 0x00, 0xDF, 0x00, 0x77, 0x00, 0xE7, 0x00, 0x77, 0x00,
    0xEF, 0x00, 0x77, 0x00, 0xF7, 0x00, 0x77, 0x00, 0x00, 0x07, 0x77, 0x00,
    0x07, 0x07, 0x77, 0x00, 0x0F, 0x07, 0x77, 0x00, 0x17, 0x07, 0x77, 0x00,
    0x1F, 0x07, 0x77, 0x00, 0x27, 0x07, 0x77, 0x00, 0x2F, 0x07, 0x77, 0x00,
    0x37, 0x07, 0x77, 0x00, 0x3F, 0x07, 0x77, 0x00, 0x47, 0x07, 0x77, 0x00,
    0x4F, 0x07, 0x77, 0x00, 0x57, 0x07, 0x77, 0x00, 0x5F, 0x07, 0x77, 0x00,
    0x67, 0x07, 0x77, 0x00, 0x6F, 0x07, 0x77, 0x00, 0x77, 0x07, 0x77, 0x00,
    0x7F, 0x07, 0x77, 0x00, 0x87, 0x07, 0x77, 0x00, 0x8F, 0x07, 0x77, 0x00,
    0x97, 0x07, 0x77, 0x00, 0x9F, 0x07, 0x77, 0x00, 0xA7, 0x07, 0x77, 0x00,
    0xAF, 0x07, 0x77, 0x00, 0xB7, 0x07, 0x77, 0x00, 0xBF, 0x07, 0x77, 0x00,
    0xC7, 0x07, 0x77, 0x00, 0xCF, 0x07, 0x77, 0x00, 0xD7, 0x07, 0x77, 0x00,
    0xDF, 0x07, 0x77, 0x00, 0xE7, 0x07, 0x77, 0x00, 0xEF, 0x07, 0x77, 0x00,
    0xF7, 0x07, 0x77, 0x00, 0x00, 0x0F, 0x77, 0x00, 0x07, 0x0F, 0x77, 0x00,
    0x0F, 0x0F, 0x77, 0x00, 0x17, 0x0F, 0x77, 0x00, 0x1F, 0x0F, 0x77, 0x00,
    0x27, 0x0F, 0x77, 0x00, 0x2F, 0x0F, 0x77, 0x00, 0x37, 0x0F, 0x77, 0x00,
    0x3F, 0x0F, 0x77, 0x00, 0x47, 0x0F, 0x77, 0x00, 0x4F, 0x0F, 0x77, 0x00,
    0x57, 0x0F, 0x77, 0x00, 0x5F, 0x0F, 0x77, 0x00, 0x67, 0x0F, 0x77, 0x00,
    0x6F, 0x0F, 0x77, 0x03, 0x77, 0x0F, 0x77, 0x05, 0x7F, 0x0F, 0x77, 0x06,
    0x87, 0x0F, 0x77, 0x05, 0x8F, 0x0F, 0x77, 0x03, 0x97, 0x0F, 0x77, 0x00,
    0x9F, 0x0F, 0x77, 0x00, 0xA7, 0x0F, 0x77, 0x00, 0xAF, 0x0F, 0x77, 0x00,
    0xB7, 0x0F, 0x77, 0x00, 0xBF, 0x0F, 0x77, 0x00, 0xC7, 0x0F, 0x77, 0x00,
    0xCF, 0x0F, 0x77, 0x00, 0xD7, 0x0F, 0x77, 0x00, 0xDF, 0x0F, 0x77, 0x00,
    0xE7, 0x0F, 0x77, 0x00, 0xEF, 0x0F, 0x77, 0x00, 0xF7, 0x0F, 0x77, 0x00,
    0x00, 0x17, 0x77, 0x00, 0x07, 0x17, 0x77, 0x00, 0x0F, 0x17, 0x77, 0x00,
    0x17, 0x17, 0x77, 0x00, 0x1F, 0x17, 0x77, 0x00, 0x27, 0x17, 0x77, 0x00,
    0x2F, 0x17, 0x77, 0x00, 0x37, 0x17, 0x77, 0x00, 0x3F, 0x17, 0x77, 0x00,
    0x47, 0x17, 0x77, 0x00, 0x4F, 0x17, 0x77, 0x00, 0x57, 0x17, 0x77, 0x07,
    0x5F, 0x17, 0x77, 0x0D, 0x67, 0x17, 0x77, 0x12, 0x6F, 0x17, 0x77, 0x15,
    0x77, 0x17, 0x77, 0x17, 0x7F, 0x17, 0x77, 0x18, 0x87, 0x17, 0x77, 0x17,
    0x8F, 0x17, 0x77, 0x15, 0x97, 0x17, 0x77, 0x12, 0x9F, 0x17, 0x77, 0x0D,
    0xA7, 0x17, 0x77, 0x07, 0xAF, 0x17, 0x77, 0x00, 0xB7, 0x17, 0x77, 0x00,
    0xBF, 0x17, 0x77, 0x00, 0xC7, 0x17, 0x77, 0x00, 0xCF, 0x17, 0x77, 0x00,
    0xD7, 0x17, 0x77, 0x00, 0xDF, 0x17, 0x77, 0x00, 0xE7, 0x17, 0x77, 0x00,
    0xEF, 0x17, 0x77, 0x00, 0xF7, 0x17, 0x77, 0x00, 0x00, 0x1F, 0x77, 0x00,
    0x07, 0x1F, 0x77, 0x00, 0x0F, 0x1F, 0x77, 0x00, 0x17, 0x1F, 0x77, 0x00,
    0x1F, 0x1F, 0x77, 0x00, 0x27, 0x1F, 0x77, 0x00, 0x2F, 0x1F, 0x77, 0x00,
    0x37, 0x1F, 0x77, 0x00, 0x3F, 0x1F, 0x77, 0x00, 0x47, 0x1F, 0x77, 0x08,
    0x4F, 0x1F, 0x77, 0x10, 0x57, 0x1F, 0x77, 0x18, 0x5F, 0x1F, 0x77, 0x1E,
    0x67, 0x1F, 0x77, 0x23, 0x6F, 0x1F, 0x77, 0x26, 0x77, 0x1F, 0x77, 0x29,
    0x7F, 0x1F, 0x77, 0x29, 0x87, 0x1F, 0x77, 0x29, 0x8F, 0x1F, 0x77, 0x26,
    0x97, 0x1F, 0x77, 0x23, 0x9F, 0x1F, 0x77, 0x1E, 0xA7, 0x1F, 0x77, 0x18,
    0xAF, 0x1F, 0x77, 0x10, 0xB7, 0x1F, 0x77, 0x08, 0xBF, 0x1F, 0x77, 0x00,
    0xC7, 0x1F, 0x77, 0x00, 0xCF, 0x1F, 0x77, 0x00, 0xD7, 0x1F, 0x77, 0x00,
    0xDF, 0x1F, 0x77, 0x00, 0xE7, 0x1F, 0x77, 0x00, 0xEF, 0x1F, 0x77, 0x00,
    0xF7, 0x1F, 0x77, 0x00, 0x00, 0x27, 0x77, 0x00, 0x07, 0x27, 0x77, 0x00,
    0x0F, 0x27, 0x77, 0x00, 0x17, 0x27, 0x77, 0x00, 0x1F, 0x27, 0x77, 0x00,
    0x27, 0x27, 0x77, 0x00, 0x2F, 0x27, 0x77, 0x00, 0x37, 0x27, 0x77, 0x02,
    0x3F, 0x27, 0x77, 0x0D, 0x47, 0x27, 0x77, 0x17, 0x4F, 0x27, 0x77, 0x20,
    0x57, 0x27, 0x77, 0x28, 0x5F, 0x27, 0x77, 0x2E, 0x67, 0x27, 0x77, 0x34,
    0x6F, 0x27, 0x77, 0x38, 0x77, 0x27, 0x77, 0x3A, 0x7F, 0x27, 0x77, 0x3B,
    0x87, 0x27, 0x77, 0x3A, 0x8F, 0x27, 0x77, 0x38, 0x97, 0x27, 0x77, 0x34,
    0x9F, 0x27, 0x77, 0x2E, 0xA7, 0x27, 0x77, 0x28, 0xAF, 0x27, 0x77, 0x20,
    0xB7, 0x27, 0x77, 0x17, 0xBF, 0x27, 0x77, 0x0D, 0xC7, 0x27, 0x77, 0x02,
    0xCF, 0x27, 0x77, 0x00, 0xD7, 0x27, 0x77, 0x00, 0xDF, 0x27, 0x77, 0x00,
    0xE7, 0x27, 0x77, 0x00, 0xEF, 0x27, 0x77, 0x00, 0xF7, 0x27, 0x77, 0x00,
    0x00, 0x2F, 0x77, 0x00, 0x07, 0x2F, 0x77, 0x00, 0x0F, 0x2F, 0x77, 0x00,
    0x17, 0x2F, 0x77, 0x00, 0x1F, 0x2F, 0x77, 0x00, 0x27, 0x2F, 0x77, 0x00,
    0x2F, 0x2F, 0x77, 0x03, 0x37, 0x2F, 0x77, 0x10, 0x3F, 0x2F, 0x77, 0x1B,
    0x47, 0x2F, 0x77, 0x26, 0x4F, 0x2F, 0x77, 0x2F, 0x57, 0x2F, 0x77, 0x38,
    0x5F, 0x2F, 0x77, 0x3F, 0x67, 0x2F, 0x77, 0x45, 0x6F, 0x2F, 0x77, 0x49,
    0x77, 0x2F, 0x77, 0x4C, 0x7F, 0x2F, 0x77, 0x4D, 0x87, 0x2F, 0x77, 0x4C,
    0x8F, 0x2F, 0x77, 0x49, 0x97, 0x2F, 0x77, 0x45, 0x9F, 0x2F, 0x77, 0x3F,
    0xA7, 0x2F, 0x77, 0x38, 0xAF, 0x2F, 0x77, 0x2F, 0xB7, 0x2F, 0x77, 0x26,
    0xBF, 0x2F, 0x77, 0x1B, 0xC7, 0x2F, 0x77, 0x10, 0xCF, 0x2F, 0x77, 0x03,
    0xD7, 0x2F, 0x77, 0x00, 0xDF, 0x2F, 0x77, 0x00, 0xE7, 0x2F, 0x77, 0x00,
    0xEF, 0x2F, 0x77, 0x00, 0xF7, 0x2F, 0x77, 0x00, 0x00, 0x37, 0x77, 0x00,
    0x07, 0x37, 0x77, 0x00, 0x0F, 0x37, 0x77, 0x00, 0x17, 0x37, 0x77, 0x00,
    0x1F, 0x37, 0x77, 0x00, 0x27, 0x37, 0x77, 0x02, 0x2F, 0x37, 0x77, 0x10,
    0x37, 0x37, 0x77, 0x1C, 0x3F, 0x37, 0x77, 0x29, 0x47, 0x37, 0x77, 0x34,
    0x4F, 0x37, 0x77, 0x3E, 0x57, 0x37, 0x77, 0x47, 0x5F, 0x37, 0x77, 0x4F,
    0x67, 0x37, 0x77, 0x56, 0x6F, 0x37, 0x77, 0x5A, 0x77, 0x37, 0x77, 0x5D,
    0x7F, 0x37, 0x77, 0x5E, 0x87, 0x37, 0x77, 0x5D, 0x8F, 0x37, 0x77, 0x5A,
    0x97, 0x37, 0x77, 0x56, 0x9F, 0x37, 0x77, 0x4F, 0xA7, 0x37, 0x77, 0x47,
    0xAF, 0x37, 0x77, 0x3E, 0xB7, 0x37, 0x77, 0x34, 0xBF, 0x37, 0x77, 0x29,
    0xC7, 0x37, 0x77, 0x1C, 0xCF, 0x37, 0x77, 0x10, 0xD7, 0x37, 0x77, 0x02,
    0xDF, 0x37, 0x77, 0x00, 0xE7, 0x37, 0x77, 0x00, 0xEF, 0x37, 0x77, 0x00,
    0xF7, 0x37, 0x77, 0x00, 0x00, 0x3F, 0x77, 0x00, 0x07, 0x3F, 0x77, 0x00,
    0x0F, 0x3F, 0x77, 0x00, 0x17, 0x3F, 0x77, 0x00, 0x1F, 0x3F, 0x77, 0x00,
    0x27, 0x3F, 0x77, 0x0D, 0x2F, 0x3F, 0x77, 0x1B, 0x37, 0x3F, 0x77, 0x29,
    0x3F, 0x3F, 0x77, 0x35, 0x47, 0x3F, 0x77, 0x41, 0x4F, 0x3F, 0x77, 0x4D,
    0x57, 0x3F, 0x77, 0x57, 0x5F, 0x3F, 0x77, 0x5F, 0x67, 0x3F, 0x77, 0x66,
    0x6F, 0x3F, 0x77, 0x6B, 0x77, 0x3F, 0x77, 0x6F, 0x7F, 0x3F, 0x77, 0x70,
    0x87, 0x3F, 0x77, 0x6F, 0x8F, 0x3F, 0x77, 0x6B, 0x97, 0x3F, 0x77, 0x66,
    0x9F, 0x3F, 0x77, 0x5F, 0xA7, 0x3F, 0x77, 0x57, 0xAF, 0x3F, 0x77, 0x4D,
    0xB7, 0x3F, 0x77, 0x41, 0xBF, 0x3F, 0x77, 0x35, 0xC7, 0x3F, 0x77, 0x29,
    0xCF, 0x3F, 0x77, 0x1B, 0xD7, 0x3F, 0x77, 0x0D, 0xDF, 0x3F, 0x77, 0x00,
    0xE7, 0x3F, 0x77, 0x00, 0xEF, 0x3F, 0x77, 0x00, 0xF7, 0x3F, 0x77, 0x00,
    0x00, 0x47, 0x77, 0x00, 0x07, 0x47, 0x77, 0x00, 0x0F, 0x47, 0x77, 0x00,
    0x17, 0x47, 0x77, 0x00, 0x1F, 0x47, 0x77, 0x08, 0x27, 0x47, 0x77, 0x17,
    0x2F, 0x47, 0x77, 0x26, 0x37, 0x47, 0x77, 0x34, 0x3F, 0x47, 0x77, 0x41,
    0x47, 0x47, 0x77, 0x4E, 0x4F, 0x47, 0x77, 0x5A, 0x57, 0x47, 0x77, 0x65,
    0x5F, 0x47, 0x77, 0x6F, 0x67, 0x47, 0x77, 0x76, 0x6F, 0x47, 0x77, 0x7C,
    0x77, 0x47, 0x77, 0x80, 0x7F, 0x47, 0x77, 0x81, 0x87, 0x47, 0x77, 0x80,
    0x8F, 0x47, 0x77, 0x7C, 0x97, 0x47, 0x77, 0x76, 0x9F, 0x47, 0x77, 0x6F,
    0xA7, 0x47, 0x77, 0x65, 0xAF, 0x47, 0x77, 0x5A, 0xB7, 0x47, 0x77, 0x4E,
    0xBF, 0x47, 0x77, 0x41, 0xC7, 0x47, 0x77, 0x34, 0xCF, 0x47, 0x77, 0x26,
    0xD7, 0x47, 0x77, 0x17, 0xDF, 0x47, 0x77, 0x08, 0xE7, 0x47, 0x77, 0x00,
    0xEF, 0x47, 0x77, 0x00, 0xF7, 0x47, 0x77, 0x00, 0x00, 0x4F, 0x77, 0x00,
    0x07, 0x4F, 0x77, 0x00, 0x0F, 0x4F, 0x77, 0x00, 0x17, 0x4F, 0x77, 0x00,
    0x1F, 0x4F, 0x77, 0x10, 0x27, 0x4F, 0x77, 0x20, 0x2F, 0x4F, 0x77, 0x2F,
    0x37, 0x4F, 0x77, 0x3E, 0x3F, 0x4F, 0x77, 0x4D, 0x47, 0x4F, 0x77, 0x5A,
    0x4F, 0x4F, 0x77, 0x67, 0x57, 0x4F, 0x77, 0x73, 0x5F, 0x4F, 0x77, 0x7E,
    0x67, 0x4F, 0x77, 0x86, 0x6F, 0x4F, 0x77, 0x8D, 0x77, 0x4F, 0x77, 0x91,
    0x7F, 0x4F, 0x77, 0x93, 0x87, 0x4F, 0x77, 0x91, 0x8F, 0x4F, 0x77, 0x8D,
    0x97, 0x4F, 0x77, 0x86, 0x9F, 0x4F, 0x77, 0x7E, 0xA7, 0x4F, 0x77, 0x73,
    0xAF, 0x4F, 0x77, 0x67, 0xB7, 0x4F, 0x77, 0x5A, 0xBF, 0x4F, 0x77, 0x4D,
    0xC7, 0x4F, 0x77, 0x3E, 0xCF, 0x4F, 0x77, 0x2F, 0xD7, 0x4F, 0x77, 0x20,
    0xDF, 0x4F, 0x77, 0x10, 0xE7, 0x4F, 0x77, 0x00, 0xEF, 0x4F, 0x77, 0x00,
    0xF7, 0x4F, 0x77, 0x00, 0x00, 0x57, 0x77, 0x00, 0x07, 0x57, 0x77, 0x00,
    0x0F, 0x57, 0x77, 0x00, 0x17, 0x57, 0x77, 0x07, 0x1F, 0x57, 0x77, 0x18,
    0x27, 0x57, 0x77, 0x28, 0x2F, 0x57, 0x77, 0x38, 0x37, 0x57, 0x77, 0x47,
    0x3F, 0x57, 0x77, 0x57, 0x47, 0x57, 0x77, 0x65, 0x4F, 0x57, 0x77, 0x73,
    0x57, 0x57, 0x77, 0x80, 0x5F, 0x57, 0x77, 0x8C, 0x67, 0x57, 0x77, 0x96,
    0x6F, 0x57, 0x77, 0x9E, 0x77, 0x57, 0x77, 0xA2, 0x7F, 0x57, 0x77, 0xA4,
    0x87, 0x57, 0x77, 0xA2, 0x8F, 0x57, 0x77, 0x9E, 0x97, 0x57, 0x77, 0x96,
    0x9F, 0x57, 0x77, 0x8C, 0xA7, 0x57, 0x77, 0x80, 0xAF, 0x57, 0x77, 0x73,
    0xB7, 0x57, 0x77, 0x65, 0xBF, 0x57, 0x77, 0x57, 0xC7, 0x57, 0x77, 0x47,
    0xCF, 0x57, 0x77, 0x38, 0xD7, 0x57, 0x77, 0x28, 0xDF, 0x57, 0x77, 0x18,
    0xE7, 0x57, 0x77, 0x07, 0xEF, 0x57, 0x77, 0x00, 0xF7, 0x57, 0x77, 0x00,
    0x00, 0x5F, 0x77, 0x00, 0x07, 0x5F, 0x77, 0x00, 0x0F, 0x5F, 0x77, 0x00,
    0x17, 0x5F, 0x77, 0x0D, 0x1F, 0x5F, 0x77, 0x1E, 0x27, 0x5F, 0x77, 0x2E,
    0x2F, 0x5F, 0x77, 0x3F, 0x37, 0x5F, 0x77, 0x4F, 0x3F, 0x5F, 0x77, 0x5F,
    0x47, 0x5F, 0x77, 0x6F, 0x4F, 0x5F, 0x77, 0x7E, 0x57, 0x5F, 0x77, 0x8C,
    0x5F, 0x5F, 0x77, 0x99, 0x67, 0x5F, 0x77, 0xA4, 0x6F, 0x5F, 0x77, 0xAD,
    0x77, 0x5F, 0x77, 0xB3, 0x7F, 0x5F, 0x77, 0xB5, 0x87, 0x5F, 0x77, 0xB3,
    0x8F, 0x5F, 0x77, 0xAD, 0x97, 0x5F, 0x77, 0xA4, 0x9F, 0x5F, 0x77, 0x99,
    0xA7, 0x5F, 0x77, 0x8C, 0xAF, 0x5F, 0x77, 0x7E, 0xB7, 0x5F, 0x77, 0x6F,
    0xBF, 0x5F, 0x77, 0x5F, 0xC7, 0x5F, 0x77, 0x4F, 0xCF, 0x5F, 0x77, 0x3F,
    0xD7, 0x5F, 0x77, 0x2E, 0xDF, 0x5F, 0x77, 0x1E, 0xE7, 0x5F, 0x77, 0x0D,
    0xEF, 0x5F, 0x77, 0x00, 0xF7, 0x5F, 0x77, 0x00, 0x00, 0x67, 0x77, 0x00,
    0x07, 0x67, 0x77, 0x00, 0x0F, 0x67, 0x77, 0x00, 0x17, 0x67, 0x77, 0x12,
    0x1F, 0x67, 0x77, 0x23, 0x27, 0x67, 0x77, 0x34, 0x2F, 0x67, 0x77, 0x45,
    0x37, 0x67, 0x77, 0x56, 0x3F, 0x67, 0x77, 0x66, 0x47, 0x67, 0x77, 0x76,
    0x4F, 0x67, 0x77, 0x86, 0x57, 0x67, 0x77, 0x96, 0x5F, 0x67, 0x77, 0xA4,
    0x67, 0x67, 0x77, 0xB1, 0x6F, 0x67, 0x77, 0xBC, 0x77, 0x67, 0x77, 0xC4,
    0x7F, 0x67, 0x77, 0xC7, 0x87, 0x67, 0x77, 0xC4, 0x8F, 0x67, 0x77, 0xBC,
    0x97, 0x67, 0x77, 0xB1, 0x9F, 0x67, 0x77, 0xA4, 0xA7, 0x67, 0x77, 0x96,
    0xAF, 0x67, 0x77, 0x86, 0xB7, 0x67, 0x77, 0x76, 0xBF, 0x67, 0x77, 0x66,
    0xC7, 0x67, 0x77, 0x56, 0xCF, 0x67, 0x77, 0x45, 0xD7, 0x67, 0x77, 0x34,
    0xDF, 0x67, 0x77, 0x23, 0xE7, 0x67, 0x77, 0x12, 0xEF, 0x67, 0x77, 0x00,
    0xF7, 0x67, 0x77, 0x00, 0x00, 0x6F, 0x77, 0x00, 0x07, 0x6F, 0x77, 0x00,
    0x0F, 0x6F, 0x77, 0x03, 0x17, 0x6F, 0x77, 0x15, 0x1F, 0x6F, 0x77, 0x26,
    0x27, 0x6F, 0x77, 0x38, 0x2F, 0x6F, 0x77, 0x49, 0x37, 0x6F, 0x77, 0x5A,
    0x3F, 0x6F, 0x77, 0x6B, 0x47, 0x6F, 0x77, 0x7C, 0x4F, 0x6F, 0x77, 0x8D,
    0x57, 0x6F, 0x77, 0x9E, 0x5F, 0x6F, 0x77, 0xAD, 0x67, 0x6F, 0x77, 0xBC,
    0x6F, 0x6F, 0x77, 0xC9, 0x77, 0x6F, 0x77, 0xD3, 0x7F, 0x6F, 0x77, 0xD7,
    0x87, 0x6F, 0x77, 0xD3, 0x8F, 0x6F, 0x77, 0xC9, 0x97, 0x6F, 0x77, 0xBC,
    0x9F, 0x6F, 0x77, 0xAD, 0xA7, 0x6F, 0x77, 0x9E, 0xAF, 0x6F, 0x77, 0x8D,
    0xB7, 0x6F, 0x77, 0x7C, 0xBF, 0x6F, 0x77, 0x6B, 0xC7, 0x6F, 0x77, 0x5A,
    0xCF, 0x6F, 0x77, 0x49, 0xD7, 0x6F, 0x77, 0x38, 0xDF, 0x6F, 0x77, 0x26,
    0xE7, 0x6F, 0x77, 0x15, 0xEF, 0x6F, 0x77, 0x03, 0xF7, 0x6F, 0x77, 0x00,
    0x00, 0x77, 0x77, 0x00, 0x07, 0x77, 0x77, 0x00, 0x0F, 0x77, 0x77, 0x05,
    0x17, 0x77, 0x77, 0x17, 0x1F, 0x77, 0x77, 0x29, 0x27, 0x77, 0x77, 0x3A,
    0x2F, 0x77, 0x77, 0x4C, 0x37, 0x77, 0x77, 0x5D, 0x3F, 0x77, 0x77, 0x6F,
    0x47, 0x77, 0x77, 0x80, 0x4F, 0x77, 0x77, 0x91, 0x57, 0x77, 0x77, 0xA2,
    0x5F, 0x77, 0x77, 0xB3, 0x67, 0x77, 0x77, 0xC4, 0x6F, 0x77, 0x77, 0xD3,
    0x77, 0x77, 0x77, 0xE0, 0x7F, 0x77, 0x77, 0xE5, 0x87, 0x77, 0x77, 0xE0,
    0x8F, 0x77, 0x77, 0xD3, 0x97, 0x77, 0x77, 0xC4, 0x9F, 0x77, 0x77, 0xB3,
    0xA7, 0x77, 0x77, 0xA2, 0xAF, 0x77, 0x77, 0x91, 0xB7, 0x77, 0x77, 0x80,
    0xBF, 0x77, 0x77, 0x6F, 0xC7, 0x77, 0x77, 0x5D, 0xCF, 0x77, 0x77, 0x4C,
    0xD7, 0x77, 0x77, 0x3A, 0xDF, 0x77, 0x77, 0x29, 0xE7, 0x77, 0x77, 0x17,
    0xEF, 0x77, 0x77, 0x05, 0xF7, 0x77, 0x77, 0x00, 0x00, 0x7F, 0x77, 0x00,
    0x07, 0x7F, 0x77, 0x00, 0x0F, 0x7F, 0x77, 0x06, 0x17, 0x7F, 0x77, 0x18,
    0x1F, 0x7F, 0x77, 0x29, 0x27, 0x7F, 0x77, 0x3B, 0x2F, 0x7F, 0x77, 0x4D,
    0x37, 0x7F, 0x77, 0x5E, 0x3F, 0x7F, 0x77, 0x70, 0x47, 0x7F, 0x77, 0x81,
    0x4F, 0x7F, 0x77, 0x93, 0x57, 0x7F, 0x77, 0xA4, 0x5F, 0x7F, 0x77, 0xB5,
    0x67, 0x7F, 0x77, 0xC7, 0x6F, 0x7F, 0x77, 0xD7, 0x77, 0x7F, 0x77, 0xE5,
    0x7F, 0x7F, 0x77, 0xED, 0x87, 0x7F, 0x77, 0xE5, 0x8F, 0x7F, 0x77, 0xD7,
    0x97, 0x7F, 0x77, 0xC7, 0x9F, 0x7F, 0x77, 0xB5, 0xA7, 0x7F, 0x77, 0xA4,
    0xAF, 0x7F, 0x77, 0x93, 0xB7, 0x7F, 0x77, 0x81, 0xBF, 0x7F, 0x77, 0x70,
    0xC7, 0x7F, 0x77, 0x5E, 0xCF, 0x7F, 0x77, 0x4D, 0xD7, 0x7F, 0x77, 0x3B,
    0xDF, 0x7F, 0x77, 0x29, 0xE7, 0x7F, 0x77, 0x18, 0xEF, 0x7F, 0x77, 0x06,
    0xF7, 0x7F, 0x77, 0x00, 0x00, 0x87, 0x77, 0x00, 0x07, 0x87, 0x77, 0x00,
    0x0F, 0x87, 0x77, 0x05, 0x17, 0x87, 0x77, 0x17, 0x1F, 0x87, 0x77, 0x29,
    0x27, 0x87, 0x77, 0x3A, 0x2F, 0x87, 0x77, 0x4C, 0x37, 0x87, 0x77, 0x5D,
    0x3F, 0x87, 0x77, 0x6F, 0x47, 0x87, 0x77, 0x80, 0x4F, 0x87, 0x77, 0x91,
    0x57, 0x87, 0x77, 0xA2, 0x5F, 0x87, 0x77, 0xB3, 0x67, 0x87, 0x77, 0xC4,
    0x6F, 0x87, 0x77, 0xD3, 0x77, 0x87, 0x77, 0xE0, 0x7F, 0x87, 0x77, 0xE5,
    0x87, 0x87, 0x77, 0xE0, 0x8F, 0x87, 0x77, 0xD3, 0x97, 0x87, 0x77, 0xC4,
    0x9F, 0x87, 0x77, 0xB3, 0xA7, 0x87, 0x77, 0xA2, 0xAF, 0x87, 0x77, 0x91,
    0xB7, 0x87, 0x77, 0x80, 0xBF, 0x87, 0x77, 0x6F, 0xC7, 0x87, 0x77, 0x5D,
    0xCF, 0x87, 0x77, 0x4C, 0xD7, 0x87, 0x77, 0x3A, 0xDF, 0x87, 0x77, 0x29,
    0xE7, 0x87, 0x77, 0x17, 0xEF, 0x87, 0x77, 0x05, 0xF7, 0x87, 0x77, 0x00,
    0x00, 0x8F, 0x77, 0x00, 0x07, 0x8F, 0x77, 0x00, 0x0F, 0x8F, 0x77, 0x03,
    0x17, 0x8F, 0x77, 0x15, 0x1F, 0x8F, 0x77, 0x26, 0x27, 0x8F, 0x77, 0x38,
    0x2F, 0x8F, 0x77, 0x49, 0x37, 0x8F, 0x77, 0x5A, 0x3F, 0x8F, 0x77, 0x6B,
    0x47, 0x8F, 0x77, 0x7C, 0x4F, 0x8F, 0x77, 0x8D, 0x57, 0x8F, 0x77, 0x9E,
    0x5F, 0x8F, 0x77, 0xAD, 0x67, 0x8F, 0x77, 0xBC, 0x6F, 0x8F, 0x77, 0xC9,
    0x77, 0x8F, 0x77, 0xD3, 0x7F, 0x8F, 0x77, 0xD7, 0x87, 0x8F, 0x77, 0xD3,
    0x8F, 0x8F, 0x77, 0xC9, 0x97, 0x8F, 0x77, 0xBC, 0x9F, 0x8F, 0x77, 0xAD,
    0xA7, 0x8F, 0x77, 0x9E, 0xAF, 0x8F, 0x77, 0x8D, 0xB7, 0x8F, 0x77, 0x7C,
    0xBF, 0x8F, 0x77, 0x6B, 0xC7, 0x8F, 0x77, 0x5A, 0xCF, 0x8F, 0x77, 0x49,
    0xD7, 0x8F, 0x77, 0x38, 0xDF, 0x8F, 0x77, 0x26, 0xE7, 0x8F, 0x77, 0x15,
    0xEF, 0x8F, 0x77, 0x03, 0xF7, 0x8F, 0x77, 0x00, 0x00, 0x97, 0x77, 0x00,
    0x07, 0x97, 0x77, 0x00, 0x0F, 0x97, 0x77, 0x00, 0x17, 0x97, 0x77, 0x12,
    0x1F, 0x97, 0x77, 0x23, 0x27, 0x97, 0x77, 0x34, 0x2F, 0x97, 0x77, 0x45,
    0x37, 0x97, 0x77, 0x56, 0x3F, 0x97, 0x77, 0x66, 0x47, 0x97, 0x77, 0x76,
    0x4F, 0x97, 0x77, 0x86, 0x57, 0x97, 0x77, 0x96, 0x5F, 0x97, 0x77, 0xA4,
    0x67, 0x97, 0x77, 0xB1, 0x6F, 0x97, 0x77, 0xBC, 0x77, 0x97, 0x77, 0xC4,
    0x7F, 0x97, 0x77, 0xC7, 0x87, 0x97, 0x77, 0xC4, 0x8F, 0x97, 0x77, 0xBC,
    0x97, 0x97, 0x77, 0xB1, 0x9F, 0x97, 0x77, 0xA4, 0xA7, 0x97, 0x77, 0x96,
    0xAF, 0x97, 0x77, 0x86, 0xB7, 0x97, 0x77, 0x76, 0xBF, 0x97, 0x77, 0x66,
    0xC7, 0x97, 0x77, 0x56, 0xCF, 0x97, 0x77, 0x45, 0xD7, 0x97, 0x77, 0x34,
    0xDF, 0x97, 0x77, 0x23, 0xE7, 0x97, 0x77, 0x12, 0xEF, 0x97, 0x77, 0x00,
    0xF7, 0x97, 0x77, 0x00, 0x00, 0x9F, 0x77, 0x00, 0x07, 0x9F, 0x77, 0x00,
    0x0F, 0x9F, 0x77, 0x00, 0x17, 0x9F, 0x77, 0x0D, 0x1F, 0x9F, 0x77, 0x1E,
    0x27, 0x9F, 0x77, 0x2E, 0x2F, 0x9F, 0x77, 0x3F, 0x37, 0x9F, 0x77, 0x4F,
    0x3F, 0x9F, 0x77, 0x5F, 0x47, 0x9F, 0x77, 0x6F, 0x4F, 0x9F, 0x77, 0x7E,
    0x57, 0x9F, 0x77, 0x8C, 0x5F, 0x9F, 0x77, 0x99, 0x67, 0x9F, 0x77, 0xA4,
    0x6F, 0x9F, 0x77, 0xAD, 0x77, 0x9F, 0x77, 0xB3, 0x7F, 0x9F, 0x77, 0xB5,
    0x87, 0x9F, 0x77, 0xB3, 0x8F, 0x9F, 0x77, 0xAD, 0x97, 0x9F, 0x77, 0xA4,
    0x9F, 0x9F, 0x77, 0x99, 0xA7, 0x9F, 0x77, 0x8C, 0xAF, 0x9F, 0x77, 0x7E,
    0xB7, 0x9F, 0x77, 0x6F, 0xBF, 0x9F, 0x77, 0x5F, 0xC7, 0x9F, 0x77, 0x4F,
    0xCF, 0x9F, 0x77, 0x3F, 0xD7, 0x9F, 0x77, 0x2E, 0xDF, 0x9F, 0x77, 0x1E,
    0xE7, 0x9F, 0x77, 0x0D, 0xEF, 0x9F, 0x77, 0x00, 0xF7, 0x9F, 0x77, 0x00,
    0x00, 0xA7, 0x77, 0x00, 0x07, 0xA7, 0x77, 0x00, 0x0F, 0xA7, 0x77, 0x00,
    0x17, 0xA7, 0x77, 0x07, 0x1F, 0xA7, 0x77, 0x18, 0x27, 0xA7, 0x77, 0x28,
    0x2F, 0xA7, 0x77, 0x38, 0x37, 0xA7, 0x77, 0x47, 0x3F, 0xA7, 0x77, 0x57,
    0x47, 0xA7, 0x77, 0x65, 0x4F, 0xA7, 0x77, 0x73, 0x57, 0xA7, 0x77, 0x80,
    0x5F, 0xA7, 0x77, 0x8C, 0x67, 0xA7, 0x77, 0x96, 0x6F, 0xA7, 0x77, 0x9E,
    0x77, 0xA7, 0x77, 0xA2, 0x7F, 0xA7, 0x77, 0xA4, 0x87, 0xA7, 0x77, 0xA2,
    0x8F, 0xA7, 0x77, 0x9E, 0x97, 0xA7, 0x77, 0x96, 0x9F, 0xA7, 0x77, 0x8C,
    0xA7, 0xA7, 0x77, 0x80, 0xAF, 0xA7, 0x77, 0x73, 0xB7, 0xA7, 0x77, 0x65,
    0xBF, 0xA7, 0x77, 0x57, 0xC7, 0xA7, 0x77, 0x47, 0xCF, 0xA7, 0x77, 0x38,
    0xD7, 0xA7, 0x77, 0x28, 0xDF, 0xA7, 0x77, 0x18, 0xE7, 0xA7, 0x77, 0x07,
    0xEF, 0xA7, 0x77, 0x00, 0xF7, 0xA7, 0x77, 0x00, 0x00, 0xAF, 0x77, 0x00,
    0x07, 0xAF, 0x77, 0x00, 0x0F, 0xAF, 0x77, 0x00, 0x17, 0xAF, 0x77, 0x00,
    0x1F, 0xAF, 0x77, 0x10, 0x27, 0xAF, 0x77, 0x20, 0x2F, 0xAF, 0x77, 0x2F,
    0x37, 0xAF, 0x77, 0x3E, 0x3F, 0xAF, 0x77, 0x4D, 0x47, 0xAF, 0x77, 0x5A,
    0x4F, 0xAF, 0x77, 0x67, 0x57, 0xAF, 0x77, 0x73, 0x5F, 0xAF, 0x77, 0x7E,
    0x67, 0xAF, 0x77, 0x86, 0x6F, 0xAF, 0x77, 0x8D, 0x77, 0xAF, 0x77, 0x91,
    0x7F, 0xAF, 0x77, 0x93, 0x87, 0xAF, 0x77, 0x91, 0x8F, 0xAF, 0x77, 0x8D,
    0x97, 0xAF, 0x77, 0x86, 0x9F, 0xAF, 0x77, 0x7E, 0xA7, 0xAF, 0x77, 0x73,
    0xAF, 0xAF, 0x77, 0x67, 0xB7, 0xAF, 0x77, 0x5A, 0xBF, 0xAF, 0x77, 0x4D,
    0xC7, 0xAF, 0x77, 0x3E, 0xCF, 0xAF, 0x77, 0x2F, 0xD7, 0xAF, 0x77, 0x20,
    0xDF, 0xAF, 0x77, 0x10, 0xE7, 0xAF, 0x77, 0x00, 0xEF, 0xAF, 0x77, 0x00,
    0xF7, 0xAF, 0x77, 0x00, 0x00, 0xB7, 0x77, 0x00, 0x07, 0xB7, 0x77, 0x00,
    0x0F, 0xB7, 0x77, 0x00, 0x17, 0xB7, 0x77, 0x00, 0x1F, 0xB7, 0x77, 0x08,
    0x27, 0xB7, 0x77, 0x17, 0x2F, 0xB7, 0x77, 0x26, 0x37, 0xB7, 0x77, 0x34,
    0x3F, 0xB7, 0x77, 0x41, 0x47, 0xB7, 0x77, 0x4E, 0x4F, 0xB7, 0x77, 0x5A,
    0x57, 0xB7, 0x77, 0x65, 0x5F, 0xB7, 0x77, 0x6F, 0x67, 0xB7, 0x77, 0x76,
    0x6F, 0xB7, 0x77, 0x7C, 0x77, 0xB7, 0x77, 0x80, 0x7F, 0xB7, 0x77, 0x81,
    0x87, 0xB7, 0x77, 0x80, 0x8F, 0xB7, 0x77, 0x7C, 0x97, 0xB7, 0x77, 0x76,
    0x9F, 0xB7, 0x77, 0x6F, 0xA7, 0xB7, 0x77, 0x65, 0xAF, 0xB7, 0x77, 0x5A,
    0xB7, 0xB7, 0x77, 0x4E, 0xBF, 0xB7, 0x77, 0x41, 0xC7, 0xB7, 0x77, 0x34,
    0xCF, 0xB7, 0x77, 0x26, 0xD7, 0xB7, 0x77, 0x17, 0xDF, 0xB7, 0x77, 0x08,
    0xE7, 0xB7, 0x77, 0x00, 0xEF, 0xB7, 0x77, 0x00, 0xF7, 0xB7, 0x77, 0x00,
    0x00, 0xBF, 0x77, 0x00, 0x07, 0xBF, 0x77, 0x00, 0x0F, 0xBF, 0x77, 0x00,
    0x17, 0xBF, 0x77, 0x00, 0x1F, 0xBF, 0x77, 0x00, 0x27, 0xBF, 0x77, 0x0D,
    0x2F, 0xBF, 0x77, 0x1B, 0x37, 0xBF, 0x77, 0x29, 0x3F, 0xBF, 0x77, 0x35,
    0x47, 0xBF, 0x77, 0x41, 0x4F, 0xBF, 0x77, 0x4D, 0x57, 0xBF, 0x77, 0x57,
    0x5F, 0xBF, 0x77, 0x5F, 0x67, 0xBF, 0x77, 0x66, 0x6F, 0xBF, 0x77, 0x6B,
    0x77, 0xBF, 0x77, 0x6F, 0x7F, 0xBF, 0x77, 0x70, 0x87, 0xBF, 0x77, 0x6F,
    0x8F, 0xBF, 0x77, 0x6B, 0x97, 0xBF, 0x77, 0x66, 0x9F, 0xBF, 0x77, 0x5F,
    0xA7, 0xBF, 0x77, 0x57, 0xAF, 0xBF, 0x77, 0x4D, 0xB7, 0xBF, 0x77, 0x41,
    0xBF, 0xBF, 0x77, 0x35, 0xC7, 0xBF, 0x77, 0x29, 0xCF, 0xBF, 0x77, 0x1B,
    0xD7, 0xBF, 0x77, 0x0D, 0xDF, 0xBF, 0x77, 0x00, 0xE7, 0xBF, 0x77, 0x00,
    0xEF, 0xBF, 0x77, 0x00, 0xF7, 0xBF, 0x77, 0x00, 0x00, 0xC7, 0x77, 0x00,
    0x07, 0xC7, 0x77, 0x00, 0x0F, 0xC7, 0x77, 0x00, 0x17, 0xC7, 0x77, 0x00,
    0x1F, 0xC7, 0x77, 0x00, 0x27, 0xC7, 0x77, 0x02, 0x2F, 0xC7, 0x77, 0x10,
    0x37, 0xC7, 0x77, 0x1C, 0x3F, 0xC7, 0x77, 0x29, 0x47, 0xC7, 0x77, 0x34,
    0x4F, 0xC7, 0x77, 0x3E, 0x57, 0xC7, 0x77, 0x47, 0x5F, 0xC7, 0x77, 0x4F,
    0x67, 0xC7, 0x77, 0x56, 0x6F, 0xC7, 0x77, 0x5A, 0x77, 0xC7, 0x77, 0x5D,
    0x7F, 0xC7, 0x77, 0x5E, 0x87, 0xC7, 0x77, 0x5D, 0x8F, 0xC7, 0x77, 0x5A,
    0x97, 0xC7, 0x77, 0x56, 0x9F, 0xC7, 0x77, 0x4F, 0xA7, 0xC7, 0x77, 0x47,
    0xAF, 0xC7, 0x77, 0x3E, 0xB7, 0xC7, 0x77, 0x34, 0xBF, 0xC7, 0x77, 0x29,
    0xC7, 0xC7, 0x77, 0x1C, 0xCF, 0xC7, 0x77, 0x10, 0xD7, 0xC7, 0x77, 0x02,
    0xDF, 0xC7, 0x77, 0x00, 0xE7, 0xC7, 0x77, 0x00, 0xEF, 0xC7, 0x77, 0x00,
    0xF7, 0xC7, 0x77, 0x00, 0x00, 0xCF, 0x77, 0x00, 0x07, 0xCF, 0x77, 0x00,
    0x0F, 0xCF, 0x77, 0x00, 0x17, 0xCF, 0x77, 0x00, 0x1F, 0xCF, 0x77, 0x00,
    0x27, 0xCF, 0x77, 0x00, 0x2F, 0xCF, 0x77, 0x03, 0x37, 0xCF, 0x77, 0x10,
    0x3F, 0xCF, 0x77, 0x1B, 0x47, 0xCF, 0x77, 0x26, 0x4F, 0xCF, 0x77, 0x2F,
    0x57, 0xCF, 0x77, 0x38, 0x5F, 0xCF, 0x77, 0x3F, 0x67, 0xCF, 0x77, 0x45,
    0x6F, 0xCF, 0x77, 0x49, 0x77, 0xCF, 0x77, 0x4C, 0x7F, 0xCF, 0x77, 0x4D,
    0x87, 0xCF, 0x77, 0x4C, 0x8F, 0xCF, 0x77, 0x49, 0x97, 0xCF, 0x77, 0x45,
    0x9F, 0xCF, 0x77, 0x3F, 0xA7, 0xCF, 0x77, 0x38, 0xAF, 0xCF, 0x77, 0x2F,
    0xB7, 0xCF, 0x77, 0x26, 0xBF, 0xCF, 0x77, 0x1B, 0xC7, 0xCF, 0x77, 0x10,
    0xCF, 0xCF, 0x77, 0x03, 0xD7, 0xCF, 0x77, 0x00, 0xDF, 0xCF, 0x77, 0x00,
    0xE7, 0xCF, 0x77, 0x00, 0xEF, 0xCF, 0x77, 0x00, 0xF7, 0xCF, 0x77, 0x00,
    0x00, 0xD7, 0x77, 0x00, 0x07, 0xD7, 0x77, 0x00, 0x0F, 0xD7, 0x77, 0x00,
    0x17, 0xD7, 0x77, 0x00, 0x1F, 0xD7, 0x77, 0x00, 0x27, 0xD7, 0x77, 0x00,
    0x2F, 0xD7, 0x77, 0x00, 0x37, 0xD7, 0x77, 0x02, 0x3F, 0xD7, 0x77, 0x0D,
    0x47, 0xD7, 0x77, 0x17, 0x4F, 0xD7, 0x77, 0x20, 0x57, 0xD7, 0x77, 0x28,
    0x5F, 0xD7, 0x77, 0x2E, 0x67, 0xD7, 0x77, 0x34, 0x6F, 0xD7, 0x77, 0x38,
    0x77, 0xD7, 0x77, 0x3A, 0x7F, 0xD7, 0x77, 0x3B, 0x87, 0xD7, 0x77, 0x3A,
    0x8F, 0xD7, 0x77, 0x38, 0x97, 0xD7, 0x77, 0x34, 0x9F, 0xD7, 0x77, 0x2E,
    0xA7, 0xD7, 0x77, 0x28, 0xAF, 0xD7, 0x77, 0x20, 0xB7, 0xD7, 0x77, 0x17,
    0xBF, 0xD7, 0x77, 0x0D, 0xC7, 0xD7, 0x77, 0x02, 0xCF, 0xD7, 0x77, 0x00,
    0xD7, 0xD7, 0x77, 0x00, 0xDF, 0xD7, 0x77, 0x00, 0xE7, 0xD7, 0x77, 0x00,
    0xEF, 0xD7, 0x77, 0x00, 0xF7, 0xD7, 0x77, 0x00, 0x00, 0xDF, 0x77, 0x00,
    0x07, 0xDF, 0x77, 0x00, 0x0F, 0xDF, 0x77, 0x00, 0x17, 0xDF, 0x77, 0x00,
    0x1F, 0xDF, 0x77, 0x00, 0x27, 0xDF, 0x77, 0x00, 0x2F, 0xDF, 0x77, 0x00,
    0x37, 0xDF, 0x77, 0x00, 0x3F, 0xDF, 0x77, 0x00, 0x47, 0xDF, 0x77, 0x08,
    0x4F, 0xDF, 0x77, 0x10, 0x57, 0xDF, 0x77, 0x18, 0x5F, 0xDF, 0x77, 0x1E,
    0x67, 0xDF, 0x77, 0x23, 0x6F, 0xDF, 0x77, 0x26, 0x77, 0xDF, 0x77, 0x29,
    0x7F, 0xDF, 0x77, 0x29, 0x87, 0xDF, 0x77, 0x29, 0x8F, 0xDF, 0x77, 0x26,
    0x97, 0xDF, 0x77, 0x23, 0x9F, 0xDF, 0x77, 0x1E, 0xA7, 0xDF, 0x77, 0x18,
    0xAF, 0xDF, 0x77, 0x10, 0xB7, 0xDF, 0x77, 0x08, 0xBF, 0xDF, 0x77, 0x00,
    0xC7, 0xDF, 0x77, 0x00, 0xCF, 0xDF, 0x77, 0x00, 0xD7, 0xDF, 0x77, 0x00,
    0xDF, 0xDF, 0x77, 0x00, 0xE7, 0xDF, 0x77, 0x00, 0xEF, 0xDF, 0x77, 0x00,
    0xF7, 0xDF, 0x77, 0x00, 0x00, 0xE7, 0x77, 0x00, 0x07, 0xE7, 0x77, 0x00,
    0x0F, 0xE7, 0x77, 0x00, 0x17, 0xE7, 0x77, 0x00, 0x1F, 0xE7, 0x77, 0x00,
    0x27, 0xE7, 0x77, 0x00, 0x2F, 0xE7, 0x77, 0x00, 0x37, 0xE7, 0x77, 0x00,
    0x3F, 0xE7, 0x77, 0x00, 0x47, 0xE7, 0x77, 0x00, 0x4F, 0xE7, 0x77, 0x00,
    0x57, 0xE7, 0x77, 0x07, 0x5F, 0xE7, 0x77, 0x0D, 0x67, 0xE7, 0x77, 0x12,
    0x6F, 0xE7, 0x77, 0x15, 0x77, 0xE7, 0x77, 0x17, 0x7F, 0xE7, 0x77, 0x18,
    0x87, 0xE7, 0x77, 0x17, 0x8F, 0xE7, 0x77, 0x15, 0x97, 0xE7, 0x77, 0x12,
    0x9F, 0xE7, 0x77, 0x0D, 0xA7, 0xE7, 0x77, 0x07, 0xAF, 0xE7, 0x77, 0x00,
    0xB7, 0xE7, 0x77, 0x00, 0xBF, 0xE7, 0x77, 0x00, 0xC7, 0xE7, 0x77, 0x00,
    0xCF, 0xE7, 0x77, 0x00, 0xD7, 0xE7, 0x77, 0x00, 0xDF, 0xE7, 0x77, 0x00,
    0xE7, 0xE7, 0x77, 0x00, 0xEF, 0xE7, 0x77, 0x00, 0xF7, 0xE7, 0x77, 0x00,
    0x00, 0xEF, 0x77, 0x00, 0x07, 0xEF, 0x77, 0x00, 0x0F, 0xEF, 0x77, 0x00,
    0x17, 0xEF, 0x77, 0x00, 0x1F, 0xEF, 0x77, 0x00, 0x27, 0xEF, 0x77, 0x00,
    0x2F, 0xEF, 0x77, 0x00, 0x37, 0xEF, 0x77, 0x00, 0x3F, 0xEF, 0x77, 0x00,
    0x47, 0xEF, 0x77, 0x00, 0x4F, 0xEF, 0x77, 0x00, 0x57, 0xEF, 0x77, 0x00,
    0x5F, 0xEF, 0x77, 0x00, 0x67, 0xEF, 0x77, 0x00, 0x6F, 0xEF, 0x77, 0x03,
    0x77, 0xEF, 0x77, 0x05, 0x7F, 0xEF, 0x77, 0x06, 0x87, 0xEF, 0x77, 0x05,
    0x8F, 0xEF, 0x77, 0x03, 0x97, 0xEF, 0x77, 0x00, 0x9F, 0xEF, 0x77, 0x00,
    0xA7, 0xEF, 0x77, 0x00, 0xAF, 0xEF, 0x77, 0x00, 0xB7, 0xEF, 0x77, 0x00,
    0xBF, 0xEF, 0x77, 0x00, 0xC7, 0xEF, 0x77, 0x00, 0xCF, 0xEF, 0x77, 0x00,
    0xD7, 0xEF, 0x77, 0x00, 0xDF, 0xEF, 0x77, 0x00, 0xE7, 0xEF, 0x77, 0x00,
    0xEF, 0xEF, 0x77, 0x00, 0xF7, 0xEF, 0x77, 0x00, 0x00, 0xF7, 0x77, 0x00,
    0x07, 0xF7, 0x77, 0x00, 0x0F, 0xF7, 0x77, 0x00, 0x17, 0xF7, 0x77, 0x00,
    0x1F, 0xF7, 0x77, 0x00, 0x27, 0xF7, 0x77, 0x00, 0x2F, 0xF7, 0x77, 0x00,
    0x37, 0xF7, 0x77, 0x00, 0x3F, 0xF7, 0x77, 0x00, 0x47, 0xF7, 0x77, 0x00,
    0x4F, 0xF7, 0x77, 0x00, 0x57, 0xF7, 0x77, 0x00, 0x5F, 0xF7, 0x77, 0x00,
    0x67, 0xF7, 0x77, 0x00, 0x6F, 0xF7, 0x77, 0x00, 0x77, 0xF7, 0x77, 0x00,
    0x7F, 0xF7, 0x77, 0x00, 0x87, 0xF7, 0x77, 0x00, 0x8F, 0xF7, 0x77, 0x00,
    0x97, 0xF7, 0x77, 0x00, 0x9F, 0xF7, 0x77, 0x00, 0xA7, 0xF7, 0x77, 0x00,
    0xAF, 0xF7, 0x77, 0x00, 0xB7, 0xF7, 0x77, 0x00, 0xBF, 0xF7, 0x77, 0x00,
    0xC7, 0xF7, 0x77, 0x00, 0xCF, 0xF7, 0x77, 0x00, 0xD7, 0xF7, 0x77, 0x00,
    0xDF, 0xF7, 0x77, 0x00, 0xE7, 0xF7, 0x77, 0x00, 0xEF, 0xF7, 0x77, 0x00,
    0xF7, 0xF7, 0x77, 0x00, 0x00, 0x00, 0x7F, 0x00, 0x07, 0x00, 0x7F, 0x00,
    0x0F, 0x00, 0x7F, 0x00, 0x17, 0x00, 0x7F, 0x00, 0x1F, 0x00, 0x7F, 0x00,
    0x27, 0x00, 0x7F, 0x00, 0x2F, 0x00, 0x7F, 0x00, 0x37, 0x00, 0x7F, 0x00,
    0x3F, 0x00, 0x7F, 0x00, 0x47, 0x00, 0x7F, 0x00, 0x4F, 0x00, 0x7F, 0x00,
    0x57, 0x00, 0x7F, 0x00, 0x5F, 0x00, 0x7F, 0x00, 0x67, 0x00, 0x7F, 0x00,
    0x6F, 0x00, 0x7F, 0x00, 0x77, 0x00, 0x7F, 0x00, 0x7F, 0x00, 0x7F, 0x00,
    0x87, 0x00, 0x7F, 0x00, 0x8F, 0x00, 0x7F, 0x00, 0x97, 0x00, 0x7F, 0x00,
    0x9F, 0x00, 0x7F, 0x00, 0xA7, 0x00, 0x7F, 0x00, 0xAF, 0x00, 0x7F, 0x00,
    0xB7, 0x00, 0x7F, 0x00, 0xBF, 0x00, 0x7F, 0x00, 0xC7, 0x00, 0x7F, 0x00,
    0xCF, 0x00, 0x7F, 0x00, 0xD7, 0x00, 0x7F, 0x00, 0xDF, 0x00, 0x7F, 0x00,
    0xE7, 0x00, 0x7F, 0x00, 0xEF, 0x00, 0x7F, 0x00, 0xF7, 0x00, 0x7F, 0x00,
    0x00, 0x07, 0x7F, 0x00, 0x07, 0x07, 0x7F, 0x00, 0x0F, 0x07, 0x7F, 0x00,
    0x17, 0x07, 0x7F, 0x00, 0x1F, 0x07, 0x7F, 0x00, 0x27, 0x07, 0x7F, 0x00,
    0x2F, 0x07, 0x7F, 0x00, 0x37, 0x07, 0x7F, 0x00, 0x3F, 0x07, 0x7F, 0x00,
    0x47, 0x07, 0x7F, 0x00, 0x4F, 0x07, 0x7F, 0x00, 0x57, 0x07, 0x7F, 0x00,
    0x5F, 0x07, 0x7F, 0x00, 0x67, 0x07, 0x7F, 0x00, 0x6F, 0x07, 0x7F, 0x00,
    0x77, 0x07, 0x7F, 0x00, 0x7F, 0x07, 0x7F, 0x00, 0x87, 0x07, 0x7F, 0x00,
    0x8F, 0x07, 0x7F, 0x00, 0x97, 0x07, 0x7F, 0x00, 0x9F, 0x07, 0x7F, 0x00,
    0xA7, 0x07, 0x7F, 0x00, 0xAF, 0x07, 0x7F, 0x00, 0xB7, 0x07, 0x7F, 0x00,
    0xBF, 0x07, 0x7F, 0x00, 0xC7, 0x07, 0x7F, 0x00, 0xCF, 0x07, 0x7F, 0x00,
    0xD7, 0x07, 0x7F, 0x00, 0xDF, 0x07, 0x7F, 0x00, 0xE7, 0x07, 0x7F, 0x00,
    0xEF, 0x07, 0x7F, 0x00, 0xF7, 0x07, 0x7F, 0x00, 0x00, 0x0F, 0x7F, 0x00,
    0x07, 0x0F, 0x7F, 0x00, 0x0F, 0x0F, 0x7F, 0x00, 0x17, 0x0F, 0x7F, 0x00,
    0x1F, 0x0F, 0x7F, 0x00, 0x27, 0x0F, 0x7F, 0x00, 0x2F, 0x0F, 0x7F, 0x00,
    0x37, 0x0F, 0x7F, 0x00, 0x3F, 0x0F, 0x7F, 0x00, 0x47, 0x0F, 0x7F, 0x00,
    0x4F, 0x0F, 0x7F, 0x00, 0x57, 0x0F, 0x7F, 0x00, 0x5F, 0x0F, 0x7F, 0x00,
    0x67, 0x0F, 0x7F, 0x01, 0x6F, 0x0F, 0x7F, 0x04, 0x77, 0x0F, 0x7F, 0x06,
    0x7F, 0x0F, 0x7F, 0x07, 0x87, 0x0F, 0x7F, 0x06, 0x8F, 0x0F, 0x7F, 0x04,
    0x97, 0x0F, 0x7F, 0x01, 0x9F, 0x0F, 0x7F, 0x00, 0xA7, 0x0F, 0x7F, 0x00,
    0xAF, 0x0F, 0x7F, 0x00, 0xB7, 0x0F, 0x7F, 0x00, 0xBF, 0x0F, 0x7F, 0x00,
    0xC7, 0x0F, 0x7F, 0x00, 0xCF, 0x0F, 0x7F, 0x00, 0xD7, 0x0F, 0x7F, 0x00,
    0xDF, 0x0F, 0x7F, 0x00, 0xE7, 0x0F, 0x7F, 0x00, 0xEF, 0x0F, 0x7F, 0x00,
    0xF7, 0x0F, 0x7F, 0x00, 0x00, 0x17, 0x7F, 0x00, 0x07, 0x17, 0x7F, 0x00,
    0x0F, 0x17, 0x7F, 0x00, 0x17, 0x17, 0x7F, 0x00, 0x1F, 0x17, 0x7F, 0x00,
    0x27, 0x17, 0x7F, 0x00, 0x2F, 0x17, 0x7F, 0x00, 0x37, 0x17, 0x7F, 0x00,
    0x3F, 0x17, 0x7F, 0x00, 0x47, 0x17, 0x7F, 0x00, 0x4F, 0x17, 0x7F, 0x01,
    0x57, 0x17, 0x7F, 0x08, 0x5F, 0x17, 0x7F, 0x0E, 0x67, 0x17, 0x7F, 0x12,
    0x6F, 0x17, 0x7F, 0x16, 0x77, 0x17, 0x7F, 0x18, 0x7F, 0x17, 0x7F, 0x18,
    0x87, 0x17, 0x7F, 0x18, 0x8F, 0x17, 0x7F, 0x16, 0x97, 0x17, 0x7F, 0x12,
    0x9F, 0x17, 0x7F, 0x0E, 0xA7, 0x17, 0x7F, 0x08, 0xAF, 0x17, 0x7F, 0x01,
    0xB7, 0x17, 0x7F, 0x00, 0xBF, 0x17, 0x7F, 0x00, 0xC7, 0x17, 0x7F, 0x00,
    0xCF, 0x17, 0x7F, 0x00, 0xD7, 0x17, 0x7F, 0x00, 0xDF, 0x17, 0x7F, 0x00,
    0xE7, 0x17, 0x7F, 0x00, 0xEF, 0x17, 0x7F, 0x00, 0xF7, 0x17, 0x7F, 0x00,
    0x00, 0x1F, 0x7F, 0x00, 0x07, 0x1F, 0x7F, 0x00, 0x0F, 0x1F, 0x7F, 0x00,
    0x17, 0x1F, 0x7F, 0x00, 0x1F, 0x1F, 0x7F, 0x00, 0x27, 0x1F, 0x7F, 0x00,
    0x2F, 0x1F, 0x7F, 0x00, 0x37, 0x1F, 0x7F, 0x00, 0x3F, 0x1F, 0x7F, 0x00,
    0x47, 0x1F, 0x7F, 0x08, 0x4F, 0x1F, 0x7F, 0x11, 0x57, 0x1F, 0x7F, 0x18,
    0x5F, 0x1F, 0x7F, 0x1F, 0x67, 0x1F, 0x7F, 0x23, 0x6F, 0x1F, 0x7F, 0x27,
    0x77, 0x1F, 0x7F, 0x29, 0x7F, 0x1F, 0x7F, 0x2A, 0x87, 0x1F, 0x7F, 0x29,
    0x8F, 0x1F, 0x7F, 0x27, 0x97, 0x1F, 0x7F, 0x23, 0x9F, 0x1F, 0x7F, 0x1F,
    0xA7, 0x1F, 0x7F, 0x18, 0xAF, 0x1F, 0x7F, 0x11, 0xB7, 0x1F, 0x7F, 0x08,
    0xBF, 0x1F, 0x7F, 0x00, 0xC7, 0x1F, 0x7F, 0x00, 0xCF, 0x1F, 0x7F, 0x00,
    0xD7, 0x1F, 0x7F, 0x00, 0xDF, 0x1F, 0x7F, 0x00, 0xE7, 0x1F, 0x7F, 0x00,
    0xEF, 0x1F, 0x7F, 0x00, 0xF7, 0x1F, 0x7F, 0x00, 0x00, 0x27, 0x7F, 0x00,
    0x07, 0x27, 0x7F, 0x00, 0x0F, 0x27, 0x7F, 0x00, 0x17, 0x27, 0x7F, 0x00,
    0x1F, 0x27, 0x7F, 0x00, 0x27, 0x27, 0x7F, 0x00, 0x2F, 0x27, 0x7F, 0x00,
    0x37, 0x27, 0x7F, 0x03, 0x3F, 0x27, 0x7F, 0x0E, 0x47, 0x27, 0x7F, 0x18,
    0x4F, 0x27, 0x7F, 0x21, 0x57, 0x27, 0x7F, 0x29, 0x5F, 0x27, 0x7F, 0x2F,
    0x67, 0x27, 0x7F, 0x35, 0x6F, 0x27, 0x7F, 0x39, 0x77, 0x27, 0x7F, 0x3B,
    0x7F, 0x27, 0x7F, 0x3C, 0x87, 0x27, 0x7F, 0x3B, 0x8F, 0x27, 0x7F, 0x39,
    0x97, 0x27, 0x7F, 0x35, 0x9F, 0x27, 0x7F, 0x2F, 0xA7, 0x27, 0x7F, 0x29,
    0xAF, 0x27, 0x7F, 0x21, 0xB7, 0x27, 0x7F, 0x18, 0xBF, 0x27, 0x7F, 0x0E,
    0xC7, 0x27, 0x7F, 0x03, 0xCF, 0x27, 0x7F, 0x00, 0xD7, 0x27, 0x7F, 0x00,
    0xDF, 0x27, 0x7F, 0x00, 0xE7, 0x27, 0x7F, 0x00, 0xEF, 0x27, 0x7F, 0x00,
    0xF7, 0x27, 0x7F, 0x00, 0x00, 0x2F, 0x7F, 0x00, 0x07, 0x2F, 0x7F, 0x00,
    0x0F, 0x2F, 0x7F, 0x00, 0x17, 0x2F, 0x7F, 0x00, 0x1F, 0x2F, 0x7F, 0x00,
    0x27, 0x2F, 0x7F, 0x00, 0x2F, 0x2F, 0x7F, 0x04, 0x37, 0x2F, 0x7F, 0x10,
    0x3F, 0x2F, 0x7F, 0x1C, 0x47, 0x2F, 0x7F, 0x26, 0x4F, 0x2F, 0x7F, 0x30,
    0x57, 0x2F, 0x7F, 0x39, 0x5F, 0x2F, 0x7F, 0x40, 0x67, 0x2F, 0x7F, 0x46,
    0x6F, 0x2F, 0x7F, 0x4A, 0x77, 0x2F, 0x7F, 0x4D, 0x7F, 0x2F, 0x7F, 0x4D,
    0x87, 0x2F, 0x7F, 0x4D, 0x8F, 0x2F, 0x7F, 0x4A, 0x97, 0x2F, 0x7F, 0x46,
    0x9F, 0x2F, 0x7F, 0x40, 0xA7, 0x2F, 0x7F, 0x39, 0xAF, 0x2F, 0x7F, 0x30,
    0xB7, 0x2F, 0x7F, 0x26, 0xBF, 0x2F, 0x7F, 0x1C, 0xC7, 0x2F, 0x7F, 0x10,
    0xCF, 0x2F, 0x7F, 0x04, 0xD7, 0x2F, 0x7F, 0x00, 0xDF, 0x2F, 0x7F, 0x00,
    0xE7, 0x2F, 0x7F, 0x00, 0xEF, 0x2F, 0x7F, 0x00, 0xF7, 0x2F, 0x7F, 0x00,
    0x00, 0x37, 0x7F, 0x00, 0x07, 0x37, 0x7F, 0x00, 0x0F, 0x37, 0x7F, 0x00,
    0x17, 0x37, 0x7F, 0x00, 0x1F, 0x37, 0x7F, 0x00, 0x27, 0x37, 0x7F, 0x03,
    0x2F, 0x37, 0x7F, 0x10, 0x37, 0x37, 0x7F, 0x1D, 0x3F, 0x37, 0x7F, 0x29,
    0x47, 0x37, 0x7F, 0x35, 0x4F, 0x37, 0x7F, 0x3F, 0x57, 0x37, 0x7F, 0x48,
    0x5F, 0x37, 0x7F, 0x50, 0x67, 0x37, 0x7F, 0x57, 0x6F, 0x37, 0x7F, 0x5B,
    0x77, 0x37, 0x7F, 0x5E, 0x7F, 0x37, 0x7F, 0x5F, 0x87, 0x37, 0x7F, 0x5E,
    0x8F, 0x37, 0x7F, 0x5B, 0x97, 0x37, 0x7F, 0x57, 0x9F, 0x37, 0x7F, 0x50,
    0xA7, 0x37, 0x7F, 0x48, 0xAF, 0x37, 0x7F, 0x3F, 0xB7, 0x37, 0x7F, 0x35,
    0xBF, 0x37, 0x7F, 0x29, 0xC7, 0x37, 0x7F, 0x1D, 0xCF, 0x37, 0x7F, 0x10,
    0xD7, 0x37, 0x7F, 0x03, 0xDF, 0x37, 0x7F, 0x00, 0xE7, 0x37, 0x7F, 0x00,
    0xEF, 0x37, 0x7F, 0x00, 0xF7, 0x37, 0x7F, 0x00, 0x00, 0x3F, 0x7F, 0x00,
    0x07, 0x3F, 0x7F, 0x00, 0x0F, 0x3F, 0x7F, 0x00, 0x17, 0x3F, 0x7F, 0x00,
    0x1F, 0x3F, 0x7F, 0x00, 0x27, 0x3F, 0x7F, 0x0E, 0x2F, 0x3F, 0x7F, 0x1C,
    0x37, 0x3F, 0x7F, 0x29, 0x3F, 0x3F, 0x7F, 0x36, 0x47, 0x3F, 0x7F, 0x42,
    0x4F, 0x3F, 0x7F, 0x4D, 0x57, 0x3F, 0x7F, 0x57, 0x5F, 0x3F, 0x7F, 0x60,
    0x67, 0x3F, 0x7F, 0x67, 0x6F, 0x3F, 0x7F, 0x6C, 0x77, 0x3F, 0x7F, 0x70,
    0x7F, 0x3F, 0x7F, 0x71, 0x87, 0x3F, 0x7F, 0x70, 0x8F, 0x3F, 0x7F, 0x6C,
    0x97, 0x3F, 0x7F, 0x67, 0x9F, 0x3F, 0x7F, 0x60, 0xA7, 0x3F, 0x7F, 0x57,
    0xAF, 0x3F, 0x7F, 0x4D, 0xB7, 0x3F, 0x7F, 0x42, 0xBF, 0x3F, 0x7F, 0x36,
    0xC7, 0x3F, 0x7F, 0x29, 0xCF, 0x3F, 0x7F, 0x1C, 0xD7, 0x3F, 0x7F, 0x0E,
    0xDF, 0x3F, 0x7F, 0x00, 0xE7, 0x3F, 0x7F, 0x00, 0xEF, 0x3F, 0x7F, 0x00,
    0xF7, 0x3F, 0x7F, 0x00, 0x00, 0x47, 0x7F, 0x00, 0x07, 0x47, 0x7F, 0x00,
    0x0F, 0x47, 0x7F, 0x00, 0x17, 0x47, 0x7F, 0x00, 0x1F, 0x47, 0x7F, 0x08,
    0x27, 0x47, 0x7F, 0x18, 0x2F, 0x47, 0x7F, 0x26, 0x37, 0x47, 0x7F, 0x35,
    0x3F, 0x47, 0x7F, 0x42, 0x47, 0x47, 0x7F, 0x4F, 0x4F, 0x47, 0x7F, 0x5B,
    0x57, 0x47, 0x7F, 0x66, 0x5F, 0x47, 0x7F, 0x70, 0x67, 0x47, 0x7F, 0x78,
    0x6F, 0x47, 0x7F, 0x7E, 0x77, 0x47, 0x7F, 0x81, 0x7F, 0x47, 0x7F, 0x83,
    0x87, 0x47, 0x7F, 0x81, 0x8F, 0x47, 0x7F, 0x7E, 0x97, 0x47, 0x7F, 0x78,
    0x9F, 0x47, 0x7F, 0x70, 0xA7, 0x47, 0x7F, 0x66, 0xAF, 0x47, 0x7F, 0x5B,
    0xB7, 0x47, 0x7F, 0x4F, 0xBF, 0x47, 0x7F, 0x42, 0xC7, 0x47, 0x7F, 0x35,
    0xCF, 0x47, 0x7F, 0x26, 0xD7, 0x47, 0x7F, 0x18, 0xDF, 0x47, 0x7F, 0x08,
    0xE7, 0x47, 0x7F, 0x00, 0xEF, 0x47, 0x7F, 0x00, 0xF7, 0x47, 0x7F, 0x00,
    0x00, 0x4F, 0x7F, 0x00, 0x07, 0x4F, 0x7F, 0x00, 0x0F, 0x4F, 0x7F, 0x00,
    0x17, 0x4F, 0x7F, 0x01, 0x1F, 0x4F, 0x7F, 0x11, 0x27, 0x4F, 0x7F, 0x21,
    0x2F, 0x4F, 0x7F, 0x30, 0x37, 0x4F, 0x7F, 0x3F, 0x3F, 0x4F, 0x7F, 0x4D,
    0x47, 0x4F, 0x7F, 0x5B, 0x4F, 0x4F, 0x7F, 0x68, 0x57, 0x4F, 0x7F, 0x74,
    0x5F, 0x4F, 0x7F, 0x7F, 0x67, 0x4F, 0x7F, 0x88, 0x6F, 0x4F, 0x7F, 0x8F,
    0x77, 0x4F, 0x7F, 0x93, 0x7F, 0x4F, 0x7F, 0x94, 0x87, 0x4F, 0x7F, 0x93,
    0x8F, 0x4F, 0x7F, 0x8F, 0x97, 0x4F, 0x7F, 0x88, 0x9F, 0x4F, 0x7F, 0x7F,
    0xA7, 0x4F, 0x7F, 0x74, 0xAF, 0x4F, 0x7F, 0x68, 0xB7, 0x4F, 0x7F, 0x5B,
    0xBF, 0x4F, 0x7F, 0x4D, 0xC7, 0x4F, 0x7F, 0x3F, 0xCF, 0x4F, 0x7F, 0x30,
    0xD7, 0x4F, 0x7F, 0x21, 0xDF, 0x4F, 0x7F, 0x11, 0xE7, 0x4F, 0x7F, 0x01,
    0xEF, 0x4F, 0x7F, 0x00, 0xF7, 0x4F, 0x7F, 0x00, 0x00, 0x57, 0x7F, 0x00,
    0x07, 0x57, 0x7F, 0x00, 0x0F, 0x57, 0x7F, 0x00, 0x17, 0x57, 0x7F, 0x08,
    0x1F, 0x57, 0x7F, 0x18, 0x27, 0x57, 0x7F, 0x29, 0x2F, 0x57, 0x7F, 0x39,
    0x37, 0x57, 0x7F, 0x48, 0x3F, 0x57, 0x7F, 0x57, 0x47, 0x57, 0x7F, 0x66,
    0x4F, 0x57, 0x7F, 0x74, 0x57, 0x57, 0x7F, 0x81, 0x5F, 0x57, 0x7F, 0x8D,
    0x67, 0x57, 0x7F, 0x97, 0x6F, 0x57, 0x7F, 0x9F, 0x77, 0x57, 0x7F, 0xA4,
    0x7F, 0x57, 0x7F, 0xA6, 0x87, 0x57, 0x7F, 0xA4, 0x8F, 0x57, 0x7F, 0x9F,
    0x97, 0x57, 0x7F, 0x97, 0x9F, 0x57, 0x7F, 0x8D, 0xA7, 0x57, 0x7F, 0x81,
    0xAF, 0x57, 0x7F, 0x74, 0xB7, 0x57, 0x7F, 0x66, 0xBF, 0x57, 0x7F, 0x57,
    0xC7, 0x57, 0x7F, 0x48, 0xCF, 0x57, 0x7F, 0x39, 0xD7, 0x57, 0x7F, 0x29,
    0xDF, 0x57, 0x7F, 0x18, 0xE7, 0x57, 0x7F, 0x08, 0xEF, 0x57, 0x7F, 0x00,
    0xF7, 0x57, 0x7F, 0x00, 0x00, 0x5F, 0x7F, 0x00, 0x07, 0x5F, 0x7F, 0x00,
    0x0F, 0x5F, 0x7F, 0x00, 0x17, 0x5F, 0x7F, 0x0E, 0x1F, 0x5F, 0x7F, 0x1F,
    0x27, 0x5F, 0x7F, 0x2F, 0x2F, 0x5F, 0x7F, 0x40, 0x37, 0x5F, 0x7F, 0x50,
    0x3F, 0x5F, 0x7F, 0x60, 0x47, 0x5F, 0x7F, 0x70, 0x4F, 0x5F, 0x7F, 0x7F,
    0x57, 0x5F, 0x7F, 0x8D, 0x5F, 0x5F, 0x7F, 0x9A, 0x67, 0x5F, 0x7F, 0xA6,
    0x6F, 0x5F, 0x7F, 0xAF, 0x77, 0x5F, 0x7F, 0xB5, 0x7F, 0x5F, 0x7F, 0xB8,
    0x87, 0x5F, 0x7F, 0xB5, 0x8F, 0x5F, 0x7F, 0xAF, 0x97, 0x5F, 0x7F, 0xA6,
    0x9F, 0x5F, 0x7F, 0x9A, 0xA7, 0x5F, 0x7F, 0x8D, 0xAF, 0x5F, 0x7F, 0x7F,
    0xB7, 0x5F, 0x7F, 0x70, 0xBF, 0x5F, 0x7F, 0x60, 0xC7, 0x5F, 0x7F, 0x50,
    0xCF, 0x5F, 0x7F, 0x40, 0xD7, 0x5F, 0x7F, 0x2F, 0xDF, 0x5F, 0x7F, 0x1F,
    0xE7, 0x5F, 0x7F, 0x0E, 0xEF, 0x5F, 0x7F, 0x00, 0xF7, 0x5F, 0x7F, 0x00,
    0x00, 0x67, 0x7F, 0x00, 0x07, 0x67, 0x7F, 0x00, 0x0F, 0x67, 0x7F, 0x01,
    0x17, 0x67, 0x7F, 0x12, 0x1F, 0x67, 0x7F, 0x23, 0x27, 0x67, 0x7F, 0x35,
    0x2F, 0x67, 0x7F, 0x46, 0x37, 0x67, 0x7F, 0x57, 0x3F, 0x67, 0x7F, 0x67,
    0x47, 0x67, 0x7F, 0x78, 0x4F, 0x67, 0x7F, 0x88, 0x57, 0x67, 0x7F, 0x97,
    0x5F, 0x67, 0x7F, 0xA6, 0x67, 0x67, 0x7F, 0xB3, 0x6F, 0x67, 0x7F, 0xBF,
    0x77, 0x67, 0x7F, 0xC7, 0x7F, 0x67, 0x7F, 0xC9, 0x87, 0x67, 0x7F, 0xC7,
    0x8F, 0x67, 0x7F, 0xBF, 0x97, 0x67, 0x7F, 0xB3, 0x9F, 0x67, 0x7F, 0xA6,
    0xA7, 0x67, 0x7F, 0x97, 0xAF, 0x67, 0x7F, 0x88, 0xB7, 0x67, 0x7F, 0x78,
    0xBF, 0x67, 0x7F, 0x67, 0xC7, 0x67, 0x7F, 0x57, 0xCF, 0x67, 0x7F, 0x46,
    0xD7, 0x67, 0x7F, 0x35, 0xDF, 0x67, 0x7F, 0x23, 0xE7, 0x67, 0x7F, 0x12,
    0xEF, 0x67, 0x7F, 0x01, 0xF7, 0x67, 0x7F, 0x00, 0x00, 0x6F, 0x7F, 0x00,
    0x07, 0x6F, 0x7F, 0x00, 0x0F, 0x6F, 0x7F, 0x04, 0x17, 0x6F, 0x7F, 0x16,
    0x1F, 0x6F, 0x7F, 0x27, 0x27, 0x6F, 0x7F, 0x39, 0x2F, 0x6F, 0x7F, 0x4A,
    0x37, 0x6F, 0x7F, 0x5B, 0x3F, 0x6F, 0x7F, 0x6C, 0x47, 0x6F, 0x7F, 0x7E,
    0x4F, 0x6F, 0x7F, 0x8F, 0x57, 0x6F, 0x7F, 0x9F, 0x5F, 0x6F, 0x7F, 0xAF,
    0x67, 0x6F, 0x7F, 0xBF, 0x6F, 0x6F, 0x7F, 0xCC, 0x77, 0x6F, 0x7F, 0xD7,
    0x7F, 0x6F, 0x7F, 0xDB, 0x87, 0x6F, 0x7F, 0xD7, 0x8F, 0x6F, 0x7F, 0xCC,
    0x97, 0x6F, 0x7F, 0xBF, 0x9F, 0x6F, 0x7F, 0xAF, 0xA7, 0x6F, 0x7F, 0x9F,
    0xAF, 0x6F, 0x7F, 0x8F, 0xB7, 0x6F, 0x7F, 0x7E, 0xBF, 0x6F, 0x7F, 0x6C,
    0xC7, 0x6F, 0x7F, 0x5B, 0xCF, 0x6F, 0x7F, 0x4A, 0xD7, 0x6F, 0x7F, 0x39,
    0xDF, 0x6F, 0x7F, 0x27, 0xE7, 0x6F, 0x7F, 0x16, 0xEF, 0x6F, 0x7F, 0x04,
    0xF7, 0x6F, 0x7F, 0x00, 0x00, 0x77, 0x7F, 0x00, 0x07, 0x77, 0x7F, 0x00,
    0x0F, 0x77, 0x7F, 0x06, 0x17, 0x77, 0x7F, 0x18, 0x1F, 0x77, 0x7F, 0x29,
    0x27, 0x77, 0x7F, 0x3B, 0x2F, 0x77, 0x7F, 0x4D, 0x37, 0x77, 0x7F, 0x5E,
    0x3F, 0x77, 0x7F, 0x70, 0x47, 0x77, 0x7F, 0x81, 0x4F, 0x77, 0x7F, 0x93,
    0x57, 0x77, 0x7F, 0xA4, 0x5F, 0x77, 0x7F, 0xB5, 0x67, 0x77, 0x7F, 0xC7,
    0x6F, 0x77, 0x7F, 0xD7, 0x77, 0x77, 0x7F, 0xE5, 0x7F, 0x77, 0x7F, 0xED,
    0x87, 0x77, 0x7F, 0xE5, 0x8F, 0x77, 0x7F, 0xD7, 0x97, 0x77, 0x7F, 0xC7,
    0x9F, 0x77, 0x7F, 0xB5, 0xA7, 0x77, 0x7F, 0xA4, 0xAF, 0x77, 0x7F, 0x93,
    0xB7, 0x77, 0x7F, 0x81, 0xBF, 0x77, 0x7F, 0x70, 0xC7, 0x77, 0x7F, 0x5E,
    0xCF, 0x77, 0x7F, 0x4D, 0xD7, 0x77, 0x7F, 0x3B, 0xDF, 0x77, 0x7F, 0x29,
    0xE7, 0x77, 0x7F, 0x18, 0xEF, 0x77, 0x7F, 0x06, 0xF7, 0x77, 0x7F, 0x00,
    0x00, 0x7F, 0x7F, 0x00, 0x07, 0x7F, 0x7F, 0x00, 0x0F, 0x7F, 0x7F, 0x07,
    0x17, 0x7F, 0x7F, 0x18, 0x1F, 0x7F, 0x7F, 0x2A, 0x27, 0x7F, 0x7F, 0x3C,
    0x2F, 0x7F, 0x7F, 0x4D, 0x37, 0x7F, 0x7F, 0x5F, 0x3F, 0x7F, 0x7F, 0x71,
    0x47, 0x7F, 0x7F, 0x83, 0x4F, 0x7F, 0x7F, 0x94, 0x57, 0x7F, 0x7F, 0xA6,
    0x5F, 0x7F, 0x7F, 0xB8, 0x67, 0x7F, 0x7F, 0xC9, 0x6F, 0x7F, 0x7F, 0xDB,
    0x77, 0x7F, 0x7F, 0xED, 0x7F, 0x7F, 0x7F, 0xFF, 0x87, 0x7F, 0x7F, 0xED,
    0x8F, 0x7F, 0x7F, 0xDB, 0x97, 0x7F, 0x7F, 0xC9, 0x9F, 0x7F, 0x7F, 0xB8,
    0xA7, 0x7F, 0x7F, 0xA6, 0xAF, 0x7F, 0x7F, 0x94, 0xB7, 0x7F, 0x7F, 0x83,
    0xBF, 0x7F, 0x7F, 0x71, 0xC7, 0x7F, 0x7F, 0x5F, 0xCF, 0x7F, 0x7F, 0x4D,
    0xD7, 0x7F, 0x7F, 0x3C, 0xDF, 0x7F, 0x7F, 0x2A, 0xE7, 0x7F, 0x7F, 0x18,
    0xEF, 0x7F, 0x7F, 0x07, 0xF7, 0x7F, 0x7F, 0x00, 0x00, 0x87, 0x7F, 0x00,
    0x07, 0x87, 0x7F, 0x00, 0x0F, 0x87, 0x7F, 0x06, 0x17, 0x87, 0x7F, 0x18,
    0x1F, 0x87, 0x7F, 0x29, 0x27, 0x87, 0x7F, 0x3B, 0x2F, 0x87, 0x7F, 0x4D,
    0x37, 0x87, 0x7F, 0x5E, 0x3F, 0x87, 0x7F, 0x70, 0x47, 0x87, 0x7F, 0x81,
    0x4F, 0x87, 0x7F, 0x93, 0x57, 0x87, 0x7F, 0xA4, 0x5F, 0x87, 0x7F, 0xB5,
    0x67, 0x87, 0x7F, 0xC7, 0x6F, 0x87, 0x7F, 0xD7, 0x77, 0x87, 0x7F, 0xE5,
    0x7F, 0x87, 0x7F, 0xED, 0x87, 0x87, 0x7F, 0xE5, 0x8F, 0x87, 0x7F, 0xD7,
    0x97, 0x87, 0x7F, 0xC7, 0x9F, 0x87, 0x7F, 0xB5, 0xA7, 0x87, 0x7F, 0xA4,
    0xAF, 0x87, 0x7F, 0x93, 0xB7, 0x87, 0x7F, 0x81, 0xBF, 0x87, 0x7F, 0x70,
    0xC7, 0x87, 0x7F, 0x5E, 0xCF, 0x87, 0x7F, 0x4D, 0xD7, 0x87, 0x7F, 0x3B,
    0xDF, 0x87, 0x7F, 0x29, 0xE7, 0x87, 0x7F, 0x18, 0xEF, 0x87, 0x7F, 0x06,
    0xF7, 0x87, 0x7F, 0x00, 0x00, 0x8F, 0x7F, 0x00, 0x07, 0x8F, 0x7F, 0x00,
    0x0F, 0x8F, 0x7F, 0x04, 0x17, 0x8F, 0x7F, 0x16, 0x1F, 0x8F, 0x7F, 0x27,
    0x27, 0x8F, 0x7F, 0x39, 0x2F, 0x8F, 0x7F, 0x4A, 0x37, 0x8F, 0x7F, 0x5B,
    0x3F, 0x8F, 0x7F, 0x6C, 0x47, 0x8F, 0x7F, 0x7E, 0x4F, 0x8F, 0x7F, 0x8F,
    0x57, 0x8F, 0x7F, 0x9F, 0x5F, 0x8F, 0x7F, 0xAF, 0x67, 0x8F, 0x7F, 0xBF,
    0x6F, 0x8F, 0x7F, 0xCC, 0x77, 0x8F, 0x7F, 0xD7, 0x7F, 0x8F, 0x7F, 0xDB,
    0x87, 0x8F, 0x7F, 0xD7, 0x8F, 0x8F, 0x7F, 0xCC, 0x97, 0x8F, 0x7F, 0xBF,
    0x9F, 0x8F, 0x7F, 0xAF, 0xA7, 0x8F, 0x7F, 0x9F, 0xAF, 0x8F, 0x7F, 0x8F,
    0xB7, 0x8F, 0x7F, 0x7E, 0xBF, 0x8F, 0x7F, 0x6C, 0xC7, 0x8F, 0x7F, 0x5B,
    0xCF, 0x8F, 0x7F, 0x4A, 0xD7, 0x8F, 0x7F, 0x39, 0xDF, 0x8F, 0x7F, 0x27,
    0xE7, 0x8F, 0x7F, 0x16, 0xEF, 0x8F, 0x7F, 0x04, 0xF7, 0x8F, 0x7F, 0x00,
    0x00, 0x97, 0x7F, 0x00, 0x07, 0x97, 0x7F, 0x00, 0x0F, 0x97, 0x7F, 0x01,
    0x17, 0x97, 0x7F, 0x12, 0x1F, 0x97, 0x7F, 0x23, 0x27, 0x97, 0x7F, 0x35,
    0x2F, 0x97, 0x7F, 0x46, 0x37, 0x97, 0x7F, 0x57, 0x3F, 0x97, 0x7F, 0x67,
    0x47, 0x97, 0x7F, 0x78, 0x4F, 0x97, 0x7F, 0x88, 0x57, 0x97, 0x7F, 0x97,
    0x5F, 0x97, 0x7F, 0xA6, 0x67, 0x97, 0x7F, 0xB3, 0x6F, 0x97, 0x7F, 0xBF,
    0x77, 0x97, 0x7F, 0xC7, 0x7F, 0x97, 0x7F, 0xC9, 0x87, 0x97, 0x7F, 0xC7,
    0x8F, 0x97, 0x7F, 0xBF, 0x97, 0x97, 0x7F, 0xB3, 0x9F, 0x97, 0x7F, 0xA6,
    0xA7, 0x97, 0x7F, 0x97, 0xAF, 0x97, 0x7F, 0x88, 0xB7, 0x97, 0x7F, 0x78,
    0xBF, 0x97, 0x7F, 0x67, 0xC7, 0x97, 0x7F, 0x57, 0xCF, 0x97, 0x7F, 0x46,
    0xD7, 0x97, 0x7F, 0x35, 0xDF, 0x97, 0x7F, 0x23, 0xE7, 0x97, 0x7F, 0x12,
    0xEF, 0x97, 0x7F, 0x01, 0xF7, 0x97, 0x7F, 0x00, 0x00, 0x9F, 0x7F, 0x00,
    0x07, 0x9F, 0x7F, 0x00, 0x0F, 0x9F, 0x7F, 0x00, 0x17, 0x9F, 0x7F, 0x0E,
    0x1F, 0x9F, 0x7F, 0x1F, 0x27, 0x9F, 0x7F, 0x2F, 0x2F, 0x9F, 0x7F, 0x40,
    0x37, 0x9F, 0x7F, 0x50, 0x3F, 0x9F, 0x7F, 0x60, 0x47, 0x9F, 0x7F, 0x70,
    0x4F, 0x9F, 0x7F, 0x7F, 0x57, 0x9F, 0x7F, 0x8D, 0x5F, 0x9F, 0x7F, 0x9A,
    0x67, 0x9F, 0x7F, 0xA6, 0x6F, 0x9F, 0x7F, 0xAF, 0x77, 0x9F, 0x7F, 0xB5,
    0x7F, 0x9F, 0x7F, 0xB8, 0x87, 0x9F, 0x7F, 0xB5, 0x8F, 0x9F, 0x7F, 0xAF,
    0x97, 0x9F, 0x7F, 0xA6, 0x9F, 0x9F, 0x7F, 0x9A, 0xA7, 0x9F, 0x7F, 0x8D,
    0xAF, 0x9F, 0x7F, 0x7F, 0xB7, 0x9F, 0x7F, 0x70, 0xBF, 0x9F, 0x7F, 0x60,
    0xC7, 0x9F, 0x7F, 0x50, 0xCF, 0x9F, 0x7F, 0x40, 0xD7, 0x9F, 0x7F, 0x2F,
    0xDF, 0x9F, 0x7F, 0x1F, 0xE7, 0x9F, 0x7F, 0x0E, 0xEF, 0x9F, 0x7F, 0x00,
    0xF7, 0x9F, 0x7F, 0x00, 0x00, 0xA7, 0x7F, 0x00, 0x07, 0xA7, 0x7F, 0x00,
    0x0F, 0xA7, 0x7F, 0x00, 0x17, 0xA7, 0x7F, 0x08, 0x1F, 0xA7, 0x7F, 0x18,
    0x27, 0xA7, 0x7F, 0x29, 0x2F, 0xA7, 0x7F, 0x39, 0x37, 0xA7, 0x7F, 0x48,
    0x3F, 0xA7, 0x7F, 0x57, 0x47, 0xA7, 0x7F, 0x66, 0x4F, 0xA7, 0x7F, 0x74,
    0x57, 0xA7, 0x7F, 0x81, 0x5F, 0xA7, 0x7F, 0x8D, 0x67, 0xA7, 0x7F, 0x97,
    0x6F, 0xA7, 0x7F, 0x9F, 0x77, 0xA7, 0x7F, 0xA4, 0x7F, 0xA7, 0x7F, 0xA6,
    0x87, 0xA7, 0x7F, 0xA4, 0x8F, 0xA7, 0x7F, 0x9F, 0x97, 0xA7, 0x7F, 0x97,
    0x9F, 0xA7, 0x7F, 0x8D, 0xA7, 0xA7, 0x7F, 0x81, 0xAF, 0xA7, 0x7F, 0x74,
    0xB7, 0xA7, 0x7F, 0x66, 0xBF, 0xA7, 0x7F, 0x57, 0xC7, 0xA7, 0x7F, 0x48,
    0xCF, 0xA7, 0x7F, 0x39, 0xD7, 0xA7, 0x7F, 0x29, 0xDF, 0xA7, 0x7F, 0x18,
    0xE7, 0xA7, 0x7F, 0x08, 0xEF, 0xA7, 0x7F, 0x00, 0xF7, 0xA7, 0x7F, 0x00,
    0x00, 0xAF, 0x7F, 0x00, 0x07, 0xAF, 0x7F, 0x00, 0x0F, 0xAF, 0x7F, 0x00,
    0x17, 0xAF, 0x7F, 0x01, 0x1F, 0xAF, 0x7F, 0x11, 0x27, 0xAF, 0x7F, 0x21,
    0x2F, 0xAF, 0x7F, 0x30, 0x37, 0xAF, 0x7F, 0x3F, 0x3F, 0xAF, 0x7F, 0x4D,
    0x47, 0xAF, 0x7F, 0x5B, 0x4F, 0xAF, 0x7F, 0x68, 0x57, 0xAF, 0x7F, 0x74,
    0x5F, 0xAF, 0x7F, 0x7F, 0x67, 0xAF, 0x7F, 0x88, 0x6F, 0xAF, 0x7F, 0x8F,
    0x77, 0xAF, 0x7F, 0x93, 0x7F, 0xAF, 0x7F, 0x94, 0x87, 0xAF, 0x7F, 0x93,
    0x8F, 0xAF, 0x7F, 0x8F, 0x97, 0xAF, 0x7F, 0x88, 0x9F, 0xAF, 0x7F, 0x7F,
    0xA7, 0xAF, 0x7F, 0x74, 0xAF, 0xAF, 0x7F, 0x68, 0xB7, 0xAF, 0x7F, 0x5B,
    0xBF, 0xAF, 0x7F, 0x4D, 0xC7, 0xAF, 0x7F, 0x3F, 0xCF, 0xAF, 0x7F, 0x30,
    0xD7, 0xAF, 0x7F, 0x21, 0xDF, 0xAF, 0x7F, 0x11, 0xE7, 0xAF, 0x7F, 0x01,
    0xEF, 0xAF, 0x7F, 0x00, 0xF7, 0xAF, 0x7F, 0x00, 0x00, 0xB7, 0x7F, 0x00,
    0x07, 0xB7, 0x7F, 0x00, 0x0F, 0xB7, 0x7F, 0x00, 0x17, 0xB7, 0x7F, 0x00,
    0x1F, 0xB7, 0x7F, 0x08, 0x27, 0xB7, 0x7F, 0x18, 0x2F, 0xB7, 0x7F, 0x26,
    0x37, 0xB7, 0x7F, 0x35, 0x3F, 0xB7, 0x7F, 0x42, 0x47, 0xB7, 0x7F, 0x4F,
    0x4F, 0xB7, 0x7F, 0x5B, 0x57, 0xB7, 0x7F, 0x66, 0x5F, 0xB7, 0x7F, 0x70,
    0x67, 0xB7, 0x7F, 0x78, 0x6F, 0xB7, 0x7F, 0x7E, 0x77, 0xB7, 0x7F, 0x81,
    0x7F, 0xB7, 0x7F, 0x83, 0x87, 0xB7, 0x7F, 0x81, 0x8F, 0xB7, 0x7F, 0x7E,
    0x97, 0xB7, 0x7F, 0x78, 0x9F, 0xB7, 0x7F, 0x70, 0xA7, 0xB7, 0x7F, 0x66,
    0xAF, 0xB7, 0x7F, 0x5B, 0xB7, 0xB7, 0x7F, 0x4F, 0xBF, 0xB7, 0x7F, 0x42,
    0xC7, 0xB7, 0x7F, 0x35, 0xCF, 0xB7, 0x7F, 0x26, 0xD7, 0xB7, 0x7F, 0x18,
    0xDF, 0xB7, 0x7F, 0x08, 0xE7, 0xB7, 0x7F, 0x00, 0xEF, 0xB7, 0x7F, 0x00,
    0xF7, 0xB7, 0x7F, 0x00, 0x00, 0xBF, 0x7F, 0x00, 0x07, 0xBF, 0x7F, 0x00,
    0x0F, 0xBF, 0x7F, 0x00, 0x17, 0xBF, 0x7F, 0x00, 0x1F, 0xBF, 0x7F, 0x00,
    0x27, 0xBF, 0x7F, 0x0E, 0x2F, 0xBF, 0x7F, 0x1C, 0x37, 0xBF, 0x7F, 0x29,
    0x3F, 0xBF, 0x7F, 0x36, 0x47, 0xBF, 0x7F, 0x42, 0x4F, 0xBF, 0x7F, 0x4D,
    0x57, 0xBF, 0x7F, 0x57, 0x5F, 0xBF, 0x7F, 0x60, 0x67, 0xBF, 0x7F, 0x67,
    0x6F, 0xBF, 0x7F, 0x6C, 0x77, 0xBF, 0x7F, 0x70, 0x7F, 0xBF, 0x7F, 0x71,
    0x87, 0xBF, 0x7F, 0x70, 0x8F, 0xBF, 0x7F, 0x6C, 0x97, 0xBF, 0x7F, 0x67,
    0x9F, 0xBF, 0x7F, 0x60, 0xA7, 0xBF, 0x7F, 0x57, 0xAF, 0xBF, 0x7F, 0x4D,
    0xB7, 0xBF, 0x7F, 0x42, 0xBF, 0xBF, 0x7F, 0x36, 0xC7, 0xBF, 0x7F, 0x29,
    0xCF, 0xBF, 0x7F, 0x1C, 0xD7, 0xBF, 0x7F, 0x0E, 0xDF, 0xBF, 0x7F, 0x00,
    0xE7, 0xBF, 0x7F, 0x00, 0xEF, 0xBF, 0x7F, 0x00, 0xF7, 0xBF, 0x7F, 0x00,
    0x00, 0xC7, 0x7F, 0x00, 0x07, 0xC7, 0x7F, 0x00, 0x0F, 0xC7, 0x7F, 0x00,
    0x17, 0xC7, 0x7F, 0x00, 0x1F, 0xC7, 0x7F, 0x00, 0x27, 0xC7, 0x7F, 0x03,
    0x2F, 0xC7, 0x7F, 0x10, 0x37, 0xC7, 0x7F, 0x1D, 0x3F, 0xC7, 0x7F, 0x29,
    0x47, 0xC7, 0x7F, 0x35, 0x4F, 0xC7, 0x7F, 0x3F, 0x57, 0xC7, 0x7F, 0x48,
    0x5F, 0xC7, 0x7F, 0x50, 0x67, 0xC7, 0x7F, 0x57, 0x6F, 0xC7, 0x7F, 0x5B,
    0x77, 0xC7, 0x7F, 0x5E, 0x7F, 0xC7, 0x7F, 0x5F, 0x87, 0xC7, 0x7F, 0x5E,
    0x8F, 0xC7, 0x7F, 0x5B, 0x97, 0xC7, 0x7F, 0x57, 0x9F, 0xC7, 0x7F, 0x50,
    0xA7, 0xC7, 0x7F, 0x48, 0xAF, 0xC7, 0x7F, 0x3F, 0xB7, 0xC7, 0x7F, 0x35,
    0xBF, 0xC7, 0x7F, 0x29, 0xC7, 0xC7, 0x7F, 0x1D, 0xCF, 0xC7, 0x7F, 0x10,
    0xD7, 0xC7, 0x7F, 0x03, 0xDF, 0xC7, 0x7F, 0x00, 0xE7, 0xC7, 0x7F, 0x00,
    0xEF, 0xC7, 0x7F, 0x00, 0xF7, 0xC7, 0x7F, 0x00, 0x00, 0xCF, 0x7F, 0x00,
    0x07, 0xCF, 0x7F, 0x00, 0x0F, 0xCF, 0x7F, 0x00, 0x17, 0xCF, 0x7F, 0x00,
    0x1F, 0xCF, 0x7F, 0x00, 0x27, 0xCF, 0x7F, 0x00, 0x2F, 0xCF, 0x7F, 0x04,
    0x37, 0xCF, 0x7F, 0x10, 0x3F, 0xCF, 0x7F, 0x1C, 0x47, 0xCF, 0x7F, 0x26,
    0x4F, 0xCF, 0x7F, 0x30, 0x57, 0xCF, 0x7F, 0x39, 0x5F, 0xCF, 0x7F, 0x40,
    0x67, 0xCF, 0x7F, 0x46, 0x6F, 0xCF, 0x7F, 0x4A, 0x77, 0xCF, 0x7F, 0x4D,
    0x7F, 0xCF, 0x7F, 0x4D, 0x87, 0xCF, 0x7F, 0x4D, 0x8F, 0xCF, 0x7F, 0x4A,
    0x97, 0xCF, 0x7F, 0x46, 0x9F, 0xCF, 0x7F, 0x40, 0xA7, 0xCF, 0x7F, 0x39,
    0xAF, 0xCF, 0x7F, 0x30, 0xB7, 0xCF, 0x7F, 0x26, 0xBF, 0xCF, 0x7F, 0x1C,
    0xC7, 0xCF, 0x7F, 0x10, 0xCF, 0xCF, 0x7F, 0x04, 0xD7, 0xCF, 0x7F, 0x00,
    0xDF, 0xCF, 0x7F, 0x00, 0xE7, 0xCF, 0x7F, 0x00, 0xEF, 0xCF, 0x7F, 0x00,
    0xF7, 0xCF, 0x7F, 0x00, 0x00, 0xD7, 0x7F, 0x00, 0x07, 0xD7, 0x7F, 0x00,
    0x0F, 0xD7, 0x7F, 0x00, 0x17, 0xD7, 0x7F, 0x00, 0x1F, 0xD7, 0x7F, 0x00,
    0x27, 0xD7, 0x7F, 0x00, 0x2F, 0xD7, 0x7F, 0x00, 0x37, 0xD7, 0x7F, 0x03,
    0x3F, 0xD7, 0x7F, 0x0E, 0x47, 0xD7, 0x7F, 0x18, 0x4F, 0xD7, 0x7F, 0x21,
    0x57, 0xD7, 0x7F, 0x29, 0x5F, 0xD7, 0x7F, 0x2F, 0x67, 0xD7, 0x7F, 0x35,
    0x6F, 0xD7, 0x7F, 0x39, 0x77, 0xD7, 0x7F, 0x3B, 0x7F, 0xD7, 0x7F, 0x3C,
    0x87, 0xD7, 0x7F, 0x3B, 0x8F, 0xD7, 0x7F, 0x39, 0x97, 0xD7, 0x7F, 0x35,
    0x9F, 0xD7, 0x7F, 0x2F, 0xA7, 0xD7, 0x7F, 0x29, 0xAF, 0xD7, 0x7F, 0x21,
    0xB7, 0xD7, 0x7F, 0x18, 0xBF, 0xD7, 0x7F, 0x0E, 0xC7, 0xD7, 0x7F, 0x03,
    0xCF, 0xD7, 0x7F, 0x00, 0xD7, 0xD7, 0x7F, 0x00, 0xDF, 0xD7, 0x7F, 0x00,
    0xE7, 0xD7, 0x7F, 0x00, 0xEF, 0xD7, 0x7F, 0x00, 0xF7, 0xD7, 0x7F, 0x00,
    0x00, 0xDF, 0x7F, 0x00, 0x07, 0xDF, 0x7F, 0x00, 0x0F, 0xDF, 0x7F, 0x00,
    0x17, 0xDF, 0x7F, 0x00, 0x1F, 0xDF, 0x7F, 0x00, 0x27, 0xDF, 0x7F, 0x00,
    0x2F, 0xDF, 0x7F, 0x00, 0x37, 0xDF, 0x7F, 0x00, 0x3F, 0xDF, 0x7F, 0x00,
    0x47, 0xDF, 0x7F, 0x08, 0x4F, 0xDF, 0x7F, 0x11, 0x57, 0xDF, 0x7F, 0x18,
    0x5F, 0xDF, 0x7F, 0x1F, 0x67, 0xDF, 0x7F, 0x23, 0x6F, 0xDF, 0x7F, 0x27,
    0x77, 0xDF, 0x7F, 0x29, 0x7F, 0xDF, 0x7F, 0x2A, 0x87, 0xDF, 0x7F, 0x29,
    0x8F, 0xDF, 0x7F, 0x27, 0x97, 0xDF, 0x7F, 0x23, 0x9F, 0xDF, 0x7F, 0x1F,
    0xA7, 0xDF, 0x7F, 0x18, 0xAF, 0xDF, 0x7F, 0x11, 0xB7, 0xDF, 0x7F, 0x08,
    0xBF, 0xDF, 0x7F, 0x00, 0xC7, 0xDF, 0x7F, 0x00, 0xCF, 0xDF, 0x7F, 0x00,
    0xD7, 0xDF, 0x7F, 0x00, 0xDF, 0xDF, 0x7F, 0x00, 0xE7, 0xDF, 0x7F, 0x00,
    0xEF, 0xDF, 0x7F, 0x00, 0xF7, 0xDF, 0x7F, 0x00, 0x00, 0xE7, 0x7F, 0x00,
    0x07, 0xE7, 0x7F, 0x00, 0x0F, 0xE7, 0x7F, 0x00, 0x17, 0xE7, 0x7F, 0x00,
    0x1F, 0xE7, 0x7F, 0x00, 0x27, 0xE7, 0x7F, 0x00, 0x2F, 0xE7, 0x7F, 0x00,
    0x37, 0xE7, 0x7F, 0x00, 0x3F, 0xE7, 0x7F, 0x00, 0x47, 0xE7, 0x7F, 0x00,
    0x4F, 0xE7, 0x7F, 0x01, 0x57, 0xE7, 0x7F, 0x08, 0x5F, 0xE7, 0x7F, 0x0E,
    0x67, 0xE7, 0x7F, 0x12, 0x6F, 0xE7, 0x7F, 0x16, 0x77, 0xE7, 0x7F, 0x18,
    0x7F, 0xE7, 0x7F, 0x18, 0x87, 0xE7, 0x7F, 0x18, 0x8F, 0xE7, 0x7F, 0x16,
    0x97, 0xE7, 0x7F, 0x12, 0x9F, 0xE7, 0x7F, 0x0E, 0xA7, 0xE7, 0x7F, 0x08,
    0xAF, 0xE7, 0x7F, 0x01, 0xB7, 0xE7, 0x7F, 0x00, 0xBF, 0xE7, 0x7F, 0x00,
    0xC7, 0xE7, 0x7F, 0x00, 0xCF, 0xE7, 0x7F, 0x00, 0xD7, 0xE7, 0x7F, 0x00,
    0xDF, 0xE7, 0x7F, 0x00, 0xE7, 0xE7, 0x7F, 0x00, 0xEF, 0xE7, 0x7F, 0x00,
    0xF7, 0xE7, 0x7F, 0x00, 0x00, 0xEF, 0x7F, 0x00, 0x07, 0xEF, 0x7F, 0x00,
    0x0F, 0xEF, 0x7F, 0x00, 0x17, 0xEF, 0x7F, 0x00, 0x1F, 0xEF, 0x7F, 0x00,
    0x27, 0xEF, 0x7F, 0x00, 0x2F, 0xEF, 0x7F, 0x00, 0x37, 0xEF, 0x7F, 0x00,
    0x3F, 0xEF, 0x7F, 0x00, 0x47, 0xEF, 0x7F, 0x00, 0x4F, 0xEF, 0x7F, 0x00,
    0x57, 0xEF, 0x7F, 0x00, 0x5F, 0xEF, 0x7F, 0x00, 0x67, 0xEF, 0x7F, 0x01,
    0x6F, 0xEF, 0x7F, 0x04, 0x77, 0xEF, 0x7F, 0x06, 0x7F, 0xEF, 0x7F, 0x07,
    0x87, 0xEF, 0x7F, 0x06, 0x8F, 0xEF, 0x7F, 0x04, 0x97, 0xEF, 0x7F, 0x01,
    0x9F, 0xEF, 0x7F, 0x00, 0xA7, 0xEF, 0x7F, 0x00, 0xAF, 0xEF, 0x7F, 0x00,
    0xB7, 0xEF, 0x7F, 0x00, 0xBF, 0xEF, 0x7F, 0x00, 0xC7, 0xEF, 0x7F, 0x00,
    0xCF, 0xEF, 0x7F, 0x00, 0xD7, 0xEF, 0x7F, 0x00, 0xDF, 0xEF, 0x7F, 0x00,
    0xE7, 0xEF, 0x7F, 0x00, 0xEF, 0xEF, 0x7F, 0x00, 0xF7, 0xEF, 0x7F, 0x00,
    0x00, 0xF7, 0x7F, 0x00, 0x07, 0xF7, 0x7F, 0x00, 0x0F, 0xF7, 0x7F, 0x00,
    0x17, 0xF7, 0x7F, 0x00, 0x1F, 0xF7, 0x7F, 0x00, 0x27, 0xF7, 0x7F, 0x00,
    0x2F, 0xF7, 0x7F, 0x00, 0x37, 0xF7, 0x7F, 0x00, 0x3F, 0xF7, 0x7F, 0x00,
    0x47, 0xF7, 0x7F, 0x00, 0x4F, 0xF7, 0x7F, 0x00, 0x57, 0xF7, 0x7F, 0x00,
    0x5F, 0xF7, 0x7F, 0x00, 0x67, 0xF7, 0x7F, 0x00, 0x6F, 0xF7, 0x7F, 0x00,
    0x77, 0xF7, 0x7F, 0x00, 0x7F, 0xF7, 0x7F, 0x00, 0x87, 0xF7, 0x7F, 0x00,
    0x8F, 0xF7, 0x7F, 0x00, 0x97, 0xF7, 0x7F, 0x00, 0x9F, 0xF7, 0x7F, 0x00,
    0xA7, 0xF7, 0x7F, 0x00, 0xAF, 0xF7, 0x7F, 0x00, 0xB7, 0xF7, 0x7F, 0x00,
    0xBF, 0xF7, 0x7F, 0x00, 0xC7, 0xF7, 0x7F, 0x00, 0xCF, 0xF7, 0x7F, 0x00,
    0xD7, 0xF7, 0x7F, 0x00, 0xDF, 0xF7, 0x7F, 0x00, 0xE7, 0xF7, 0x7F, 0x00,
    0xEF, 0xF7, 0x7F, 0x00, 0xF7, 0xF7, 0x7F, 0x00, 0x00, 0x00, 0x87, 0x00,
    0x07, 0x00, 0x87, 0x00, 0x0F, 0x00, 0x87, 0x00, 0x17, 0x00, 0x87, 0x00,
    0x1F, 0x00, 0x87, 0x00, 0x27, 0x00, 0x87, 0x00, 0x2F, 0x00, 0x87, 0x00,
    0x37, 0x00, 0x87, 0x00, 0x3F, 0x00, 0x87, 0x00, 0x47, 0x00, 0x87, 0x00,
    0x4F, 0x00, 0x87, 0x00, 0x57, 0x00, 0x87, 0x00, 0x5F, 0x00, 0x87, 0x00,
    0x67, 0x00, 0x87, 0x00, 0x6F, 0x00, 0x87, 0x00, 0x77, 0x00, 0x87, 0x00,
    0x7F, 0x00, 0x87, 0x00, 0x87, 0x00, 0x87, 0x00, 0x8F, 0x00, 0x87, 0x00,
    0x97, 0x00, 0x87, 0x00, 0x9F, 0x00, 0x87, 0x00, 0xA7, 0x00, 0x87, 0x00,
    0xAF, 0x00, 0x87, 0x00, 0xB7, 0x00, 0x87, 0x00, 0xBF, 0x00, 0x87, 0x00,
    0xC7, 0x00, 0x87, 0x00, 0xCF, 0x00, 0x87, 0x00, 0xD7, 0x00, 0x87, 0x00,
    0xDF, 0x00, 0x87, 0x00, 0xE7, 0x00, 0x87, 0x00, 0xEF, 0x00, 0x87, 0x00,
    0xF7, 0x00, 0x87, 0x00, 0x00, 0x07, 0x87, 0x00, 0x07, 0x07, 0x87, 0x00,
    0x0F, 0x07, 0x87, 0x00, 0x17, 0x07, 0x87, 0x00, 0x1F, 0x07, 0x87, 0x00,
    0x27, 0x07, 0x87, 0x00, 0x2F, 0x07, 0x87, 0x00, 0x37, 0x07, 0x87, 0x00,
    0x3F, 0x07, 0x87, 0x00, 0x47, 0x07, 0x87, 0x00, 0x4F, 0x07, 0x87, 0x00,
    0x57, 0x07, 0x87, 0x00, 0x5F, 0x07, 0x87, 0x00, 0x67, 0x07, 0x87, 0x00,
    0x6F, 0x07, 0x87, 0x00, 0x77, 0x07, 0x87, 0x00, 0x7F, 0x07, 0x87, 0x00,
    0x87, 0x07, 0x87, 0x00, 0x8F, 0x07, 0x87, 0x00, 0x97, 0x07, 0x87, 0x00,
    0x9F, 0x07, 0x87, 0x00, 0xA7, 0x07, 0x87, 0x00, 0xAF, 0x07, 0x87, 0x00,
    0xB7, 0x07, 0x87, 0x00, 0xBF, 0x07, 0x87, 0x00, 0xC7, 0x07, 0x87, 0x00,
    0xCF, 0x07, 0x87, 0x00, 0xD7, 0x07, 0x87, 0x00, 0xDF, 0x07, 0x87, 0x00,
    0xE7, 0x07, 0x87, 0x00, 0xEF, 0x07, 0x87, 0x00, 0xF7, 0x07, 0x87, 0x00,
    0x00, 0x0F, 0x87, 0x00, 0x07, 0x0F, 0x87, 0x00, 0x0F, 0x0F, 0x87, 0x00,
    0x17, 0x0F, 0x87, 0x00, 0x1F, 0x0F, 0x87, 0x00, 0x27, 0x0F, 0x87, 0x00,
    0x2F, 0x0F, 0x87, 0x00, 0x37, 0x0F, 0x87, 0x00, 0x3F, 0x0F, 0x87, 0x00,
    0x47, 0x0F, 0x87, 0x00, 0x4F, 0x0F, 0x87, 0x00, 0x57, 0x0F, 0x87, 0x00,
    0x5F, 0x0F, 0x87, 0x00, 0x67, 0x0F, 0x87, 0x00, 0x6F, 0x0F, 0x87, 0x03,
    0x77, 0x0F, 0x87, 0x05, 0x7F, 0x0F, 0x87, 0x06, 0x87, 0x0F, 0x87, 0x05,
    0x8F, 0x0F, 0x87, 0x03, 0x97, 0x0F, 0x87, 0x00, 0x9F, 0x0F, 0x87, 0x00,
    0xA7, 0x0F, 0x87, 0x00, 0xAF, 0x0F, 0x87, 0x00, 0xB7, 0x0F, 0x87, 0x00,
    0xBF, 0x0F, 0x87, 0x00, 0xC7, 0x0F, 0x87, 0x00, 0xCF, 0x0F, 0x87, 0x00,
    0xD7, 0x0F, 0x87, 0x00, 0xDF, 0x0F, 0x87, 0x00, 0xE7, 0x0F, 0x87, 0x00,
    0xEF, 0x0F, 0x87, 0x00, 0xF7, 0x0F, 0x87, 0x00, 0x00, 0x17, 0x87, 0x00,
    0x07, 0x17, 0x87, 0x00, 0x0F, 0x17, 0x87, 0x00, 0x17, 0x17, 0x87, 0x00,
    0x1F, 0x17, 0x87, 0x00, 0x27, 0x17, 0x87, 0x00, 0x2F, 0x17, 0x87, 0x00,
    0x37, 0x17, 0x87, 0x00, 0x3F, 0x17, 0x87, 0x00, 0x47, 0x17, 0x87, 0x00,
    0x4F, 0x17, 0x87, 0x00, 0x57, 0x17, 0x87, 0x07, 0x5F, 0x17, 0x87, 0x0D,
    0x67, 0x17, 0x87, 0x12, 0x6F, 0x17, 0x87, 0x15, 0x77, 0x17, 0x87, 0x17,
    0x7F, 0x17, 0x87, 0x18, 0x87, 0x17, 0x87, 0x17, 0x8F, 0x17, 0x87, 0x15,
    0x97, 0x17, 0x87, 0x12, 0x9F, 0x17, 0x87, 0x0D, 0xA7, 0x17, 0x87, 0x07,
    0xAF, 0x17, 0x87, 0x00, 0xB7, 0x17, 0x87, 0x00, 0xBF, 0x17, 0x87, 0x00,
    0xC7, 0x17, 0x87, 0x00, 0xCF, 0x17, 0x87, 0x00, 0xD7, 0x17, 0x87, 0x00,
    0xDF, 0x17, 0x87, 0x00, 0xE7, 0x17, 0x87, 0x00, 0xEF, 0x17, 0x87, 0x00,
    0xF7, 0x17, 0x87, 0x00, 0x00, 0x1F, 0x87, 0x00, 0x07, 0x1F, 0x87, 0x00,
    0x0F, 0x1F, 0x87, 0x00, 0x17, 0x1F, 0x87, 0x00, 0x1F, 0x1F, 0x87, 0x00,
    0x27, 0x1F, 0x87, 0x00, 0x2F, 0x1F, 0x87, 0x00, 0x37, 0x1F, 0x87, 0x00,
    0x3F, 0x1F, 0x87, 0x00, 0x47, 0x1F, 0x87, 0x08, 0x4F, 0x1F, 0x87, 0x10,
    0x57, 0x1F, 0x87, 0x18, 0x5F, 0x1F, 0x87, 0x1E, 0x67, 0x1F, 0x87, 0x23,
    0x6F, 0x1F, 0x87, 0x26, 0x77, 0x1F, 0x87, 0x29, 0x7F, 0x1F, 0x87, 0x29,
    0x87, 0x1F, 0x87, 0x29, 0x8F, 0x1F, 0x87, 0x26, 0x97, 0x1F, 0x87, 0x23,
    0x9F, 0x1F, 0x87, 0x1E, 0xA7, 0x1F, 0x87, 0x18, 0xAF, 0x1F, 0x87, 0x10,
    0xB7, 0x1F, 0x87, 0x08, 0xBF, 0x1F, 0x87, 0x00, 0xC7, 0x1F, 0x87, 0x00,
    0xCF, 0x1F, 0x87, 0x00, 0xD7, 0x1F, 0x87, 0x00, 0xDF, 0x1F, 0x87, 0x00,
    0xE7, 0x1F, 0x87, 0x00, 0xEF, 0x1F, 0x87, 0x00, 0xF7, 0x1F, 0x87, 0x00,
    0x00, 0x27, 0x87, 0x00, 0x07, 0x27, 0x87, 0x00, 0x0F, 0x27, 0x87, 0x00,
    0x17, 0x27, 0x87, 0x00, 0x1F, 0x27, 0x87, 0x00, 0x27, 0x27, 0x87, 0x00,
    0x2F, 0x27, 0x87, 0x00, 0x37, 0x27, 0x87, 0x02, 0x3F, 0x27, 0x87, 0x0D,
    0x47, 0x27, 0x87, 0x17, 0x4F, 0x27, 0x87, 0x20, 0x57, 0x27, 0x87, 0x28,
    0x5F, 0x27, 0x87, 0x2E, 0x67, 0x27, 0x87, 0x34, 0x6F, 0x27, 0x87, 0x38,
    0x77, 0x27, 0x87, 0x3A, 0x7F, 0x27, 0x87, 0x3B, 0x87, 0x27, 0x87, 0x3A,
    0x8F, 0x27, 0x87, 0x38, 0x97, 0x27, 0x87, 0x34, 0x9F, 0x27, 0x87, 0x2E,
    0xA7, 0x27, 0x87, 0x28, 0xAF, 0x27, 0x87, 0x20, 0xB7, 0x27, 0x87, 0x17,
    0xBF, 0x27, 0x87, 0x0D, 0xC7, 0x27, 0x87, 0x02, 0xCF, 0x27, 0x87, 0x00,
    0xD7, 0x27, 0x87, 0x00, 0xDF, 0x27, 0x87, 0x00, 0xE7, 0x27, 0x87, 0x00,
    0xEF, 0x27, 0x87, 0x00, 0xF7, 0x27, 0x87, 0x00, 0x00, 0x2F, 0x87, 0x00,
    0x07, 0x2F, 0x87, 0x00, 0x0F, 0x2F, 0x87, 0x00, 0x17, 0x2F, 0x87, 0x00,
    0x1F, 0x2F, 0x87, 0x00, 0x27, 0x2F, 0x87, 0x00, 0x2F, 0x2F, 0x87, 0x03,
    0x37, 0x2F, 0x87, 0x10, 0x3F, 0x2F, 0x87, 0x1B, 0x47, 0x2F, 0x87, 0x26,
    0x4F, 0x2F, 0x87, 0x2F, 0x57, 0x2F, 0x87, 0x38, 0x5F, 0x2F, 0x87, 0x3F,
    0x67, 0x2F, 0x87, 0x45, 0x6F, 0x2F, 0x87, 0x49, 0x77, 0x2F, 0x87, 0x4C,
    0x7F, 0x2F, 0x87, 0x4D, 0x87, 0x2F, 0x87, 0x4C, 0x8F, 0x2F, 0x87, 0x49,
    0x97, 0x2F, 0x87, 0x45, 0x9F, 0x2F, 0x87, 0x3F, 0xA7, 0x2F, 0x87, 0x38,
    0xAF, 0x2F, 0x87, 0x2F, 0xB7, 0x2F, 0x87, 0x26, 0xBF, 0x2F, 0x87, 0x1B,
    0xC7, 0x2F, 0x87, 0x10, 0xCF, 0x2F, 0x87, 0x03, 0xD7, 0x2F, 0x87, 0x00,
    0xDF, 0x2F, 0x87, 0x00, 0xE7, 0x2F, 0x87, 0x00, 0xEF, 0x2F, 0x87, 0x00,
    0xF7, 0x2F, 0x87, 0x00, 0x00, 0x37, 0x87, 0x00, 0x07, 0x37, 0x87, 0x00,
    0x0F, 0x37, 0x87, 0x00, 0x17, 0x37, 0x87, 0x00, 0x1F, 0x37, 0x87, 0x00,
    0x27, 0x37, 0x87, 0x02, 0x2F, 0x37, 0x87, 0x10, 0x37, 0x37, 0x87, 0x1C,
    0x3F, 0x37, 0x87, 0x29, 0x47, 0x37, 0x87, 0x34, 0x4F, 0x37, 0x87, 0x3E,
    0x57, 0x37, 0x87, 0x47, 0x5F, 0x37, 0x87, 0x4F, 0x67, 0x37, 0x87, 0x56,
    0x6F, 0x37, 0x87, 0x5A, 0x77, 0x37, 0x87, 0x5D, 0x7F, 0x37, 0x87, 0x5E,
    0x87, 0x37, 0x87, 0x5D, 0x8F, 0x37, 0x87, 0x5A, 0x97, 0x37, 0x87, 0x56,
    0x9F, 0x37, 0x87, 0x4F, 0xA7, 0x37, 0x87, 0x47, 0xAF, 0x37, 0x87, 0x3E,
    0xB7, 0x37, 0x87, 0x34, 0xBF, 0x37, 0x87, 0x29, 0xC7, 0x37, 0x87, 0x1C,
    0xCF, 0x37, 0x87, 0x10, 0xD7, 0x37, 0x87, 0x02, 0xDF, 0x37, 0x87, 0x00,
    0xE7, 0x37, 0x87, 0x00, 0xEF, 0x37, 0x87, 0x00, 0xF7, 0x37, 0x87, 0x00,
    0x00, 0x3F, 0x87, 0x00, 0x07, 0x3F, 0x87, 0x00, 0x0F, 0x3F, 0x87, 0x00,
    0x17, 0x3F, 0x87, 0x00, 0x1F, 0x3F, 0x87, 0x00, 0x27, 0x3F, 0x87, 0x0D,
    0x2F, 0x3F, 0x87, 0x1B, 0x37, 0x3F, 0x87, 0x29, 0x3F, 0x3F, 0x87, 0x35,
    0x47, 0x3F, 0x87, 0x41, 0x4F, 0x3F, 0x87, 0x4D, 0x57, 0x3F, 0x87, 0x57,
    0x5F, 0x3F, 0x87, 0x5F, 0x67, 0x3F, 0x87, 0x66, 0x6F, 0x3F, 0x87, 0x6B,
    0x77, 0x3F, 0x87, 0x6F, 0x7F, 0x3F, 0x87, 0x70, 0x87, 0x3F, 0x87, 0x6F,
    0x8F, 0x3F, 0x87, 0x6B, 0x97, 0x3F, 0x87, 0x66, 0x9F, 0x3F, 0x87, 0x5F,
    0xA7, 0x3F, 0x87, 0x57, 0xAF, 0x3F, 0x87, 0x4D, 0xB7, 0x3F, 0x87, 0x41,
    0xBF, 0x3F, 0x87, 0x35, 0xC7, 0x3F, 0x87, 0x29, 0xCF, 0x3F, 0x87, 0x1B,
    0xD7, 0x3F, 0x87, 0x0D, 0xDF, 0x3F, 0x87, 0x00, 0xE7, 0x3F, 0x87, 0x00,
    0xEF, 0x3F, 0x87, 0x00, 0xF7, 0x3F, 0x87, 0x00, 0x00, 0x47, 0x87, 0x00,
    0x07, 0x47, 0x87, 0x00, 0x0F, 0x47, 0x87, 0x00, 0x17, 0x47, 0x87, 0x00,
    0x1F, 0x47, 0x87, 0x08, 0x27, 0x47, 0x87, 0x17, 0x2F, 0x47, 0x87, 0x26,
    0x37, 0x47, 0x87, 0x34, 0x3F, 0x47, 0x87, 0x41, 0x47, 0x47, 0x87, 0x4E,
    0x4F, 0x47, 0x87, 0x5A, 0x57, 0x47, 0x87, 0x65, 0x5F, 0x47, 0x87, 0x6F,
    0x67, 0x47, 0x87, 0x76, 0x6F, 0x47, 0x87, 0x7C, 0x77, 0x47, 0x87, 0x80,
    0x7F, 0x47, 0x87, 0x81, 0x87, 0x47, 0x87, 0x80, 0x8F, 0x47, 0x87, 0x7C,
    0x97, 0x47, 0x87, 0x76, 0x9F, 0x47, 0x87, 0x6F, 0xA7, 0x47, 0x87, 0x65,
    0xAF, 0x47, 0x87, 0x5A, 0xB7, 0x47, 0x87, 0x4E, 0xBF, 0x47, 0x87, 0x41,
    0xC7, 0x47, 0x87, 0x34, 0xCF, 0x47, 0x87, 0x26, 0xD7, 0x47, 0x87, 0x17,
    0xDF, 0x47, 0x87, 0x08, 0xE7, 0x47, 0x87, 0x00, 0xEF, 0x47, 0x87, 0x00,
    0xF7, 0x47, 0x87, 0x00, 0x00, 0x4F, 0x87, 0x00, 0x07, 0x4F, 0x87, 0x00,
    0x0F, 0x4F, 0x87, 0x00, 0x17, 0x4F, 0x87, 0x00, 0x1F, 0x4F, 0x87, 0x10,
    0x27, 0x4F, 0x87, 0x20, 0x2F, 0x4F, 0x87, 0x2F, 0x37, 0x4F, 0x87, 0x3E,
    0x3F, 0x4F, 0x87, 0x4D, 0x47, 0x4F, 0x87, 0x5A, 0x4F, 0x4F, 0x87, 0x67,
    0x57, 0x4F, 0x87, 0x73, 0x5F, 0x4F, 0x87, 0x7E, 0x67, 0x4F, 0x87, 0x86,
    0x6F, 0x4F, 0x87, 0x8D, 0x77, 0x4F, 0x87, 0x91, 0x7F, 0x4F, 0x87, 0x93,
    0x87, 0x4F, 0x87, 0x91, 0x8F, 0x4F, 0x87, 0x8D, 0x97, 0x4F, 0x87, 0x86,
    0x9F, 0x4F, 0x87, 0x7E, 0xA7, 0x4F, 0x87, 0x73, 0xAF, 0x4F, 0x87, 0x67,
    0xB7, 0x4F, 0x87, 0x5A, 0xBF, 0x4F, 0x87, 0x4D, 0xC7, 0x4F, 0x87, 0x3E,
    0xCF, 0x4F, 0x87, 0x2F, 0xD7, 0x4F, 0x87, 0x20, 0xDF, 0x4F, 0x87, 0x10,
    0xE7, 0x4F, 0x87, 0x00, 0xEF, 0x4F, 0x87, 0x00, 0xF7, 0x4F, 0x87, 0x00,
    0x00, 0x57, 0x87, 0x00, 0x07, 0x57, 0x87, 0x00, 0x0F, 0x57, 0x87, 0x00,
    0x17, 0x57, 0x87, 0x07, 0x1F, 0x57, 0x87, 0x18, 0x27, 0x57, 0x87, 0x28,
    0x2F, 0x57, 0x87, 0x38, 0x37, 0x57, 0x87, 0x47, 0x3F, 0x57, 0x87, 0x57,
    0x47, 0x57, 0x87, 0x65, 0x4F, 0x57, 0x87, 0x73, 0x57, 0x57, 0x87, 0x80,
    0x5F, 0x57, 0x87, 0x8C, 0x67, 0x57, 0x87, 0x96, 0x6F, 0x57, 0x87, 0x9E,
    0x77, 0x57, 0x87, 0xA2, 0x7F, 0x57, 0x87, 0xA4, 0x87, 0x57, 0x87, 0xA2,
    0x8F, 0x57, 0x87, 0x9E, 0x97, 0x57, 0x87, 0x96, 0x9F, 0x57, 0x87, 0x8C,
    0xA7, 0x57, 0x87, 0x80, 0xAF, 0x57, 0x87, 0x73, 0xB7, 0x57, 0x87, 0x65,
    0xBF, 0x57, 0x87, 0x57, 0xC7, 0x57, 0x87, 0x47, 0xCF, 0x57, 0x87, 0x38,
    0xD7, 0x57, 0x87, 0x28, 0xDF, 0x57, 0x87, 0x18, 0xE7, 0x57, 0x87, 0x07,
    0xEF, 0x57, 0x87, 0x00, 0xF7, 0x57, 0x87, 0x00, 0x00, 0x5F, 0x87, 0x00,
    0x07, 0x5F, 0x87, 0x00, 0x0F, 0x5F, 0x87, 0x00, 0x17, 0x5F, 0x87, 0x0D,
    0x1F, 0x5F, 0x87, 0x1E, 0x27, 0x5F, 0x87, 0x2E, 0x2F, 0x5F, 0x87, 0x3F,
    0x37, 0x5F, 0x87, 0x4F, 0x3F, 0x5F, 0x87, 0x5F, 0x47, 0x5F, 0x87, 0x6F,
    0x4F, 0x5F, 0x87, 0x7E, 0x57, 0x5F, 0x87, 0x8C, 0x5F, 0x5F, 0x87, 0x99,
    0x67, 0x5F, 0x87, 0xA4, 0x6F, 0x5F, 0x87, 0xAD, 0x77, 0x5F, 0x87, 0xB3,
    0x7F, 0x5F, 0x87, 0xB5, 0x87, 0x5F, 0x87, 0xB3, 0x8F, 0x5F, 0x87, 0xAD,
    0x97, 0x5F, 0x87, 0xA4, 0x9F, 0x5F, 0x87, 0x99, 0xA7, 0x5F, 0x87, 0x8C,
    0xAF, 0x5F, 0x87, 0x7E, 0xB7, 0x5F, 0x87, 0x6F, 0xBF, 0x5F, 0x87, 0x5F,
    0xC7, 0x5F, 0x87, 0x4F, 0xCF, 0x5F, 0x87, 0x3F, 0xD7, 0x5F, 0x87, 0x2E,
    0xDF, 0x5F, 0x87, 0x1E, 0xE7, 0x5F, 0x87, 0x0D, 0xEF, 0x5F, 0x87, 0x00,
    0xF7, 0x5F, 0x87, 0x00, 0x00, 0x67, 0x87, 0x00, 0x07, 0x67, 0x87, 0x00,
    0x0F, 0x67, 0x87, 0x00, 0x17, 0x67, 0x87, 0x12, 0x1F, 0x67, 0x87, 0x23,
    0x27, 0x67, 0x87, 0x34, 0x2F, 0x67, 0x87, 0x45, 0x37, 0x67, 0x87, 0x56,
    0x3F, 0x67, 0x87, 0x66, 0x47, 0x67, 0x87, 0x76, 0x4F, 0x67, 0x87, 0x86,
    0x57, 0x67, 0x87, 0x96, 0x5F, 0x67, 0x87, 0xA4, 0x67, 0x67, 0x87, 0xB1,
    0x6F, 0x67, 0x87, 0xBC, 0x77, 0x67, 0x87, 0xC4, 0x7F, 0x67, 0x87, 0xC7,
    0x87, 0x67, 0x87, 0xC4, 0x8F, 0x67, 0x87, 0xBC, 0x97, 0x67, 0x87, 0xB1,
    0x9F, 0x67, 0x87, 0xA4, 0xA7, 0x67, 0x87, 0x96, 0xAF, 0x67, 0x87, 0x86,
    0xB7, 0x67, 0x87, 0x76, 0xBF, 0x67, 0x87, 0x66, 0xC7, 0x67, 0x87, 0x56,
    0xCF, 0x67, 0x87, 0x45, 0xD7, 0x67, 0x87, 0x34, 0xDF, 0x67, 0x87, 0x23,
    0xE7, 0x67, 0x87, 0x12, 0xEF, 0x67, 0x87, 0x00, 0xF7, 0x67, 0x87, 0x00,
    0x00, 0x6F, 0x87, 0x00, 0x07, 0x6F, 0x87, 0x00, 0x0F, 0x6F, 0x87, 0x03,
    0x17, 0x6F, 0x87, 0x15, 0x1F, 0x6F, 0x87, 0x26, 0x27, 0x6F, 0x87, 0x38,
    0x2F, 0x6F, 0x87, 0x49, 0x37, 0x6F, 0x87, 0x5A, 0x3F, 0x6F, 0x87, 0x6B,
    0x47, 0x6F, 0x87, 0x7C, 0x4F, 0x6F, 0x87, 0x8D, 0x57, 0x6F, 0x87, 0x9E,
    0x5F, 0x6F, 0x87, 0xAD, 0x67, 0x6F, 0x87, 0xBC, 0x6F, 0x6F, 0x87, 0xC9,
    0x77, 0x6F, 0x87, 0xD3, 0x7F, 0x6F, 0x87, 0xD7, 0x87, 0x6F, 0x87, 0xD3,
    0x8F, 0x6F, 0x87, 0xC9, 0x97, 0x6F, 0x87, 0xBC, 0x9F, 0x6F, 0x87, 0xAD,
    0xA7, 0x6F, 0x87, 0x9E, 0xAF, 0x6F, 0x87, 0x8D, 0xB7, 0x6F, 0x87, 0x7C,
    0xBF, 0x6F, 0x87, 0x6B, 0xC7, 0x6F, 0x87, 0x5A, 0xCF, 0x6F, 0x87, 0x49,
    0xD7, 0x6F, 0x87, 0x38, 0xDF, 0x6F, 0x87, 0x26, 0xE7, 0x6F, 0x87, 0x15,
    0xEF, 0x6F, 0x87, 0x03, 0xF7, 0x6F, 0x87, 0x00, 0x00, 0x77, 0x87, 0x00,
    0x07, 0x77, 0x87, 0x00, 0x0F, 0x77, 0x87, 0x05, 0x17, 0x77, 0x87, 0x17,
    0x1F, 0x77, 0x87, 0x29, 0x27, 0x77, 0x87, 0x3A, 0x2F, 0x77, 0x87, 0x4C,
    0x37, 0x77, 0x87, 0x5D, 0x3F, 0x77, 0x87, 0x6F, 0x47, 0x77, 0x87, 0x80,
    0x4F, 0x77, 0x87, 0x91, 0x57, 0x77, 0x87, 0xA2, 0x5F, 0x77, 0x87, 0xB3,
    0x67, 0x77, 0x87, 0xC4, 0x6F, 0x77, 0x87, 0xD3, 0x77, 0x77, 0x87, 0xE0,
    0x7F, 0x77, 0x87, 0xE5, 0x87, 0x77, 0x87, 0xE0, 0x8F, 0x77, 0x87, 0xD3,
    0x97, 0x77, 0x87, 0xC4, 0x9F, 0x77, 0x87, 0xB3, 0xA7, 0x77, 0x87, 0xA2,
    0xAF, 0x77, 0x87, 0x91, 0xB7, 0x77, 0x87, 0x80, 0xBF, 0x77, 0x87, 0x6F,
    0xC7, 0x77, 0x87, 0x5D, 0xCF, 0x77, 0x87, 0x4C, 0xD7, 0x77, 0x87, 0x3A,
    0xDF, 0x77, 0x87, 0x29, 0xE7, 0x77, 0x87, 0x17, 0xEF, 0x77, 0x87, 0x05,
    0xF7, 0x77, 0x87, 0x00, 0x00, 0x7F, 0x87, 0x00, 0x07, 0x7F, 0x87, 0x00,
    0x0F, 0x7F, 0x87, 0x06, 0x17, 0x7F, 0x87, 0x18, 0x1F, 0x7F, 0x87, 0x29,
    0x27, 0x7F, 0x87, 0x3B, 0x2F, 0x7F, 0x87, 0x4D, 0x37, 0x7F, 0x87, 0x5E,
    0x3F, 0x7F, 0x87, 0x70, 0x47, 0x7F, 0x87, 0x81, 0x4F, 0x7F, 0x87, 0x93,
    0x57, 0x7F, 0x87, 0xA4, 0x5F, 0x7F, 0x87, 0xB5, 0x67, 0x7F, 0x87, 0xC7,
    0x6F, 0x7F, 0x87, 0xD7, 0x77, 0x7F, 0x87, 0xE5, 0x7F, 0x7F, 0x87, 0xED,
    0x87, 0x7F, 0x87, 0xE5, 0x8F, 0x7F, 0x87, 0xD7, 0x97, 0x7F, 0x87, 0xC7,
    0x9F, 0x7F, 0x87, 0xB5, 0xA7, 0x7F, 0x87, 0xA4, 0xAF, 0x7F, 0x87, 0x93,
    0xB7, 0x7F, 0x87, 0x81, 0xBF, 0x7F, 0x87, 0x70, 0xC7, 0x7F, 0x87, 0x5E,
    0xCF, 0x7F, 0x87, 0x4D, 0xD7, 0x7F, 0x87, 0x3B, 0xDF, 0x7F, 0x87, 0x29,
    0xE7, 0x7F, 0x87, 0x18, 0xEF, 0x7F, 0x87, 0x06, 0xF7, 0x7F, 0x87, 0x00,
    0x00, 0x87, 0x87, 0x00, 0x07, 0x87, 0x87, 0x00, 0x0F, 0x87, 0x87, 0x05,
    0x17, 0x87, 0x87, 0x17, 0x1F, 0x87, 0x87, 0x29, 0x27, 0x87, 0x87, 0x3A,
    0x2F, 0x87, 0x87, 0x4C, 0x37, 0x87, 0x87, 0x5D, 0x3F, 0x87, 0x87, 0x6F,
    0x47, 0x87, 0x87, 0x80, 0x4F, 0x87, 0x87, 0x91, 0x57, 0x87, 0x87, 0xA2,
    0x5F, 0x87, 0x87, 0xB3, 0x67, 0x87, 0x87, 0xC4, 0x6F, 0x87, 0x87, 0xD3,
    0x77, 0x87, 0x87, 0xE0, 0x7F, 0x87, 0x87, 0xE5, 0x87, 0x87, 0x87, 0xE0,
    0x8F, 0x87, 0x87, 0xD3, 0x97, 0x87, 0x87, 0xC4, 0x9F, 0x87, 0x87, 0xB3,
    0xA7, 0x87, 0x87, 0xA2, 0xAF, 0x87, 0x87, 0x91, 0xB7, 0x87, 0x87, 0x80,
    0xBF, 0x87, 0x87, 0x6F, 0xC7, 0x87, 0x87, 0x5D, 0xCF, 0x87, 0x87, 0x4C,
    0xD7, 0x87, 0x87, 0x3A, 0xDF, 0x87, 0x87, 0x29, 0xE7, 0x87, 0x87, 0x17,
    0xEF, 0x87, 0x87, 0x05, 0xF7, 0x87, 0x87, 0x00, 0x00, 0x8F, 0x87, 0x00,
    0x07, 0x8F, 0x87, 0x00, 0x0F, 0x8F, 0x87, 0x03, 0x17, 0x8F, 0x87, 0x15,
    0x1F, 0x8F, 0x87, 0x26, 0x27, 0x8F, 0x87, 0x38, 0x2F, 0x8F, 0x87, 0x49,
    0x37, 0x8F, 0x87, 0x5A, 0x3F, 0x8F, 0x87, 0x6B, 0x47, 0x8F, 0x87, 0x7C,
    0x4F, 0x8F, 0x87, 0x8D, 0x57, 0x8F, 0x87, 0x9E, 0x5F, 0x8F, 0x87, 0xAD,
    0x67, 0x8F, 0x87, 0xBC, 0x6F, 0x8F, 0x87, 0xC9, 0x77, 0x8F, 0x87, 0xD3,
    0x7F, 0x8F, 0x87, 0xD7, 0x87, 0x8F, 0x87, 0xD3, 0x8F, 0x8F, 0x87, 0xC9,
    0x97, 0x8F, 0x87, 0xBC, 0x9F, 0x8F, 0x87, 0xAD, 0xA7, 0x8F, 0x87, 0x9E,
    0xAF, 0x8F, 0x87, 0x8D, 0xB7, 0x8F, 0x87, 0x7C, 0xBF, 0x8F, 0x87, 0x6B,
    0xC7, 0x8F, 0x87, 0x5A, 0xCF, 0x8F, 0x87, 0x49, 0xD7, 0x8F, 0x87, 0x38,
    0xDF, 0x8F, 0x87, 0x26, 0xE7, 0x8F, 0x87, 0x15, 0xEF, 0x8F, 0x87, 0x03,
    0xF7, 0x8F, 0x87, 0x00, 0x00, 0x97, 0x87, 0x00, 0x07, 0x97, 0x87, 0x00,
    0x0F, 0x97, 0x87, 0x00, 0x17, 0x97, 0x87, 0x12, 0x1F, 0x97, 0x87, 0x23,
    0x27, 0x97, 0x87, 0x34, 0x2F, 0x97, 0x87, 0x45, 0x37, 0x97, 0x87, 0x56,
    0x3F, 0x97, 0x87, 0x66, 0x47, 0x97, 0x87, 0x76, 0x4F, 0x97, 0x87, 0x86,
    0x57, 0x97, 0x87, 0x96, 0x5F, 0x97, 0x87, 0xA4, 0x67, 0x97, 0x87, 0xB1,
    0x6F, 0x97, 0x87, 0xBC, 0x77, 0x97, 0x87, 0xC4, 0x7F, 0x97, 0x87, 0xC7,
    0x87, 0x97, 0x87, 0xC4, 0x8F, 0x97, 0x87, 0xBC, 0x97, 0x97, 0x87, 0xB1,
    0x9F, 0x97, 0x87, 0xA4, 0xA7, 0x97, 0x87, 0x96, 0xAF, 0x97, 0x87, 0x86,
    0xB7, 0x97, 0x87, 0x76, 0xBF, 0x97, 0x87, 0x66, 0xC7, 0x97, 0x87, 0x56,
    0xCF, 0x97, 0x87, 0x45, 0xD7, 0x97, 0x87, 0x34, 0xDF, 0x97, 0x87, 0x23,
    0xE7, 0x97, 0x87, 0x12, 0xEF, 0x97, 0x87, 0x00, 0xF7, 0x97, 0x87, 0x00,
    0x00, 0x9F, 0x87, 0x00, 0x07, 0x9F, 0x87, 0x00, 0x0F, 0x9F, 0x87, 0x00,
    0x17, 0x9F, 0x87, 0x0D, 0x1F, 0x9F, 0x87, 0x1E, 0x27, 0x9F, 0x87, 0x2E,
    0x2F, 0x9F, 0x87, 0x3F, 0x37, 0x9F, 0x87, 0x4F, 0x3F, 0x9F, 0x87, 0x5F,
    0x47, 0x9F, 0x87, 0x6F, 0x4F, 0x9F, 0x87, 0x7E, 0x57, 0x9F, 0x87, 0x8C,
    0x5F, 0x9F, 0x87, 0x99, 0x67, 0x9F, 0x87, 0xA4, 0x6F, 0x9F, 0x87, 0xAD,
    0x77, 0x9F, 0x87, 0xB3, 0x7F, 0x9F, 0x87, 0xB5, 0x87, 0x9F, 0x87, 0xB3,
    0x8F, 0x9F, 0x87, 0xAD, 0x97, 0x9F, 0x87, 0xA4, 0x9F, 0x9F, 0x87, 0x99,
    0xA7, 0x9F, 0x87, 0x8C, 0xAF, 0x9F, 0x87, 0x7E, 0xB7, 0x9F, 0x87, 0x6F,
    0xBF, 0x9F, 0x87, 0x5F, 0xC7, 0x9F, 0x87, 0x4F, 0xCF, 0x9F, 0x87, 0x3F,
    0xD7, 0x9F, 0x87, 0x2E, 0xDF, 0x9F, 0x87, 0x1E, 0xE7, 0x9F, 0x87, 0x0D,
    0xEF, 0x9F, 0x87, 0x00, 0xF7, 0x9F, 0x87, 0x00, 0x00, 0xA7, 0x87, 0x00,
    0x07, 0xA7, 0x87, 0x00, 0x0F, 0xA7, 0x87, 0x00, 0x17, 0xA7, 0x87, 0x07,
    0x1F, 0xA7, 0x87, 0x18, 0x27, 0xA7, 0x87, 0x28, 0x2F, 0xA7, 0x87, 0x38,
    0x37, 0xA7, 0x87, 0x47, 0x3F, 0xA7, 0x87, 0x57, 0x47, 0xA7, 0x87, 0x65,
    0x4F, 0xA7, 0x87, 0x73, 0x57, 0xA7, 0x87, 0x80, 0x5F, 0xA7, 0x87, 0x8C,
    0x67, 0xA7, 0x87, 0x96, 0x6F, 0xA7, 0x87, 0x9E, 0x77, 0xA7, 0x87, 0xA2,
    0x7F, 0xA7, 0x87, 0xA4, 0x87, 0xA7, 0x87, 0xA2, 0x8F, 0xA7, 0x87, 0x9E,
    0x97, 0xA7, 0x87, 0x96, 0x9F, 0xA7, 0x87, 0x8C, 0xA7, 0xA7, 0x87, 0x80,
    0xAF, 0xA7, 0x87, 0x73, 0xB7, 0xA7, 0x87, 0x65, 0xBF, 0xA7, 0x87, 0x57,
    0xC7, 0xA7, 0x87, 0x47, 0xCF, 0xA7, 0x87, 0x38, 0xD7, 0xA7, 0x87, 0x28,
    0xDF, 0xA7, 0x87, 0x18, 0xE7, 0xA7, 0x87, 0x07, 0xEF, 0xA7, 0x87, 0x00,
    0xF7, 0xA7, 0x87, 0x00, 0x00, 0xAF, 0x87, 0x00, 0x07, 0xAF, 0x87, 0x00,
    0x0F, 0xAF, 0x87, 0x00, 0x17, 0xAF, 0x87, 0x00, 0x1F, 0xAF, 0x87, 0x10,
    0x27, 0xAF, 0x87, 0x20, 0x2F, 0xAF, 0x87, 0x2F, 0x37, 0xAF, 0x87, 0x3E,
    0x3F, 0xAF, 0x87, 0x4D, 0x47, 0xAF, 0x87, 0x5A, 0x4F, 0xAF, 0x87, 0x67,
    0x57, 0xAF, 0x87, 0x73, 0x5F, 0xAF, 0x87, 0x7E, 0x67, 0xAF, 0x87, 0x86,
    0x6F, 0xAF, 0x87, 0x8D, 0x77, 0xAF, 0x87, 0x91, 0x7F, 0xAF, 0x87, 0x93,
    0x87, 0xAF, 0x87, 0x91, 0x8F, 0xAF, 0x87, 0x8D, 0x97, 0xAF, 0x87, 0x86,
    0x9F, 0xAF, 0x87, 0x7E, 0xA7, 0xAF, 0x87, 0x73, 0xAF, 0xAF, 0x87, 0x67,
    0xB7, 0xAF, 0x87, 0x5A, 0xBF, 0xAF, 0x87, 0x4D, 0xC7, 0xAF, 0x87, 0x3E,
    0xCF, 0xAF, 0x87, 0x2F, 0xD7, 0xAF, 0x87, 0x20, 0xDF, 0xAF, 0x87, 0x10,
    0xE7, 0xAF, 0x87, 0x00, 0xEF, 0xAF, 0x87, 0x00, 0xF7, 0xAF, 0x87, 0x00,
    0x00, 0xB7, 0x87, 0x00, 0x07, 0xB7, 0x87, 0x00, 0x0F, 0xB7, 0x87, 0x00,
    0x17, 0xB7, 0x87, 0x00, 0x1F, 0xB7, 0x87, 0x08, 0x27, 0xB7, 0x87, 0x17,
    0x2F, 0xB7, 0x87, 0x26, 0x37, 0xB7, 0x87, 0x34, 0x3F, 0xB7, 0x87, 0x41,
    0x47, 0xB7, 0x87, 0x4E, 0x4F, 0xB7, 0x87, 0x5A, 0x57, 0xB7, 0x87, 0x65,
    0x5F, 0xB7, 0x87, 0x6F, 0x67, 0xB7, 0x87, 0x76, 0x6F, 0xB7, 0x87, 0x7C,
    0x77, 0xB7, 0x87, 0x80, 0x7F, 0xB7, 0x87, 0x81, 0x87, 0xB7, 0x87, 0x80,
    0x8F, 0xB7, 0x87, 0x7C, 0x97, 0xB7, 0x87, 0x76, 0x9F, 0xB7, 0x87, 0x6F,
    0xA7, 0xB7, 0x87, 0x65, 0xAF, 0xB7, 0x87, 0x5A, 0xB7, 0xB7, 0x87, 0x4E,
    0xBF, 0xB7, 0x87, 0x41, 0xC7, 0xB7, 0x87, 0x34, 0xCF, 0xB7, 0x87, 0x26,
    0xD7, 0xB7, 0x87, 0x17, 0xDF, 0xB7, 0x87, 0x08, 0xE7, 0xB7, 0x87, 0x00,
    0xEF, 0xB7, 0x87, 0x00, 0xF7, 0xB7, 0x87, 0x00, 0x00, 0xBF, 0x87, 0x00,
    0x07, 0xBF, 0x87, 0x00, 0x0F, 0xBF, 0x87, 0x00, 0x17, 0xBF, 0x87, 0x00,
    0x1F, 0xBF, 0x87, 0x00, 0x27, 0xBF, 0x87, 0x0D, 0x2F, 0xBF, 0x87, 0x1B,
    0x37, 0xBF, 0x87, 0x29, 0x3F, 0xBF, 0x87, 0x35, 0x47, 0xBF, 0x87, 0x41,
    0x4F, 0xBF, 0x87, 0x4D, 0x57, 0xBF, 0x87, 0x57, 0x5F, 0xBF, 0x87, 0x5F,
    0x67, 0xBF, 0x87, 0x66, 0x6F, 0xBF, 0x87, 0x6B, 0x77, 0xBF, 0x87, 0x6F,
    0x7F, 0xBF, 0x87, 0x70, 0x87, 0xBF, 0x87, 0x6F, 0x8F, 0xBF, 0x87, 0x6B,
    0x97, 0xBF, 0x87, 0x66, 0x9F, 0xBF, 0x87, 0x5F, 0xA7, 0xBF, 0x87, 0x57,
    0xAF, 0xBF, 0x87, 0x4D, 0xB7, 0xBF, 0x87, 0x41, 0xBF, 0xBF, 0x87, 0x35,
    0xC7, 0xBF, 0x87, 0x29, 0xCF, 0xBF, 0x87, 0x1B, 0xD7, 0xBF, 0x87, 0x0D,
    0xDF, 0xBF, 0x87, 0x00, 0xE7, 0xBF, 0x87, 0x00, 0xEF, 0xBF, 0x87, 0x00,
    0xF7, 0xBF, 0x87, 0x00, 0x00, 0xC7, 0x87, 0x00, 0x07, 0xC7, 0x87, 0x00,
    0x0F, 0xC7, 0x87, 0x00, 0x17, 0xC7, 0x87, 0x00, 0x1F, 0xC7, 0x87, 0x00,
    0x27, 0xC7, 0x87, 0x02, 0x2F, 0xC7, 0x87, 0x10, 0x37, 0xC7, 0x87, 0x1C,
    0x3F, 0xC7, 0x87, 0x29, 0x47, 0xC7, 0x87, 0x34, 0x4F, 0xC7, 0x87, 0x3E,
    0x57, 0xC7, 0x87, 0x47, 0x5F, 0xC7, 0x87, 0x4F, 0x67, 0xC7, 0x87, 0x56,
    0x6F, 0xC7, 0x87, 0x5A, 0x77, 0xC7, 0x87, 0x5D, 0x7F, 0xC7, 0x87, 0x5E,
    0x87, 0xC7, 0x87, 0x5D, 0x8F, 0xC7, 0x87, 0x5A, 0x97, 0xC7, 0x87, 0x56,
    0x9F, 0xC7, 0x87, 0x4F, 0xA7, 0xC7, 0x87, 0x47, 0xAF, 0xC7, 0x87, 0x3E,
    0xB7, 0xC7, 0x87, 0x34, 0xBF, 0xC7, 0x87, 0x29, 0xC7, 0xC7, 0x87, 0x1C,
    0xCF, 0xC7, 0x87, 0x10, 0xD7, 0xC7, 0x87, 0x02, 0xDF, 0xC7, 0x87, 0x00,
    0xE7, 0xC7, 0x87, 0x00, 0xEF, 0xC7, 0x87, 0x00, 0xF7, 0xC7, 0x87, 0x00,
    0x00, 0xCF, 0x87, 0x00, 0x07, 0xCF, 0x87, 0x00, 0x0F, 0xCF, 0x87, 0x00,
    0x17, 0xCF, 0x87, 0x00, 0x1F, 0xCF, 0x87, 0x00, 0x27, 0xCF, 0x87, 0x00,
    0x2F, 0xCF, 0x87, 0x03, 0x37, 0xCF, 0x87, 0x10, 0x3F, 0xCF, 0x87, 0x1B,
    0x47, 0xCF, 0x87, 0x26, 0x4F, 0xCF, 0x87, 0x2F, 0x57, 0xCF, 0x87, 0x38,
    0x5F, 0xCF, 0x87, 0x3F, 0x67, 0xCF, 0x87, 0x45, 0x6F, 0xCF, 0x87, 0x49,
    0x77, 0xCF, 0x87, 0x4C, 0x7F, 0xCF, 0x87, 0x4D, 0x87, 0xCF, 0x87, 0x4C,
    0x8F, 0xCF, 0x87, 0x49, 0x97, 0xCF, 0x87, 0x45, 0x9F, 0xCF, 0x87, 0x3F,
    0xA7, 0xCF, 0x87, 0x38, 0xAF, 0xCF, 0x87, 0x2F, 0xB7, 0xCF, 0x87, 0x26,
    0xBF, 0xCF, 0x87, 0x1B, 0xC7, 0xCF, 0x87, 0x10, 0xCF, 0xCF, 0x87, 0x03,
    0xD7, 0xCF, 0x87, 0x00, 0xDF, 0xCF, 0x87, 0x00, 0xE7, 0xCF, 0x87, 0x00,
    0xEF, 0xCF, 0x87, 0x00, 0xF7, 0xCF, 0x87, 0x00, 0x00, 0xD7, 0x87, 0x00,
    0x07, 0xD7, 0x87, 0x00, 0x0F, 0xD7, 0x87, 0x00, 0x17, 0xD7, 0x87, 0x00,
    0x1F, 0xD7, 0x87, 0x00, 0x27, 0xD7, 0x87, 0x00, 0x2F, 0xD7, 0x87, 0x00,
    0x37, 0xD7, 0x87, 0x02, 0x3F, 0xD7, 0x87, 0x0D, 0x47, 0xD7, 0x87, 0x17,
    0x4F, 0xD7, 0x87, 0x20, 0x57, 0xD7, 0x87, 0x28, 0x5F, 0xD7, 0x87, 0x2E,
    0x67, 0xD7, 0x87, 0x34, 0x6F, 0xD7, 0x87, 0x38, 0x77, 0xD7, 0x87, 0x3A,
    0x7F, 0xD7, 0x87, 0x3B, 0x87, 0xD7, 0x87, 0x3A, 0x8F, 0xD7, 0x87, 0x38,
    0x97, 0xD7, 0x87, 0x34, 0x9F, 0xD7, 0x87, 0x2E, 0xA7, 0xD7, 0x87, 0x28,
    0xAF, 0xD7, 0x87, 0x20, 0xB7, 0xD7, 0x87, 0x17, 0xBF, 0xD7, 0x87, 0x0D,
    0xC7, 0xD7, 0x87, 0x02, 0xCF, 0xD7, 0x87, 0x00, 0xD7, 0xD7, 0x87, 0x00,
    0xDF, 0xD7, 0x87, 0x00, 0xE7, 0xD7, 0x87, 0x00, 0xEF, 0xD7, 0x87, 0x00,
    0xF7, 0xD7, 0x87, 0x00, 0x00, 0xDF, 0x87, 0x00, 0x07, 0xDF, 0x87, 0x00,
    0x0F, 0xDF, 0x87, 0x00, 0x17, 0xDF, 0x87, 0x00, 0x1F, 0xDF, 0x87, 0x00,
    0x27, 0xDF, 0x87, 0x00, 0x2F, 0xDF, 0x87, 0x00, 0x37, 0xDF, 0x87, 0x00,
    0x3F, 0xDF, 0x87, 0x00, 0x47, 0xDF, 0x87, 0x08, 0x4F, 0xDF, 0x87, 0x10,
    0x57, 0xDF, 0x87, 0x18, 0x5F, 0xDF, 0x87, 0x1E, 0x67, 0xDF, 0x87, 0x23,
    0x6F, 0xDF, 0x87, 0x26, 0x77, 0xDF, 0x87, 0x29, 0x7F, 0xDF, 0x87, 0x29,
    0x87, 0xDF, 0x87, 0x29, 0x8F, 0xDF, 0x87, 0x26, 0x97, 0xDF, 0x87, 0x23,
    0x9F, 0xDF, 0x87, 0x1E, 0xA7, 0xDF, 0x87, 0x18, 0xAF, 0xDF, 0x87, 0x10,
    0xB7, 0xDF, 0x87, 0x08, 0xBF, 0xDF, 0x87, 0x00, 0xC7, 0xDF, 0x87, 0x00,
    0xCF, 0xDF, 0x87, 0x00, 0xD7, 0xDF, 0x87, 0x00, 0xDF, 0xDF, 0x87, 0x00,
    0xE7, 0xDF, 0x87, 0x00, 0xEF, 0xDF, 0x87, 0x00, 0xF7, 0xDF, 0x87, 0x00,
    0x00, 0xE7, 0x87, 0x00, 0x07, 0xE7, 0x87, 0x00, 0x0F, 0xE7, 0x87, 0x00,
    0x17, 0xE7, 0x87, 0x00, 0x1F, 0xE7, 0x87, 0x00, 0x27, 0xE7, 0x87, 0x00,
    0x2F, 0xE7, 0x87, 0x00, 0x37, 0xE7, 0x87, 0x00, 0x3F, 0xE7, 0x87, 0x00,
    0x47, 0xE7, 0x87, 0x00, 0x4F, 0xE7, 0x87, 0x00, 0x57, 0xE7, 0x87, 0x07,
    0x5F, 0xE7, 0x87, 0x0D, 0x67, 0xE7, 0x87, 0x12, 0x6F, 0xE7, 0x87, 0x15,
    0x77, 0xE7, 0x87, 0x17, 0x7F, 0xE7, 0x87, 0x18, 0x87, 0xE7, 0x87, 0x17,
    0x8F, 0xE7, 0x87, 0x15, 0x97, 0xE7, 0x87, 0x12, 0x9F, 0xE7, 0x87, 0x0D,
    0xA7, 0xE7, 0x87, 0x07, 0xAF, 0xE7, 0x87, 0x00, 0xB7, 0xE7, 0x87, 0x00,
    0xBF, 0xE7, 0x87, 0x00, 0xC7, 0xE7, 0x87, 0x00, 0xCF, 0xE7, 0x87, 0x00,
    0xD7, 0xE7, 0x87, 0x00, 0xDF, 0xE7, 0x87, 0x00, 0xE7, 0xE7, 0x87, 0x00,
    0xEF, 0xE7, 0x87, 0x00, 0xF7, 0xE7, 0x87, 0x00, 0x00, 0xEF, 0x87, 0x00,
    0x07, 0xEF, 0x87, 0x00, 0x0F, 0xEF, 0x87, 0x00, 0x17, 0xEF, 0x87, 0x00,
    0x1F, 0xEF, 0x87, 0x00, 0x27, 0xEF, 0x87, 0x00, 0x2F, 0xEF, 0x87, 0x00,
    0x37, 0xEF, 0x87, 0x00, 0x3F, 0xEF, 0x87, 0x00, 0x47, 0xEF, 0x87, 0x00,
    0x4F, 0xEF, 0x87, 0x00, 0x57, 0xEF, 0x87, 0x00, 0x5F, 0xEF, 0x87, 0x00,
    0x67, 0xEF, 0x87, 0x00, 0x6F, 0xEF, 0x87, 0x03, 0x77, 0xEF, 0x87, 0x05,
    0x7F, 0xEF, 0x87, 0x06, 0x87, 0xEF, 0x87, 0x05, 0x8F, 0xEF, 0x87, 0x03,
    0x97, 0xEF, 0x87, 0x00, 0x9F, 0xEF, 0x87, 0x00, 0xA7, 0xEF, 0x87, 0x00,
    0xAF, 0xEF, 0x87, 0x00, 0xB7, 0xEF, 0x87, 0x00, 0xBF, 0xEF, 0x87, 0x00,
    0xC7, 0xEF, 0x87, 0x00, 0xCF, 0xEF, 0x87, 0x00, 0xD7, 0xEF, 0x87, 0x00,
    0xDF, 0xEF, 0x87, 0x00, 0xE7, 0xEF, 0x87, 0x00, 0xEF, 0xEF, 0x87, 0x00,
    0xF7, 0xEF, 0x87, 0x00, 0x00, 0xF7, 0x87, 0x00, 0x07, 0xF7, 0x87, 0x00,
    0x0F, 0xF7, 0x87, 0x00, 0x17, 0xF7, 0x87, 0x00, 0x1F, 0xF7, 0x87, 0x00,
    0x27, 0xF7, 0x87, 0x00, 0x2F, 0xF7, 0x87, 0x00, 0x37, 0xF7, 0x87, 0x00,
    0x3F, 0xF7, 0x87, 0x00, 0x47, 0xF7, 0x87, 0x00, 0x4F, 0xF7, 0x87, 0x00,
    0x57, 0xF7, 0x87, 0x00, 0x5F, 0xF7, 0x87, 0x00, 0x67, 0xF7, 0x87, 0x00,
    0x6F, 0xF7, 0x87, 0x00, 0x77, 0xF7, 0x87, 0x00, 0x7F, 0xF7, 0x87, 0x00,
    0x87, 0xF7, 0x87, 0x00, 0x8F, 0xF7, 0x87, 0x00, 0x97, 0xF7, 0x87, 0x00,
    0x9F, 0xF7, 0x87, 0x00, 0xA7, 0xF7, 0x87, 0x00, 0xAF, 0xF7, 0x87, 0x00,
    0xB7, 0xF7, 0x87, 0x00, 0xBF, 0xF7, 0x87, 0x00, 0xC7, 0xF7, 0x87, 0x00,
    0xCF, 0xF7, 0x87, 0x00, 0xD7, 0xF7, 0x87, 0x00, 0xDF, 0xF7, 0x87, 0x00,
    0xE7, 0xF7, 0x87, 0x00, 0xEF, 0xF7, 0x87, 0x00, 0xF7, 0xF7, 0x87, 0x00,
    0x00, 0x00, 0x8F, 0x00, 0x07, 0x00, 0x8F, 0x00, 0x0F, 0x00, 0x8F, 0x00,
    0x17, 0x00, 0x8F, 0x00, 0x1F, 0x00, 0x8F, 0x00, 0x27, 0x00, 0x8F, 0x00,
    0x2F, 0x00, 0x8F, 0x00, 0x37, 0x00, 0x8F, 0x00, 0x3F, 0x00, 0x8F, 0x00,
    0x47, 0x00, 0x8F, 0x00, 0x4F, 0x00, 0x8F, 0x00, 0x57, 0x00, 0x8F, 0x00,
    0x5F, 0x00, 0x8F, 0x00, 0x67, 0x00, 0x8F, 0x00, 0x6F, 0x00, 0x8F, 0x00,
    0x77, 0x00, 0x8F, 0x00, 0x7F, 0x00, 0x8F, 0x00, 0x87, 0x00, 0x8F, 0x00,
    0x8F, 0x00, 0x8F, 0x00, 0x97, 0x00, 0x8F, 0x00, 0x9F, 0x00, 0x8F, 0x00,
    0xA7, 0x00, 0x8F, 0x00, 0xAF, 0x00, 0x8F, 0x00, 0xB7, 0x00, 0x8F, 0x00,
    0xBF, 0x00, 0x8F, 0x00, 0xC7, 0x00, 0x8F, 0x00, 0xCF, 0x00, 0x8F, 0x00,
    0xD7, 0x00, 0x8F, 0x00, 0xDF, 0x00, 0x8F, 0x00, 0xE7, 0x00, 0x8F, 0x00,
    0xEF, 0x00, 0x8F, 0x00, 0xF7, 0x00, 0x8F, 0x00, 0x00, 0x07, 0x8F, 0x00,
    0x07, 0x07, 0x8F, 0x00, 0x0F, 0x07, 0x8F, 0x00, 0x17, 0x07, 0x8F, 0x00,
    0x1F, 0x07, 0x8F, 0x00, 0x27, 0x07, 0x8F, 0x00, 0x2F, 0x07, 0x8F, 0x00,
    0x37, 0x07, 0x8F, 0x00, 0x3F, 0x07, 0x8F, 0x00, 0x47, 0x07, 0x8F, 0x00,
    0x4F, 0x07, 0x8F, 0x00, 0x57, 0x07, 0x8F, 0x00, 0x5F, 0x07, 0x8F, 0x00,
    0x67, 0x07, 0x8F, 0x00, 0x6F, 0x07, 0x8F, 0x00, 0x77, 0x07, 0x8F, 0x00,
    0x7F, 0x07, 0x8F, 0x00, 0x87, 0x07, 0x8F, 0x00, 0x8F, 0x07, 0x8F, 0x00,
    0x97, 0x07, 0x8F, 0x00, 0x9F, 0x07, 0x8F, 0x00, 0xA7, 0x07, 0x8F, 0x00,
    0xAF, 0x07, 0x8F, 0x00, 0xB7, 0x07, 0x8F, 0x00, 0xBF, 0x07, 0x8F, 0x00,
    0xC7, 0x07, 0x8F, 0x00, 0xCF, 0x07, 0x8F, 0x00, 0xD7, 0x07, 0x8F, 0x00,
    0xDF, 0x07, 0x8F, 0x00, 0xE7, 0x07, 0x8F, 0x00, 0xEF, 0x07, 0x8F, 0x00,
    0xF7, 0x07, 0x8F, 0x00, 0x00, 0x0F, 0x8F, 0x00, 0x07, 0x0F, 0x8F, 0x00,
    0x0F, 0x0F, 0x8F, 0x00, 0x17, 0x0F, 0x8F, 0x00, 0x1F, 0x0F, 0x8F, 0x00,
    0x27, 0x0F, 0x8F, 0x00, 0x2F, 0x0F, 0x8F, 0x00, 0x37, 0x0F, 0x8F, 0x00,
    0x3F, 0x0F, 0x8F, 0x00, 0x47, 0x0F, 0x8F, 0x00, 0x4F, 0x0F, 0x8F, 0x00,
    0x57, 0x0F, 0x8F, 0x00, 0x5F, 0x0F, 0x8F, 0x00, 0x67, 0x0F, 0x8F, 0x00,
    0x6F, 0x0F, 0x8F, 0x02, 0x77, 0x0F, 0x8F, 0x03, 0x7F, 0x0F, 0x8F, 0x04,
    0x87, 0x0F, 0x8F, 0x03, 0x8F, 0x0F, 0x8F, 0x02, 0x97, 0x0F, 0x8F, 0x00,
    0x9F, 0x0F, 0x8F, 0x00, 0xA7, 0x0F, 0x8F, 0x00, 0xAF, 0x0F, 0x8F, 0x00,
    0xB7, 0x0F, 0x8F, 0x00, 0xBF, 0x0F, 0x8F, 0x00, 0xC7, 0x0F, 0x8F, 0x00,
    0xCF, 0x0F, 0x8F, 0x00, 0xD7, 0x0F, 0x8F, 0x00, 0xDF, 0x0F, 0x8F, 0x00,
    0xE7, 0x0F, 0x8F, 0x00, 0xEF, 0x0F, 0x8F, 0x00, 0xF7, 0x0F, 0x8F, 0x00,
    0x00, 0x17, 0x8F, 0x00, 0x07, 0x17, 0x8F, 0x00, 0x0F, 0x17, 0x8F, 0x00,
    0x17, 0x17, 0x8F, 0x00, 0x1F, 0x17, 0x8F, 0x00, 0x27, 0x17, 0x8F, 0x00,
    0x2F, 0x17, 0x8F, 0x00, 0x37, 0x17, 0x8F, 0x00, 0x3F, 0x17, 0x8F, 0x00,
    0x47, 0x17, 0x8F, 0x00, 0x4F, 0x17, 0x8F, 0x00, 0x57, 0x17, 0x8F, 0x05,
    0x5F, 0x17, 0x8F, 0x0B, 0x67, 0x17, 0x8F, 0x10, 0x6F, 0x17, 0x8F, 0x13,
    0x77, 0x17, 0x8F, 0x15, 0x7F, 0x17, 0x8F, 0x16, 0x87, 0x17, 0x8F, 0x15,
    0x8F, 0x17, 0x8F, 0x13, 0x97, 0x17, 0x8F, 0x10, 0x9F, 0x17, 0x8F, 0x0B,
    0xA7, 0x17, 0x8F, 0x05, 0xAF, 0x17, 0x8F, 0x00, 0xB7, 0x17, 0x8F, 0x00,
    0xBF, 0x17, 0x8F, 0x00, 0xC7, 0x17, 0x8F, 0x00, 0xCF, 0x17, 0x8F, 0x00,
    0xD7, 0x17, 0x8F, 0x00, 0xDF, 0x17, 0x8F, 0x00, 0xE7, 0x17, 0x8F, 0x00,
    0xEF, 0x17, 0x8F, 0x00, 0xF7, 0x17, 0x8F, 0x00, 0x00, 0x1F, 0x8F, 0x00,
    0x07, 0x1F, 0x8F, 0x00, 0x0F, 0x1F, 0x8F, 0x00, 0x17, 0x1F, 0x8F, 0x00,
    0x1F, 0x1F, 0x8F, 0x00, 0x27, 0x1F, 0x8F, 0x00, 0x2F, 0x1F, 0x8F, 0x00,
    0x37, 0x1F, 0x8F, 0x00, 0x3F, 0x1F, 0x8F, 0x00, 0x47, 0x1F, 0x8F, 0x06,
    0x4F, 0x1F, 0x8F, 0x0E, 0x57, 0x1F, 0x8F, 0x16, 0x5F, 0x1F, 0x8F, 0x1C,
    0x67, 0x1F, 0x8F, 0x21, 0x6F, 0x1F, 0x8F, 0x24, 0x77, 0x1F, 0x8F, 0x26,
    0x7F, 0x1F, 0x8F, 0x27, 0x87, 0x1F, 0x8F, 0x26, 0x8F, 0x1F, 0x8F, 0x24,
    0x97, 0x1F, 0x8F, 0x21, 0x9F, 0x1F, 0x8F, 0x1C, 0xA7, 0x1F, 0x8F, 0x16,
    0xAF, 0x1F, 0x8F, 0x0E, 0xB7, 0x1F, 0x8F, 0x06, 0xBF, 0x1F, 0x8F, 0x00,
    0xC7, 0x1F, 0x8F, 0x00, 0xCF, 0x1F, 0x8F, 0x00, 0xD7, 0x1F, 0x8F, 0x00,
    0xDF, 0x1F, 0x8F, 0x00, 0xE7, 0x1F, 0x8F, 0x00, 0xEF, 0x1F, 0x8F, 0x00,
    0xF7, 0x1F, 0x8F, 0x00, 0x00, 0x27, 0x8F, 0x00, 0x07, 0x27, 0x8F, 0x00,
    0x0F, 0x27, 0x8F, 0x00, 0x17, 0x27, 0x8F, 0x00, 0x1F, 0x27, 0x8F, 0x00,
    0x27, 0x27, 0x8F, 0x00, 0x2F, 0x27, 0x8F, 0x00, 0x37, 0x27, 0x8F, 0x00,
    0x3F, 0x27, 0x8F, 0x0B, 0x47, 0x27, 0x8F, 0x15, 0x4F, 0x27, 0x8F, 0x1E,
    0x57, 0x27, 0x8F, 0x26, 0x5F, 0x27, 0x8F, 0x2C, 0x67, 0x27, 0x8F, 0x32,
    0x6F, 0x27, 0x8F, 0x35, 0x77, 0x27, 0x8F, 0x38, 0x7F, 0x27, 0x8F, 0x39,
    0x87, 0x27, 0x8F, 0x38, 0x8F, 0x27, 0x8F, 0x35, 0x97, 0x27, 0x8F, 0x32,
    0x9F, 0x27, 0x8F, 0x2C, 0xA7, 0x27, 0x8F, 0x26, 0xAF, 0x27, 0x8F, 0x1E,
    0xB7, 0x27, 0x8F, 0x15, 0xBF, 0x27, 0x8F, 0x0B, 0xC7, 0x27, 0x8F, 0x00,
    0xCF, 0x27, 0x8F, 0x00, 0xD7, 0x27, 0x8F, 0x00, 0xDF, 0x27, 0x8F, 0x00,
    0xE7, 0x27, 0x8F, 0x00, 0xEF, 0x27, 0x8F, 0x00, 0xF7, 0x27, 0x8F, 0x00,
    0x00, 0x2F, 0x8F, 0x00, 0x07, 0x2F, 0x8F, 0x00, 0x0F, 0x2F, 0x8F, 0x00,
    0x17, 0x2F, 0x8F, 0x00, 0x1F, 0x2F, 0x8F, 0x00, 0x27, 0x2F, 0x8F, 0x00,
    0x2F, 0x2F, 0x8F, 0x02, 0x37, 0x2F, 0x8F, 0x0E, 0x3F, 0x2F, 0x8F, 0x19,
    0x47, 0x2F, 0x8F, 0x23, 0x4F, 0x2F, 0x8F, 0x2D, 0x57, 0x2F, 0x8F, 0x35,
    0x5F, 0x2F, 0x8F, 0x3D, 0x67, 0x2F, 0x8F, 0x42, 0x6F, 0x2F, 0x8F, 0x46,
    0x77, 0x2F, 0x8F, 0x49, 0x7F, 0x2F, 0x8F, 0x4A, 0x87, 0x2F, 0x8F, 0x49,
    0x8F, 0x2F, 0x8F, 0x46, 0x97, 0x2F, 0x8F, 0x42, 0x9F, 0x2F, 0x8F, 0x3D,
    0xA7, 0x2F, 0x8F, 0x35, 0xAF, 0x2F, 0x8F, 0x2D, 0xB7, 0x2F, 0x8F, 0x23,
    0xBF, 0x2F, 0x8F, 0x19, 0xC7, 0x2F, 0x8F, 0x0E, 0xCF, 0x2F, 0x8F, 0x02,
    0xD7, 0x2F, 0x8F, 0x00, 0xDF, 0x2F, 0x8F, 0x00, 0xE7, 0x2F, 0x8F, 0x00,
    0xEF, 0x2F, 0x8F, 0x00, 0xF7, 0x2F, 0x8F, 0x00, 0x00, 0x37, 0x8F, 0x00,
    0x07, 0x37, 0x8F, 0x00, 0x0F, 0x37, 0x8F, 0x00, 0x17, 0x37, 0x8F, 0x00,
    0x1F, 0x37, 0x8F, 0x00, 0x27, 0x37, 0x8F, 0x00, 0x2F, 0x37, 0x8F, 0x0E,
    0x37, 0x37, 0x8F, 0x1A, 0x3F, 0x37, 0x8F, 0x26, 0x47, 0x37, 0x8F, 0x32,
    0x4F, 0x37, 0x8F, 0x3C, 0x57, 0x37, 0x8F, 0x45, 0x5F, 0x37, 0x8F, 0x4D,
    0x67, 0x37, 0x8F, 0x53, 0x6F, 0x37, 0x8F, 0x57, 0x77, 0x37, 0x8F, 0x5A,
    0x7F, 0x37, 0x8F, 0x5B, 0x87, 0x37, 0x8F, 0x5A, 0x8F, 0x37, 0x8F, 0x57,
    0x97, 0x37, 0x8F, 0x53, 0x9F, 0x37, 0x8F, 0x4D, 0xA7, 0x37, 0x8F, 0x45,
    0xAF, 0x37, 0x8F, 0x3C, 0xB7, 0x37, 0x8F, 0x32, 0xBF, 0x37, 0x8F, 0x26,
    0xC7, 0x37, 0x8F, 0x1A, 0xCF, 0x37, 0x8F, 0x0E, 0xD7, 0x37, 0x8F, 0x00,
    0xDF, 0x37, 0x8F, 0x00, 0xE7, 0x37, 0x8F, 0x00, 0xEF, 0x37, 0x8F, 0x00,
    0xF7, 0x37, 0x8F, 0x00, 0x00, 0x3F, 0x8F, 0x00, 0x07, 0x3F, 0x8F, 0x00,
    0x0F, 0x3F, 0x8F, 0x00, 0x17, 0x3F, 0x8F, 0x00, 0x1F, 0x3F, 0x8F, 0x00,
    0x27, 0x3F, 0x8F, 0x0B, 0x2F, 0x3F, 0x8F, 0x19, 0x37, 0x3F, 0x8F, 0x26,
    0x3F, 0x3F, 0x8F, 0x33, 0x47, 0x3F, 0x8F, 0x3F, 0x4F, 0x3F, 0x8F, 0x4A,
    0x57, 0x3F, 0x8F, 0x54, 0x5F, 0x3F, 0x8F, 0x5C, 0x67, 0x3F, 0x8F, 0x63,
    0x6F, 0x3F, 0x8F, 0x68, 0x77, 0x3F, 0x8F, 0x6B, 0x7F, 0x3F, 0x8F, 0x6C,
    0x87, 0x3F, 0x8F, 0x6B, 0x8F, 0x3F, 0x8F, 0x68, 0x97, 0x3F, 0x8F, 0x63,
    0x9F, 0x3F, 0x8F, 0x5C, 0xA7, 0x3F, 0x8F, 0x54, 0xAF, 0x3F, 0x8F, 0x4A,
    0xB7, 0x3F, 0x8F, 0x3F, 0xBF, 0x3F, 0x8F, 0x33, 0xC7, 0x3F, 0x8F, 0x26,
    0xCF, 0x3F, 0x8F, 0x19, 0xD7, 0x3F, 0x8F, 0x0B, 0xDF, 0x3F, 0x8F, 0x00,
    0xE7, 0x3F, 0x8F, 0x00, 0xEF, 0x3F, 0x8F, 0x00, 0xF7, 0x3F, 0x8F, 0x00,
    0x00, 0x47, 0x8F, 0x00, 0x07, 0x47, 0x8F, 0x00, 0x0F, 0x47, 0x8F, 0x00,
    0x17, 0x47, 0x8F, 0x00, 0x1F, 0x47, 0x8F, 0x06, 0x27, 0x47, 0x8F, 0x15,
    0x2F, 0x47, 0x8F, 0x23, 0x37, 0x47, 0x8F, 0x32, 0x3F, 0x47, 0x8F, 0x3F,
    0x47, 0x47, 0x8F, 0x4C, 0x4F, 0x47, 0x8F, 0x57, 0x57, 0x47, 0x8F, 0x62,
    0x5F, 0x47, 0x8F, 0x6B, 0x67, 0x47, 0x8F, 0x73, 0x6F, 0x47, 0x8F, 0x79,
    0x77, 0x47, 0x8F, 0x7C, 0x7F, 0x47, 0x8F, 0x7E, 0x87, 0x47, 0x8F, 0x7C,
    0x8F, 0x47, 0x8F, 0x79, 0x97, 0x47, 0x8F, 0x73, 0x9F, 0x47, 0x8F, 0x6B,
    0xA7, 0x47, 0x8F, 0x62, 0xAF, 0x47, 0x8F, 0x57, 0xB7, 0x47, 0x8F, 0x4C,
    0xBF, 0x47, 0x8F, 0x3F, 0xC7, 0x47, 0x8F, 0x32, 0xCF, 0x47, 0x8F, 0x23,
    0xD7, 0x47, 0x8F, 0x15, 0xDF, 0x47, 0x8F, 0x06, 0xE7, 0x47, 0x8F, 0x00,
    0xEF, 0x47, 0x8F, 0x00, 0xF7, 0x47, 0x8F, 0x00, 0x00, 0x4F, 0x8F, 0x00,
    0x07, 0x4F, 0x8F, 0x00, 0x0F, 0x4F, 0x8F, 0x00, 0x17, 0x4F, 0x8F, 0x00,
    0x1F, 0x4F, 0x8F, 0x0E, 0x27, 0x4F, 0x8F, 0x1E, 0x2F, 0x4F, 0x8F, 0x2D,
    0x37, 0x4F, 0x8F, 0x3C, 0x3F, 0x4F, 0x8F, 0x4A, 0x47, 0x4F, 0x8F, 0x57,
    0x4F, 0x4F, 0x8F, 0x64, 0x57, 0x4F, 0x8F, 0x70, 0x5F, 0x4F, 0x8F, 0x7A,
    0x67, 0x4F, 0x8F, 0x83, 0x6F, 0x4F, 0x8F, 0x89, 0x77, 0x4F, 0x8F, 0x8D,
    0x7F, 0x4F, 0x8F, 0x8F, 0x87, 0x4F, 0x8F, 0x8D, 0x8F, 0x4F, 0x8F, 0x89,
    0x97, 0x4F, 0x8F, 0x83, 0x9F, 0x4F, 0x8F, 0x7A, 0xA7, 0x4F, 0x8F, 0x70,
    0xAF, 0x4F, 0x8F, 0x64, 0xB7, 0x4F, 0x8F, 0x57, 0xBF, 0x4F, 0x8F, 0x4A,
    0xC7, 0x4F, 0x8F, 0x3C, 0xCF, 0x4F, 0x8F, 0x2D, 0xD7, 0x4F, 0x8F, 0x1E,
    0xDF, 0x4F, 0x8F, 0x0E, 0xE7, 0x4F, 0x8F, 0x00, 0xEF, 0x4F, 0x8F, 0x00,
    0xF7, 0x4F, 0x8F, 0x00, 0x00, 0x57, 0x8F, 0x00, 0x07, 0x57, 0x8F, 0x00,
    0x0F, 0x57, 0x8F, 0x00, 0x17, 0x57, 0x8F, 0x05, 0x1F, 0x57, 0x8F, 0x16,
    0x27, 0x57, 0x8F, 0x26, 0x2F, 0x57, 0x8F, 0x35, 0x37, 0x57, 0x8F, 0x45,
    0x3F, 0x57, 0x8F, 0x54, 0x47, 0x57, 0x8F, 0x62, 0x4F, 0x57, 0x8F, 0x70,
    0x57, 0x57, 0x8F, 0x7C, 0x5F, 0x57, 0x8F, 0x88, 0x67, 0x57, 0x8F, 0x91,
    0x6F, 0x57, 0x8F, 0x99, 0x77, 0x57, 0x8F, 0x9E, 0x7F, 0x57, 0x8F, 0x9F,
    0x87, 0x57, 0x8F, 0x9E, 0x8F, 0x57, 0x8F, 0x99, 0x97, 0x57, 0x8F, 0x91,
    0x9F, 0x57, 0x8F, 0x88, 0xA7, 0x57, 0x8F, 0x7C, 0xAF, 0x57, 0x8F, 0x70,
    0xB7, 0x57, 0x8F, 0x62, 0xBF, 0x57, 0x8F, 0x54, 0xC7, 0x57, 0x8F, 0x45,
    0xCF, 0x57, 0x8F, 0x35, 0xD7, 0x57, 0x8F, 0x26, 0xDF, 0x57, 0x8F, 0x16,
    0xE7, 0x57, 0x8F, 0x05, 0xEF, 0x57, 0x8F, 0x00, 0xF7, 0x57, 0x8F, 0x00,
    0x00, 0x5F, 0x8F, 0x00, 0x07, 0x5F, 0x8F, 0x00, 0x0F, 0x5F, 0x8F, 0x00,
    0x17, 0x5F, 0x8F, 0x0B, 0x1F, 0x5F, 0x8F, 0x1C, 0x27, 0x5F, 0x8F, 0x2C,
    0x2F, 0x5F, 0x8F, 0x3D, 0x37, 0x5F, 0x8F, 0x4D, 0x3F, 0x5F, 0x8F, 0x5C,
    0x47, 0x5F, 0x8F, 0x6B, 0x4F, 0x5F, 0x8F, 0x7A, 0x57, 0x5F, 0x8F, 0x88,
    0x5F, 0x5F, 0x8F, 0x94, 0x67, 0x5F, 0x8F, 0x9F, 0x6F, 0x5F, 0x8F, 0xA8,
    0x77, 0x5F, 0x8F, 0xAD, 0x7F, 0x5F, 0x8F, 0xAF, 0x87, 0x5F, 0x8F, 0xAD,
    0x8F, 0x5F, 0x8F, 0xA8, 0x97, 0x5F, 0x8F, 0x9F, 0x9F, 0x5F, 0x8F, 0x94,
    0xA7, 0x5F, 0x8F, 0x88, 0xAF, 0x5F, 0x8F, 0x7A, 0xB7, 0x5F, 0x8F, 0x6B,
    0xBF, 0x5F, 0x8F, 0x5C, 0xC7, 0x5F, 0x8F, 0x4D, 0xCF, 0x5F, 0x8F, 0x3D,
    0xD7, 0x5F, 0x8F, 0x2C, 0xDF, 0x5F, 0x8F, 0x1C, 0xE7, 0x5F, 0x8F, 0x0B,
    0xEF, 0x5F, 0x8F, 0x00, 0xF7, 0x5F, 0x8F, 0x00, 0x00, 0x67, 0x8F, 0x00,
    0x07, 0x67, 0x8F, 0x00, 0x0F, 0x67, 0x8F, 0x00, 0x17, 0x67, 0x8F, 0x10,
    0x1F, 0x67, 0x8F, 0x21, 0x27, 0x67, 0x8F, 0x32, 0x2F, 0x67, 0x8F, 0x42,
    0x37, 0x67, 0x8F, 0x53, 0x3F, 0x67, 0x8F, 0x63, 0x47, 0x67, 0x8F, 0x73,
    0x4F, 0x67, 0x8F, 0x83, 0x57, 0x67, 0x8F, 0x91, 0x5F, 0x67, 0x8F, 0x9F,
    0x67, 0x67, 0x8F, 0xAB, 0x6F, 0x67, 0x8F, 0xB5, 0x77, 0x67, 0x8F, 0xBC,
    0x7F, 0x67, 0x8F, 0xBF, 0x87, 0x67, 0x8F, 0xBC, 0x8F, 0x67, 0x8F, 0xB5,
    0x97, 0x67, 0x8F, 0xAB, 0x9F, 0x67, 0x8F, 0x9F, 0xA7, 0x67, 0x8F, 0x91,
    0xAF, 0x67, 0x8F, 0x83, 0xB7, 0x67, 0x8F, 0x73, 0xBF, 0x67, 0x8F, 0x63,
    0xC7, 0x67, 0x8F, 0x53, 0xCF, 0x67, 0x8F, 0x42, 0xD7, 0x67, 0x8F, 0x32,
    0xDF, 0x67, 0x8F, 0x21, 0xE7, 0x67, 0x8F, 0x10, 0xEF, 0x67, 0x8F, 0x00,
    0xF7, 0x67, 0x8F, 0x00, 0x00, 0x6F, 0x8F, 0x00, 0x07, 0x6F, 0x8F, 0x00,
    0x0F, 0x6F, 0x8F, 0x02, 0x17, 0x6F, 0x8F, 0x13, 0x1F, 0x6F, 0x8F, 0x24,
    0x27, 0x6F, 0x8F, 0x35, 0x2F, 0x6F, 0x8F, 0x46, 0x37, 0x6F, 0x8F, 0x57,
    0x3F, 0x6F, 0x8F, 0x68, 0x47, 0x6F, 0x8F, 0x79, 0x4F, 0x6F, 0x8F, 0x89,
    0x57, 0x6F, 0x8F, 0x99, 0x5F, 0x6F, 0x8F, 0xA8, 0x67, 0x6F, 0x8F, 0xB5,
    0x6F, 0x6F, 0x8F, 0xC1, 0x77, 0x6F, 0x8F, 0xC9, 0x7F, 0x6F, 0x8F, 0xCC,
    0x87, 0x6F, 0x8F, 0xC9, 0x8F, 0x6F, 0x8F, 0xC1, 0x97, 0x6F, 0x8F, 0xB5,
    0x9F, 0x6F, 0x8F, 0xA8, 0xA7, 0x6F, 0x8F, 0x99, 0xAF, 0x6F, 0x8F, 0x89,
    0xB7, 0x6F, 0x8F, 0x79, 0xBF, 0x6F, 0x8F, 0x68, 0xC7, 0x6F, 0x8F, 0x57,
    0xCF, 0x6F, 0x8F, 0x46, 0xD7, 0x6F, 0x8F, 0x35, 0xDF, 0x6F, 0x8F, 0x24,
    0xE7, 0x6F, 0x8F, 0x13, 0xEF, 0x6F, 0x8F, 0x02, 0xF7, 0x6F, 0x8F, 0x00,
    0x00, 0x77, 0x8F, 0x00, 0x07, 0x77, 0x8F, 0x00, 0x0F, 0x77, 0x8F, 0x03,
    0x17, 0x77, 0x8F, 0x15, 0x1F, 0x77, 0x8F, 0x26, 0x27, 0x77, 0x8F, 0x38,
    0x2F, 0x77, 0x8F, 0x49, 0x37, 0x77, 0x8F, 0x5A, 0x3F, 0x77, 0x8F, 0x6B,
    0x47, 0x77, 0x8F, 0x7C, 0x4F, 0x77, 0x8F, 0x8D, 0x57, 0x77, 0x8F, 0x9E,
    0x5F, 0x77, 0x8F, 0xAD, 0x67, 0x77, 0x8F, 0xBC, 0x6F, 0x77, 0x8F, 0xC9,
    0x77, 0x77, 0x8F, 0xD3, 0x7F, 0x77, 0x8F, 0xD7, 0x87, 0x77, 0x8F, 0xD3,
    0x8F, 0x77, 0x8F, 0xC9, 0x97, 0x77, 0x8F, 0xBC, 0x9F, 0x77, 0x8F, 0xAD,
    0xA7, 0x77, 0x8F, 0x9E, 0xAF, 0x77, 0x8F, 0x8D, 0xB7, 0x77, 0x8F, 0x7C,
    0xBF, 0x77, 0x8F, 0x6B, 0xC7, 0x77, 0x8F, 0x5A, 0xCF, 0x77, 0x8F, 0x49,
    0xD7, 0x77, 0x8F, 0x38, 0xDF, 0x77, 0x8F, 0x26, 0xE7, 0x77, 0x8F, 0x15,
    0xEF, 0x77, 0x8F, 0x03, 0xF7, 0x77, 0x8F, 0x00, 0x00, 0x7F, 0x8F, 0x00,
    0x07, 0x7F, 0x8F, 0x00, 0x0F, 0x7F, 0x8F, 0x04, 0x17, 0x7F, 0x8F, 0x16,
    0x1F, 0x7F, 0x8F, 0x27, 0x27, 0x7F, 0x8F, 0x39, 0x2F, 0x7F, 0x8F, 0x4A,
    0x37, 0x7F, 0x8F, 0x5B, 0x3F, 0x7F, 0x8F, 0x6C, 0x47, 0x7F, 0x8F, 0x7E,
    0x4F, 0x7F, 0x8F, 0x8F, 0x57, 0x7F, 0x8F, 0x9F, 0x5F, 0x7F, 0x8F, 0xAF,
    0x67, 0x7F, 0x8F, 0xBF, 0x6F, 0x7F, 0x8F, 0xCC, 0x77, 0x7F, 0x8F, 0xD7,
    0x7F, 0x7F, 0x8F, 0xDB, 0x87, 0x7F, 0x8F, 0xD7, 0x8F, 0x7F, 0x8F, 0xCC,
    0x97, 0x7F, 0x8F, 0xBF, 0x9F, 0x7F, 0x8F, 0xAF, 0xA7, 0x7F, 0x8F, 0x9F,
    0xAF, 0x7F, 0x8F, 0x8F, 0xB7, 0x7F, 0x8F, 0x7E, 0xBF, 0x7F, 0x8F, 0x6C,
    0xC7, 0x7F, 0x8F, 0x5B, 0xCF, 0x7F, 0x8F, 0x4A, 0xD7, 0x7F, 0x8F, 0x39,
    0xDF, 0x7F, 0x8F, 0x27, 0xE7, 0x7F, 0x8F, 0x16, 0xEF, 0x7F, 0x8F, 0x04,
    0xF7, 0x7F, 0x8F, 0x00, 0x00, 0x87, 0x8F, 0x00, 0x07, 0x87, 0x8F, 0x00,
    0x0F, 0x87, 0x8F, 0x03, 0x17, 0x87, 0x8F, 0x15, 0x1F, 0x87, 0x8F, 0x26,
    0x27, 0x87, 0x8F, 0x38, 0x2F, 0x87, 0x8F, 0x49, 0x37, 0x87, 0x8F, 0x5A,
    0x3F, 0x87, 0x8F, 0x6B, 0x47, 0x87, 0x8F, 0x7C, 0x4F, 0x87, 0x8F, 0x8D,
    0x57, 0x87, 0x8F, 0x9E, 0x5F, 0x87, 0x8F, 0xAD, 0x67, 0x87, 0x8F, 0xBC,
    0x6F, 0x87, 0x8F, 0xC9, 0x77, 0x87, 0x8F, 0xD3, 0x7F, 0x87, 0x8F, 0xD7,
    0x87, 0x87, 0x8F, 0xD3, 0x8F, 0x87, 0x8F, 0xC9, 0x97, 0x87, 0x8F, 0xBC,
    0x9F, 0x87, 0x8F, 0xAD, 0xA7, 0x87, 0x8F, 0x9E, 0xAF, 0x87, 0x8F, 0x8D,
    0xB7, 0x87, 0x8F, 0x7C, 0xBF, 0x87, 0x8F, 0x6B, 0xC7, 0x87, 0x8F, 0x5A,
    0xCF, 0x87, 0x8F, 0x49, 0xD7, 0x87, 0x8F, 0x38, 0xDF, 0x87, 0x8F, 0x26,
    0xE7, 0x87, 0x8F, 0x15, 0xEF, 0x87, 0x8F, 0x03, 0xF7, 0x87, 0x8F, 0x00,
    0x00, 0x8F, 0x8F, 0x00, 0x07, 0x8F, 0x8F, 0x00, 0x0F, 0x8F, 0x8F, 0x02,
    0x17, 0x8F, 0x8F, 0x13, 0x1F, 0x8F, 0x8F, 0x24, 0x27, 0x8F, 0x8F, 0x35,
    0x2F, 0x8F, 0x8F, 0x46, 0x37, 0x8F, 0x8F, 0x57, 0x3F, 0x8F, 0x8F, 0x68,
    0x47, 0x8F, 0x8F, 0x79, 0x4F, 0x8F, 0x8F, 0x89, 0x57, 0x8F, 0x8F, 0x99,
    0x5F, 0x8F, 0x8F, 0xA8, 0x67, 0x8F, 0x8F, 0xB5, 0x6F, 0x8F, 0x8F, 0xC1,
    0x77, 0x8F, 0x8F, 0xC9, 0x7F, 0x8F, 0x8F, 0xCC, 0x87, 0x8F, 0x8F, 0xC9,
    0x8F, 0x8F, 0x8F, 0xC1, 0x97, 0x8F, 0x8F, 0xB5, 0x9F, 0x8F, 0x8F, 0xA8,
    0xA7, 0x8F, 0x8F, 0x99, 0xAF, 0x8F, 0x8F, 0x89, 0xB7, 0x8F, 0x8F, 0x79,
    0xBF, 0x8F, 0x8F, 0x68, 0xC7, 0x8F, 0x8F, 0x57, 0xCF, 0x8F, 0x8F, 0x46,
    0xD7, 0x8F, 0x8F, 0x35, 0xDF, 0x8F, 0x8F, 0x24, 0xE7, 0x8F, 0x8F, 0x13,
    0xEF, 0x8F, 0x8F, 0x02, 0xF7, 0x8F, 0x8F, 0x00, 0x00, 0x97, 0x8F, 0x00,
    0x07, 0x97, 0x8F, 0x00, 0x0F, 0x97, 0x8F, 0x00, 0x17, 0x97, 0x8F, 0x10,
    0x1F, 0x97, 0x8F, 0x21, 0x27, 0x97, 0x8F, 0x32, 0x2F, 0x97, 0x8F, 0x42,
    0x37, 0x97, 0x8F, 0x53, 0x3F, 0x97, 0x8F, 0x63, 0x47, 0x97, 0x8F, 0x73,
    0x4F, 0x97, 0x8F, 0x83, 0x57, 0x97, 0x8F, 0x91, 0x5F, 0x97, 0x8F, 0x9F,
    0x67, 0x97, 0x8F, 0xAB, 0x6F, 0x97, 0x8F, 0xB5, 0x77, 0x97, 0x8F, 0xBC,
    0x7F, 0x97, 0x8F, 0xBF, 0x87, 0x97, 0x8F, 0xBC, 0x8F, 0x97, 0x8F, 0xB5,
    0x97, 0x97, 0x8F, 0xAB, 0x9F, 0x97, 0x8F, 0x9F, 0xA7, 0x97, 0x8F, 0x91,
    0xAF, 0x97, 0x8F, 0x83, 0xB7, 0x97, 0x8F, 0x73, 0xBF, 0x97, 0x8F, 0x63,
    0xC7, 0x97, 0x8F, 0x53, 0xCF, 0x97, 0x8F, 0x42, 0xD7, 0x97, 0x8F, 0x32,
    0xDF, 0x97, 0x8F, 0x21, 0xE7, 0x97, 0x8F, 0x10, 0xEF, 0x97, 0x8F, 0x00,
    0xF7, 0x97, 0x8F, 0x00, 0x00, 0x9F, 0x8F, 0x00, 0x07, 0x9F, 0x8F, 0x00,
    0x0F, 0x9F, 0x8F, 0x00, 0x17, 0x9F, 0x8F, 0x0B, 0x1F, 0x9F, 0x8F, 0x1C,
    0x27, 0x9F, 0x8F, 0x2C, 0x2F, 0x9F, 0x8F, 0x3D, 0x37, 0x9F, 0x8F, 0x4D,
    0x3F, 0x9F, 0x8F, 0x5C, 0x47, 0x9F, 0x8F, 0x6B, 0x4F, 0x9F, 0x8F, 0x7A,
    0x57, 0x9F, 0x8F, 0x88, 0x5F, 0x9F, 0x8F, 0x94, 0x67, 0x9F, 0x8F, 0x9F,
    0x6F, 0x9F, 0x8F, 0xA8, 0x77, 0x9F, 0x8F, 0xAD, 0x7F, 0x9F, 0x8F, 0xAF,
    0x87, 0x9F, 0x8F, 0xAD, 0x8F, 0x9F, 0x8F, 0xA8, 0x97, 0x9F, 0x8F, 0x9F,
    0x9F, 0x9F, 0x8F, 0x94, 0xA7, 0x9F, 0x8F, 0x88, 0xAF, 0x9F, 0x8F, 0x7A,
    0xB7, 0x9F, 0x8F, 0x6B, 0xBF, 0x9F, 0x8F, 0x5C, 0xC7, 0x9F, 0x8F, 0x4D,
    0xCF, 0x9F, 0x8F, 0x3D, 0xD7, 0x9F, 0x8F, 0x2C, 0xDF, 0x9F, 0x8F, 0x1C,
    0xE7, 0x9F, 0x8F, 0x0B, 0xEF, 0x9F, 0x8F, 0x00, 0xF7, 0x9F, 0x8F, 0x00,
    0x00, 0xA7, 0x8F, 0x00, 0x07, 0xA7, 0x8F, 0x00, 0x0F, 0xA7, 0x8F, 0x00,
    0x17, 0xA7, 0x8F, 0x05, 0x1F, 0xA7, 0x8F, 0x16, 0x27, 0xA7, 0x8F, 0x26,
    0x2F, 0xA7, 0x8F, 0x35, 0x37, 0xA7, 0x8F, 0x45, 0x3F, 0xA7, 0x8F, 0x54,
    0x47, 0xA7, 0x8F, 0x62, 0x4F, 0xA7, 0x8F, 0x70, 0x57, 0xA7, 0x8F, 0x7C,
    0x5F, 0xA7, 0x8F, 0x88, 0x67, 0xA7, 0x8F, 0x91, 0x6F, 0xA7, 0x8F, 0x99,
    0x77, 0xA7, 0x8F, 0x9E, 0x7F, 0xA7, 0x8F, 0x9F, 0x87, 0xA7, 0x8F, 0x9E,
    0x8F, 0xA7, 0x8F, 0x99, 0x97, 0xA7, 0x8F, 0x91, 0x9F, 0xA7, 0x8F, 0x88,
    0xA7, 0xA7, 0x8F, 0x7C, 0xAF, 0xA7, 0x8F, 0x70, 0xB7, 0xA7, 0x8F, 0x62,
    0xBF, 0xA7, 0x8F, 0x54, 0xC7, 0xA7, 0x8F, 0x45, 0xCF, 0xA7, 0x8F, 0x35,
    0xD7, 0xA7, 0x8F, 0x26, 0xDF, 0xA7, 0x8F, 0x16, 0xE7, 0xA7, 0x8F, 0x05,
    0xEF, 0xA7, 0x8F, 0x00, 0xF7, 0xA7, 0x8F, 0x00, 0x00, 0xAF, 0x8F, 0x00,
    0x07, 0xAF, 0x8F, 0x00, 0x0F, 0xAF, 0x8F, 0x00, 0x17, 0xAF, 0x8F, 0x00,
    0x1F, 0xAF, 0x8F, 0x0E, 0x27, 0xAF, 0x8F, 0x1E, 0x2F, 0xAF, 0x8F, 0x2D,
    0x37, 0xAF, 0x8F, 0x3C, 0x3F, 0xAF, 0x8F, 0x4A, 0x47, 0xAF, 0x8F, 0x57,
    0x4F, 0xAF, 0x8F, 0x64, 0x57, 0xAF, 0x8F, 0x70, 0x5F, 0xAF, 0x8F, 0x7A,
    0x67, 0xAF, 0x8F, 0x83, 0x6F, 0xAF, 0x8F, 0x89, 0x77, 0xAF, 0x8F, 0x8D,
    0x7F, 0xAF, 0x8F, 0x8F, 0x87, 0xAF, 0x8F, 0x8D, 0x8F, 0xAF, 0x8F, 0x89,
    0x97, 0xAF, 0x8F, 0x83, 0x9F, 0xAF, 0x8F, 0x7A, 0xA7, 0xAF, 0x8F, 0x70,
    0xAF, 0xAF, 0x8F, 0x64, 0xB7, 0xAF, 0x8F, 0x57, 0xBF, 0xAF, 0x8F, 0x4A,
    0xC7, 0xAF, 0x8F, 0x3C, 0xCF, 0xAF, 0x8F, 0x2D, 0xD7, 0xAF, 0x8F, 0x1E,
    0xDF, 0xAF, 0x8F, 0x0E, 0xE7, 0xAF, 0x8F, 0x00, 0xEF, 0xAF, 0x8F, 0x00,
    0xF7, 0xAF, 0x8F, 0x00, 0x00, 0xB7, 0x8F, 0x00, 0x07, 0xB7, 0x8F, 0x00,
    0x0F, 0xB7, 0x8F, 0x00, 0x17, 0xB7, 0x8F, 0x00, 0x1F, 0xB7, 0x8F, 0x06,
    0x27, 0xB7, 0x8F, 0x15, 0x2F, 0xB7, 0x8F, 0x23, 0x37, 0xB7, 0x8F, 0x32,
    0x3F, 0xB7, 0x8F, 0x3F, 0x47, 0xB7, 0x8F, 0x4C, 0x4F, 0xB7, 0x8F, 0x57,
    0x57, 0xB7, 0x8F, 0x62, 0x5F, 0xB7, 0x8F, 0x6B, 0x67, 0xB7, 0x8F, 0x73,
    0x6F, 0xB7, 0x8F, 0x79, 0x77, 0xB7, 0x8F, 0x7C, 0x7F, 0xB7, 0x8F, 0x7E,
    0x87, 0xB7, 0x8F, 0x7C, 0x8F, 0xB7, 0x8F, 0x79, 0x97, 0xB7, 0x8F, 0x73,
    0x9F, 0xB7, 0x8F, 0x6B, 0xA7, 0xB7, 0x8F, 0x62, 0xAF, 0xB7, 0x8F, 0x57,
    0xB7, 0xB7, 0x8F, 0x4C, 0xBF, 0xB7, 0x8F, 0x3F, 0xC7, 0xB7, 0x8F, 0x32,
    0xCF, 0xB7, 0x8F, 0x23, 0xD7, 0xB7, 0x8F, 0x15, 0xDF, 0xB7, 0x8F, 0x06,
    0xE7, 0xB7, 0x8F, 0x00, 0xEF, 0xB7, 0x8F, 0x00, 0xF7, 0xB7, 0x8F, 0x00,
    0x00, 0xBF, 0x8F, 0x00, 0x07, 0xBF, 0x8F, 0x00, 0x0F, 0xBF, 0x8F, 0x00,
    0x17, 0xBF, 0x8F, 0x00, 0x1F, 0xBF, 0x8F, 0x00, 0x27, 0xBF, 0x8F, 0x0B,
    0x2F, 0xBF, 0x8F, 0x19, 0x37, 0xBF, 0x8F, 0x26, 0x3F, 0xBF, 0x8F, 0x33,
    0x47, 0xBF, 0x8F, 0x3F, 0x4F, 0xBF, 0x8F, 0x4A, 0x57, 0xBF, 0x8F, 0x54,
    0x5F, 0xBF, 0x8F, 0x5C, 0x67, 0xBF, 0x8F, 0x63, 0x6F, 0xBF, 0x8F, 0x68,
    0x77, 0xBF, 0x8F, 0x6B, 0x7F, 0xBF, 0x8F, 0x6C, 0x87, 0xBF, 0x8F, 0x6B,
    0x8F, 0xBF, 0x8F, 0x68, 0x97, 0xBF, 0x8F, 0x63, 0x9F, 0xBF, 0x8F, 0x5C,
    0xA7, 0xBF, 0x8F, 0x54, 0xAF, 0xBF, 0x8F, 0x4A, 0xB7, 0xBF, 0x8F, 0x3F,
    0xBF, 0xBF, 0x8F, 0x33, 0xC7, 0xBF, 0x8F, 0x26, 0xCF, 0xBF, 0x8F, 0x19,
    0xD7, 0xBF, 0x8F, 0x0B, 0xDF, 0xBF, 0x8F, 0x00, 0xE7, 0xBF, 0x8F, 0x00,
    0xEF, 0xBF, 0x8F, 0x00, 0xF7, 0xBF, 0x8F, 0x00, 0x00, 0xC7, 0x8F, 0x00,
    0x07, 0xC7, 0x8F, 0x00, 0x0F, 0xC7, 0x8F, 0x00, 0x17, 0xC7, 0x8F, 0x00,
    0x1F, 0xC7, 0x8F, 0x00, 0x27, 0xC7, 0x8F, 0x00, 0x2F, 0xC7, 0x8F, 0x0E,
    0x37, 0xC7, 0x8F, 0x1A, 0x3F, 0xC7, 0x8F, 0x26, 0x47, 0xC7, 0x8F, 0x32,
    0x4F, 0xC7, 0x8F, 0x3C, 0x57, 0xC7, 0x8F, 0x45, 0x5F, 0xC7, 0x8F, 0x4D,
    0x67, 0xC7, 0x8F, 0x53, 0x6F, 0xC7, 0x8F, 0x57, 0x77, 0xC7, 0x8F, 0x5A,
    0x7F, 0xC7, 0x8F, 0x5B, 0x87, 0xC7, 0x8F, 0x5A, 0x8F, 0xC7, 0x8F, 0x57,
    0x97, 0xC7, 0x8F, 0x53, 0x9F, 0xC7, 0x8F, 0x4D, 0xA7, 0xC7, 0x8F, 0x45,
    0xAF, 0xC7, 0x8F, 0x3C, 0xB7, 0xC7, 0x8F, 0x32, 0xBF, 0xC7, 0x8F, 0x26,
    0xC7, 0xC7, 0x8F, 0x1A, 0xCF, 0xC7, 0x8F, 0x0E, 0xD7, 0xC7, 0x8F, 0x00,
    0xDF, 0xC7, 0x8F, 0x00, 0xE7, 0xC7, 0x8F, 0x00, 0xEF, 0xC7, 0x8F, 0x00,
    0xF7, 0xC7, 0x8F, 0x00, 0x00, 0xCF, 0x8F, 0x00, 0x07, 0xCF, 0x8F, 0x00,
    0x0F, 0xCF, 0x8F, 0x00, 0x17, 0xCF, 0x8F, 0x00, 0x1F, 0xCF, 0x8F, 0x00,
    0x27, 0xCF, 0x8F, 0x00, 0x2F, 0xCF, 0x8F, 0x02, 0x37, 0xCF, 0x8F, 0x0E,
    0x3F, 0xCF, 0x8F, 0x19, 0x47, 0xCF, 0x8F, 0x23, 0x4F, 0xCF, 0x8F, 0x2D,
    0x57, 0xCF, 0x8F, 0x35, 0x5F, 0xCF, 0x8F, 0x3D, 0x67, 0xCF, 0x8F, 0x42,
    0x6F, 0xCF, 0x8F, 0x46, 0x77, 0xCF, 0x8F, 0x49, 0x7F, 0xCF, 0x8F, 0x4A,
    0x87, 0xCF, 0x8F, 0x49, 0x8F, 0xCF, 0x8F, 0x46, 0x97, 0xCF, 0x8F, 0x42,
    0x9F, 0xCF, 0x8F, 0x3D, 0xA7, 0xCF, 0x8F, 0x35, 0xAF, 0xCF, 0x8F, 0x2D,
    0xB7, 0xCF, 0x8F, 0x23, 0xBF, 0xCF, 0x8F, 0x19, 0xC7, 0xCF, 0x8F, 0x0E,
    0xCF, 0xCF, 0x8F, 0x02, 0xD7, 0xCF, 0x8F, 0x00, 0xDF, 0xCF, 0x8F, 0x00,
    0xE7, 0xCF, 0x8F, 0x00, 0xEF, 0xCF, 0x8F, 0x00, 0xF7, 0xCF, 0x8F, 0x00,
    0x00, 0xD7, 0x8F, 0x00, 0x07, 0xD7, 0x8F, 0x00, 0x0F, 0xD7, 0x8F, 0x00,
    0x17, 0xD7, 0x8F, 0x00, 0x1F, 0xD7, 0x8F, 0x00, 0x27, 0xD7, 0x8F, 0x00,
    0x2F, 0xD7, 0x8F, 0x00, 0x37, 0xD7, 0x8F, 0x00, 0x3F, 0xD7, 0x8F, 0x0B,
    0x47, 0xD7, 0x8F, 0x15, 0x4F, 0xD7, 0x8F, 0x1E, 0x57, 0xD7, 0x8F, 0x26,
    0x5F, 0xD7, 0x8F, 0x2C, 0x67, 0xD7, 0x8F, 0x32, 0x6F, 0xD7, 0x8F, 0x35,
    0x77, 0xD7, 0x8F, 0x38, 0x7F, 0xD7, 0x8F, 0x39, 0x87, 0xD7, 0x8F, 0x38,
    0x8F, 0xD7, 0x8F, 0x35, 0x97, 0xD7, 0x8F, 0x32, 0x9F, 0xD7, 0x8F, 0x2C,
    0xA7, 0xD7, 0x8F, 0x26, 0xAF, 0xD7, 0x8F, 0x1E, 0xB7, 0xD7, 0x8F, 0x15,
    0xBF, 0xD7, 0x8F, 0x0B, 0xC7, 0xD7, 0x8F, 0x00, 0xCF, 0xD7, 0x8F, 0x00,
    0xD7, 0xD7, 0x8F, 0x00, 0xDF, 0xD7, 0x8F, 0x00, 0xE7, 0xD7, 0x8F, 0x00,
    0xEF, 0xD7, 0x8F, 0x00, 0xF7, 0xD7, 0x8F, 0x00, 0x00, 0xDF, 0x8F, 0x00,
    0x07, 0xDF, 0x8F, 0x00, 0x0F, 0xDF, 0x8F, 0x00, 0x17, 0xDF, 0x8F, 0x00,
    0x1F, 0xDF, 0x8F, 0x00, 0x27, 0xDF, 0x8F, 0x00, 0x2F, 0xDF, 0x8F, 0x00,
    0x37, 0xDF, 0x8F, 0x00, 0x3F, 0xDF, 0x8F, 0x00, 0x47, 0xDF, 0x8F, 0x06,
    0x4F, 0xDF, 0x8F, 0x0E, 0x57, 0xDF, 0x8F, 0x16, 0x5F, 0xDF, 0x8F, 0x1C,
    0x67, 0xDF, 0x8F, 0x21, 0x6F, 0xDF, 0x8F, 0x24, 0x77, 0xDF, 0x8F, 0x26,
    0x7F, 0xDF, 0x8F, 0x27, 0x87, 0xDF, 0x8F, 0x26, 0x8F, 0xDF, 0x8F, 0x24,
    0x97, 0xDF, 0x8F, 0x21, 0x9F, 0xDF, 0x8F, 0x1C, 0xA7, 0xDF, 0x8F, 0x16,
    0xAF, 0xDF, 0x8F, 0x0E, 0xB7, 0xDF, 0x8F, 0x06, 0xBF, 0xDF, 0x8F, 0x00,
    0xC7, 0xDF, 0x8F, 0x00, 0xCF, 0xDF, 0x8F, 0x00, 0xD7, 0xDF, 0x8F, 0x00,
    0xDF, 0xDF, 0x8F, 0x00, 0xE7, 0xDF, 0x8F, 0x00, 0xEF, 0xDF, 0x8F, 0x00,
    0xF7, 0xDF, 0x8F, 0x00, 0x00, 0xE7, 0x8F, 0x00, 0x07, 0xE7, 0x8F, 0x00,
    0x0F, 0xE7, 0x8F, 0x00, 0x17, 0xE7, 0x8F, 0x00, 0x1F, 0xE7, 0x8F, 0x00,
    0x27, 0xE7, 0x8F, 0x00, 0x2F, 0xE7, 0x8F, 0x00, 0x37, 0xE7, 0x8F, 0x00,
    0x3F, 0xE7, 0x8F, 0x00, 0x47, 0xE7, 0x8F, 0x00, 0x4F, 0xE7, 0x8F, 0x00,
    0x57, 0xE7, 0x8F, 0x05, 0x5F, 0xE7, 0x8F, 0x0B, 0x67, 0xE7, 0x8F, 0x10,
    0x6F, 0xE7, 0x8F, 0x13, 0x77, 0xE7, 0x8F, 0x15, 0x7F, 0xE7, 0x8F, 0x16,
    0x87, 0xE7, 0x8F, 0x15, 0x8F, 0xE7, 0x8F, 0x13, 0x97, 0xE7, 0x8F, 0x10,
    0x9F, 0xE7, 0x8F, 0x0B, 0xA7, 0xE7, 0x8F, 0x05, 0xAF, 0xE7, 0x8F, 0x00,
    0xB7, 0xE7, 0x8F, 0x00, 0xBF, 0xE7, 0x8F, 0x00, 0xC7, 0xE7, 0x8F, 0x00,
    0xCF, 0xE7, 0x8F, 0x00, 0xD7, 0xE7, 0x8F, 0x00, 0xDF, 0xE7, 0x8F, 0x00,
    0xE7, 0xE7, 0x8F, 0x00, 0xEF, 0xE7, 0x8F, 0x00, 0xF7, 0xE7, 0x8F, 0x00,
    0x00, 0xEF, 0x8F, 0x00, 0x07, 0xEF, 0x8F, 0x00, 0x0F, 0xEF, 0x8F, 0x00,
    0x17, 0xEF, 0x8F, 0x00, 0x1F, 0xEF, 0x8F, 0x00, 0x27, 0xEF, 0x8F, 0x00,
    0x2F, 0xEF, 0x8F, 0x00, 0x37, 0xEF, 0x8F, 0x00, 0x3F, 0xEF, 0x8F, 0x00,
    0x47, 0xEF, 0x8F, 0x00, 0x4F, 0xEF, 0x8F, 0x00, 0x57, 0xEF, 0x8F, 0x00,
    0x5F, 0xEF, 0x8F, 0x00, 0x67, 0xEF, 0x8F, 0x00, 0x6F, 0xEF, 0x8F, 0x02,
    0x77, 0xEF, 0x8F, 0x03, 0x7F, 0xEF, 0x8F, 0x04, 0x87, 0xEF, 0x8F, 0x03,
    0x8F, 0xEF, 0x8F, 0x02, 0x97, 0xEF, 0x8F, 0x00, 0x9F, 0xEF, 0x8F, 0x00,
    0xA7, 0xEF, 0x8F, 0x00, 0xAF, 0xEF, 0x8F, 0x00, 0xB7, 0xEF, 0x8F, 0x00,
    0xBF, 0xEF, 0x8F, 0x00, 0xC7, 0xEF, 0x8F, 0x00, 0xCF, 0xEF, 0x8F, 0x00,
    0xD7, 0xEF, 0x8F, 0x00, 0xDF, 0xEF, 0x8F, 0x00, 0xE7, 0xEF, 0x8F, 0x00,
    0xEF, 0xEF, 0x8F, 0x00, 0xF7, 0xEF, 0x8F, 0x00, 0x00, 0xF7, 0x8F, 0x00,
    0x07, 0xF7, 0x8F, 0x00, 0x0F, 0xF7, 0x8F, 0x00, 0x17, 0xF7, 0x8F, 0x00,
    0x1F, 0xF7, 0x8F, 0x00, 0x27, 0xF7, 0x8F, 0x00, 0x2F, 0xF7, 0x8F, 0x00,
    0x37, 0xF7, 0x8F, 0x00, 0x3F, 0xF7, 0x8F, 0x00, 0x47, 0xF7, 0x8F, 0x00,
    0x4F, 0xF7, 0x8F, 0x00, 0x57, 0xF7, 0x8F, 0x00, 0x5F, 0xF7, 0x8F, 0x00,
    0x67, 0xF7, 0x8F, 0x00, 0x6F, 0xF7, 0x8F, 0x00, 0x77, 0xF7, 0x8F, 0x00,
    0x7F, 0xF7, 0x8F, 0x00, 0x87, 0xF7, 0x8F, 0x00, 0x8F, 0xF7, 0x8F, 0x00,
    0x97, 0xF7, 0x8F, 0x00, 0x9F, 0xF7, 0x8F, 0x00, 0xA7, 0xF7, 0x8F, 0x00,
    0xAF, 0xF7, 0x8F, 0x00, 0xB7, 0xF7, 0x8F, 0x00, 0xBF, 0xF7, 0x8F, 0x00,
    0xC7, 0xF7, 0x8F, 0x00, 0xCF, 0xF7, 0x8F, 0x00, 0xD7, 0xF7, 0x8F, 0x00,
    0xDF, 0xF7, 0x8F, 0x00, 0xE7, 0xF7, 0x8F, 0x00, 0xEF, 0xF7, 0x8F, 0x00,
    0xF7, 0xF7, 0x8F, 0x00, 0x00, 0x00, 0x97, 0x00, 0x07, 0x00, 0x97, 0x00,
    0x0F, 0x00, 0x97, 0x00, 0x17, 0x00, 0x97, 0x00, 0x1F, 0x00, 0x97, 0x00,
    0x27, 0x00, 0x97, 0x00, 0x2F, 0x00, 0x97, 0x00, 0x37, 0x00, 0x97, 0x00,
    0x3F, 0x00, 0x97, 0x00, 0x47, 0x00, 0x97, 0x00, 0x4F, 0x00, 0x97, 0x00,
    0x57, 0x00, 0x97, 0x00, 0x5F, 0x00, 0x97, 0x00, 0x67, 0x00, 0x97, 0x00,
    0x6F, 0x00, 0x97, 0x00, 0x77, 0x00, 0x97, 0x00, 0x7F, 0x00, 0x97, 0x00,
    0x87, 0x00, 0x97, 0x00, 0x8F, 0x00, 0x97, 0x00, 0x97, 0x00, 0x97, 0x00,
    0x9F, 0x00, 0x97, 0x00, 0xA7, 0x00, 0x97, 0x00, 0xAF, 0x00, 0x97, 0x00,
    0xB7, 0x00, 0x97, 0x00, 0xBF, 0x00, 0x97, 0x00, 0xC7, 0x00, 0x97, 0x00,
    0xCF, 0x00, 0x97, 0x00, 0xD7, 0x00, 0x97, 0x00, 0xDF, 0x00, 0x97, 0x00,
    0xE7, 0x00, 0x97, 0x00, 0xEF, 0x00, 0x97, 0x00, 0xF7, 0x00, 0x97, 0x00,
    0x00, 0x07, 0x97, 0x00, 0x07, 0x07, 0x97, 0x00, 0x0F, 0x07, 0x97, 0x00,
    0x17, 0x07, 0x97, 0x00, 0x1F, 0x07, 0x97, 0x00, 0x27, 0x07, 0x97, 0x00,
    0x2F, 0x07, 0x97, 0x00, 0x37, 0x07, 0x97, 0x00, 0x3F, 0x07, 0x97, 0x00,
    0x47, 0x07, 0x97, 0x00, 0x4F, 0x07, 0x97, 0x00, 0x57, 0x07, 0x97, 0x00,
    0x5F, 0x07, 0x97, 0x00, 0x67, 0x07, 0x97, 0x00, 0x6F, 0x07, 0x97, 0x00,
    0x77, 0x07, 0x97, 0x00, 0x7F, 0x07, 0x97, 0x00, 0x87, 0x07, 0x97, 0x00,
    0x8F, 0x07, 0x97, 0x00, 0x97, 0x07, 0x97, 0x00, 0x9F, 0x07, 0x97, 0x00,
    0xA7, 0x07, 0x97, 0x00, 0xAF, 0x07, 0x97, 0x00, 0xB7, 0x07, 0x97, 0x00,
    0xBF, 0x07, 0x97, 0x00, 0xC7, 0x07, 0x97, 0x00, 0xCF, 0x07, 0x97, 0x00,
    0xD7, 0x07, 0x97, 0x00, 0xDF, 0x07, 0x97, 0x00, 0xE7, 0x07, 0x97, 0x00,
    0xEF, 0x07, 0x97, 0x00, 0xF7, 0x07, 0x97, 0x00, 0x00, 0x0F, 0x97, 0x00,
    0x07, 0x0F, 0x97, 0x00, 0x0F, 0x0F, 0x97, 0x00, 0x17, 0x0F, 0x97, 0x00,
    0x1F, 0x0F, 0x97, 0x00, 0x27, 0x0F, 0x97, 0x00, 0x2F, 0x0F, 0x97, 0x00,
    0x37, 0x0F, 0x97, 0x00, 0x3F, 0x0F, 0x97, 0x00, 0x47, 0x0F, 0x97, 0x00,
    0x4F, 0x0F, 0x97, 0x00, 0x57, 0x0F, 0x97, 0x00, 0x5F, 0x0F, 0x97, 0x00,
    0x67, 0x0F, 0x97, 0x00, 0x6F, 0x0F, 0x97, 0x00, 0x77, 0x0F, 0x97, 0x00,
    0x7F, 0x0F, 0x97, 0x01, 0x87, 0x0F, 0x97, 0x00, 0x8F, 0x0F, 0x97, 0x00,
    0x97, 0x0F, 0x97, 0x00, 0x9F, 0x0F, 0x97, 0x00, 0xA7, 0x0F, 0x97, 0x00,
    0xAF, 0x0F, 0x97, 0x00, 0xB7, 0x0F, 0x97, 0x00, 0xBF, 0x0F, 0x97, 0x00,
    0xC7, 0x0F, 0x97, 0x00, 0xCF, 0x0F, 0x97, 0x00, 0xD7, 0x0F, 0x97, 0x00,
    0xDF, 0x0F, 0x97, 0x00, 0xE7, 0x0F, 0x97, 0x00, 0xEF, 0x0F, 0x97, 0x00,
    0xF7, 0x0F, 0x97, 0x00, 0x00, 0x17, 0x97, 0x00, 0x07, 0x17, 0x97, 0x00,
    0x0F, 0x17, 0x97, 0x00, 0x17, 0x17, 0x97, 0x00, 0x1F, 0x17, 0x97, 0x00,
    0x27, 0x17, 0x97, 0x00, 0x2F, 0x17, 0x97, 0x00, 0x37, 0x17, 0x97, 0x00,
    0x3F, 0x17, 0x97, 0x00, 0x47, 0x17, 0x97, 0x00, 0x4F, 0x17, 0x97, 0x00,
    0x57, 0x17, 0x97, 0x02, 0x5F, 0x17, 0x97, 0x08, 0x67, 0x17, 0x97, 0x0C,
    0x6F, 0x17, 0x97, 0x10, 0x77, 0x17, 0x97, 0x12, 0x7F, 0x17, 0x97, 0x12,
    0x87, 0x17, 0x97, 0x12, 0x8F, 0x17, 0x97, 0x10, 0x97, 0x17, 0x97, 0x0C,
    0x9F, 0x17, 0x97, 0x08, 0xA7, 0x17, 0x97, 0x02, 0xAF, 0x17, 0x97, 0x00,
    0xB7, 0x17, 0x97, 0x00, 0xBF, 0x17, 0x97, 0x00, 0xC7, 0x17, 0x97, 0x00,
    0xCF, 0x17, 0x97, 0x00, 0xD7, 0x17, 0x97, 0x00, 0xDF, 0x17, 0x97, 0x00,
    0xE7, 0x17, 0x97, 0x00, 0xEF, 0x17, 0x97, 0x00, 0xF7, 0x17, 0x97, 0x00,
    0x00, 0x1F, 0x97, 0x00, 0x07, 0x1F, 0x97, 0x00, 0x0F, 0x1F, 0x97, 0x00,
    0x17, 0x1F, 0x97, 0x00, 0x1F, 0x1F, 0x97, 0x00, 0x27, 0x1F, 0x97, 0x00,
    0x2F, 0x1F, 0x97, 0x00, 0x37, 0x1F, 0x97, 0x00, 0x3F, 0x1F, 0x97, 0x00,
    0x47, 0x1F, 0x97, 0x03, 0x4F, 0x1F, 0x97, 0x0B, 0x57, 0x1F, 0x97, 0x12,
    0x5F, 0x1F, 0x97, 0x18, 0x67, 0x1F, 0x97, 0x1D, 0x6F, 0x1F, 0x97, 0x21,
    0x77, 0x1F, 0x97, 0x23, 0x7F, 0x1F, 0x97, 0x23, 0x87, 0x1F, 0x97, 0x23,
    0x8F, 0x1F, 0x97, 0x21, 0x97, 0x1F, 0x97, 0x1D, 0x9F, 0x1F, 0x97, 0x18,
    0xA7, 0x1F, 0x97, 0x12, 0xAF, 0x1F, 0x97, 0x0B, 0xB7, 0x1F, 0x97, 0x03,
    0xBF, 0x1F, 0x97, 0x00, 0xC7, 0x1F, 0x97, 0x00, 0xCF, 0x1F, 0x97, 0x00,
    0xD7, 0x1F, 0x97, 0x00, 0xDF, 0x1F, 0x97, 0x00, 0xE7, 0x1F, 0x97, 0x00,
    0xEF, 0x1F, 0x97, 0x00, 0xF7, 0x1F, 0x97, 0x00, 0x00, 0x27, 0x97, 0x00,
    0x07, 0x27, 0x97, 0x00, 0x0F, 0x27, 0x97, 0x00, 0x17, 0x27, 0x97, 0x00,
    0x1F, 0x27, 0x97, 0x00, 0x27, 0x27, 0x97, 0x00, 0x2F, 0x27, 0x97, 0x00,
    0x37, 0x27, 0x97, 0x00, 0x3F, 0x27, 0x97, 0x08, 0x47, 0x27, 0x97, 0x12,
    0x4F, 0x27, 0x97, 0x1A, 0x57, 0x27, 0x97, 0x22, 0x5F, 0x27, 0x97, 0x29,
    0x67, 0x27, 0x97, 0x2E, 0x6F, 0x27, 0x97, 0x32, 0x77, 0x27, 0x97, 0x34,
    0x7F, 0x27, 0x97, 0x35, 0x87, 0x27, 0x97, 0x34, 0x8F, 0x27, 0x97, 0x32,
    0x97, 0x27, 0x97, 0x2E, 0x9F, 0x27, 0x97, 0x29, 0xA7, 0x27, 0x97, 0x22,
    0xAF, 0x27, 0x97, 0x1A, 0xB7, 0x27, 0x97, 0x12, 0xBF, 0x27, 0x97, 0x08,
    0xC7, 0x27, 0x97, 0x00, 0xCF, 0x27, 0x97, 0x00, 0xD7, 0x27, 0x97, 0x00,
    0xDF, 0x27, 0x97, 0x00, 0xE7, 0x27, 0x97, 0x00, 0xEF, 0x27, 0x97, 0x00,
    0xF7, 0x27, 0x97, 0x00, 0x00, 0x2F, 0x97, 0x00, 0x07, 0x2F, 0x97, 0x00,
    0x0F, 0x2F, 0x97, 0x00, 0x17, 0x2F, 0x97, 0x00, 0x1F, 0x2F, 0x97, 0x00,
    0x27, 0x2F, 0x97, 0x00, 0x2F, 0x2F, 0x97, 0x00, 0x37, 0x2F, 0x97, 0x0A,
    0x3F, 0x2F, 0x97, 0x16, 0x47, 0x2F, 0x97, 0x20, 0x4F, 0x2F, 0x97, 0x29,
    0x57, 0x2F, 0x97, 0x32, 0x5F, 0x2F, 0x97, 0x39, 0x67, 0x2F, 0x97, 0x3E,
    0x6F, 0x2F, 0x97, 0x42, 0x77, 0x2F, 0x97, 0x45, 0x7F, 0x2F, 0x97, 0x46,
    0x87, 0x2F, 0x97, 0x45, 0x8F, 0x2F, 0x97, 0x42, 0x97, 0x2F, 0x97, 0x3E,
    0x9F, 0x2F, 0x97, 0x39, 0xA7, 0x2F, 0x97, 0x32, 0xAF, 0x2F, 0x97, 0x29,
    0xB7, 0x2F, 0x97, 0x20, 0xBF, 0x2F, 0x97, 0x16, 0xC7, 0x2F, 0x97, 0x0A,
    0xCF, 0x2F, 0x97, 0x00, 0xD7, 0x2F, 0x97, 0x00, 0xDF, 0x2F, 0x97, 0x00,
    0xE7, 0x2F, 0x97, 0x00, 0xEF, 0x2F, 0x97, 0x00, 0xF7, 0x2F, 0x97, 0x00,
    0x00, 0x37, 0x97, 0x00, 0x07, 0x37, 0x97, 0x00, 0x0F, 0x37, 0x97, 0x00,
    0x17, 0x37, 0x97, 0x00, 0x1F, 0x37, 0x97, 0x00, 0x27, 0x37, 0x97, 0x00,
    0x2F, 0x37, 0x97, 0x0A, 0x37, 0x37, 0x97, 0x17, 0x3F, 0x37, 0x97, 0x23,
    0x47, 0x37, 0x97, 0x2E, 0x4F, 0x37, 0x97, 0x38, 0x57, 0x37, 0x97, 0x41,
    0x5F, 0x37, 0x97, 0x48, 0x67, 0x37, 0x97, 0x4E, 0x6F, 0x37, 0x97, 0x53,
    0x77, 0x37, 0x97, 0x56, 0x7F, 0x37, 0x97, 0x57, 0x87, 0x37, 0x97, 0x56,
    0x8F, 0x37, 0x97, 0x53, 0x97, 0x37, 0x97, 0x4E, 0x9F, 0x37, 0x97, 0x48,
    0xA7, 0x37, 0x97, 0x41, 0xAF, 0x37, 0x97, 0x38, 0xB7, 0x37, 0x97, 0x2E,
    0xBF, 0x37, 0x97, 0x23, 0xC7, 0x37, 0x97, 0x17, 0xCF, 0x37, 0x97, 0x0A,
    0xD7, 0x37, 0x97, 0x00, 0xDF, 0x37, 0x97, 0x00, 0xE7, 0x37, 0x97, 0x00,
    0xEF, 0x37, 0x97, 0x00, 0xF7, 0x37, 0x97, 0x00, 0x00, 0x3F, 0x97, 0x00,
    0x07, 0x3F, 0x97, 0x00, 0x0F, 0x3F, 0x97, 0x00, 0x17, 0x3F, 0x97, 0x00,
    0x1F, 0x3F, 0x97, 0x00, 0x27, 0x3F, 0x97, 0x08, 0x2F, 0x3F, 0x97, 0x16,
    0x37, 0x3F, 0x97, 0x23, 0x3F, 0x3F, 0x97, 0x2F, 0x47, 0x3F, 0x97, 0x3B,
    0x4F, 0x3F, 0x97, 0x46, 0x57, 0x3F, 0x97, 0x4F, 0x5F, 0x3F, 0x97, 0x57,
    0x67, 0x3F, 0x97, 0x5E, 0x6F, 0x3F, 0x97, 0x63, 0x77, 0x3F, 0x97, 0x66,
    0x7F, 0x3F, 0x97, 0x67, 0x87, 0x3F, 0x97, 0x66, 0x8F, 0x3F, 0x97, 0x63,
    0x97, 0x3F, 0x97, 0x5E, 0x9F, 0x3F, 0x97, 0x57, 0xA7, 0x3F, 0x97, 0x4F,
    0xAF, 0x3F, 0x97, 0x46, 0xB7, 0x3F, 0x97, 0x3B, 0xBF, 0x3F, 0x97, 0x2F,
    0xC7, 0x3F, 0x97, 0x23, 0xCF, 0x3F, 0x97, 0x16, 0xD7, 0x3F, 0x97, 0x08,
    0xDF, 0x3F, 0x97, 0x00, 0xE7, 0x3F, 0x97, 0x00, 0xEF, 0x3F, 0x97, 0x00,
    0xF7, 0x3F, 0x97, 0x00, 0x00, 0x47, 0x97, 0x00, 0x07, 0x47, 0x97, 0x00,
    0x0F, 0x47, 0x97, 0x00, 0x17, 0x47, 0x97, 0x00, 0x1F, 0x47, 0x97, 0x03,
    0x27, 0x47, 0x97, 0x12, 0x2F, 0x47, 0x97, 0x20, 0x37, 0x47, 0x97, 0x2E,
    0x3F, 0x47, 0x97, 0x3B, 0x47, 0x47, 0x97, 0x47, 0x4F, 0x47, 0x97, 0x53,
    0x57, 0x47, 0x97, 0x5D, 0x5F, 0x47, 0x97, 0x66, 0x67, 0x47, 0x97, 0x6E,
    0x6F, 0x47, 0x97, 0x73, 0x77, 0x47, 0x97, 0x76, 0x7F, 0x47, 0x97, 0x78,
    0x87, 0x47, 0x97, 0x76, 0x8F, 0x47, 0x97, 0x73, 0x97, 0x47, 0x97, 0x6E,
    0x9F, 0x47, 0x97, 0x66, 0xA7, 0x47, 0x97, 0x5D, 0xAF, 0x47, 0x97, 0x53,
    0xB7, 0x47, 0x97, 0x47, 0xBF, 0x47, 0x97, 0x3B, 0xC7, 0x47, 0x97, 0x2E,
    0xCF, 0x47, 0x97, 0x20, 0xD7, 0x47, 0x97, 0x12, 0xDF, 0x47, 0x97, 0x03,
    0xE7, 0x47, 0x97, 0x00, 0xEF, 0x47, 0x97, 0x00, 0xF7, 0x47, 0x97, 0x00,
    0x00, 0x4F, 0x97, 0x00, 0x07, 0x4F, 0x97, 0x00, 0x0F, 0x4F, 0x97, 0x00,
    0x17, 0x4F, 0x97, 0x00, 0x1F, 0x4F, 0x97, 0x0B, 0x27, 0x4F, 0x97, 0x1A,
    0x2F, 0x4F, 0x97, 0x29, 0x37, 0x4F, 0x97, 0x38, 0x3F, 0x4F, 0x97, 0x46,
    0x47, 0x4F, 0x97, 0x53, 0x4F, 0x4F, 0x97, 0x5F, 0x57, 0x4F, 0x97, 0x6A,
    0x5F, 0x4F, 0x97, 0x74, 0x67, 0x4F, 0x97, 0x7C, 0x6F, 0x4F, 0x97, 0x83,
    0x77, 0x4F, 0x97, 0x86, 0x7F, 0x4F, 0x97, 0x88, 0x87, 0x4F, 0x97, 0x86,
    0x8F, 0x4F, 0x97, 0x83, 0x97, 0x4F, 0x97, 0x7C, 0x9F, 0x4F, 0x97, 0x74,
    0xA7, 0x4F, 0x97, 0x6A, 0xAF, 0x4F, 0x97, 0x5F, 0xB7, 0x4F, 0x97, 0x53,
    0xBF, 0x4F, 0x97, 0x46, 0xC7, 0x4F, 0x97, 0x38, 0xCF, 0x4F, 0x97, 0x29,
    0xD7, 0x4F, 0x97, 0x1A, 0xDF, 0x4F, 0x97, 0x0B, 0xE7, 0x4F, 0x97, 0x00,
    0xEF, 0x4F, 0x97, 0x00, 0xF7, 0x4F, 0x97, 0x00, 0x00, 0x57, 0x97, 0x00,
    0x07, 0x57, 0x97, 0x00, 0x0F, 0x57, 0x97, 0x00, 0x17, 0x57, 0x97, 0x02,
    0x1F, 0x57, 0x97, 0x12, 0x27, 0x57, 0x97, 0x22, 0x2F, 0x57, 0x97, 0x32,
    0x37, 0x57, 0x97, 0x41, 0x3F, 0x57, 0x97, 0x4F, 0x47, 0x57, 0x97, 0x5D,
    0x4F, 0x57, 0x97, 0x6A, 0x57, 0x57, 0x97, 0x76, 0x5F, 0x57, 0x97, 0x81,
    0x67, 0x57, 0x97, 0x8A, 0x6F, 0x57, 0x97, 0x91, 0x77, 0x57, 0x97, 0x96,
    0x7F, 0x57, 0x97, 0x97, 0x87, 0x57, 0x97, 0x96, 0x8F, 0x57, 0x97, 0x91,
    0x97, 0x57, 0x97, 0x8A, 0x9F, 0x57, 0x97, 0x81, 0xA7, 0x57, 0x97, 0x76,
    0xAF, 0x57, 0x97, 0x6A, 0xB7, 0x57, 0x97, 0x5D, 0xBF, 0x57, 0x97, 0x4F,
    0xC7, 0x57, 0x97, 0x41, 0xCF, 0x57, 0x97, 0x32, 0xD7, 0x57, 0x97, 0x22,
    0xDF, 0x57, 0x97, 0x12, 0xE7, 0x57, 0x97, 0x02, 0xEF, 0x57, 0x97, 0x00,
    0xF7, 0x57, 0x97, 0x00, 0x00, 0x5F, 0x97, 0x00, 0x07, 0x5F, 0x97, 0x00,
    0x0F, 0x5F, 0x97, 0x00, 0x17, 0x5F, 0x97, 0x08, 0x1F, 0x5F, 0x97, 0x18,
    0x27, 0x5F, 0x97, 0x29, 0x2F, 0x5F, 0x97, 0x39, 0x37, 0x5F, 0x97, 0x48,
    0x3F, 0x5F, 0x97, 0x57, 0x47, 0x5F, 0x97, 0x66, 0x4F, 0x5F, 0x97, 0x74,
    0x57, 0x5F, 0x97, 0x81, 0x5F, 0x5F, 0x97, 0x8D, 0x67, 0x5F, 0x97, 0x97,
    0x6F, 0x5F, 0x97, 0x9F, 0x77, 0x5F, 0x97, 0xA4, 0x7F, 0x5F, 0x97, 0xA6,
    0x87, 0x5F, 0x97, 0xA4, 0x8F, 0x5F, 0x97, 0x9F, 0x97, 0x5F, 0x97, 0x97,
    0x9F, 0x5F, 0x97, 0x8D, 0xA7, 0x5F, 0x97, 0x81, 0xAF, 0x5F, 0x97, 0x74,
    0xB7, 0x5F, 0x97, 0x66, 0xBF, 0x5F, 0x97, 0x57, 0xC7, 0x5F, 0x97, 0x48,
    0xCF, 0x5F, 0x97, 0x39, 0xD7, 0x5F, 0x97, 0x29, 0xDF, 0x5F, 0x97, 0x18,
    0xE7, 0x5F, 0x97, 0x08, 0xEF, 0x5F, 0x97, 0x00, 0xF7, 0x5F, 0x97, 0x00,
    0x00, 0x67, 0x97, 0x00, 0x07, 0x67, 0x97, 0x00, 0x0F, 0x67, 0x97, 0x00,
    0x17, 0x67, 0x97, 0x0C, 0x1F, 0x67, 0x97, 0x1D, 0x27, 0x67, 0x97, 0x2E,
    0x2F, 0x67, 0x97, 0x3E, 0x37, 0x67, 0x97, 0x4E, 0x3F, 0x67, 0x97, 0x5E,
    0x47, 0x67, 0x97, 0x6E, 0x4F, 0x67, 0x97, 0x7C, 0x57, 0x67, 0x97, 0x8A,
    0x5F, 0x67, 0x97, 0x97, 0x67, 0x67, 0x97, 0xA2, 0x6F, 0x67, 0x97, 0xAB,
    0x77, 0x67, 0x97, 0xB1, 0x7F, 0x67, 0x97, 0xB3, 0x87, 0x67, 0x97, 0xB1,
    0x8F, 0x67, 0x97, 0xAB, 0x97, 0x67, 0x97, 0xA2, 0x9F, 0x67, 0x97, 0x97,
    0xA7, 0x67, 0x97, 0x8A, 0xAF, 0x67, 0x97, 0x7C, 0xB7, 0x67, 0x97, 0x6E,
    0xBF, 0x67, 0x97, 0x5E, 0xC7, 0x67, 0x97, 0x4E, 0xCF, 0x67, 0x97, 0x3E,
    0xD7, 0x67, 0x97, 0x2E, 0xDF, 0x67, 0x97, 0x1D, 0xE7, 0x67, 0x97, 0x0C,
    0xEF, 0x67, 0x97, 0x00, 0xF7, 0x67, 0x97, 0x00, 0x00, 0x6F, 0x97, 0x00,
    0x07, 0x6F, 0x97, 0x00, 0x0F, 0x6F, 0x97, 0x00, 0x17, 0x6F, 0x97, 0x10,
    0x1F, 0x6F, 0x97, 0x21, 0x27, 0x6F, 0x97, 0x32, 0x2F, 0x6F, 0x97, 0x42,
    0x37, 0x6F, 0x97, 0x53, 0x3F, 0x6F, 0x97, 0x63, 0x47, 0x6F, 0x97, 0x73,
    0x4F, 0x6F, 0x97, 0x83, 0x57, 0x6F, 0x97, 0x91, 0x5F, 0x6F, 0x97, 0x9F,
    0x67, 0x6F, 0x97, 0xAB, 0x6F, 0x6F, 0x97, 0xB5, 0x77, 0x6F, 0x97, 0xBC,
    0x7F, 0x6F, 0x97, 0xBF, 0x87, 0x6F, 0x97, 0xBC, 0x8F, 0x6F, 0x97, 0xB5,
    0x97, 0x6F, 0x97, 0xAB, 0x9F, 0x6F, 0x97, 0x9F, 0xA7, 0x6F, 0x97, 0x91,
    0xAF, 0x6F, 0x97, 0x83, 0xB7, 0x6F, 0x97, 0x73, 0xBF, 0x6F, 0x97, 0x63,
    0xC7, 0x6F, 0x97, 0x53, 0xCF, 0x6F, 0x97, 0x42, 0xD7, 0x6F, 0x97, 0x32,
    0xDF, 0x6F, 0x97, 0x21, 0xE7, 0x6F, 0x97, 0x10, 0xEF, 0x6F, 0x97, 0x00,
    0xF7, 0x6F, 0x97, 0x00, 0x00, 0x77, 0x97, 0x00, 0x07, 0x77, 0x97, 0x00,
    0x0F, 0x77, 0x97, 0x00, 0x17, 0x77, 0x97, 0x12, 0x1F, 0x77, 0x97, 0x23,
    0x27, 0x77, 0x97, 0x34, 0x2F, 0x77, 0x97, 0x45, 0x37, 0x77, 0x97, 0x56,
    0x3F, 0x77, 0x97, 0x66, 0x47, 0x77, 0x97, 0x76, 0x4F, 0x77, 0x97, 0x86,
    0x57, 0x77, 0x97, 0x96, 0x5F, 0x77, 0x97, 0xA4, 0x67, 0x77, 0x97, 0xB1,
    0x6F, 0x77, 0x97, 0xBC, 0x77, 0x77, 0x97, 0xC4, 0x7F, 0x77, 0x97, 0xC7,
    0x87, 0x77, 0x97, 0xC4, 0x8F, 0x77, 0x97, 0xBC, 0x97, 0x77, 0x97, 0xB1,
    0x9F, 0x77, 0x97, 0xA4, 0xA7, 0x77, 0x97, 0x96, 0xAF, 0x77, 0x97, 0x86,
    0xB7, 0x77, 0x97, 0x76, 0xBF, 0x77, 0x97, 0x66, 0xC7, 0x77, 0x97, 0x56,
    0xCF, 0x77, 0x97, 0x45, 0xD7, 0x77, 0x97, 0x34, 0xDF, 0x77, 0x97, 0x23,
    0xE7, 0x77, 0x97, 0x12, 0xEF, 0x77, 0x97, 0x00, 0xF7, 0x77, 0x97, 0x00,
    0x00, 0x7F, 0x97, 0x00, 0x07, 0x7F, 0x97, 0x00, 0x0F, 0x7F, 0x97, 0x01,
    0x17, 0x7F, 0x97, 0x12, 0x1F, 0x7F, 0x97, 0x23, 0x27, 0x7F, 0x97, 0x35,
    0x2F, 0x7F, 0x97, 0x46, 0x37, 0x7F, 0x97, 0x57, 0x3F, 0x7F, 0x97, 0x67,
    0x47, 0x7F, 0x97, 0x78, 0x4F, 0x7F, 0x97, 0x88, 0x57, 0x7F, 0x97, 0x97,
    0x5F, 0x7F, 0x97, 0xA6, 0x67, 0x7F, 0x97, 0xB3, 0x6F, 0x7F, 0x97, 0xBF,
    0x77, 0x7F, 0x97, 0xC7, 0x7F, 0x7F, 0x97, 0xC9, 0x87, 0x7F, 0x97, 0xC7,
    0x8F, 0x7F, 0x97, 0xBF, 0x97, 0x7F, 0x97, 0xB3, 0x9F, 0x7F, 0x97, 0xA6,
    0xA7, 0x7F, 0x97, 0x97, 0xAF, 0x7F, 0x97, 0x88, 0xB7, 0x7F, 0x97, 0x78,
    0xBF, 0x7F, 0x97, 0x67, 0xC7, 0x7F, 0x97, 0x57, 0xCF, 0x7F, 0x97, 0x46,
    0xD7, 0x7F, 0x97, 0x35, 0xDF, 0x7F, 0x97, 0x23, 0xE7, 0x7F, 0x97, 0x12,
    0xEF, 0x7F, 0x97, 0x01, 0xF7, 0x7F, 0x97, 0x00, 0x00, 0x87, 0x97, 0x00,
    0x07, 0x87, 0x97, 0x00, 0x0F, 0x87, 0x97, 0x00, 0x17, 0x87, 0x97, 0x12,
    0x1F, 0x87, 0x97, 0x23, 0x27, 0x87, 0x97, 0x34, 0x2F, 0x87, 0x97, 0x45,
    0x37, 0x87, 0x97, 0x56, 0x3F, 0x87, 0x97, 0x66, 0x47, 0x87, 0x97, 0x76,
    0x4F, 0x87, 0x97, 0x86, 0x57, 0x87, 0x97, 0x96, 0x5F, 0x87, 0x97, 0xA4,
    0x67, 0x87, 0x97, 0xB1, 0x6F, 0x87, 0x97, 0xBC, 0x77, 0x87, 0x97, 0xC4,
    0x7F, 0x87, 0x97, 0xC7, 0x87, 0x87, 0x97, 0xC4, 0x8F, 0x87, 0x97, 0xBC,
    0x97, 0x87, 0x97, 0xB1, 0x9F, 0x87, 0x97, 0xA4, 0xA7, 0x87, 0x97, 0x96,
    0xAF, 0x87, 0x97, 0x86, 0xB7, 0x87, 0x97, 0x76, 0xBF, 0x87, 0x97, 0x66,
    0xC7, 0x87, 0x97, 0x56, 0xCF, 0x87, 0x97, 0x45, 0xD7, 0x87, 0x97, 0x34,
    0xDF, 0x87, 0x97, 0x23, 0xE7, 0x87, 0x97, 0x12, 0xEF, 0x87, 0x97, 0x00,
    0xF7, 0x87, 0x97, 0x00, 0x00, 0x8F, 0x97, 0x00, 0x07, 0x8F, 0x97, 0x00,
    0x0F, 0x8F, 0x97, 0x00, 0x17, 0x8F, 0x97, 0x10, 0x1F, 0x8F, 0x97, 0x21,
    0x27, 0x8F, 0x97, 0x32, 0x2F, 0x8F, 0x97, 0x42, 0x37, 0x8F, 0x97, 0x53,
    0x3F, 0x8F, 0x97, 0x63, 0x47, 0x8F, 0x97, 0x73, 0x4F, 0x8F, 0x97, 0x83,
    0x57, 0x8F, 0x97, 0x91, 0x5F, 0x8F, 0x97, 0x9F, 0x67, 0x8F, 0x97, 0xAB,
    0x6F, 0x8F, 0x97, 0xB5, 0x77, 0x8F, 0x97, 0xBC, 0x7F, 0x8F, 0x97, 0xBF,
    0x87, 0x8F, 0x97, 0xBC, 0x8F, 0x8F, 0x97, 0xB5, 0x97, 0x8F, 0x97, 0xAB,
    0x9F, 0x8F, 0x97, 0x9F, 0xA7, 0x8F, 0x97, 0x91, 0xAF, 0x8F, 0x97, 0x83,
    0xB7, 0x8F, 0x97, 0x73, 0xBF, 0x8F, 0x97, 0x63, 0xC7, 0x8F, 0x97, 0x53,
    0xCF, 0x8F, 0x97, 0x42, 0xD7, 0x8F, 0x97, 0x32, 0xDF, 0x8F, 0x97, 0x21,
    0xE7, 0x8F, 0x97, 0x10, 0xEF, 0x8F, 0x97, 0x00, 0xF7, 0x8F, 0x97, 0x00,
    0x00, 0x97, 0x97, 0x00, 0x07, 0x97, 0x97, 0x00, 0x0F, 0x97, 0x97, 0x00,
    0x17, 0x97, 0x97, 0x0C, 0x1F, 0x97, 0x97, 0x1D, 0x27, 0x97, 0x97, 0x2E,
    0x2F, 0x97, 0x97, 0x3E, 0x37, 0x97, 0x97, 0x4E, 0x3F, 0x97, 0x97, 0x5E,
    0x47, 0x97, 0x97, 0x6E, 0x4F, 0x97, 0x97, 0x7C, 0x57, 0x97, 0x97, 0x8A,
    0x5F, 0x97, 0x97, 0x97, 0x67, 0x97, 0x97, 0xA2, 0x6F, 0x97, 0x97, 0xAB,
    0x77, 0x97, 0x97, 0xB1, 0x7F, 0x97, 0x97, 0xB3, 0x87, 0x97, 0x97, 0xB1,
    0x8F, 0x97, 0x97, 0xAB, 0x97, 0x97, 0x97, 0xA2, 0x9F, 0x97, 0x97, 0x97,
    0xA7, 0x97, 0x97, 0x8A, 0xAF, 0x97, 0x97, 0x7C, 0xB7, 0x97, 0x97, 0x6E,
    0xBF, 0x97, 0x97, 0x5E, 0xC7, 0x97, 0x97, 0x4E, 0xCF, 0x97, 0x97, 0x3E,
    0xD7, 0x97, 0x97, 0x2E, 0xDF, 0x97, 0x97, 0x1D, 0xE7, 0x97, 0x97, 0x0C,
    0xEF, 0x97, 0x97, 0x00, 0xF7, 0x97, 0x97, 0x00, 0x00, 0x9F, 0x97, 0x00,
    0x07, 0x9F, 0x97, 0x00, 0x0F, 0x9F, 0x97, 0x00, 0x17, 0x9F, 0x97, 0x08,
    0x1F, 0x9F, 0x97, 0x18, 0x27, 0x9F, 0x97, 0x29, 0x2F, 0x9F, 0x97, 0x39,
    0x37, 0x9F, 0x97, 0x48, 0x3F, 0x9F, 0x97, 0x57, 0x47, 0x9F, 0x97, 0x66,
    0x4F, 0x9F, 0x97, 0x74, 0x57, 0x9F, 0x97, 0x81, 0x5F, 0x9F, 0x97, 0x8D,
    0x67, 0x9F, 0x97, 0x97, 0x6F, 0x9F, 0x97, 0x9F, 0x77, 0x9F, 0x97, 0xA4,
    0x7F, 0x9F, 0x97, 0xA6, 0x87, 0x9F, 0x97, 0xA4, 0x8F, 0x9F, 0x97, 0x9F,
    0x97, 0x9F, 0x97, 0x97, 0x9F, 0x9F, 0x97, 0x8D, 0xA7, 0x9F, 0x97, 0x81,
    0xAF, 0x9F, 0x97, 0x74, 0xB7, 0x9F, 0x97, 0x66, 0xBF, 0x9F, 0x97, 0x57,
    0xC7, 0x9F, 0x97, 0x48, 0xCF, 0x9F, 0x97, 0x39, 0xD7, 0x9F, 0x97, 0x29,
    0xDF, 0x9F, 0x97, 0x18, 0xE7, 0x9F, 0x97, 0x08, 0xEF, 0x9F, 0x97, 0x00,
    0xF7, 0x9F, 0x97, 0x00, 0x00, 0xA7, 0x97, 0x00, 0x07, 0xA7, 0x97, 0x00,
    0x0F, 0xA7, 0x97, 0x00, 0x17, 0xA7, 0x97, 0x02, 0x1F, 0xA7, 0x97, 0x12,
    0x27, 0xA7, 0x97, 0x22, 0x2F, 0xA7, 0x97, 0x32, 0x37, 0xA7, 0x97, 0x41,
    0x3F, 0xA7, 0x97, 0x4F, 0x47, 0xA7, 0x97, 0x5D, 0x4F, 0xA7, 0x97, 0x6A,
    0x57, 0xA7, 0x97, 0x76, 0x5F, 0xA7, 0x97, 0x81, 0x67, 0xA7, 0x97, 0x8A,
    0x6F, 0xA7, 0x97, 0x91, 0x77, 0xA7, 0x97, 0x96, 0x7F, 0xA7, 0x97, 0x97,
    0x87, 0xA7, 0x97, 0x96, 0x8F, 0xA7, 0x97, 0x91, 0x97, 0xA7, 0x97, 0x8A,
    0x9F, 0xA7, 0x97, 0x81, 0xA7, 0xA7, 0x97, 0x76, 0xAF, 0xA7, 0x97, 0x6A,
    0xB7, 0xA7, 0x97, 0x5D, 0xBF, 0xA7, 0x97, 0x4F, 0xC7, 0xA7, 0x97, 0x41,
    0xCF, 0xA7, 0x97, 0x32, 0xD7, 0xA7, 0x97, 0x22, 0xDF, 0xA7, 0x97, 0x12,
    0xE7, 0xA7, 0x97, 0x02, 0xEF, 0xA7, 0x97, 0x00, 0xF7, 0xA7, 0x97, 0x00,
    0x00, 0xAF, 0x97, 0x00, 0x07, 0xAF, 0x97, 0x00, 0x0F, 0xAF, 0x97, 0x00,
    0x17, 0xAF, 0x97, 0x00, 0x1F, 0xAF, 0x97, 0x0B, 0x27, 0xAF, 0x97, 0x1A,
    0x2F, 0xAF, 0x97, 0x29, 0x37, 0xAF, 0x97, 0x38, 0x3F, 0xAF, 0x97, 0x46,
    0x47, 0xAF, 0x97, 0x53, 0x4F, 0xAF, 0x97, 0x5F, 0x57, 0xAF, 0x97, 0x6A,
    0x5F, 0xAF, 0x97, 0x74, 0x67, 0xAF, 0x97, 0x7C, 0x6F, 0xAF, 0x97, 0x83,
    0x77, 0xAF, 0x97, 0x86, 0x7F, 0xAF, 0x97, 0x88, 0x87, 0xAF, 0x97, 0x86,
    0x8F, 0xAF, 0x97, 0x83, 0x97, 0xAF, 0x97, 0x7C, 0x9F, 0xAF, 0x97, 0x74,
    0xA7, 0xAF, 0x97, 0x6A, 0xAF, 0xAF, 0x97, 0x5F, 0xB7, 0xAF, 0x97, 0x53,
    0xBF, 0xAF, 0x97, 0x46, 0xC7, 0xAF, 0x97, 0x38, 0xCF, 0xAF, 0x97, 0x29,
    0xD7, 0xAF, 0x97, 0x1A, 0xDF, 0xAF, 0x97, 0x0B, 0xE7, 0xAF, 0x97, 0x00,
    0xEF, 0xAF, 0x97, 0x00, 0xF7, 0xAF, 0x97, 0x00, 0x00, 0xB7, 0x97, 0x00,
    0x07, 0xB7, 0x97, 0x00, 0x0F, 0xB7, 0x97, 0x00, 0x17, 0xB7, 0x97, 0x00,
    0x1F, 0xB7, 0x97, 0x03, 0x27, 0xB7, 0x97, 0x12, 0x2F, 0xB7, 0x97, 0x20,
    0x37, 0xB7, 0x97, 0x2E, 0x3F, 0xB7, 0x97, 0x3B, 0x47, 0xB7, 0x97, 0x47,
    0x4F, 0xB7, 0x97, 0x53, 0x57, 0xB7, 0x97, 0x5D, 0x5F, 0xB7, 0x97, 0x66,
    0x67, 0xB7, 0x97, 0x6E, 0x6F, 0xB7, 0x97, 0x73, 0x77, 0xB7, 0x97, 0x76,
    0x7F, 0xB7, 0x97, 0x78, 0x87, 0xB7, 0x97, 0x76, 0x8F, 0xB7, 0x97, 0x73,
    0x97, 0xB7, 0x97, 0x6E, 0x9F, 0xB7, 0x97, 0x66, 0xA7, 0xB7, 0x97, 0x5D,
    0xAF, 0xB7, 0x97, 0x53, 0xB7, 0xB7, 0x97, 0x47, 0xBF, 0xB7, 0x97, 0x3B,
    0xC7, 0xB7, 0x97, 0x2E, 0xCF, 0xB7, 0x97, 0x20, 0xD7, 0xB7, 0x97, 0x12,
    0xDF, 0xB7, 0x97, 0x03, 0xE7, 0xB7, 0x97, 0x00, 0xEF, 0xB7, 0x97, 0x00,
    0xF7, 0xB7, 0x97, 0x00, 0x00, 0xBF, 0x97, 0x00, 0x07, 0xBF, 0x97, 0x00,
    0x0F, 0xBF, 0x97, 0x00, 0x17, 0xBF, 0x97, 0x00, 0x1F, 0xBF, 0x97, 0x00,
    0x27, 0xBF, 0x97, 0x08, 0x2F, 0xBF, 0x97, 0x16, 0x37, 0xBF, 0x97, 0x23,
    0x3F, 0xBF, 0x97, 0x2F, 0x47, 0xBF, 0x97, 0x3B, 0x4F, 0xBF, 0x97, 0x46,
    0x57, 0xBF, 0x97, 0x4F, 0x5F, 0xBF, 0x97, 0x57, 0x67, 0xBF, 0x97, 0x5E,
    0x6F, 0xBF, 0x97, 0x63, 0x77, 0xBF, 0x97, 0x66, 0x7F, 0xBF, 0x97, 0x67,
    0x87, 0xBF, 0x97, 0x66, 0x8F, 0xBF, 0x97, 0x63, 0x97, 0xBF, 0x97, 0x5E,
    0x9F, 0xBF, 0x97, 0x57, 0xA7, 0xBF, 0x97, 0x4F, 0xAF, 0xBF, 0x97, 0x46,
    0xB7, 0xBF, 0x97, 0x3B, 0xBF, 0xBF, 0x97, 0x2F, 0xC7, 0xBF, 0x97, 0x23,
    0xCF, 0xBF, 0x97, 0x16, 0xD7, 0xBF, 0x97, 0x08, 0xDF, 0xBF, 0x97, 0x00,
    0xE7, 0xBF, 0x97, 0x00, 0xEF, 0xBF, 0x97, 0x00, 0xF7, 0xBF, 0x97, 0x00,
    0x00, 0xC7, 0x97, 0x00, 0x07, 0xC7, 0x97, 0x00, 0x0F, 0xC7, 0x97, 0x00,
    0x17, 0xC7, 0x97, 0x00, 0x1F, 0xC7, 0x97, 0x00, 0x27, 0xC7, 0x97, 0x00,
    0x2F, 0xC7, 0x97, 0x0A, 0x37, 0xC7, 0x97, 0x17, 0x3F, 0xC7, 0x97, 0x23,
    0x47, 0xC7, 0x97, 0x2E, 0x4F, 0xC7, 0x97, 0x38, 0x57, 0xC7, 0x97, 0x41,
    0x5F, 0xC7, 0x97, 0x48, 0x67, 0xC7, 0x97, 0x4E, 0x6F, 0xC7, 0x97, 0x53,
    0x77, 0xC7, 0x97, 0x56, 0x7F, 0xC7, 0x97, 0x57, 0x87, 0xC7, 0x97, 0x56,
    0x8F, 0xC7, 0x97, 0x53, 0x97, 0xC7, 0x97, 0x4E, 0x9F, 0xC7, 0x97, 0x48,
    0xA7, 0xC7, 0x97, 0x41, 0xAF, 0xC7, 0x97, 0x38, 0xB7, 0xC7, 0x97, 0x2E,
    0xBF, 0xC7, 0x97, 0x23, 0xC7, 0xC7, 0x97, 0x17, 0xCF, 0xC7, 0x97, 0x0A,
    0xD7, 0xC7, 0x97, 0x00, 0xDF, 0xC7, 0x97, 0x00, 0xE7, 0xC7, 0x97, 0x00,
    0xEF, 0xC7, 0x97, 0x00, 0xF7, 0xC7, 0x97, 0x00, 0x00, 0xCF, 0x97, 0x00,
    0x07, 0xCF, 0x97, 0x00, 0x0F, 0xCF, 0x97, 0x00, 0x17, 0xCF, 0x97, 0x00,
    0x1F, 0xCF, 0x97, 0x00, 0x27, 0xCF, 0x97, 0x00, 0x2F, 0xCF, 0x97, 0x00,
    0x37, 0xCF, 0x97, 0x0A, 0x3F, 0xCF, 0x97, 0x16, 0x47, 0xCF, 0x97, 0x20,
    0x4F, 0xCF, 0x97, 0x29, 0x57, 0xCF, 0x97, 0x32, 0x5F, 0xCF, 0x97, 0x39,
    0x67, 0xCF, 0x97, 0x3E, 0x6F, 0xCF, 0x97, 0x42, 0x77, 0xCF, 0x97, 0x45,
    0x7F, 0xCF, 0x97, 0x46, 0x87, 0xCF, 0x97, 0x45, 0x8F, 0xCF, 0x97, 0x42,
    0x97, 0xCF, 0x97, 0x3E, 0x9F, 0xCF, 0x97, 0x39, 0xA7, 0xCF, 0x97, 0x32,
    0xAF, 0xCF, 0x97, 0x29, 0xB7, 0xCF, 0x97, 0x20, 0xBF, 0xCF, 0x97, 0x16,
    0xC7, 0xCF, 0x97, 0x0A, 0xCF, 0xCF, 0x97, 0x00, 0xD7, 0xCF, 0x97, 0x00,
    0xDF, 0xCF, 0x97, 0x00, 0xE7, 0xCF, 0x97, 0x00, 0xEF, 0xCF, 0x97, 0x00,
    0xF7, 0xCF, 0x97, 0x00, 0x00, 0xD7, 0x97, 0x00, 0x07, 0xD7, 0x97, 0x00,
    0x0F, 0xD7, 0x97, 0x00, 0x17, 0xD7, 0x97, 0x00, 0x1F, 0xD7, 0x97, 0x00,
    0x27, 0xD7, 0x97, 0x00, 0x2F, 0xD7, 0x97, 0x00, 0x37, 0xD7, 0x97, 0x00,
    0x3F, 0xD7, 0x97, 0x08, 0x47, 0xD7, 0x97, 0x12, 0x4F, 0xD7, 0x97, 0x1A,
    0x57, 0xD7, 0x97, 0x22, 0x5F, 0xD7, 0x97, 0x29, 0x67, 0xD7, 0x97, 0x2E,
    0x6F, 0xD7, 0x97, 0x32, 0x77, 0xD7, 0x97, 0x34, 0x7F, 0xD7, 0x97, 0x35,
    0x87, 0xD7, 0x97, 0x34, 0x8F, 0xD7, 0x97, 0x32, 0x97, 0xD7, 0x97, 0x2E,
    0x9F, 0xD7, 0x97, 0x29, 0xA7, 0xD7, 0x97, 0x22, 0xAF, 0xD7, 0x97, 0x1A,
    0xB7, 0xD7, 0x97, 0x12, 0xBF, 0xD7, 0x97, 0x08, 0xC7, 0xD7, 0x97, 0x00,
    0xCF, 0xD7, 0x97, 0x00, 0xD7, 0xD7, 0x97, 0x00, 0xDF, 0xD7, 0x97, 0x00,
    0xE7, 0xD7, 0x97, 0x00, 0xEF, 0xD7, 0x97, 0x00, 0xF7, 0xD7, 0x97, 0x00,
    0x00, 0xDF, 0x97, 0x00, 0x07, 0xDF, 0x97, 0x00, 0x0F, 0xDF, 0x97, 0x00,
    0x17, 0xDF, 0x97, 0x00, 0x1F, 0xDF, 0x97, 0x00, 0x27, 0xDF, 0x97, 0x00,
    0x2F, 0xDF, 0x97, 0x00, 0x37, 0xDF, 0x97, 0x00, 0x3F, 0xDF, 0x97, 0x00,
    0x47, 0xDF, 0x97, 0x03, 0x4F, 0xDF, 0x97, 0x0B, 0x57, 0xDF, 0x97, 0x12,
    0x5F, 0xDF, 0x97, 0x18, 0x67, 0xDF, 0x97, 0x1D, 0x6F, 0xDF, 0x97, 0x21,
    0x77, 0xDF, 0x97, 0x23, 0x7F, 0xDF, 0x97, 0x23, 0x87, 0xDF, 0x97, 0x23,
    0x8F, 0xDF, 0x97, 0x21, 0x97, 0xDF, 0x97, 0x1D, 0x9F, 0xDF, 0x97, 0x18,
    0xA7, 0xDF, 0x97, 0x12, 0xAF, 0xDF, 0x97, 0x0B, 0xB7, 0xDF, 0x97, 0x03,
    0xBF, 0xDF, 0x97, 0x00, 0xC7, 0xDF, 0x97, 0x00, 0xCF, 0xDF, 0x97, 0x00,
    0xD7, 0xDF, 0x97, 0x00, 0xDF, 0xDF, 0x97, 0x00, 0xE7, 0xDF, 0x97, 0x00,
    0xEF, 0xDF, 0x97, 0x00, 0xF7, 0xDF, 0x97, 0x00, 0x00, 0xE7, 0x97, 0x00,
    0x07, 0xE7, 0x97, 0x00, 0x0F, 0xE7, 0x97, 0x00, 0x17, 0xE7, 0x97, 0x00,
    0x1F, 0xE7, 0x97, 0x00, 0x27, 0xE7, 0x97, 0x00, 0x2F, 0xE7, 0x97, 0x00,
    0x37, 0xE7, 0x97, 0x00, 0x3F, 0xE7, 0x97, 0x00, 0x47, 0xE7, 0x97, 0x00,
    0x4F, 0xE7, 0x97, 0x00, 0x57, 0xE7, 0x97, 0x02, 0x5F, 0xE7, 0x97, 0x08,
    0x67, 0xE7, 0x97, 0x0C, 0x6F, 0xE7, 0x97, 0x10, 0x77, 0xE7, 0x97, 0x12,
    0x7F, 0xE7, 0x97, 0x12, 0x87, 0xE7, 0x97, 0x12, 0x8F, 0xE7, 0x97, 0x10,
    0x97, 0xE7, 0x97, 0x0C, 0x9F, 0xE7, 0x97, 0x08, 0xA7, 0xE7, 0x97, 0x02,
    0xAF, 0xE7, 0x97, 0x00, 0xB7, 0xE7, 0x97, 0x00, 0xBF, 0xE7, 0x97, 0x00,
    0xC7, 0xE7, 0x97, 0x00, 0xCF, 0xE7, 0x97, 0x00, 0xD7, 0xE7, 0x97, 0x00,
    0xDF, 0xE7, 0x97, 0x00, 0xE7, 0xE7, 0x97, 0x00, 0xEF, 0xE7, 0x97, 0x00,
    0xF7, 0xE7, 0x97, 0x00, 0x00, 0xEF, 0x97, 0x00, 0x07, 0xEF, 0x97, 0x00,
    0x0F, 0xEF, 0x97, 0x00, 0x17, 0xEF, 0x97, 0x00, 0x1F, 0xEF, 0x97, 0x00,
    0x27, 0xEF, 0x97, 0x00, 0x2F, 0xEF, 0x97, 0x00, 0x37, 0xEF, 0x97, 0x00,
    0x3F, 0xEF, 0x97, 0x00, 0x47, 0xEF, 0x97, 0x00, 0x4F, 0xEF, 0x97, 0x00,
    0x57, 0xEF, 0x97, 0x00, 0x5F, 0xEF, 0x97, 0x00, 0x67, 0xEF, 0x97, 0x00,
    0x6F, 0xEF, 0x97, 0x00, 0x77, 0xEF, 0x97, 0x00, 0x7F, 0xEF, 0x97, 0x01,
    0x87, 0xEF, 0x97, 0x00, 0x8F, 0xEF, 0x97, 0x00, 0x97, 0xEF, 0x97, 0x00,
    0x9F, 0xEF, 0x97, 0x00, 0xA7, 0xEF, 0x97, 0x00, 0xAF, 0xEF, 0x97, 0x00,
    0xB7, 0xEF, 0x97, 0x00, 0xBF, 0xEF, 0x97, 0x00, 0xC7, 0xEF, 0x97, 0x00,
    0xCF, 0xEF, 0x97, 0x00, 0xD7, 0xEF, 0x97, 0x00, 0xDF, 0xEF, 0x97, 0x00,
    0xE7, 0xEF, 0x97, 0x00, 0xEF, 0xEF, 0x97, 0x00, 0xF7, 0xEF, 0x97, 0x00,
    0x00, 0xF7, 0x97, 0x00, 0x07, 0xF7, 0x97, 0x00, 0x0F, 0xF7, 0x97, 0x00,
    0x17, 0xF7, 0x97, 0x00, 0x1F, 0xF7, 0x97, 0x00, 0x27, 0xF7, 0x97, 0x00,
    0x2F, 0xF7, 0x97, 0x00, 0x37, 0xF7, 0x97, 0x00, 0x3F, 0xF7, 0x97, 0x00,
    0x47, 0xF7, 0x97, 0x00, 0x4F, 0xF7, 0x97, 0x00, 0x57, 0xF7, 0x97, 0x00,
    0x5F, 0xF7, 0x97, 0x00, 0x67, 0xF7, 0x97, 0x00, 0x6F, 0xF7, 0x97, 0x00,
    0x77, 0xF7, 0x97, 0x00, 0x7F, 0xF7, 0x97, 0x00, 0x87, 0xF7, 0x97, 0x00,
    0x8F, 0xF7, 0x97, 0x00, 0x97, 0xF7, 0x97, 0x00, 0x9F, 0xF7, 0x97, 0x00,
    0xA7, 0xF7, 0x97, 0x00, 0xAF, 0xF7, 0x97, 0x00, 0xB7, 0xF7, 0x97, 0x00,
    0xBF, 0xF7, 0x97, 0x00, 0xC7, 0xF7, 0x97, 0x00, 0xCF, 0xF7, 0x97, 0x00,
    0xD7, 0xF7, 0x97, 0x00, 0xDF, 0xF7, 0x97, 0x00, 0xE7, 0xF7, 0x97, 0x00,
    0xEF, 0xF7, 0x97, 0x00, 0xF7, 0xF7, 0x97, 0x00, 0x00, 0x00, 0x9F, 0x00,
    0x07, 0x00, 0x9F, 0x00, 0x0F, 0x00, 0x9F, 0x00, 0x17, 0x00, 0x9F, 0x00,
    0x1F, 0x00, 0x9F, 0x00, 0x27, 0x00, 0x9F, 0x00, 0x2F, 0x00, 0x9F, 0x00,
    0x37, 0x00, 0x9F, 0x00, 0x3F, 0x00, 0x9F, 0x00, 0x47, 0x00, 0x9F, 0x00,
    0x4F, 0x00, 0x9F, 0x00, 0x57, 0x00, 0x9F, 0x00, 0x5F, 0x00, 0x9F, 0x00,
    0x67, 0x00, 0x9F, 0x00, 0x6F, 0x00, 0x9F, 0x00, 0x77, 0x00, 0x9F, 0x00,
    0x7F, 0x00, 0x9F, 0x00, 0x87, 0x00, 0x9F, 0x00, 0x8F, 0x00, 0x9F, 0x00,
    0x97, 0x00, 0x9F, 0x00, 0x9F, 0x00, 0x9F, 0x00, 0xA7, 0x00, 0x9F, 0x00,
    0xAF, 0x00, 0x9F, 0x00, 0xB7, 0x00, 0x9F, 0x00, 0xBF, 0x00, 0x9F, 0x00,
    0xC7, 0x00, 0x9F, 0x00, 0xCF, 0x00, 0x9F, 0x00, 0xD7, 0x00, 0x9F, 0x00,
    0xDF, 0x00, 0x9F, 0x00, 0xE7, 0x00, 0x9F, 0x00, 0xEF, 0x00, 0x9F, 0x00,
    0xF7, 0x00, 0x9F, 0x00, 0x00, 0x07, 0x9F, 0x00, 0x07, 0x07, 0x9F, 0x00,
    0x0F, 0x07, 0x9F, 0x00, 0x17, 0x07, 0x9F, 0x00, 0x1F, 0x07, 0x9F, 0x00,
    0x27, 0x07, 0x9F, 0x00, 0x2F, 0x07, 0x9F, 0x00, 0x37, 0x07, 0x9F, 0x00,
    0x3F, 0x07, 0x9F, 0x00, 0x47, 0x07, 0x9F, 0x00, 0x4F, 0x07, 0x9F, 0x00,
    0x57, 0x07, 0x9F, 0x00, 0x5F, 0x07, 0x9F, 0x00, 0x67, 0x07, 0x9F, 0x00,
    0x6F, 0x07, 0x9F, 0x00, 0x77, 0x07, 0x9F, 0x00, 0x7F, 0x07, 0x9F, 0x00,
    0x87, 0x07, 0x9F, 0x00, 0x8F, 0x07, 0x9F, 0x00, 0x97, 0x07, 0x9F, 0x00,
    0x9F, 0x07, 0x9F, 0x00, 0xA7, 0x07, 0x9F, 0x00, 0xAF, 0x07, 0x9F, 0x00,
    0xB7, 0x07, 0x9F, 0x00, 0xBF, 0x07, 0x9F, 0x00, 0xC7, 0x07, 0x9F, 0x00,
    0xCF, 0x07, 0x9F, 0x00, 0xD7, 0x07, 0x9F, 0x00, 0xDF, 0x07, 0x9F, 0x00,
    0xE7, 0x07, 0x9F, 0x00, 0xEF, 0x07, 0x9F, 0x00, 0xF7, 0x07, 0x9F, 0x00,
    0x00, 0x0F, 0x9F, 0x00, 0x07, 0x0F, 0x9F, 0x00, 0x0F, 0x0F, 0x9F, 0x00,
    0x17, 0x0F, 0x9F, 0x00, 0x1F, 0x0F, 0x9F, 0x00, 0x27, 0x0F, 0x9F, 0x00,
    0x2F, 0x0F, 0x9F, 0x00, 0x37, 0x0F, 0x9F, 0x00, 0x3F, 0x0F, 0x9F, 0x00,
    0x47, 0x0F, 0x9F, 0x00, 0x4F, 0x0F, 0x9F, 0x00, 0x57, 0x0F, 0x9F, 0x00,
    0x5F, 0x0F, 0x9F, 0x00, 0x67, 0x0F, 0x9F, 0x00, 0x6F, 0x0F, 0x9F, 0x00,
    0x77, 0x0F, 0x9F, 0x00, 0x7F, 0x0F, 0x9F, 0x00, 0x87, 0x0F, 0x9F, 0x00,
    0x8F, 0x0F, 0x9F, 0x00, 0x97, 0x0F, 0x9F, 0x00, 0x9F, 0x0F, 0x9F, 0x00,
    0xA7, 0x0F, 0x9F, 0x00, 0xAF, 0x0F, 0x9F, 0x00, 0xB7, 0x0F, 0x9F, 0x00,
    0xBF, 0x0F, 0x9F, 0x00, 0xC7, 0x0F, 0x9F, 0x00, 0xCF, 0x0F, 0x9F, 0x00,
    0xD7, 0x0F, 0x9F, 0x00, 0xDF, 0x0F, 0x9F, 0x00, 0xE7, 0x0F, 0x9F, 0x00,
    0xEF, 0x0F, 0x9F, 0x00, 0xF7, 0x0F, 0x9F, 0x00, 0x00, 0x17, 0x9F, 0x00,
    0x07, 0x17, 0x9F, 0x00, 0x0F, 0x17, 0x9F, 0x00, 0x17, 0x17, 0x9F, 0x00,
    0x1F, 0x17, 0x9F, 0x00, 0x27, 0x17, 0x9F, 0x00, 0x2F, 0x17, 0x9F, 0x00,
    0x37, 0x17, 0x9F, 0x00, 0x3F, 0x17, 0x9F, 0x00, 0x47, 0x17, 0x9F, 0x00,
    0x4F, 0x17, 0x9F, 0x00, 0x57, 0x17, 0x9F, 0x00, 0x5F, 0x17, 0x9F, 0x03,
    0x67, 0x17, 0x9F, 0x08, 0x6F, 0x17, 0x9F, 0x0B, 0x77, 0x17, 0x9F, 0x0D,
    0x7F, 0x17, 0x9F, 0x0E, 0x87, 0x17, 0x9F, 0x0D, 0x8F, 0x17, 0x9F, 0x0B,
    0x97, 0x17, 0x9F, 0x08, 0x9F, 0x17, 0x9F, 0x03, 0xA7, 0x17, 0x9F, 0x00,
    0xAF, 0x17, 0x9F, 0x00, 0xB7, 0x17, 0x9F, 0x00, 0xBF, 0x17, 0x9F, 0x00,
    0xC7, 0x17, 0x9F, 0x00, 0xCF, 0x17, 0x9F, 0x00, 0xD7, 0x17, 0x9F, 0x00,
    0xDF, 0x17, 0x9F, 0x00, 0xE7, 0x17, 0x9F, 0x00, 0xEF, 0x17, 0x9F, 0x00,
    0xF7, 0x17, 0x9F, 0x00, 0x00, 0x1F, 0x9F, 0x00, 0x07, 0x1F, 0x9F, 0x00,
    0x0F, 0x1F, 0x9F, 0x00, 0x17, 0x1F, 0x9F, 0x00, 0x1F, 0x1F, 0x9F, 0x00,
    0x27, 0x1F, 0x9F, 0x00, 0x2F, 0x1F, 0x9F, 0x00, 0x37, 0x1F, 0x9F, 0x00,
    0x3F, 0x1F, 0x9F, 0x00, 0x47, 0x1F, 0x9F, 0x00, 0x4F, 0x1F, 0x9F, 0x07,
    0x57, 0x1F, 0x9F, 0x0E, 0x5F, 0x1F, 0x9F, 0x14, 0x67, 0x1F, 0x9F, 0x18,
    0x6F, 0x1F, 0x9F, 0x1C, 0x77, 0x1F, 0x9F, 0x1E, 0x7F, 0x1F, 0x9F, 0x1F,
    0x87, 0x1F, 0x9F, 0x1E, 0x8F, 0x1F, 0x9F, 0x1C, 0x97, 0x1F, 0x9F, 0x18,
    0x9F, 0x1F, 0x9F, 0x14, 0xA7, 0x1F, 0x9F, 0x0E, 0xAF, 0x1F, 0x9F, 0x07,
    0xB7, 0x1F, 0x9F, 0x00, 0xBF, 0x1F, 0x9F, 0x00, 0xC7, 0x1F, 0x9F, 0x00,
    0xCF, 0x1F, 0x9F, 0x00, 0xD7, 0x1F, 0x9F, 0x00, 0xDF, 0x1F, 0x9F, 0x00,
    0xE7, 0x1F, 0x9F, 0x00, 0xEF, 0x1F, 0x9F, 0x00, 0xF7, 0x1F, 0x9F, 0x00,
    0x00, 0x27, 0x9F, 0x00, 0x07, 0x27, 0x9F, 0x00, 0x0F, 0x27, 0x9F, 0x00,
    0x17, 0x27, 0x9F, 0x00, 0x1F, 0x27, 0x9F, 0x00, 0x27, 0x27, 0x9F, 0x00,
    0x2F, 0x27, 0x9F, 0x00, 0x37, 0x27, 0x9F, 0x00, 0x3F, 0x27, 0x9F, 0x03,
    0x47, 0x27, 0x9F, 0x0D, 0x4F, 0x27, 0x9F, 0x16, 0x57, 0x27, 0x9F, 0x1D,
    0x5F, 0x27, 0x9F, 0x23, 0x67, 0x27, 0x9F, 0x29, 0x6F, 0x27, 0x9F, 0x2C,
    0x77, 0x27, 0x9F, 0x2E, 0x7F, 0x27, 0x9F, 0x2F, 0x87, 0x27, 0x9F, 0x2E,
    0x8F, 0x27, 0x9F, 0x2C, 0x97, 0x27, 0x9F, 0x29, 0x9F, 0x27, 0x9F, 0x23,
    0xA7, 0x27, 0x9F, 0x1D, 0xAF, 0x27, 0x9F, 0x16, 0xB7, 0x27, 0x9F, 0x0D,
    0xBF, 0x27, 0x9F, 0x03, 0xC7, 0x27, 0x9F, 0x00, 0xCF, 0x27, 0x9F, 0x00,
    0xD7, 0x27, 0x9F, 0x00, 0xDF, 0x27, 0x9F, 0x00, 0xE7, 0x27, 0x9F, 0x00,
    0xEF, 0x27, 0x9F, 0x00, 0xF7, 0x27, 0x9F, 0x00, 0x00, 0x2F, 0x9F, 0x00,
    0x07, 0x2F, 0x9F, 0x00, 0x0F, 0x2F, 0x9F, 0x00, 0x17, 0x2F, 0x9F, 0x00,
    0x1F, 0x2F, 0x9F, 0x00, 0x27, 0x2F, 0x9F, 0x00, 0x2F, 0x2F, 0x9F, 0x00,
    0x37, 0x2F, 0x9F, 0x06, 0x3F, 0x2F, 0x9F, 0x11, 0x47, 0x2F, 0x9F, 0x1B,
    0x4F, 0x2F, 0x9F, 0x24, 0x57, 0x2F, 0x9F, 0x2C, 0x5F, 0x2F, 0x9F, 0x33,
    0x67, 0x2F, 0x9F, 0x39, 0x6F, 0x2F, 0x9F, 0x3D, 0x77, 0x2F, 0x9F, 0x3F,
    0x7F, 0x2F, 0x9F, 0x40, 0x87, 0x2F, 0x9F, 0x3F, 0x8F, 0x2F, 0x9F, 0x3D,
    0x97, 0x2F, 0x9F, 0x39, 0x9F, 0x2F, 0x9F, 0x33, 0xA7, 0x2F, 0x9F, 0x2C,
    0xAF, 0x2F, 0x9F, 0x24, 0xB7, 0x2F, 0x9F, 0x1B, 0xBF, 0x2F, 0x9F, 0x11,
    0xC7, 0x2F, 0x9F, 0x06, 0xCF, 0x2F, 0x9F, 0x00, 0xD7, 0x2F, 0x9F, 0x00,
    0xDF, 0x2F, 0x9F, 0x00, 0xE7, 0x2F, 0x9F, 0x00, 0xEF, 0x2F, 0x9F, 0x00,
    0xF7, 0x2F, 0x9F, 0x00, 0x00, 0x37, 0x9F, 0x00, 0x07, 0x37, 0x9F, 0x00,
    0x0F, 0x37, 0x9F, 0x00, 0x17, 0x37, 0x9F, 0x00, 0x1F, 0x37, 0x9F, 0x00,
    0x27, 0x37, 0x9F, 0x00, 0x2F, 0x37, 0x9F, 0x06, 0x37, 0x37, 0x9F, 0x12,
    0x3F, 0x37, 0x9F, 0x1E, 0x47, 0x37, 0x9F, 0x29, 0x4F, 0x37, 0x9F, 0x32,
    0x57, 0x37, 0x9F, 0x3B, 0x5F, 0x37, 0x9F, 0x42, 0x67, 0x37, 0x9F, 0x48,
    0x6F, 0x37, 0x9F, 0x4D, 0x77, 0x37, 0x9F, 0x4F, 0x7F, 0x37, 0x9F, 0x50,
    0x87, 0x37, 0x9F, 0x4F, 0x8F, 0x37, 0x9F, 0x4D, 0x97, 0x37, 0x9F, 0x48,
    0x9F, 0x37, 0x9F, 0x42, 0xA7, 0x37, 0x9F, 0x3B, 0xAF, 0x37, 0x9F, 0x32,
    0xB7, 0x37, 0x9F, 0x29, 0xBF, 0x37, 0x9F, 0x1E, 0xC7, 0x37, 0x9F, 0x12,
    0xCF, 0x37, 0x9F, 0x06, 0xD7, 0x37, 0x9F, 0x00, 0xDF, 0x37, 0x9F, 0x00,
    0xE7, 0x37, 0x9F, 0x00, 0xEF, 0x37, 0x9F, 0x00, 0xF7, 0x37, 0x9F, 0x00,
    0x00, 0x3F, 0x9F, 0x00, 0x07, 0x3F, 0x9F, 0x00, 0x0F, 0x3F, 0x9F, 0x00,
    0x17, 0x3F, 0x9F, 0x00, 0x1F, 0x3F, 0x9F, 0x00, 0x27, 0x3F, 0x9F, 0x03,
    0x2F, 0x3F, 0x9F, 0x11, 0x37, 0x3F, 0x9F, 0x1E, 0x3F, 0x3F, 0x9F, 0x2A,
    0x47, 0x3F, 0x9F, 0x35, 0x4F, 0x3F, 0x9F, 0x40, 0x57, 0x3F, 0x9F, 0x49,
    0x5F, 0x3F, 0x9F, 0x51, 0x67, 0x3F, 0x9F, 0x57, 0x6F, 0x3F, 0x9F, 0x5C,
    0x77, 0x3F, 0x9F, 0x5F, 0x7F, 0x3F, 0x9F, 0x60, 0x87, 0x3F, 0x9F, 0x5F,
    0x8F, 0x3F, 0x9F, 0x5C, 0x97, 0x3F, 0x9F, 0x57, 0x9F, 0x3F, 0x9F, 0x51,
    0xA7, 0x3F, 0x9F, 0x49, 0xAF, 0x3F, 0x9F, 0x40, 0xB7, 0x3F, 0x9F, 0x35,
    0xBF, 0x3F, 0x9F, 0x2A, 0xC7, 0x3F, 0x9F, 0x1E, 0xCF, 0x3F, 0x9F, 0x11,
    0xD7, 0x3F, 0x9F, 0x03, 0xDF, 0x3F, 0x9F, 0x00, 0xE7, 0x3F, 0x9F, 0x00,
    0xEF, 0x3F, 0x9F, 0x00, 0xF7, 0x3F, 0x9F, 0x00, 0x00, 0x47, 0x9F, 0x00,
    0x07, 0x47, 0x9F, 0x00, 0x0F, 0x47, 0x9F, 0x00, 0x17, 0x47, 0x9F, 0x00,
    0x1F, 0x47, 0x9F, 0x00, 0x27, 0x47, 0x9F, 0x0D, 0x2F, 0x47, 0x9F, 0x1B,
    0x37, 0x47, 0x9F, 0x29, 0x3F, 0x47, 0x9F, 0x35, 0x47, 0x47, 0x9F, 0x41,
    0x4F, 0x47, 0x9F, 0x4D, 0x57, 0x47, 0x9F, 0x57, 0x5F, 0x47, 0x9F, 0x5F,
    0x67, 0x47, 0x9F, 0x66, 0x6F, 0x47, 0x9F, 0x6B, 0x77, 0x47, 0x9F, 0x6F,
    0x7F, 0x47, 0x9F, 0x70, 0x87, 0x47, 0x9F, 0x6F, 0x8F, 0x47, 0x9F, 0x6B,
    0x97, 0x47, 0x9F, 0x66, 0x9F, 0x47, 0x9F, 0x5F, 0xA7, 0x47, 0x9F, 0x57,
    0xAF, 0x47, 0x9F, 0x4D, 0xB7, 0x47, 0x9F, 0x41, 0xBF, 0x47, 0x9F, 0x35,
    0xC7, 0x47, 0x9F, 0x29, 0xCF, 0x47, 0x9F, 0x1B, 0xD7, 0x47, 0x9F, 0x0D,
    0xDF, 0x47, 0x9F, 0x00, 0xE7, 0x47, 0x9F, 0x00, 0xEF, 0x47, 0x9F, 0x00,
    0xF7, 0x47, 0x9F, 0x00, 0x00, 0x4F, 0x9F, 0x00, 0x07, 0x4F, 0x9F, 0x00,
    0x0F, 0x4F, 0x9F, 0x00, 0x17, 0x4F, 0x9F, 0x00, 0x1F, 0x4F, 0x9F, 0x07,
    0x27, 0x4F, 0x9F, 0x16, 0x2F, 0x4F, 0x9F, 0x24, 0x37, 0x4F, 0x9F, 0x32,
    0x3F, 0x4F, 0x9F, 0x40, 0x47, 0x4F, 0x9F, 0x4D, 0x4F, 0x4F, 0x9F, 0x58,
    0x57, 0x4F, 0x9F, 0x63, 0x5F, 0x4F, 0x9F, 0x6C, 0x67, 0x4F, 0x9F, 0x74,
    0x6F, 0x4F, 0x9F, 0x7A, 0x77, 0x4F, 0x9F, 0x7E, 0x7F, 0x4F, 0x9F, 0x7F,
    0x87, 0x4F, 0x9F, 0x7E, 0x8F, 0x4F, 0x9F, 0x7A, 0x97, 0x4F, 0x9F, 0x74,
    0x9F, 0x4F, 0x9F, 0x6C, 0xA7, 0x4F, 0x9F, 0x63, 0xAF, 0x4F, 0x9F, 0x58,
    0xB7, 0x4F, 0x9F, 0x4D, 0xBF, 0x4F, 0x9F, 0x40, 0xC7, 0x4F, 0x9F, 0x32,
    0xCF, 0x4F, 0x9F, 0x24, 0xD7, 0x4F, 0x9F, 0x16, 0xDF, 0x4F, 0x9F, 0x07,
    0xE7, 0x4F, 0x9F, 0x00, 0xEF, 0x4F, 0x9F, 0x00, 0xF7, 0x4F, 0x9F, 0x00,
    0x00, 0x57, 0x9F, 0x00, 0x07, 0x57, 0x9F, 0x00, 0x0F, 0x57, 0x9F, 0x00,
    0x17, 0x57, 0x9F, 0x00, 0x1F, 0x57, 0x9F, 0x0E, 0x27, 0x57, 0x9F, 0x1D,
    0x2F, 0x57, 0x9F, 0x2C, 0x37, 0x57, 0x9F, 0x3B, 0x3F, 0x57, 0x9F, 0x49,
    0x47, 0x57, 0x9F, 0x57, 0x4F, 0x57, 0x9F, 0x63, 0x57, 0x57, 0x9F, 0x6F,
    0x5F, 0x57, 0x9F, 0x79, 0x67, 0x57, 0x9F, 0x81, 0x6F, 0x57, 0x9F, 0x88,
    0x77, 0x57, 0x9F, 0x8C, 0x7F, 0x57, 0x9F, 0x8D, 0x87, 0x57, 0x9F, 0x8C,
    0x8F, 0x57, 0x9F, 0x88, 0x97, 0x57, 0x9F, 0x81, 0x9F, 0x57, 0x9F, 0x79,
    0xA7, 0x57, 0x9F, 0x6F, 0xAF, 0x57, 0x9F, 0x63, 0xB7, 0x57, 0x9F, 0x57,
    0xBF, 0x57, 0x9F, 0x49, 0xC7, 0x57, 0x9F, 0x3B, 0xCF, 0x57, 0x9F, 0x2C,
    0xD7, 0x57, 0x9F, 0x1D, 0xDF, 0x57, 0x9F, 0x0E, 0xE7, 0x57, 0x9F, 0x00,
    0xEF, 0x57, 0x9F, 0x00, 0xF7, 0x57, 0x9F, 0x00, 0x00, 0x5F, 0x9F, 0x00,
    0x07, 0x5F, 0x9F, 0x00, 0x0F, 0x5F, 0x9F, 0x00, 0x17, 0x5F, 0x9F, 0x03,
    0x1F, 0x5F, 0x9F, 0x14, 0x27, 0x5F, 0x9F, 0x23, 0x2F, 0x5F, 0x9F, 0x33,
    0x37, 0x5F, 0x9F, 0x42, 0x3F, 0x5F, 0x9F, 0x51, 0x47, 0x5F, 0x9F, 0x5F,
    0x4F, 0x5F, 0x9F, 0x6C, 0x57, 0x5F, 0x9F, 0x79, 0x5F, 0x5F, 0x9F, 0x84,
    0x67, 0x5F, 0x9F, 0x8D, 0x6F, 0x5F, 0x9F, 0x94, 0x77, 0x5F, 0x9F, 0x99,
    0x7F, 0x5F, 0x9F, 0x9A, 0x87, 0x5F, 0x9F, 0x99, 0x8F, 0x5F, 0x9F, 0x94,
    0x97, 0x5F, 0x9F, 0x8D, 0x9F, 0x5F, 0x9F, 0x84, 0xA7, 0x5F, 0x9F, 0x79,
    0xAF, 0x5F, 0x9F, 0x6C, 0xB7, 0x5F, 0x9F, 0x5F, 0xBF, 0x5F, 0x9F, 0x51,
    0xC7, 0x5F, 0x9F, 0x42, 0xCF, 0x5F, 0x9F, 0x33, 0xD7, 0x5F, 0x9F, 0x23,
    0xDF, 0x5F, 0x9F, 0x14, 0xE7, 0x5F, 0x9F, 0x03, 0xEF, 0x5F, 0x9F, 0x00,
    0xF7, 0x5F, 0x9F, 0x00, 0x00, 0x67, 0x9F, 0x00, 0x07, 0x67, 0x9F, 0x00,
    0x0F, 0x67, 0x9F, 0x00, 0x17, 0x67, 0x9F, 0x08, 0x1F, 0x67, 0x9F, 0x18,
    0x27, 0x67, 0x9F, 0x29, 0x2F, 0x67, 0x9F, 0x39, 0x37, 0x67, 0x9F, 0x48,
    0x3F, 0x67, 0x9F, 0x57, 0x47, 0x67, 0x9F, 0x66, 0x4F, 0x67, 0x9F, 0x74,
    0x57, 0x67, 0x9F, 0x81, 0x5F, 0x67, 0x9F, 0x8D, 0x67, 0x67, 0x9F, 0x97,
    0x6F, 0x67, 0x9F, 0x9F, 0x77, 0x67, 0x9F, 0xA4, 0x7F, 0x67, 0x9F, 0xA6,
    0x87, 0x67, 0x9F, 0xA4, 0x8F, 0x67, 0x9F, 0x9F, 0x97, 0x67, 0x9F, 0x97,
    0x9F, 0x67, 0x9F, 0x8D, 0xA7, 0x67, 0x9F, 0x81, 0xAF, 0x67, 0x9F, 0x74,
    0xB7, 0x67, 0x9F, 0x66, 0xBF, 0x67, 0x9F, 0x57, 0xC7, 0x67, 0x9F, 0x48,
    0xCF, 0x67, 0x9F, 0x39, 0xD7, 0x67, 0x9F, 0x29, 0xDF, 0x67, 0x9F, 0x18,
    0xE7, 0x67, 0x9F, 0x08, 0xEF, 0x67, 0x9F, 0x00, 0xF7, 0x67, 0x9F, 0x00,
    0x00, 0x6F, 0x9F, 0x00, 0x07, 0x6F, 0x9F, 0x00, 0x0F, 0x6F, 0x9F, 0x00,
    0x17, 0x6F, 0x9F, 0x0B, 0x1F, 0x6F, 0x9F, 0x1C, 0x27, 0x6F, 0x9F, 0x2C,
    0x2F, 0x6F, 0x9F, 0x3D, 0x37, 0x6F, 0x9F, 0x4D, 0x3F, 0x6F, 0x9F, 0x5C,
    0x47, 0x6F, 0x9F, 0x6B, 0x4F, 0x6F, 0x9F, 0x7A, 0x57, 0x6F, 0x9F, 0x88,
    0x5F, 0x6F, 0x9F, 0x94, 0x67, 0x6F, 0x9F, 0x9F, 0x6F, 0x6F, 0x9F, 0xA8,
    0x77, 0x6F, 0x9F, 0xAD, 0x7F, 0x6F, 0x9F, 0xAF, 0x87, 0x6F, 0x9F, 0xAD,
    0x8F, 0x6F, 0x9F, 0xA8, 0x97, 0x6F, 0x9F, 0x9F, 0x9F, 0x6F, 0x9F, 0x94,
    0xA7, 0x6F, 0x9F, 0x88, 0xAF, 0x6F, 0x9F, 0x7A, 0xB7, 0x6F, 0x9F, 0x6B,
    0xBF, 0x6F, 0x9F, 0x5C, 0xC7, 0x6F, 0x9F, 0x4D, 0xCF, 0x6F, 0x9F, 0x3D,
    0xD7, 0x6F, 0x9F, 0x2C, 0xDF, 0x6F, 0x9F, 0x1C, 0xE7, 0x6F, 0x9F, 0x0B,
    0xEF, 0x6F, 0x9F, 0x00, 0xF7, 0x6F, 0x9F, 0x00, 0x00, 0x77, 0x9F, 0x00,
    0x07, 0x77, 0x9F, 0x00, 0x0F, 0x77, 0x9F, 0x00, 0x17, 0x77, 0x9F, 0x0D,
    0x1F, 0x77, 0x9F, 0x1E, 0x27, 0x77, 0x9F, 0x2E, 0x2F, 0x77, 0x9F, 0x3F,
    0x37, 0x77, 0x9F, 0x4F, 0x3F, 0x77, 0x9F, 0x5F, 0x47, 0x77, 0x9F, 0x6F,
    0x4F, 0x77, 0x9F, 0x7E, 0x57, 0x77, 0x9F, 0x8C, 0x5F, 0x77, 0x9F, 0x99,
    0x67, 0x77, 0x9F, 0xA4, 0x6F, 0x77, 0x9F, 0xAD, 0x77, 0x77, 0x9F, 0xB3,
    0x7F, 0x77, 0x9F, 0xB5, 0x87, 0x77, 0x9F, 0xB3, 0x8F, 0x77, 0x9F, 0xAD,
    0x97, 0x77, 0x9F, 0xA4, 0x9F, 0x77, 0x9F, 0x99, 0xA7, 0x77, 0x9F, 0x8C,
    0xAF, 0x77, 0x9F, 0x7E, 0xB7, 0x77, 0x9F, 0x6F, 0xBF, 0x77, 0x9F, 0x5F,
    0xC7, 0x77, 0x9F, 0x4F, 0xCF, 0x77, 0x9F, 0x3F, 0xD7, 0x77, 0x9F, 0x2E,
    0xDF, 0x77, 0x9F, 0x1E, 0xE7, 0x77, 0x9F, 0x0D, 0xEF, 0x77, 0x9F, 0x00,
    0xF7, 0x77, 0x9F, 0x00, 0x00, 0x7F, 0x9F, 0x00, 0x07, 0x7F, 0x9F, 0x00,
    0x0F, 0x7F, 0x9F, 0x00, 0x17, 0x7F, 0x9F, 0x0E, 0x1F, 0x7F, 0x9F, 0x1F,
    0x27, 0x7F, 0x9F, 0x2F, 0x2F, 0x7F, 0x9F, 0x40, 0x37, 0x7F, 0x9F, 0x50,
    0x3F, 0x7F, 0x9F, 0x60, 0x47, 0x7F, 0x9F, 0x70, 0x4F, 0x7F, 0x9F, 0x7F,
    0x57, 0x7F, 0x9F, 0x8D, 0x5F, 0x7F, 0x9F, 0x9A, 0x67, 0x7F, 0x9F, 0xA6,
    0x6F, 0x7F, 0x9F, 0xAF, 0x77, 0x7F, 0x9F, 0xB5, 0x7F, 0x7F, 0x9F, 0xB8,
    0x87, 0x7F, 0x9F, 0xB5, 0x8F, 0x7F, 0x9F, 0xAF, 0x97, 0x7F, 0x9F, 0xA6,
    0x9F, 0x7F, 0x9F, 0x9A, 0xA7, 0x7F, 0x9F, 0x8D, 0xAF, 0x7F, 0x9F, 0x7F,
    0xB7, 0x7F, 0x9F, 0x70, 0xBF, 0x7F, 0x9F, 0x60, 0xC7, 0x7F, 0x9F, 0x50,
    0xCF, 0x7F, 0x9F, 0x40, 0xD7, 0x7F, 0x9F, 0x2F, 0xDF, 0x7F, 0x9F, 0x1F,
    0xE7, 0x7F, 0x9F, 0x0E, 0xEF, 0x7F, 0x9F, 0x00, 0xF7, 0x7F, 0x9F, 0x00,
    0x00, 0x87, 0x9F, 0x00, 0x07, 0x87, 0x9F, 0x00, 0x0F, 0x87, 0x9F, 0x00,
    0x17, 0x87, 0x9F, 0x0D, 0x1F, 0x87, 0x9F, 0x1E, 0x27, 0x87, 0x9F, 0x2E,
    0x2F, 0x87, 0x9F, 0x3F, 0x37, 0x87, 0x9F, 0x4F, 0x3F, 0x87, 0x9F, 0x5F,
    0x47, 0x87, 0x9F, 0x6F, 0x4F, 0x87, 0x9F, 0x7E, 0x57, 0x87, 0x9F, 0x8C,
    0x5F, 0x87, 0x9F, 0x99, 0x67, 0x87, 0x9F, 0xA4, 0x6F, 0x87, 0x9F, 0xAD,
    0x77, 0x87, 0x9F, 0xB3, 0x7F, 0x87, 0x9F, 0xB5, 0x87, 0x87, 0x9F, 0xB3,
    0x8F, 0x87, 0x9F, 0xAD, 0x97, 0x87, 0x9F, 0xA4, 0x9F, 0x87, 0x9F, 0x99,
    0xA7, 0x87, 0x9F, 0x8C, 0xAF, 0x87, 0x9F, 0x7E, 0xB7, 0x87, 0x9F, 0x6F,
    0xBF, 0x87, 0x9F, 0x5F, 0xC7, 0x87, 0x9F, 0x4F, 0xCF, 0x87, 0x9F, 0x3F,
    0xD7, 0x87, 0x9F, 0x2E, 0xDF, 0x87, 0x9F, 0x1E, 0xE7, 0x87, 0x9F, 0x0D,
    0xEF, 0x87, 0x9F, 0x00, 0xF7, 0x87, 0x9F, 0x00, 0x00, 0x8F, 0x9F, 0x00,
    0x07, 0x8F, 0x9F, 0x00, 0x0F, 0x8F, 0x9F, 0x00, 0x17, 0x8F, 0x9F, 0x0B,
    0x1F, 0x8F, 0x9F, 0x1C, 0x27, 0x8F, 0x9F, 0x2C, 0x2F, 0x8F, 0x9F, 0x3D,
    0x37, 0x8F, 0x9F, 0x4D, 0x3F, 0x8F, 0x9F, 0x5C, 0x47, 0x8F, 0x9F, 0x6B,
    0x4F, 0x8F, 0x9F, 0x7A, 0x57, 0x8F, 0x9F, 0x88, 0x5F, 0x8F, 0x9F, 0x94,
    0x67, 0x8F, 0x9F, 0x9F, 0x6F, 0x8F, 0x9F, 0xA8, 0x77, 0x8F, 0x9F, 0xAD,
    0x7F, 0x8F, 0x9F, 0xAF, 0x87, 0x8F, 0x9F, 0xAD, 0x8F, 0x8F, 0x9F, 0xA8,
    0x97, 0x8F, 0x9F, 0x9F, 0x9F, 0x8F, 0x9F, 0x94, 0xA7, 0x8F, 0x9F, 0x88,
    0xAF, 0x8F, 0x9F, 0x7A, 0xB7, 0x8F, 0x9F, 0x6B, 0xBF, 0x8F, 0x9F, 0x5C,
    0xC7, 0x8F, 0x9F, 0x4D, 0xCF, 0x8F, 0x9F, 0x3D, 0xD7, 0x8F, 0x9F, 0x2C,
    0xDF, 0x8F, 0x9F, 0x1C, 0xE7, 0x8F, 0x9F, 0x0B, 0xEF, 0x8F, 0x9F, 0x00,
    0xF7, 0x8F, 0x9F, 0x00, 0x00, 0x97, 0x9F, 0x00, 0x07, 0x97, 0x9F, 0x00,
    0x0F, 0x97, 0x9F, 0x00, 0x17, 0x97, 0x9F, 0x08, 0x1F, 0x97, 0x9F, 0x18,
    0x27, 0x97, 0x9F, 0x29, 0x2F, 0x97, 0x9F, 0x39, 0x37, 0x97, 0x9F, 0x48,
    0x3F, 0x97, 0x9F, 0x57, 0x47, 0x97, 0x9F, 0x66, 0x4F, 0x97, 0x9F, 0x74,
    0x57, 0x97, 0x9F, 0x81, 0x5F, 0x97, 0x9F, 0x8D, 0x67, 0x97, 0x9F, 0x97,
    0x6F, 0x97, 0x9F, 0x9F, 0x77, 0x97, 0x9F, 0xA4, 0x7F, 0x97, 0x9F, 0xA6,
    0x87, 0x97, 0x9F, 0xA4, 0x8F, 0x97, 0x9F, 0x9F, 0x97, 0x97, 0x9F, 0x97,
    0x9F, 0x97, 0x9F, 0x8D, 0xA7, 0x97, 0x9F, 0x81, 0xAF, 0x97, 0x9F, 0x74,
    0xB7, 0x97, 0x9F, 0x66, 0xBF, 0x97, 0x9F, 0x57, 0xC7, 0x97, 0x9F, 0x48,
    0xCF, 0x97, 0x9F, 0x39, 0xD7, 0x97, 0x9F, 0x29, 0xDF, 0x97, 0x9F, 0x18,
    0xE7, 0x97, 0x9F, 0x08, 0xEF, 0x97, 0x9F, 0x00, 0xF7, 0x97, 0x9F, 0x00,
    0x00, 0x9F, 0x9F, 0x00, 0x07, 0x9F, 0x9F, 0x00, 0x0F, 0x9F, 0x9F, 0x00,
    0x17, 0x9F, 0x9F, 0x03, 0x1F, 0x9F, 0x9F, 0x14, 0x27, 0x9F, 0x9F, 0x23,
    0x2F, 0x9F, 0x9F, 0x33, 0x37, 0x9F, 0x9F, 0x42, 0x3F, 0x9F, 0x9F, 0x51,
    0x47, 0x9F, 0x9F, 0x5F, 0x4F, 0x9F, 0x9F, 0x6C, 0x57, 0x9F, 0x9F, 0x79,
    0x5F, 0x9F, 0x9F, 0x84, 0x67, 0x9F, 0x9F, 0x8D, 0x6F, 0x9F, 0x9F, 0x94,
    0x77, 0x9F, 0x9F, 0x99, 0x7F, 0x9F, 0x9F, 0x9A, 0x87, 0x9F, 0x9F, 0x99,
    0x8F, 0x9F, 0x9F, 0x94, 0x97, 0x9F, 0x9F, 0x8D, 0x9F, 0x9F, 0x9F, 0x84,
    0xA7, 0x9F, 0x9F, 0x79, 0xAF, 0x9F, 0x9F, 0x6C, 0xB7, 0x9F, 0x9F, 0x5F,
    0xBF, 0x9F, 0x9F, 0x51, 0xC7, 0x9F, 0x9F, 0x42, 0xCF, 0x9F, 0x9F, 0x33,
    0xD7, 0x9F, 0x9F, 0x23, 0xDF, 0x9F, 0x9F, 0x14, 0xE7, 0x9F, 0x9F, 0x03,
    0xEF, 0x9F, 0x9F, 0x00, 0xF7, 0x9F, 0x9F, 0x00, 0x00, 0xA7, 0x9F, 0x00,
    0x07, 0xA7, 0x9F, 0x00, 0x0F, 0xA7, 0x9F, 0x00, 0x17, 0xA7, 0x9F, 0x00,
    0x1F, 0xA7, 0x9F, 0x0E, 0x27, 0xA7, 0x9F, 0x1D, 0x2F, 0xA7, 0x9F, 0x2C,
    0x37, 0xA7, 0x9F, 0x3B, 0x3F, 0xA7, 0x9F, 0x49, 0x47, 0xA7, 0x9F, 0x57,
    0x4F, 0xA7, 0x9F, 0x63, 0x57, 0xA7, 0x9F, 0x6F, 0x5F, 0xA7, 0x9F, 0x79,
    0x67, 0xA7, 0x9F, 0x81, 0x6F, 0xA7, 0x9F, 0x88, 0x77, 0xA7, 0x9F, 0x8C,
    0x7F, 0xA7, 0x9F, 0x8D, 0x87, 0xA7, 0x9F, 0x8C, 0x8F, 0xA7, 0x9F, 0x88,
    0x97, 0xA7, 0x9F, 0x81, 0x9F, 0xA7, 0x9F, 0x79, 0xA7, 0xA7, 0x9F, 0x6F,
    0xAF, 0xA7, 0x9F, 0x63, 0xB7, 0xA7, 0x9F, 0x57, 0xBF, 0xA7, 0x9F, 0x49,
    0xC7, 0xA7, 0x9F, 0x3B, 0xCF, 0xA7, 0x9F, 0x2C, 0xD7, 0xA7, 0x9F, 0x1D,
    0xDF, 0xA7, 0x9F, 0x0E, 0xE7, 0xA7, 0x9F, 0x00, 0xEF, 0xA7, 0x9F, 0x00,
    0xF7, 0xA7, 0x9F, 0x00, 0x00, 0xAF, 0x9F, 0x00, 0x07, 0xAF, 0x9F, 0x00,
    0x0F, 0xAF, 0x9F, 0x00, 0x17, 0xAF, 0x9F, 0x00, 0x1F, 0xAF, 0x9F, 0x07,
    0x27, 0xAF, 0x9F, 0x16, 0x2F, 0xAF, 0x9F, 0x24, 0x37, 0xAF, 0x9F, 0x32,
    0x3F, 0xAF, 0x9F, 0x40, 0x47, 0xAF, 0x9F, 0x4D, 0x4F, 0xAF, 0x9F, 0x58,
    0x57, 0xAF, 0x9F, 0x63, 0x5F, 0xAF, 0x9F, 0x6C, 0x67, 0xAF, 0x9F, 0x74,
    0x6F, 0xAF, 0x9F, 0x7A, 0x77, 0xAF, 0x9F, 0x7E, 0x7F, 0xAF, 0x9F, 0x7F,
    0x87, 0xAF, 0x9F, 0x7E, 0x8F, 0xAF, 0x9F, 0x7A, 0x97, 0xAF, 0x9F, 0x74,
    0x9F, 0xAF, 0x9F, 0x6C, 0xA7, 0xAF, 0x9F, 0x63, 0xAF, 0xAF, 0x9F, 0x58,
    0xB7, 0xAF, 0x9F, 0x4D, 0xBF, 0xAF, 0x9F, 0x40, 0xC7, 0xAF, 0x9F, 0x32,
    0xCF, 0xAF, 0x9F, 0x24, 0xD7, 0xAF, 0x9F, 0x16, 0xDF, 0xAF, 0x9F, 0x07,
    0xE7, 0xAF, 0x9F, 0x00, 0xEF, 0xAF, 0x9F, 0x00, 0xF7, 0xAF, 0x9F, 0x00,
    0x00, 0xB7, 0x9F, 0x00, 0x07, 0xB7, 0x9F, 0x00, 0x0F, 0xB7, 0x9F, 0x00,
    0x17, 0xB7, 0x9F, 0x00, 0x1F, 0xB7, 0x9F, 0x00, 0x27, 0xB7, 0x9F, 0x0D,
    0x2F, 0xB7, 0x9F, 0x1B, 0x37, 0xB7, 0x9F, 0x29, 0x3F, 0xB7, 0x9F, 0x35,
    0x47, 0xB7, 0x9F, 0x41, 0x4F, 0xB7, 0x9F, 0x4D, 0x57, 0xB7, 0x9F, 0x57,
    0x5F, 0xB7, 0x9F, 0x5F, 0x67, 0xB7, 0x9F, 0x66, 0x6F, 0xB7, 0x9F, 0x6B,
    0x77, 0xB7, 0x9F, 0x6F, 0x7F, 0xB7, 0x9F, 0x70, 0x87, 0xB7, 0x9F, 0x6F,
    0x8F, 0xB7, 0x9F, 0x6B, 0x97, 0xB7, 0x9F, 0x66, 0x9F, 0xB7, 0x9F, 0x5F,
    0xA7, 0xB7, 0x9F, 0x57, 0xAF, 0xB7, 0x9F, 0x4D, 0xB7, 0xB7, 0x9F, 0x41,
    0xBF, 0xB7, 0x9F, 0x35, 0xC7, 0xB7, 0x9F, 0x29, 0xCF, 0xB7, 0x9F, 0x1B,
    0xD7, 0xB7, 0x9F, 0x0D, 0xDF, 0xB7, 0x9F, 0x00, 0xE7, 0xB7, 0x9F, 0x00,
    0xEF, 0xB7, 0x9F, 0x00, 0xF7, 0xB7, 0x9F, 0x00, 0x00, 0xBF, 0x9F, 0x00,
    0x07, 0xBF, 0x9F, 0x00, 0x0F, 0xBF, 0x9F, 0x00, 0x17, 0xBF, 0x9F, 0x00,
    0x1F, 0xBF, 0x9F, 0x00, 0x27, 0xBF, 0x9F, 0x03, 0x2F, 0xBF, 0x9F, 0x11,
    0x37, 0xBF, 0x9F, 0x1E, 0x3F, 0xBF, 0x9F, 0x2A, 0x47, 0xBF, 0x9F, 0x35,
    0x4F, 0xBF, 0x9F, 0x40, 0x57, 0xBF, 0x9F, 0x49, 0x5F, 0xBF, 0x9F, 0x51,
    0x67, 0xBF, 0x9F, 0x57, 0x6F, 0xBF, 0x9F, 0x5C, 0x77, 0xBF, 0x9F, 0x5F,
    0x7F, 0xBF, 0x9F, 0x60, 0x87, 0xBF, 0x9F, 0x5F, 0x8F, 0xBF, 0x9F, 0x5C,
    0x97, 0xBF, 0x9F, 0x57, 0x9F, 0xBF, 0x9F, 0x51, 0xA7, 0xBF, 0x9F, 0x49,
    0xAF, 0xBF, 0x9F, 0x40, 0xB7, 0xBF, 0x9F, 0x35, 0xBF, 0xBF, 0x9F, 0x2A,
    0xC7, 0xBF, 0x9F, 0x1E, 0xCF, 0xBF, 0x9F, 0x11, 0xD7, 0xBF, 0x9F, 0x03,
    0xDF, 0xBF, 0x9F, 0x00, 0xE7, 0xBF, 0x9F, 0x00, 0xEF, 0xBF, 0x9F, 0x00,
    0xF7, 0xBF, 0x9F, 0x00, 0x00, 0xC7, 0x9F, 0x00, 0x07, 0xC7, 0x9F, 0x00,
    0x0F, 0xC7, 0x9F, 0x00, 0x17, 0xC7, 0x9F, 0x00, 0x1F, 0xC7, 0x9F, 0x00,
    0x27, 0xC7, 0x9F, 0x00, 0x2F, 0xC7, 0x9F, 0x06, 0x37, 0xC7, 0x9F, 0x12,
    0x3F, 0xC7, 0x9F, 0x1E, 0x47, 0xC7, 0x9F, 0x29, 0x4F, 0xC7, 0x9F, 0x32,
    0x57, 0xC7, 0x9F, 0x3B, 0x5F, 0xC7, 0x9F, 0x42, 0x67, 0xC7, 0x9F, 0x48,
    0x6F, 0xC7, 0x9F, 0x4D, 0x77, 0xC7, 0x9F, 0x4F, 0x7F, 0xC7, 0x9F, 0x50,
    0x87, 0xC7, 0x9F, 0x4F, 0x8F, 0xC7, 0x9F, 0x4D, 0x97, 0xC7, 0x9F, 0x48,
    0x9F, 0xC7, 0x9F, 0x42, 0xA7, 0xC7, 0x9F, 0x3B, 0xAF, 0xC7, 0x9F, 0x32,
    0xB7, 0xC7, 0x9F, 0x29, 0xBF, 0xC7, 0x9F, 0x1E, 0xC7, 0xC7, 0x9F, 0x12,
    0xCF, 0xC7, 0x9F, 0x06, 0xD7, 0xC7, 0x9F, 0x00, 0xDF, 0xC7, 0x9F, 0x00,
    0xE7, 0xC7, 0x9F, 0x00, 0xEF, 0xC7, 0x9F, 0x00, 0xF7, 0xC7, 0x9F, 0x00,
    0x00, 0xCF, 0x9F, 0x00, 0x07, 0xCF, 0x9F, 0x00, 0x0F, 0xCF, 0x9F, 0x00,
    0x17, 0xCF, 0x9F, 0x00, 0x1F, 0xCF, 0x9F, 0x00, 0x27, 0xCF, 0x9F, 0x00,
    0x2F, 0xCF, 0x9F, 0x00, 0x37, 0xCF, 0x9F, 0x06, 0x3F, 0xCF, 0x9F, 0x11,
    0x47, 0xCF, 0x9F, 0x1B, 0x4F, 0xCF, 0x9F, 0x24, 0x57, 0xCF, 0x9F, 0x2C,
    0x5F, 0xCF, 0x9F, 0x33, 0x67, 0xCF, 0x9F, 0x39, 0x6F, 0xCF, 0x9F, 0x3D,
    0x77, 0xCF, 0x9F, 0x3F, 0x7F, 0xCF, 0x9F, 0x40, 0x87, 0xCF, 0x9F, 0x3F,
    0x8F, 0xCF, 0x9F, 0x3D, 0x97, 0xCF, 0x9F, 0x39, 0x9F, 0xCF, 0x9F, 0x33,
    0xA7, 0xCF, 0x9F, 0x2C, 0xAF, 0xCF, 0x9F, 0x24, 0xB7, 0xCF, 0x9F, 0x1B,
    0xBF, 0xCF, 0x9F, 0x11, 0xC7, 0xCF, 0x9F, 0x06, 0xCF, 0xCF, 0x9F, 0x00,
    0xD7, 0xCF, 0x9F, 0x00, 0xDF, 0xCF, 0x9F, 0x00, 0xE7, 0xCF, 0x9F, 0x00,
    0xEF, 0xCF, 0x9F, 0x00, 0xF7, 0xCF, 0x9F, 0x00, 0x00, 0xD7, 0x9F, 0x00,
    0x07, 0xD7, 0x9F, 0x00, 0x0F, 0xD7, 0x9F, 0x00, 0x17, 0xD7, 0x9F, 0x00,
    0x1F, 0xD7, 0x9F, 0x00, 0x27, 0xD7, 0x9F, 0x00, 0x2F, 0xD7, 0x9F, 0x00,
    0x37, 0xD7, 0x9F, 0x00, 0x3F, 0xD7, 0x9F, 0x03, 0x47, 0xD7, 0x9F, 0x0D,
    0x4F, 0xD7, 0x9F, 0x16, 0x57, 0xD7, 0x9F, 0x1D, 0x5F, 0xD7, 0x9F, 0x23,
    0x67, 0xD7, 0x9F, 0x29, 0x6F, 0xD7, 0x9F, 0x2C, 0x77, 0xD7, 0x9F, 0x2E,
    0x7F, 0xD7, 0x9F, 0x2F, 0x87, 0xD7, 0x9F, 0x2E, 0x8F, 0xD7, 0x9F, 0x2C,
    0x97, 0xD7, 0x9F, 0x29, 0x9F, 0xD7, 0x9F, 0x23, 0xA7, 0xD7, 0x9F, 0x1D,
    0xAF, 0xD7, 0x9F, 0x16, 0xB7, 0xD7, 0x9F, 0x0D, 0xBF, 0xD7, 0x9F, 0x03,
    0xC7, 0xD7, 0x9F, 0x00, 0xCF, 0xD7, 0x9F, 0x00, 0xD7, 0xD7, 0x9F, 0x00,
    0xDF, 0xD7, 0x9F, 0x00, 0xE7, 0xD7, 0x9F, 0x00, 0xEF, 0xD7, 0x9F, 0x00,
    0xF7, 0xD7, 0x9F, 0x00, 0x00, 0xDF, 0x9F, 0x00, 0x07, 0xDF, 0x9F, 0x00,
    0x0F, 0xDF, 0x9F, 0x00, 0x17, 0xDF, 0x9F, 0x00, 0x1F, 0xDF, 0x9F, 0x00,
    0x27, 0xDF, 0x9F, 0x00, 0x2F, 0xDF, 0x9F, 0x00, 0x37, 0xDF, 0x9F, 0x00,
    0x3F, 0xDF, 0x9F, 0x00, 0x47, 0xDF, 0x9F, 0x00, 0x4F, 0xDF, 0x9F, 0x07,
    0x57, 0xDF, 0x9F, 0x0E, 0x5F, 0xDF, 0x9F, 0x14, 0x67, 0xDF, 0x9F, 0x18,
    0x6F, 0xDF, 0x9F, 0x1C, 0x77, 0xDF, 0x9F, 0x1E, 0x7F, 0xDF, 0x9F, 0x1F,
    0x87, 0xDF, 0x9F, 0x1E, 0x8F, 0xDF, 0x9F, 0x1C, 0x97, 0xDF, 0x9F, 0x18,
    0x9F, 0xDF, 0x9F, 0x14, 0xA7, 0xDF, 0x9F, 0x0E, 0xAF, 0xDF, 0x9F, 0x07,
    0xB7, 0xDF, 0x9F, 0x00, 0xBF, 0xDF, 0x9F, 0x00, 0xC7, 0xDF, 0x9F, 0x00,
    0xCF, 0xDF, 0x9F, 0x00, 0xD7, 0xDF, 0x9F, 0x00, 0xDF, 0xDF, 0x9F, 0x00,
    0xE7, 0xDF, 0x9F, 0x00, 0xEF, 0xDF, 0x9F, 0x00, 0xF7, 0xDF, 0x9F, 0x00,
    0x00, 0xE7, 0x9F, 0x00, 0x07, 0xE7, 0x9F, 0x00, 0x0F, 0xE7, 0x9F, 0x00,
    0x17, 0xE7, 0x9F, 0x00, 0x1F, 0xE7, 0x9F, 0x00, 0x27, 0xE7, 0x9F, 0x00,
    0x2F, 0xE7, 0x9F, 0x00, 0x37, 0xE7, 0x9F, 0x00, 0x3F, 0xE7, 0x9F, 0x00,
    0x47, 0xE7, 0x9F, 0x00, 0x4F, 0xE7, 0x9F, 0x00, 0x57, 0xE7, 0x9F, 0x00,
    0x5F, 0xE7, 0x9F, 0x03, 0x67, 0xE7, 0x9F, 0x08, 0x6F, 0xE7, 0x9F, 0x0B,
    0x77, 0xE7, 0x9F, 0x0D, 0x7F, 0xE7, 0x9F, 0x0E, 0x87, 0xE7, 0x9F, 0x0D,
    0x8F, 0xE7, 0x9F, 0x0B, 0x97, 0xE7, 0x9F, 0x08, 0x9F, 0xE7, 0x9F, 0x03,
    0xA7, 0xE7, 0x9F, 0x00, 0xAF, 0xE7, 0x9F, 0x00, 0xB7, 0xE7, 0x9F, 0x00,
    0xBF, 0xE7, 0x9F, 0x00, 0xC7, 0xE7, 0x9F, 0x00, 0xCF, 0xE7, 0x9F, 0x00,
    0xD7, 0xE7, 0x9F, 0x00, 0xDF, 0xE7, 0x9F, 0x00, 0xE7, 0xE7, 0x9F, 0x00,
    0xEF, 0xE7, 0x9F, 0x00, 0xF7, 0xE7, 0x9F, 0x00, 0x00, 0xEF, 0x9F, 0x00,
    0x07, 0xEF, 0x9F, 0x00, 0x0F, 0xEF, 0x9F, 0x00, 0x17, 0xEF, 0x9F, 0x00,
    0x1F, 0xEF, 0x9F, 0x00, 0x27, 0xEF, 0x9F, 0x00, 0x2F, 0xEF, 0x9F, 0x00,
    0x37, 0xEF, 0x9F, 0x00, 0x3F, 0xEF, 0x9F, 0x00, 0x47, 0xEF, 0x9F, 0x00,
    0x4F, 0xEF, 0x9F, 0x00, 0x57, 0xEF, 0x9F, 0x00, 0x5F, 0xEF, 0x9F, 0x00,
    0x67, 0xEF, 0x9F, 0x00, 0x6F, 0xEF, 0x9F, 0x00, 0x77, 0xEF, 0x9F, 0x00,
    0x7F, 0xEF, 0x9F, 0x00, 0x87, 0xEF, 0x9F, 0x00, 0x8F, 0xEF, 0x9F, 0x00,
    0x97, 0xEF, 0x9F, 0x00, 0x9F, 0xEF, 0x9F, 0x00, 0xA7, 0xEF, 0x9F, 0x00,
    0xAF, 0xEF, 0x9F, 0x00, 0xB7, 0xEF, 0x9F, 0x00, 0xBF, 0xEF, 0x9F, 0x00,
    0xC7, 0xEF, 0x9F, 0x00, 0xCF, 0xEF, 0x9F, 0x00, 0xD7, 0xEF, 0x9F, 0x00,
    0xDF, 0xEF, 0x9F, 0x00, 0xE7, 0xEF, 0x9F, 0x00, 0xEF, 0xEF, 0x9F, 0x00,
    0xF7, 0xEF, 0x9F, 0x00, 0x00, 0xF7, 0x9F, 0x00, 0x07, 0xF7, 0x9F, 0x00,
    0x0F, 0xF7, 0x9F, 0x00, 0x17, 0xF7, 0x9F, 0x00, 0x1F, 0xF7, 0x9F, 0x00,
    0x27, 0xF7, 0x9F, 0x00, 0x2F, 0xF7, 0x9F, 0x00, 0x37, 0xF7, 0x9F, 0x00,
    0x3F, 0xF7, 0x9F, 0x00, 0x47, 0xF7, 0x9F, 0x00, 0x4F, 0xF7, 0x9F, 0x00,
    0x57, 0xF7, 0x9F, 0x00, 0x5F, 0xF7, 0x9F, 0x00, 0x67, 0xF7, 0x9F, 0x00,
    0x6F, 0xF7, 0x9F, 0x00, 0x77, 0xF7, 0x9F, 0x00, 0x7F, 0xF7, 0x9F, 0x00,
    0x87, 0xF7, 0x9F, 0x00, 0x8F, 0xF7, 0x9F, 0x00, 0x97, 0xF7, 0x9F, 0x00,
    0x9F, 0xF7, 0x9F, 0x00, 0xA7, 0xF7, 0x9F, 0x00, 0xAF, 0xF7, 0x9F, 0x00,
    0xB7, 0xF7, 0x9F, 0x00, 0xBF, 0xF7, 0x9F, 0x00, 0xC7, 0xF7, 0x9F, 0x00,
    0xCF, 0xF7, 0x9F, 0x00, 0xD7, 0xF7, 0x9F, 0x00, 0xDF, 0xF7, 0x9F, 0x00,
    0xE7, 0xF7, 0x9F, 0x00, 0xEF, 0xF7, 0x9F, 0x00, 0xF7, 0xF7, 0x9F, 0x00,
    0x00, 0x00, 0xA7, 0x00, 0x07, 0x00, 0xA7, 0x00, 0x0F, 0x00, 0xA7, 0x00,
    0x17, 0x00, 0xA7, 0x00, 0x1F, 0x00, 0xA7, 0x00, 0x27, 0x00, 0xA7, 0x00,
    0x2F, 0x00, 0xA7, 0x00, 0x37, 0x00, 0xA7, 0x00, 0x3F, 0x00, 0xA7, 0x00,
    0x47, 0x00, 0xA7, 0x00, 0x4F, 0x00, 0xA7, 0x00, 0x57, 0x00, 0xA7, 0x00,
    0x5F, 0x00, 0xA7, 0x00, 0x67, 0x00, 0xA7, 0x00, 0x6F, 0x00, 0xA7, 0x00,
    0x77, 0x00, 0xA7, 0x00, 0x7F, 0x00, 0xA7, 0x00, 0x87, 0x00, 0xA7, 0x00,
    0x8F, 0x00, 0xA7, 0x00, 0x97, 0x00, 0xA7, 0x00, 0x9F, 0x00, 0xA7, 0x00,
    0xA7, 0x00, 0xA7, 0x00, 0xAF, 0x00, 0xA7, 0x00, 0xB7, 0x00, 0xA7, 0x00,
    0xBF, 0x00, 0xA7, 0x00, 0xC7, 0x00, 0xA7, 0x00, 0xCF, 0x00, 0xA7, 0x00,
    0xD7, 0x00, 0xA7, 0x00, 0xDF, 0x00, 0xA7, 0x00, 0xE7, 0x00, 0xA7, 0x00,
    0xEF, 0x00, 0xA7, 0x00, 0xF7, 0x00, 0xA7, 0x00, 0x00, 0x07, 0xA7, 0x00,
    0x07, 0x07, 0xA7, 0x00, 0x0F, 0x07, 0xA7, 0x00, 0x17, 0x07, 0xA7, 0x00,
    0x1F, 0x07, 0xA7, 0x00, 0x27, 0x07, 0xA7, 0x00, 0x2F, 0x07, 0xA7, 0x00,
    0x37, 0x07, 0xA7, 0x00, 0x3F, 0x07, 0xA7, 0x00, 0x47, 0x07, 0xA7, 0x00,
    0x4F, 0x07, 0xA7, 0x00, 0x57, 0x07, 0xA7, 0x00, 0x5F, 0x07, 0xA7, 0x00,
    0x67, 0x07, 0xA7, 0x00, 0x6F, 0x07, 0xA7, 0x00, 0x77, 0x07, 0xA7, 0x00,
    0x7F, 0x07, 0xA7, 0x00, 0x87, 0x07, 0xA7, 0x00, 0x8F, 0x07, 0xA7, 0x00,
    0x97, 0x07, 0xA7, 0x00, 0x9F, 0x07, 0xA7, 0x00, 0xA7, 0x07, 0xA7, 0x00,
    0xAF, 0x07, 0xA7, 0x00, 0xB7, 0x07, 0xA7, 0x00, 0xBF, 0x07, 0xA7, 0x00,
    0xC7, 0x07, 0xA7, 0x00, 0xCF, 0x07, 0xA7, 0x00, 0xD7, 0x07, 0xA7, 0x00,
    0xDF, 0x07, 0xA7, 0x00, 0xE7, 0x07, 0xA7, 0x00, 0xEF, 0x07, 0xA7, 0x00,
    0xF7, 0x07, 0xA7, 0x00, 0x00, 0x0F, 0xA7, 0x00, 0x07, 0x0F, 0xA7, 0x00,
    0x0F, 0x0F, 0xA7, 0x00, 0x17, 0x0F, 0xA7, 0x00, 0x1F, 0x0F, 0xA7, 0x00,
    0x27, 0x0F, 0xA7, 0x00, 0x2F, 0x0F, 0xA7, 0x00, 0x37, 0x0F, 0xA7, 0x00,
    0x3F, 0x0F, 0xA7, 0x00, 0x47, 0x0F, 0xA7, 0x00, 0x4F, 0x0F, 0xA7, 0x00,
    0x57, 0x0F, 0xA7, 0x00, 0x5F, 0x0F, 0xA7, 0x00, 0x67, 0x0F, 0xA7, 0x00,
    0x6F, 0x0F, 0xA7, 0x00, 0x77, 0x0F, 0xA7, 0x00, 0x7F, 0x0F, 0xA7, 0x00,
    0x87, 0x0F, 0xA7, 0x00, 0x8F, 0x0F, 0xA7, 0x00, 0x97, 0x0F, 0xA7, 0x00,
    0x9F, 0x0F, 0xA7, 0x00, 0xA7, 0x0F, 0xA7, 0x00, 0xAF, 0x0F, 0xA7, 0x00,
    0xB7, 0x0F, 0xA7, 0x00, 0xBF, 0x0F, 0xA7, 0x00, 0xC7, 0x0F, 0xA7, 0x00,
    0xCF, 0x0F, 0xA7, 0x00, 0xD7, 0x0F, 0xA7, 0x00, 0xDF, 0x0F, 0xA7, 0x00,
    0xE7, 0x0F, 0xA7, 0x00, 0xEF, 0x0F, 0xA7, 0x00, 0xF7, 0x0F, 0xA7, 0x00,
    0x00, 0x17, 0xA7, 0x00, 0x07, 0x17, 0xA7, 0x00, 0x0F, 0x17, 0xA7, 0x00,
    0x17, 0x17, 0xA7, 0x00, 0x1F, 0x17, 0xA7, 0x00, 0x27, 0x17, 0xA7, 0x00,
    0x2F, 0x17, 0xA7, 0x00, 0x37, 0x17, 0xA7, 0x00, 0x3F, 0x17, 0xA7, 0x00,
    0x47, 0x17, 0xA7, 0x00, 0x4F, 0x17, 0xA7, 0x00, 0x57, 0x17, 0xA7, 0x00,
    0x5F, 0x17, 0xA7, 0x00, 0x67, 0x17, 0xA7, 0x02, 0x6F, 0x17, 0xA7, 0x05,
    0x77, 0x17, 0xA7, 0x07, 0x7F, 0x17, 0xA7, 0x08, 0x87, 0x17, 0xA7, 0x07,
    0x8F, 0x17, 0xA7, 0x05, 0x97, 0x17, 0xA7, 0x02, 0x9F, 0x17, 0xA7, 0x00,
    0xA7, 0x17, 0xA7, 0x00, 0xAF, 0x17, 0xA7, 0x00, 0xB7, 0x17, 0xA7, 0x00,
    0xBF, 0x17, 0xA7, 0x00, 0xC7, 0x17, 0xA7, 0x00, 0xCF, 0x17, 0xA7, 0x00,
    0xD7, 0x17, 0xA7, 0x00, 0xDF, 0x17, 0xA7, 0x00, 0xE7, 0x17, 0xA7, 0x00,
    0xEF, 0x17, 0xA7, 0x00, 0xF7, 0x17, 0xA7, 0x00, 0x00, 0x1F, 0xA7, 0x00,
    0x07, 0x1F, 0xA7, 0x00, 0x0F, 0x1F, 0xA7, 0x00, 0x17, 0x1F, 0xA7, 0x00,
    0x1F, 0x1F, 0xA7, 0x00, 0x27, 0x1F, 0xA7, 0x00, 0x2F, 0x1F, 0xA7, 0x00,
    0x37, 0x1F, 0xA7, 0x00, 0x3F, 0x1F, 0xA7, 0x00, 0x47, 0x1F, 0xA7, 0x00,
    0x4F, 0x1F, 0xA7, 0x01, 0x57, 0x1F, 0xA7, 0x08, 0x5F, 0x1F, 0xA7, 0x0E,
    0x67, 0x1F, 0xA7, 0x12, 0x6F, 0x1F, 0xA7, 0x16, 0x77, 0x1F, 0xA7, 0x18,
    0x7F, 0x1F, 0xA7, 0x18, 0x87, 0x1F, 0xA7, 0x18, 0x8F, 0x1F, 0xA7, 0x16,
    0x97, 0x1F, 0xA7, 0x12, 0x9F, 0x1F, 0xA7, 0x0E, 0xA7, 0x1F, 0xA7, 0x08,
    0xAF, 0x1F, 0xA7, 0x01, 0xB7, 0x1F, 0xA7, 0x00, 0xBF, 0x1F, 0xA7, 0x00,
    0xC7, 0x1F, 0xA7, 0x00, 0xCF, 0x1F, 0xA7, 0x00, 0xD7, 0x1F, 0xA7, 0x00,
    0xDF, 0x1F, 0xA7, 0x00, 0xE7, 0x1F, 0xA7, 0x00, 0xEF, 0x1F, 0xA7, 0x00,
    0xF7, 0x1F, 0xA7, 0x00, 0x00, 0x27, 0xA7, 0x00, 0x07, 0x27, 0xA7, 0x00,
    0x0F, 0x27, 0xA7, 0x00, 0x17, 0x27, 0xA7, 0x00, 0x1F, 0x27, 0xA7, 0x00,
    0x27, 0x27, 0xA7, 0x00, 0x2F, 0x27, 0xA7, 0x00, 0x37, 0x27, 0xA7, 0x00,
    0x3F, 0x27, 0xA7, 0x00, 0x47, 0x27, 0xA7, 0x07, 0x4F, 0x27, 0xA7, 0x10,
    0x57, 0x27, 0xA7, 0x17, 0x5F, 0x27, 0xA7, 0x1D, 0x67, 0x27, 0xA7, 0x22,
    0x6F, 0x27, 0xA7, 0x26, 0x77, 0x27, 0xA7, 0x28, 0x7F, 0x27, 0xA7, 0x29,
    0x87, 0x27, 0xA7, 0x28, 0x8F, 0x27, 0xA7, 0x26, 0x97, 0x27, 0xA7, 0x22,
    0x9F, 0x27, 0xA7, 0x1D, 0xA7, 0x27, 0xA7, 0x17, 0xAF, 0x27, 0xA7, 0x10,
    0xB7, 0x27, 0xA7, 0x07, 0xBF, 0x27, 0xA7, 0x00, 0xC7, 0x27, 0xA7, 0x00,
    0xCF, 0x27, 0xA7, 0x00, 0xD7, 0x27, 0xA7, 0x00, 0xDF, 0x27, 0xA7, 0x00,
    0xE7, 0x27, 0xA7, 0x00, 0xEF, 0x27, 0xA7, 0x00, 0xF7, 0x27, 0xA7, 0x00,
    0x00, 0x2F, 0xA7, 0x00, 0x07, 0x2F, 0xA7, 0x00, 0x0F, 0x2F, 0xA7, 0x00,
    0x17, 0x2F, 0xA7, 0x00, 0x1F, 0x2F, 0xA7, 0x00, 0x27, 0x2F, 0xA7, 0x00,
    0x2F, 0x2F, 0xA7, 0x00, 0x37, 0x2F, 0xA7, 0x00, 0x3F, 0x2F, 0xA7, 0x0B,
    0x47, 0x2F, 0xA7, 0x15, 0x4F, 0x2F, 0xA7, 0x1E, 0x57, 0x2F, 0xA7, 0x26,
    0x5F, 0x2F, 0xA7, 0x2C, 0x67, 0x2F, 0xA7, 0x32, 0x6F, 0x2F, 0xA7, 0x35,
    0x77, 0x2F, 0xA7, 0x38, 0x7F, 0x2F, 0xA7, 0x39, 0x87, 0x2F, 0xA7, 0x38,
    0x8F, 0x2F, 0xA7, 0x35, 0x97, 0x2F, 0xA7, 0x32, 0x9F, 0x2F, 0xA7, 0x2C,
    0xA7, 0x2F, 0xA7, 0x26, 0xAF, 0x2F, 0xA7, 0x1E, 0xB7, 0x2F, 0xA7, 0x15,
    0xBF, 0x2F, 0xA7, 0x0B, 0xC7, 0x2F, 0xA7, 0x00, 0xCF, 0x2F, 0xA7, 0x00,
    0xD7, 0x2F, 0xA7, 0x00, 0xDF, 0x2F, 0xA7, 0x00, 0xE7, 0x2F, 0xA7, 0x00,
    0xEF, 0x2F, 0xA7, 0x00, 0xF7, 0x2F, 0xA7, 0x00, 0x00, 0x37, 0xA7, 0x00,
    0x07, 0x37, 0xA7, 0x00, 0x0F, 0x37, 0xA7, 0x00, 0x17, 0x37, 0xA7, 0x00,
    0x1F, 0x37, 0xA7, 0x00, 0x27, 0x37, 0xA7, 0x00, 0x2F, 0x37, 0xA7, 0x00,
    0x37, 0x37, 0xA7, 0x0C, 0x3F, 0x37, 0xA7, 0x18, 0x47, 0x37, 0xA7, 0x22,
    0x4F, 0x37, 0xA7, 0x2B, 0x57, 0x37, 0xA7, 0x34, 0x5F, 0x37, 0xA7, 0x3B,
    0x67, 0x37, 0xA7, 0x41, 0x6F, 0x37, 0xA7, 0x45, 0x77, 0x37, 0xA7, 0x47,
    0x7F, 0x37, 0xA7, 0x48, 0x87, 0x37, 0xA7, 0x47, 0x8F, 0x37, 0xA7, 0x45,
    0x97, 0x37, 0xA7, 0x41, 0x9F, 0x37, 0xA7, 0x3B, 0xA7, 0x37, 0xA7, 0x34,
    0xAF, 0x37, 0xA7, 0x2B, 0xB7, 0x37, 0xA7, 0x22, 0xBF, 0x37, 0xA7, 0x18,
    0xC7, 0x37, 0xA7, 0x0C, 0xCF, 0x37, 0xA7, 0x00, 0xD7, 0x37, 0xA7, 0x00,
    0xDF, 0x37, 0xA7, 0x00, 0xE7, 0x37, 0xA7, 0x00, 0xEF, 0x37, 0xA7, 0x00,
    0xF7, 0x37, 0xA7, 0x00, 0x00, 0x3F, 0xA7, 0x00, 0x07, 0x3F, 0xA7, 0x00,
    0x0F, 0x3F, 0xA7, 0x00, 0x17, 0x3F, 0xA7, 0x00, 0x1F, 0x3F, 0xA7, 0x00,
    0x27, 0x3F, 0xA7, 0x00, 0x2F, 0x3F, 0xA7, 0x0B, 0x37, 0x3F, 0xA7, 0x18,
    0x3F, 0x3F, 0xA7, 0x23, 0x47, 0x3F, 0xA7, 0x2E, 0x4F, 0x3F, 0xA7, 0x39,
    0x57, 0x3F, 0xA7, 0x41, 0x5F, 0x3F, 0xA7, 0x49, 0x67, 0x3F, 0xA7, 0x4F,
    0x6F, 0x3F, 0xA7, 0x54, 0x77, 0x3F, 0xA7, 0x57, 0x7F, 0x3F, 0xA7, 0x57,
    0x87, 0x3F, 0xA7, 0x57, 0x8F, 0x3F, 0xA7, 0x54, 0x97, 0x3F, 0xA7, 0x4F,
    0x9F, 0x3F, 0xA7, 0x49, 0xA7, 0x3F, 0xA7, 0x41, 0xAF, 0x3F, 0xA7, 0x39,
    0xB7, 0x3F, 0xA7, 0x2E, 0xBF, 0x3F, 0xA7, 0x23, 0xC7, 0x3F, 0xA7, 0x18,
    0xCF, 0x3F, 0xA7, 0x0B, 0xD7, 0x3F, 0xA7, 0x00, 0xDF, 0x3F, 0xA7, 0x00,
    0xE7, 0x3F, 0xA7, 0x00, 0xEF, 0x3F, 0xA7, 0x00, 0xF7, 0x3F, 0xA7, 0x00,
    0x00, 0x47, 0xA7, 0x00, 0x07, 0x47, 0xA7, 0x00, 0x0F, 0x47, 0xA7, 0x00,
    0x17, 0x47, 0xA7, 0x00, 0x1F, 0x47, 0xA7, 0x00, 0x27, 0x47, 0xA7, 0x07,
    0x2F, 0x47, 0xA7, 0x15, 0x37, 0x47, 0xA7, 0x22, 0x3F, 0x47, 0xA7, 0x2E,
    0x47, 0x47, 0xA7, 0x3A, 0x4F, 0x47, 0xA7, 0x45, 0x57, 0x47, 0xA7, 0x4E,
    0x5F, 0x47, 0xA7, 0x57, 0x67, 0x47, 0xA7, 0x5D, 0x6F, 0x47, 0xA7, 0x62,
    0x77, 0x47, 0xA7, 0x65, 0x7F, 0x47, 0xA7, 0x66, 0x87, 0x47, 0xA7, 0x65,
    0x8F, 0x47, 0xA7, 0x62, 0x97, 0x47, 0xA7, 0x5D, 0x9F, 0x47, 0xA7, 0x57,
    0xA7, 0x47, 0xA7, 0x4E, 0xAF, 0x47, 0xA7, 0x45, 0xB7, 0x47, 0xA7, 0x3A,
    0xBF, 0x47, 0xA7, 0x2E, 0xC7, 0x47, 0xA7, 0x22, 0xCF, 0x47, 0xA7, 0x15,
    0xD7, 0x47, 0xA7, 0x07, 0xDF, 0x47, 0xA7, 0x00, 0xE7, 0x47, 0xA7, 0x00,
    0xEF, 0x47, 0xA7, 0x00, 0xF7, 0x47, 0xA7, 0x00, 0x00, 0x4F, 0xA7, 0x00,
    0x07, 0x4F, 0xA7, 0x00, 0x0F, 0x4F, 0xA7, 0x00, 0x17, 0x4F, 0xA7, 0x00,
    0x1F, 0x4F, 0xA7, 0x01, 0x27, 0x4F, 0xA7, 0x10, 0x2F, 0x4F, 0xA7, 0x1E,
    0x37, 0x4F, 0xA7, 0x2B, 0x3F, 0x4F, 0xA7, 0x39, 0x47, 0x4F, 0xA7, 0x45,
    0x4F, 0x4F, 0xA7, 0x50, 0x57, 0x4F, 0xA7, 0x5A, 0x5F, 0x4F, 0xA7, 0x63,
    0x67, 0x4F, 0xA7, 0x6A, 0x6F, 0x4F, 0xA7, 0x70, 0x77, 0x4F, 0xA7, 0x73,
    0x7F, 0x4F, 0xA7, 0x74, 0x87, 0x4F, 0xA7, 0x73, 0x8F, 0x4F, 0xA7, 0x70,
    0x97, 0x4F, 0xA7, 0x6A, 0x9F, 0x4F, 0xA7, 0x63, 0xA7, 0x4F, 0xA7, 0x5A,
    0xAF, 0x4F, 0xA7, 0x50, 0xB7, 0x4F, 0xA7, 0x45, 0xBF, 0x4F, 0xA7, 0x39,
    0xC7, 0x4F, 0xA7, 0x2B, 0xCF, 0x4F, 0xA7, 0x1E, 0xD7, 0x4F, 0xA7, 0x10,
    0xDF, 0x4F, 0xA7, 0x01, 0xE7, 0x4F, 0xA7, 0x00, 0xEF, 0x4F, 0xA7, 0x00,
    0xF7, 0x4F, 0xA7, 0x00, 0x00, 0x57, 0xA7, 0x00, 0x07, 0x57, 0xA7, 0x00,
    0x0F, 0x57, 0xA7, 0x00, 0x17, 0x57, 0xA7, 0x00, 0x1F, 0x57, 0xA7, 0x08,
    0x27, 0x57, 0xA7, 0x17, 0x2F, 0x57, 0xA7, 0x26, 0x37, 0x57, 0xA7, 0x34,
    0x3F, 0x57, 0xA7, 0x41, 0x47, 0x57, 0xA7, 0x4E, 0x4F, 0x57, 0xA7, 0x5A,
    0x57, 0x57, 0xA7, 0x65, 0x5F, 0x57, 0xA7, 0x6F, 0x67, 0x57, 0xA7, 0x76,
    0x6F, 0x57, 0xA7, 0x7C, 0x77, 0x57, 0xA7, 0x80, 0x7F, 0x57, 0xA7, 0x81,
    0x87, 0x57, 0xA7, 0x80, 0x8F, 0x57, 0xA7, 0x7C, 0x97, 0x57, 0xA7, 0x76,
    0x9F, 0x57, 0xA7, 0x6F, 0xA7, 0x57, 0xA7, 0x65, 0xAF, 0x57, 0xA7, 0x5A,
    0xB7, 0x57, 0xA7, 0x4E, 0xBF, 0x57, 0xA7, 0x41, 0xC7, 0x57, 0xA7, 0x34,
    0xCF, 0x57, 0xA7, 0x26, 0xD7, 0x57, 0xA7, 0x17, 0xDF, 0x57, 0xA7, 0x08,
    0xE7, 0x57, 0xA7, 0x00, 0xEF, 0x57, 0xA7, 0x00, 0xF7, 0x57, 0xA7, 0x00,
    0x00, 0x5F, 0xA7, 0x00, 0x07, 0x5F, 0xA7, 0x00, 0x0F, 0x5F, 0xA7, 0x00,
    0x17, 0x5F, 0xA7, 0x00, 0x1F, 0x5F, 0xA7, 0x0E, 0x27, 0x5F, 0xA7, 0x1D,
    0x2F, 0x5F, 0xA7, 0x2C, 0x37, 0x5F, 0xA7, 0x3B, 0x3F, 0x5F, 0xA7, 0x49,
    0x47, 0x5F, 0xA7, 0x57, 0x4F, 0x5F, 0xA7, 0x63, 0x57, 0x5F, 0xA7, 0x6F,
    0x5F, 0x5F, 0xA7, 0x79, 0x67, 0x5F, 0xA7, 0x81, 0x6F, 0x5F, 0xA7, 0x88,
    0x77, 0x5F, 0xA7, 0x8C, 0x7F, 0x5F, 0xA7, 0x8D, 0x87, 0x5F, 0xA7, 0x8C,
    0x8F, 0x5F, 0xA7, 0x88, 0x97, 0x5F, 0xA7, 0x81, 0x9F, 0x5F, 0xA7, 0x79,
    0xA7, 0x5F, 0xA7, 0x6F, 0xAF, 0x5F, 0xA7, 0x63, 0xB7, 0x5F, 0xA7, 0x57,
    0xBF, 0x5F, 0xA7, 0x49, 0xC7, 0x5F, 0xA7, 0x3B, 0xCF, 0x5F, 0xA7, 0x2C,
    0xD7, 0x5F, 0xA7, 0x1D, 0xDF, 0x5F, 0xA7, 0x0E, 0xE7, 0x5F, 0xA7, 0x00,
    0xEF, 0x5F, 0xA7, 0x00, 0xF7, 0x5F, 0xA7, 0x00, 0x00, 0x67, 0xA7, 0x00,
    0x07, 0x67, 0xA7, 0x00, 0x0F, 0x67, 0xA7, 0x00, 0x17, 0x67, 0xA7, 0x02,
    0x1F, 0x67, 0xA7, 0x12, 0x27, 0x67, 0xA7, 0x22, 0x2F, 0x67, 0xA7, 0x32,
    0x37, 0x67, 0xA7, 0x41, 0x3F, 0x67, 0xA7, 0x4F, 0x47, 0x67, 0xA7, 0x5D,
    0x4F, 0x67, 0xA7, 0x6A, 0x57, 0x67, 0xA7, 0x76, 0x5F, 0x67, 0xA7, 0x81,
    0x67, 0x67, 0xA7, 0x8A, 0x6F, 0x67, 0xA7, 0x91, 0x77, 0x67, 0xA7, 0x96,
    0x7F, 0x67, 0xA7, 0x97, 0x87, 0x67, 0xA7, 0x96, 0x8F, 0x67, 0xA7, 0x91,
    0x97, 0x67, 0xA7, 0x8A, 0x9F, 0x67, 0xA7, 0x81, 0xA7, 0x67, 0xA7, 0x76,
    0xAF, 0x67, 0xA7, 0x6A, 0xB7, 0x67, 0xA7, 0x5D, 0xBF, 0x67, 0xA7, 0x4F,
    0xC7, 0x67, 0xA7, 0x41, 0xCF, 0x67, 0xA7, 0x32, 0xD7, 0x67, 0xA7, 0x22,
    0xDF, 0x67, 0xA7, 0x12, 0xE7, 0x67, 0xA7, 0x02, 0xEF, 0x67, 0xA7, 0x00,
    0xF7, 0x67, 0xA7, 0x00, 0x00, 0x6F, 0xA7, 0x00, 0x07, 0x6F, 0xA7, 0x00,
    0x0F, 0x6F, 0xA7, 0x00, 0x17, 0x6F, 0xA7, 0x05, 0x1F, 0x6F, 0xA7, 0x16,
    0x27, 0x6F, 0xA7, 0x26, 0x2F, 0x6F, 0xA7, 0x35, 0x37, 0x6F, 0xA7, 0x45,
    0x3F, 0x6F, 0xA7, 0x54, 0x47, 0x6F, 0xA7, 0x62, 0x4F, 0x6F, 0xA7, 0x70,
    0x57, 0x6F, 0xA7, 0x7C, 0x5F, 0x6F, 0xA7, 0x88, 0x67, 0x6F, 0xA7, 0x91,
    0x6F, 0x6F, 0xA7, 0x99, 0x77, 0x6F, 0xA7, 0x9E, 0x7F, 0x6F, 0xA7, 0x9F,
    0x87, 0x6F, 0xA7, 0x9E, 0x8F, 0x6F, 0xA7, 0x99, 0x97, 0x6F, 0xA7, 0x91,
    0x9F, 0x6F, 0xA7, 0x88, 0xA7, 0x6F, 0xA7, 0x7C, 0xAF, 0x6F, 0xA7, 0x70,
    0xB7, 0x6F, 0xA7, 0x62, 0xBF, 0x6F, 0xA7, 0x54, 0xC7, 0x6F, 0xA7, 0x45,
    0xCF, 0x6F, 0xA7, 0x35, 0xD7, 0x6F, 0xA7, 0x26, 0xDF, 0x6F, 0xA7, 0x16,
    0xE7, 0x6F, 0xA7, 0x05, 0xEF, 0x6F, 0xA7, 0x00, 0xF7, 0x6F, 0xA7, 0x00,
    0x00, 0x77, 0xA7, 0x00, 0x07, 0x77, 0xA7, 0x00, 0x0F, 0x77, 0xA7, 0x00,
    0x17, 0x77, 0xA7, 0x07, 0x1F, 0x77, 0xA7, 0x18, 0x27, 0x77, 0xA7, 0x28,
    0x2F, 0x77, 0xA7, 0x38, 0x37, 0x77, 0xA7, 0x47, 0x3F, 0x77, 0xA7, 0x57,
    0x47, 0x77, 0xA7, 0x65, 0x4F, 0x77, 0xA7, 0x73, 0x57, 0x77, 0xA7, 0x80,
    0x5F, 0x77, 0xA7, 0x8C, 0x67, 0x77, 0xA7, 0x96, 0x6F, 0x77, 0xA7, 0x9E,
    0x77, 0x77, 0xA7, 0xA2, 0x7F, 0x77, 0xA7, 0xA4, 0x87, 0x77, 0xA7, 0xA2,
    0x8F, 0x77, 0xA7, 0x9E, 0x97, 0x77, 0xA7, 0x96, 0x9F, 0x77, 0xA7, 0x8C,
    0xA7, 0x77, 0xA7, 0x80, 0xAF, 0x77, 0xA7, 0x73, 0xB7, 0x77, 0xA7, 0x65,
    0xBF, 0x77, 0xA7, 0x57, 0xC7, 0x77, 0xA7, 0x47, 0xCF, 0x77, 0xA7, 0x38,
    0xD7, 0x77, 0xA7, 0x28, 0xDF, 0x77, 0xA7, 0x18, 0xE7, 0x77, 0xA7, 0x07,
    0xEF, 0x77, 0xA7, 0x00, 0xF7, 0x77, 0xA7, 0x00, 0x00, 0x7F, 0xA7, 0x00,
    0x07, 0x7F, 0xA7, 0x00, 0x0F, 0x7F, 0xA7, 0x00, 0x17, 0x7F, 0xA7, 0x08,
    0x1F, 0x7F, 0xA7, 0x18, 0x27, 0x7F, 0xA7, 0x29, 0x2F, 0x7F, 0xA7, 0x39,
    0x37, 0x7F, 0xA7, 0x48, 0x3F, 0x7F, 0xA7, 0x57, 0x47, 0x7F, 0xA7, 0x66,
    0x4F, 0x7F, 0xA7, 0x74, 0x57, 0x7F, 0xA7, 0x81, 0x5F, 0x7F, 0xA7, 0x8D,
    0x67, 0x7F, 0xA7, 0x97, 0x6F, 0x7F, 0xA7, 0x9F, 0x77, 0x7F, 0xA7, 0xA4,
    0x7F, 0x7F, 0xA7, 0xA6, 0x87, 0x7F, 0xA7, 0xA4, 0x8F, 0x7F, 0xA7, 0x9F,
    0x97, 0x7F, 0xA7, 0x97, 0x9F, 0x7F, 0xA7, 0x8D, 0xA7, 0x7F, 0xA7, 0x81,
    0xAF, 0x7F, 0xA7, 0x74, 0xB7, 0x7F, 0xA7, 0x66, 0xBF, 0x7F, 0xA7, 0x57,
    0xC7, 0x7F, 0xA7, 0x48, 0xCF, 0x7F, 0xA7, 0x39, 0xD7, 0x7F, 0xA7, 0x29,
    0xDF, 0x7F, 0xA7, 0x18, 0xE7, 0x7F, 0xA7, 0x08, 0xEF, 0x7F, 0xA7, 0x00,
    0xF7, 0x7F, 0xA7, 0x00, 0x00, 0x87, 0xA7, 0x00, 0x07, 0x87, 0xA7, 0x00,
    0x0F, 0x87, 0xA7, 0x00, 0x17, 0x87, 0xA7, 0x07, 0x1F, 0x87, 0xA7, 0x18,
    0x27, 0x87, 0xA7, 0x28, 0x2F, 0x87, 0xA7, 0x38, 0x37, 0x87, 0xA7, 0x47,
    0x3F, 0x87, 0xA7, 0x57, 0x47, 0x87, 0xA7, 0x65, 0x4F, 0x87, 0xA7, 0x73,
    0x57, 0x87, 0xA7, 0x80, 0x5F, 0x87, 0xA7, 0x8C, 0x67, 0x87, 0xA7, 0x96,
    0x6F, 0x87, 0xA7, 0x9E, 0x77, 0x87, 0xA7, 0xA2, 0x7F, 0x87, 0xA7, 0xA4,
    0x87, 0x87, 0xA7, 0xA2, 0x8F, 0x87, 0xA7, 0x9E, 0x97, 0x87, 0xA7, 0x96,
    0x9F, 0x87, 0xA7, 0x8C, 0xA7, 0x87, 0xA7, 0x80, 0xAF, 0x87, 0xA7, 0x73,
    0xB7, 0x87, 0xA7, 0x65, 0xBF, 0x87, 0xA7, 0x57, 0xC7, 0x87, 0xA7, 0x47,
    0xCF, 0x87, 0xA7, 0x38, 0xD7, 0x87, 0xA7, 0x28, 0xDF, 0x87, 0xA7, 0x18,
    0xE7, 0x87, 0xA7, 0x07, 0xEF, 0x87, 0xA7, 0x00, 0xF7, 0x87, 0xA7, 0x00,
    0x00, 0x8F, 0xA7, 0x00, 0x07, 0x8F, 0xA7, 0x00, 0x0F, 0x8F, 0xA7, 0x00,
    0x17, 0x8F, 0xA7, 0x05, 0x1F, 0x8F, 0xA7, 0x16, 0x27, 0x8F, 0xA7, 0x26,
    0x2F, 0x8F, 0xA7, 0x35, 0x37, 0x8F, 0xA7, 0x45, 0x3F, 0x8F, 0xA7, 0x54,
    0x47, 0x8F, 0xA7, 0x62, 0x4F, 0x8F, 0xA7, 0x70, 0x57, 0x8F, 0xA7, 0x7C,
    0x5F, 0x8F, 0xA7, 0x88, 0x67, 0x8F, 0xA7, 0x91, 0x6F, 0x8F, 0xA7, 0x99,
    0x77, 0x8F, 0xA7, 0x9E, 0x7F, 0x8F, 0xA7, 0x9F, 0x87, 0x8F, 0xA7, 0x9E,
    0x8F, 0x8F, 0xA7, 0x99, 0x97, 0x8F, 0xA7, 0x91, 0x9F, 0x8F, 0xA7, 0x88,
    0xA7, 0x8F, 0xA7, 0x7C, 0xAF, 0x8F, 0xA7, 0x70, 0xB7, 0x8F, 0xA7, 0x62,
    0xBF, 0x8F, 0xA7, 0x54, 0xC7, 0x8F, 0xA7, 0x45, 0xCF, 0x8F, 0xA7, 0x35,
    0xD7, 0x8F, 0xA7, 0x26, 0xDF, 0x8F, 0xA7, 0x16, 0xE7, 0x8F, 0xA7, 0x05,
    0xEF, 0x8F, 0xA7, 0x00, 0xF7, 0x8F, 0xA7, 0x00, 0x00, 0x97, 0xA7, 0x00,
    0x07, 0x97, 0xA7, 0x00, 0x0F, 0x97, 0xA7, 0x00, 0x17, 0x97, 0xA7, 0x02,
    0x1F, 0x97, 0xA7, 0x12, 0x27, 0x97, 0xA7, 0x22, 0x2F, 0x97, 0xA7, 0x32,
    0x37, 0x97, 0xA7, 0x41, 0x3F, 0x97, 0xA7, 0x4F, 0x47, 0x97, 0xA7, 0x5D,
    0x4F, 0x97, 0xA7, 0x6A, 0x57, 0x97, 0xA7, 0x76, 0x5F, 0x97, 0xA7, 0x81,
    0x67, 0x97, 0xA7, 0x8A, 0x6F, 0x97, 0xA7, 0x91, 0x77, 0x97, 0xA7, 0x96,
    0x7F, 0x97, 0xA7, 0x97, 0x87, 0x97, 0xA7, 0x96, 0x8F, 0x97, 0xA7, 0x91,
    0x97, 0x97, 0xA7, 0x8A, 0x9F, 0x97, 0xA7, 0x81, 0xA7, 0x97, 0xA7, 0x76,
    0xAF, 0x97, 0xA7, 0x6A, 0xB7, 0x97, 0xA7, 0x5D, 0xBF, 0x97, 0xA7, 0x4F,
    0xC7, 0x97, 0xA7, 0x41, 0xCF, 0x97, 0xA7, 0x32, 0xD7, 0x97, 0xA7, 0x22,
    0xDF, 0x97, 0xA7, 0x12, 0xE7, 0x97, 0xA7, 0x02, 0xEF, 0x97, 0xA7, 0x00,
    0xF7, 0x97, 0xA7, 0x00, 0x00, 0x9F, 0xA7, 0x00, 0x07, 0x9F, 0xA7, 0x00,
    0x0F, 0x9F, 0xA7, 0x00, 0x17, 0x9F, 0xA7, 0x00, 0x1F, 0x9F, 0xA7, 0x0E,
    0x27, 0x9F, 0xA7, 0x1D, 0x2F, 0x9F, 0xA7, 0x2C, 0x37, 0x9F, 0xA7, 0x3B,
    0x3F, 0x9F, 0xA7, 0x49, 0x47, 0x9F, 0xA7, 0x57, 0x4F, 0x9F, 0xA7, 0x63,
    0x57, 0x9F, 0xA7, 0x6F, 0x5F, 0x9F, 0xA7, 0x79, 0x67, 0x9F, 0xA7, 0x81,
    0x6F, 0x9F, 0xA7, 0x88, 0x77, 0x9F, 0xA7, 0x8C, 0x7F, 0x9F, 0xA7, 0x8D,
    0x87, 0x9F, 0xA7, 0x8C, 0x8F, 0x9F, 0xA7, 0x88, 0x97, 0x9F, 0xA7, 0x81,
    0x9F, 0x9F, 0xA7, 0x79, 0xA7, 0x9F, 0xA7, 0x6F, 0xAF, 0x9F, 0xA7, 0x63,
    0xB7, 0x9F, 0xA7, 0x57, 0xBF, 0x9F, 0xA7, 0x49, 0xC7, 0x9F, 0xA7, 0x3B,
    0xCF, 0x9F, 0xA7, 0x2C, 0xD7, 0x9F, 0xA7, 0x1D, 0xDF, 0x9F, 0xA7, 0x0E,
    0xE7, 0x9F, 0xA7, 0x00, 0xEF, 0x9F, 0xA7, 0x00, 0xF7, 0x9F, 0xA7, 0x00,
    0x00, 0xA7, 0xA7, 0x00, 0x07, 0xA7, 0xA7, 0x00, 0x0F, 0xA7, 0xA7, 0x00,
    0x17, 0xA7, 0xA7, 0x00, 0x1F, 0xA7, 0xA7, 0x08, 0x27, 0xA7, 0xA7, 0x17,
    0x2F, 0xA7, 0xA7, 0x26, 0x37, 0xA7, 0xA7, 0x34, 0x3F, 0xA7, 0xA7, 0x41,
    0x47, 0xA7, 0xA7, 0x4E, 0x4F, 0xA7, 0xA7, 0x5A, 0x57, 0xA7, 0xA7, 0x65,
    0x5F, 0xA7, 0xA7, 0x6F, 0x67, 0xA7, 0xA7, 0x76, 0x6F, 0xA7, 0xA7, 0x7C,
    0x77, 0xA7, 0xA7, 0x80, 0x7F, 0xA7, 0xA7, 0x81, 0x87, 0xA7, 0xA7, 0x80,
    0x8F, 0xA7, 0xA7, 0x7C, 0x97, 0xA7, 0xA7, 0x76, 0x9F, 0xA7, 0xA7, 0x6F,
    0xA7, 0xA7, 0xA7, 0x65, 0xAF, 0xA7, 0xA7, 0x5A, 0xB7, 0xA7, 0xA7, 0x4E,
    0xBF, 0xA7, 0xA7, 0x41, 0xC7, 0xA7, 0xA7, 0x34, 0xCF, 0xA7, 0xA7, 0x26,
    0xD7, 0xA7, 0xA7, 0x17, 0xDF, 0xA7, 0xA7, 0x08, 0xE7, 0xA7, 0xA7, 0x00,
    0xEF, 0xA7, 0xA7, 0x00, 0xF7, 0xA7, 0xA7, 0x00, 0x00, 0xAF, 0xA7, 0x00,
    0x07, 0xAF, 0xA7, 0x00, 0x0F, 0xAF, 0xA7, 0x00, 0x17, 0xAF, 0xA7, 0x00,
    0x1F, 0xAF, 0xA7, 0x01, 0x27, 0xAF, 0xA7, 0x10, 0x2F, 0xAF, 0xA7, 0x1E,
    0x37, 0xAF, 0xA7, 0x2B, 0x3F, 0xAF, 0xA7, 0x39, 0x47, 0xAF, 0xA7, 0x45,
    0x4F, 0xAF, 0xA7, 0x50, 0x57, 0xAF, 0xA7, 0x5A, 0x5F, 0xAF, 0xA7, 0x63,
    0x67, 0xAF, 0xA7, 0x6A, 0x6F, 0xAF, 0xA7, 0x70, 0x77, 0xAF, 0xA7, 0x73,
    0x7F, 0xAF, 0xA7, 0x74, 0x87, 0xAF, 0xA7, 0x73, 0x8F, 0xAF, 0xA7, 0x70,
    0x97, 0xAF, 0xA7, 0x6A, 0x9F, 0xAF, 0xA7, 0x63, 0xA7, 0xAF, 0xA7, 0x5A,
    0xAF, 0xAF, 0xA7, 0x50, 0xB7, 0xAF, 0xA7, 0x45, 0xBF, 0xAF, 0xA7, 0x39,
    0xC7, 0xAF, 0xA7, 0x2B, 0xCF, 0xAF, 0xA7, 0x1E, 0xD7, 0xAF, 0xA7, 0x10,
    0xDF, 0xAF, 0xA7, 0x01, 0xE7, 0xAF, 0xA7, 0x00, 0xEF, 0xAF, 0xA7, 0x00,
    0xF7, 0xAF, 0xA7, 0x00, 0x00, 0xB7, 0xA7, 0x00, 0x07, 0xB7, 0xA7, 0x00,
    0x0F, 0xB7, 0xA7, 0x00, 0x17, 0xB7, 0xA7, 0x00, 0x1F, 0xB7, 0xA7, 0x00,
    0x27, 0xB7, 0xA7, 0x07, 0x2F, 0xB7, 0xA7, 0x15, 0x37, 0xB7, 0xA7, 0x22,
    0x3F, 0xB7, 0xA7, 0x2E, 0x47, 0xB7, 0xA7, 0x3A, 0x4F, 0xB7, 0xA7, 0x45,
    0x57, 0xB7, 0xA7, 0x4E, 0x5F, 0xB7, 0xA7, 0x57, 0x67, 0xB7, 0xA7, 0x5D,
    0x6F, 0xB7, 0xA7, 0x62, 0x77, 0xB7, 0xA7, 0x65, 0x7F, 0xB7, 0xA7, 0x66,
    0x87, 0xB7, 0xA7, 0x65, 0x8F, 0xB7, 0xA7, 0x62, 0x97, 0xB7, 0xA7, 0x5D,
    0x9F, 0xB7, 0xA7, 0x57, 0xA7, 0xB7, 0xA7, 0x4E, 0xAF, 0xB7, 0xA7, 0x45,
    0xB7, 0xB7, 0xA7, 0x3A, 0xBF, 0xB7, 0xA7, 0x2E, 0xC7, 0xB7, 0xA7, 0x22,
    0xCF, 0xB7, 0xA7, 0x15, 0xD7, 0xB7, 0xA7, 0x07, 0xDF, 0xB7, 0xA7, 0x00,
    0xE7, 0xB7, 0xA7, 0x00, 0xEF, 0xB7, 0xA7, 0x00, 0xF7, 0xB7, 0xA7, 0x00,
    0x00, 0xBF, 0xA7, 0x00, 0x07, 0xBF, 0xA7, 0x00, 0x0F, 0xBF, 0xA7, 0x00,
    0x17, 0xBF, 0xA7, 0x00, 0x1F, 0xBF, 0xA7, 0x00, 0x27, 0xBF, 0xA7, 0x00,
    0x2F, 0xBF, 0xA7, 0x0B, 0x37, 0xBF, 0xA7, 0x18, 0x3F, 0xBF, 0xA7, 0x23,
    0x47, 0xBF, 0xA7, 0x2E, 0x4F, 0xBF, 0xA7, 0x39, 0x57, 0xBF, 0xA7, 0x41,
    0x5F, 0xBF, 0xA7, 0x49, 0x67, 0xBF, 0xA7, 0x4F, 0x6F, 0xBF, 0xA7, 0x54,
    0x77, 0xBF, 0xA7, 0x57, 0x7F, 0xBF, 0xA7, 0x57, 0x87, 0xBF, 0xA7, 0x57,
    0x8F, 0xBF, 0xA7, 0x54, 0x97, 0xBF, 0xA7, 0x4F, 0x9F, 0xBF, 0xA7, 0x49,
    0xA7, 0xBF, 0xA7, 0x41, 0xAF, 0xBF, 0xA7, 0x39, 0xB7, 0xBF, 0xA7, 0x2E,
    0xBF, 0xBF, 0xA7, 0x23, 0xC7, 0xBF, 0xA7, 0x18, 0xCF, 0xBF, 0xA7, 0x0B,
    0xD7, 0xBF, 0xA7, 0x00, 0xDF, 0xBF, 0xA7, 0x00, 0xE7, 0xBF, 0xA7, 0x00,
    0xEF, 0xBF, 0xA7, 0x00, 0xF7, 0xBF, 0xA7, 0x00, 0x00, 0xC7, 0xA7, 0x00,
    0x07, 0xC7, 0xA7, 0x00, 0x0F, 0xC7, 0xA7, 0x00, 0x17, 0xC7, 0xA7, 0x00,
    0x1F, 0xC7, 0xA7, 0x00, 0x27, 0xC7, 0xA7, 0x00, 0x2F, 0xC7, 0xA7, 0x00,
    0x37, 0xC7, 0xA7, 0x0C, 0x3F, 0xC7, 0xA7, 0x18, 0x47, 0xC7, 0xA7, 0x22,
    0x4F, 0xC7, 0xA7, 0x2B, 0x57, 0xC7, 0xA7, 0x34, 0x5F, 0xC7, 0xA7, 0x3B,
    0x67, 0xC7, 0xA7, 0x41, 0x6F, 0xC7, 0xA7, 0x45, 0x77, 0xC7, 0xA7, 0x47,
    0x7F, 0xC7, 0xA7, 0x48, 0x87, 0xC7, 0xA7, 0x47, 0x8F, 0xC7, 0xA7, 0x45,
    0x97, 0xC7, 0xA7, 0x41, 0x9F, 0xC7, 0xA7, 0x3B, 0xA7, 0xC7, 0xA7, 0x34,
    0xAF, 0xC7, 0xA7, 0x2B, 0xB7, 0xC7, 0xA7, 0x22, 0xBF, 0xC7, 0xA7, 0x18,
    0xC7, 0xC7, 0xA7, 0x0C, 0xCF, 0xC7, 0xA7, 0x00, 0xD7, 0xC7, 0xA7, 0x00,
    0xDF, 0xC7, 0xA7, 0x00, 0xE7, 0xC7, 0xA7, 0x00, 0xEF, 0xC7, 0xA7, 0x00,
    0xF7, 0xC7, 0xA7, 0x00, 0x00, 0xCF, 0xA7, 0x00, 0x07, 0xCF, 0xA7, 0x00,
    0x0F, 0xCF, 0xA7, 0x00, 0x17, 0xCF, 0xA7, 0x00, 0x1F, 0xCF, 0xA7, 0x00,
    0x27, 0xCF, 0xA7, 0x00, 0x2F, 0xCF, 0xA7, 0x00, 0x37, 0xCF, 0xA7, 0x00,
    0x3F, 0xCF, 0xA7, 0x0B, 0x47, 0xCF, 0xA7, 0x15, 0x4F, 0xCF, 0xA7, 0x1E,
    0x57, 0xCF, 0xA7, 0x26, 0x5F, 0xCF, 0xA7, 0x2C, 0x67, 0xCF, 0xA7, 0x32,
    0x6F, 0xCF, 0xA7, 0x35, 0x77, 0xCF, 0xA7, 0x38, 0x7F, 0xCF, 0xA7, 0x39,
    0x87, 0xCF, 0xA7, 0x38, 0x8F, 0xCF, 0xA7, 0x35, 0x97, 0xCF, 0xA7, 0x32,
    0x9F, 0xCF, 0xA7, 0x2C, 0xA7, 0xCF, 0xA7, 0x26, 0xAF, 0xCF, 0xA7, 0x1E,
    0xB7, 0xCF, 0xA7, 0x15, 0xBF, 0xCF, 0xA7, 0x0B, 0xC7, 0xCF, 0xA7, 0x00,
    0xCF, 0xCF, 0xA7, 0x00, 0xD7, 0xCF, 0xA7, 0x00, 0xDF, 0xCF, 0xA7, 0x00,
    0xE7, 0xCF, 0xA7, 0x00, 0xEF, 0xCF, 0xA7, 0x00, 0xF7, 0xCF, 0xA7, 0x00,
    0x00, 0xD7, 0xA7, 0x00, 0x07, 0xD7, 0xA7, 0x00, 0x0F, 0xD7, 0xA7, 0x00,
    0x17, 0xD7, 0xA7, 0x00, 0x1F, 0xD7, 0xA7, 0x00, 0x27, 0xD7, 0xA7, 0x00,
    0x2F, 0xD7, 0xA7, 0x00, 0x37, 0xD7, 0xA7, 0x00, 0x3F, 0xD7, 0xA7, 0x00,
    0x47, 0xD7, 0xA7, 0x07, 0x4F, 0xD7, 0xA7, 0x10, 0x57, 0xD7, 0xA7, 0x17,
    0x5F, 0xD7, 0xA7, 0x1D, 0x67, 0xD7, 0xA7, 0x22, 0x6F, 0xD7, 0xA7, 0x26,
    0x77, 0xD7, 0xA7, 0x28, 0x7F, 0xD7, 0xA7, 0x29, 0x87, 0xD7, 0xA7, 0x28,
    0x8F, 0xD7, 0xA7, 0x26, 0x97, 0xD7, 0xA7, 0x22, 0x9F, 0xD7, 0xA7, 0x1D,
    0xA7, 0xD7, 0xA7, 0x17, 0xAF, 0xD7, 0xA7, 0x10, 0xB7, 0xD7, 0xA7, 0x07,
    0xBF, 0xD7, 0xA7, 0x00, 0xC7, 0xD7, 0xA7, 0x00, 0xCF, 0xD7, 0xA7, 0x00,
    0xD7, 0xD7, 0xA7, 0x00, 0xDF, 0xD7, 0xA7, 0x00, 0xE7, 0xD7, 0xA7, 0x00,
    0xEF, 0xD7, 0xA7, 0x00, 0xF7, 0xD7, 0xA7, 0x00, 0x00, 0xDF, 0xA7, 0x00,
    0x07, 0xDF, 0xA7, 0x00, 0x0F, 0xDF, 0xA7, 0x00, 0x17, 0xDF, 0xA7, 0x00,
    0x1F, 0xDF, 0xA7, 0x00, 0x27, 0xDF, 0xA7, 0x00, 0x2F, 0xDF, 0xA7, 0x00,
    0x37, 0xDF, 0xA7, 0x00, 0x3F, 0xDF, 0xA7, 0x00, 0x47, 0xDF, 0xA7, 0x00,
    0x4F, 0xDF, 0xA7, 0x01, 0x57, 0xDF, 0xA7, 0x08, 0x5F, 0xDF, 0xA7, 0x0E,
    0x67, 0xDF, 0xA7, 0x12, 0x6F, 0xDF, 0xA7, 0x16, 0x77, 0xDF, 0xA7, 0x18,
    0x7F, 0xDF, 0xA7, 0x18, 0x87, 0xDF, 0xA7, 0x18, 0x8F, 0xDF, 0xA7, 0x16,
    0x97, 0xDF, 0xA7, 0x12, 0x9F, 0xDF, 0xA7, 0x0E, 0xA7, 0xDF, 0xA7, 0x08,
    0xAF, 0xDF, 0xA7, 0x01, 0xB7, 0xDF, 0xA7, 0x00, 0xBF, 0xDF, 0xA7, 0x00,
    0xC7, 0xDF, 0xA7, 0x00, 0xCF, 0xDF, 0xA7, 0x00, 0xD7, 0xDF, 0xA7, 0x00,
    0xDF, 0xDF, 0xA7, 0x00, 0xE7, 0xDF, 0xA7, 0x00, 0xEF, 0xDF, 0xA7, 0x00,
    0xF7, 0xDF, 0xA7, 0x00, 0x00, 0xE7, 0xA7, 0x00, 0x07, 0xE7, 0xA7, 0x00,
    0x0F, 0xE7, 0xA7, 0x00, 0x17, 0xE7, 0xA7, 0x00, 0x1F, 0xE7, 0xA7, 0x00,
    0x27, 0xE7, 0xA7, 0x00, 0x2F, 0xE7, 0xA7, 0x00, 0x37, 0xE7, 0xA7, 0x00,
    0x3F, 0xE7, 0xA7, 0x00, 0x47, 0xE7, 0xA7, 0x00, 0x4F, 0xE7, 0xA7, 0x00,
    0x57, 0xE7, 0xA7, 0x00, 0x5F, 0xE7, 0xA7, 0x00, 0x67, 0xE7, 0xA7, 0x02,
    0x6F, 0xE7, 0xA7, 0x05, 0x77, 0xE7, 0xA7, 0x07, 0x7F, 0xE7, 0xA7, 0x08,
    0x87, 0xE7, 0xA7, 0x07, 0x8F, 0xE7, 0xA7, 0x05, 0x97, 0xE7, 0xA7, 0x02,
    0x9F, 0xE7, 0xA7, 0x00, 0xA7, 0xE7, 0xA7, 0x00, 0xAF, 0xE7, 0xA7, 0x00,
    0xB7, 0xE7, 0xA7, 0x00, 0xBF, 0xE7, 0xA7, 0x00, 0xC7, 0xE7, 0xA7, 0x00,
    0xCF, 0xE7, 0xA7, 0x00, 0xD7, 0xE7, 0xA7, 0x00, 0xDF, 0xE7, 0xA7, 0x00,
    0xE7, 0xE7, 0xA7, 0x00, 0xEF, 0xE7, 0xA7, 0x00, 0xF7, 0xE7, 0xA7, 0x00,
    0x00, 0xEF, 0xA7, 0x00, 0x07, 0xEF, 0xA7, 0x00, 0x0F, 0xEF, 0xA7, 0x00,
    0x17, 0xEF, 0xA7, 0x00, 0x1F, 0xEF, 0xA7, 0x00, 0x27, 0xEF, 0xA7, 0x00,
    0x2F, 0xEF, 0xA7, 0x00, 0x37, 0xEF, 0xA7, 0x00, 0x3F, 0xEF, 0xA7, 0x00,
    0x47, 0xEF, 0xA7, 0x00, 0x4F, 0xEF, 0xA7, 0x00, 0x57, 0xEF, 0xA7, 0x00,
    0x5F, 0xEF, 0xA7, 0x00, 0x67, 0xEF, 0xA7, 0x00, 0x6F, 0xEF, 0xA7, 0x00,
    0x77, 0xEF, 0xA7, 0x00, 0x7F, 0xEF, 0xA7, 0x00, 0x87, 0xEF, 0xA7, 0x00,
    0x8F, 0xEF, 0xA7, 0x00, 0x97, 0xEF, 0xA7, 0x00, 0x9F, 0xEF, 0xA7, 0x00,
    0xA7, 0xEF, 0xA7, 0x00, 0xAF, 0xEF, 0xA7, 0x00, 0xB7, 0xEF, 0xA7, 0x00,
    0xBF, 0xEF, 0xA7, 0x00, 0xC7, 0xEF, 0xA7, 0x00, 0xCF, 0xEF, 0xA7, 0x00,
    0xD7, 0xEF, 0xA7, 0x00, 0xDF, 0xEF, 0xA7, 0x00, 0xE7, 0xEF, 0xA7, 0x00,
    0xEF, 0xEF, 0xA7, 0x00, 0xF7, 0xEF, 0xA7, 0x00, 0x00, 0xF7, 0xA7, 0x00,
    0x07, 0xF7, 0xA7, 0x00, 0x0F, 0xF7, 0xA7, 0x00, 0x17, 0xF7, 0xA7, 0x00,
    0x1F, 0xF7, 0xA7, 0x00, 0x27, 0xF7, 0xA7, 0x00, 0x2F, 0xF7, 0xA7, 0x00,
    0x37, 0xF7, 0xA7, 0x00, 0x3F, 0xF7, 0xA7, 0x00, 0x47, 0xF7, 0xA7, 0x00,
    0x4F, 0xF7, 0xA7, 0x00, 0x57, 0xF7, 0xA7, 0x00, 0x5F, 0xF7, 0xA7, 0x00,
    0x67, 0xF7, 0xA7, 0x00, 0x6F, 0xF7, 0xA7, 0x00, 0x77, 0xF7, 0xA7, 0x00,
    0x7F, 0xF7, 0xA7, 0x00, 0x87, 0xF7, 0xA7, 0x00, 0x8F, 0xF7, 0xA7, 0x00,
    0x97, 0xF7, 0xA7, 0x00, 0x9F, 0xF7, 0xA7, 0x00, 0xA7, 0xF7, 0xA7, 0x00,
    0xAF, 0xF7, 0xA7, 0x00, 0xB7, 0xF7, 0xA7, 0x00, 0xBF, 0xF7, 0xA7, 0x00,
    0xC7, 0xF7, 0xA7, 0x00, 0xCF, 0xF7, 0xA7, 0x00, 0xD7, 0xF7, 0xA7, 0x00,
    0xDF, 0xF7, 0xA7, 0x00, 0xE7, 0xF7, 0xA7, 0x00, 0xEF, 0xF7, 0xA7, 0x00,
    0xF7, 0xF7, 0xA7, 0x00, 0x00, 0x00, 0xAF, 0x00, 0x07, 0x00, 0xAF, 0x00,
    0x0F, 0x00, 0xAF, 0x00, 0x17, 0x00, 0xAF, 0x00, 0x1F, 0x00, 0xAF, 0x00,
    0x27, 0x00, 0xAF, 0x00, 0x2F, 0x00, 0xAF, 0x00, 0x37, 0x00, 0xAF, 0x00,
    0x3F, 0x00, 0xAF, 0x00, 0x47, 0x00, 0xAF, 0x00, 0x4F, 0x00, 0xAF, 0x00,
    0x57, 0x00, 0xAF, 0x00, 0x5F, 0x00, 0xAF, 0x00, 0x67, 0x00, 0xAF, 0x00,
    0x6F, 0x00, 0xAF, 0x00, 0x77, 0x00, 0xAF, 0x00, 0x7F, 0x00, 0xAF, 0x00,
    0x87, 0x00, 0xAF, 0x00, 0x8F, 0x00, 0xAF, 0x00, 0x97, 0x00, 0xAF, 0x00,
    0x9F, 0x00, 0xAF, 0x00, 0xA7, 0x00, 0xAF, 0x00, 0xAF, 0x00, 0xAF, 0x00,
    0xB7, 0x00, 0xAF, 0x00, 0xBF, 0x00, 0xAF, 0x00, 0xC7, 0x00, 0xAF, 0x00,
    0xCF, 0x00, 0xAF, 0x00, 0xD7, 0x00, 0xAF, 0x00, 0xDF, 0x00, 0xAF, 0x00,
    0xE7, 0x00, 0xAF, 0x00, 0xEF, 0x00, 0xAF, 0x00, 0xF7, 0x00, 0xAF, 0x00,
    0x00, 0x07, 0xAF, 0x00, 0x07, 0x07, 0xAF, 0x00, 0x0F, 0x07, 0xAF, 0x00,
    0x17, 0x07, 0xAF, 0x00, 0x1F, 0x07, 0xAF, 0x00, 0x27, 0x07, 0xAF, 0x00,
    0x2F, 0x07, 0xAF, 0x00, 0x37, 0x07, 0xAF, 0x00, 0x3F, 0x07, 0xAF, 0x00,
    0x47, 0x07, 0xAF, 0x00, 0x4F, 0x07, 0xAF, 0x00, 0x57, 0x07, 0xAF, 0x00,
    0x5F, 0x07, 0xAF, 0x00, 0x67, 0x07, 0xAF, 0x00, 0x6F, 0x07, 0xAF, 0x00,
    0x77, 0x07, 0xAF, 0x00, 0x7F, 0x07, 0xAF, 0x00, 0x87, 0x07, 0xAF, 0x00,
    0x8F, 0x07, 0xAF, 0x00, 0x97, 0x07, 0xAF, 0x00, 0x9F, 0x07, 0xAF, 0x00,
    0xA7, 0x07, 0xAF, 0x00, 0xAF, 0x07, 0xAF, 0x00, 0xB7, 0x07, 0xAF, 0x00,
    0xBF, 0x07, 0xAF, 0x00, 0xC7, 0x07, 0xAF, 0x00, 0xCF, 0x07, 0xAF, 0x00,
    0xD7, 0x07, 0xAF, 0x00, 0xDF, 0x07, 0xAF, 0x00, 0xE7, 0x07, 0xAF, 0x00,
    0xEF, 0x07, 0xAF, 0x00, 0xF7, 0x07, 0xAF, 0x00, 0x00, 0x0F, 0xAF, 0x00,
    0x07, 0x0F, 0xAF, 0x00, 0x0F, 0x0F, 0xAF, 0x00, 0x17, 0x0F, 0xAF, 0x00,
    0x1F, 0x0F, 0xAF, 0x00, 0x27, 0x0F, 0xAF, 0x00, 0x2F, 0x0F, 0xAF, 0x00,
    0x37, 0x0F, 0xAF, 0x00, 0x3F, 0x0F, 0xAF, 0x00, 0x47, 0x0F, 0xAF, 0x00,
    0x4F, 0x0F, 0xAF, 0x00, 0x57, 0x0F, 0xAF, 0x00, 0x5F, 0x0F, 0xAF, 0x00,
    0x67, 0x0F, 0xAF, 0x00, 0x6F, 0x0F, 0xAF, 0x00, 0x77, 0x0F, 0xAF, 0x00,
    0x7F, 0x0F, 0xAF, 0x00, 0x87, 0x0F, 0xAF, 0x00, 0x8F, 0x0F, 0xAF, 0x00,
    0x97, 0x0F, 0xAF, 0x00, 0x9F, 0x0F, 0xAF, 0x00, 0xA7, 0x0F, 0xAF, 0x00,
    0xAF, 0x0F, 0xAF, 0x00, 0xB7, 0x0F, 0xAF, 0x00, 0xBF, 0x0F, 0xAF, 0x00,
    0xC7, 0x0F, 0xAF, 0x00, 0xCF, 0x0F, 0xAF, 0x00, 0xD7, 0x0F, 0xAF, 0x00,
    0xDF, 0x0F, 0xAF, 0x00, 0xE7, 0x0F, 0xAF, 0x00, 0xEF, 0x0F, 0xAF, 0x00,
    0xF7, 0x0F, 0xAF, 0x00, 0x00, 0x17, 0xAF, 0x00, 0x07, 0x17, 0xAF, 0x00,
    0x0F, 0x17, 0xAF, 0x00, 0x17, 0x17, 0xAF, 0x00, 0x1F, 0x17, 0xAF, 0x00,
    0x27, 0x17, 0xAF, 0x00, 0x2F, 0x17, 0xAF, 0x00, 0x37, 0x17, 0xAF, 0x00,
    0x3F, 0x17, 0xAF, 0x00, 0x47, 0x17, 0xAF, 0x00, 0x4F, 0x17, 0xAF, 0x00,
    0x57, 0x17, 0xAF, 0x00, 0x5F, 0x17, 0xAF, 0x00, 0x67, 0x17, 0xAF, 0x00,
    0x6F, 0x17, 0xAF, 0x00, 0x77, 0x17, 0xAF, 0x00, 0x7F, 0x17, 0xAF, 0x01,
    0x87, 0x17, 0xAF, 0x00, 0x8F, 0x17, 0xAF, 0x00, 0x97, 0x17, 0xAF, 0x00,
    0x9F, 0x17, 0xAF, 0x00, 0xA7, 0x17, 0xAF, 0x00, 0xAF, 0x17, 0xAF, 0x00,
    0xB7, 0x17, 0xAF, 0x00, 0xBF, 0x17, 0xAF, 0x00, 0xC7, 0x17, 0xAF, 0x00,
    0xCF, 0x17, 0xAF, 0x00, 0xD7, 0x17, 0xAF, 0x00, 0xDF, 0x17, 0xAF, 0x00,
    0xE7, 0x17, 0xAF, 0x00, 0xEF, 0x17, 0xAF, 0x00, 0xF7, 0x17, 0xAF, 0x00,
    0x00, 0x1F, 0xAF, 0x00, 0x07, 0x1F, 0xAF, 0x00, 0x0F, 0x1F, 0xAF, 0x00,
    0x17, 0x1F, 0xAF, 0x00, 0x1F, 0x1F, 0xAF, 0x00, 0x27, 0x1F, 0xAF, 0x00,
    0x2F, 0x1F, 0xAF, 0x00, 0x37, 0x1F, 0xAF, 0x00, 0x3F, 0x1F, 0xAF, 0x00,
    0x47, 0x1F, 0xAF, 0x00, 0x4F, 0x1F, 0xAF, 0x00, 0x57, 0x1F, 0xAF, 0x01,
    0x5F, 0x1F, 0xAF, 0x07, 0x67, 0x1F, 0xAF, 0x0B, 0x6F, 0x1F, 0xAF, 0x0E,
    0x77, 0x1F, 0xAF, 0x10, 0x7F, 0x1F, 0xAF, 0x11, 0x87, 0x1F, 0xAF, 0x10,
    0x8F, 0x1F, 0xAF, 0x0E, 0x97, 0x1F, 0xAF, 0x0B, 0x9F, 0x1F, 0xAF, 0x07,
    0xA7, 0x1F, 0xAF, 0x01, 0xAF, 0x1F, 0xAF, 0x00, 0xB7, 0x1F, 0xAF, 0x00,
    0xBF, 0x1F, 0xAF, 0x00, 0xC7, 0x1F, 0xAF, 0x00, 0xCF, 0x1F, 0xAF, 0x00,
    0xD7, 0x1F, 0xAF, 0x00, 0xDF, 0x1F, 0xAF, 0x00, 0xE7, 0x1F, 0xAF, 0x00,
    0xEF, 0x1F, 0xAF, 0x00, 0xF7, 0x1F, 0xAF, 0x00, 0x00, 0x27, 0xAF, 0x00,
    0x07, 0x27, 0xAF, 0x00, 0x0F, 0x27, 0xAF, 0x00, 0x17, 0x27, 0xAF, 0x00,
    0x1F, 0x27, 0xAF, 0x00, 0x27, 0x27, 0xAF, 0x00, 0x2F, 0x27, 0xAF, 0x00,
    0x37, 0x27, 0xAF, 0x00, 0x3F, 0x27, 0xAF, 0x00, 0x47, 0x27, 0xAF, 0x00,
    0x4F, 0x27, 0xAF, 0x08, 0x57, 0x27, 0xAF, 0x10, 0x5F, 0x27, 0xAF, 0x16,
    0x67, 0x27, 0xAF, 0x1A, 0x6F, 0x27, 0xAF, 0x1E, 0x77, 0x27, 0xAF, 0x20,
    0x7F, 0x27, 0xAF, 0x21, 0x87, 0x27, 0xAF, 0x20, 0x8F, 0x27, 0xAF, 0x1E,
    0x97, 0x27, 0xAF, 0x1A, 0x9F, 0x27, 0xAF, 0x16, 0xA7, 0x27, 0xAF, 0x10,
    0xAF, 0x27, 0xAF, 0x08, 0xB7, 0x27, 0xAF, 0x00, 0xBF, 0x27, 0xAF, 0x00,
    0xC7, 0x27, 0xAF, 0x00, 0xCF, 0x27, 0xAF, 0x00, 0xD7, 0x27, 0xAF, 0x00,
    0xDF, 0x27, 0xAF, 0x00, 0xE7, 0x27, 0xAF, 0x00, 0xEF, 0x27, 0xAF, 0x00,
    0xF7, 0x27, 0xAF, 0x00, 0x00, 0x2F, 0xAF, 0x00, 0x07, 0x2F, 0xAF, 0x00,
    0x0F, 0x2F, 0xAF, 0x00, 0x17, 0x2F, 0xAF, 0x00, 0x1F, 0x2F, 0xAF, 0x00,
    0x27, 0x2F, 0xAF, 0x00, 0x2F, 0x2F, 0xAF, 0x00, 0x37, 0x2F, 0xAF, 0x00,
    0x3F, 0x2F, 0xAF, 0x04, 0x47, 0x2F, 0xAF, 0x0E, 0x4F, 0x2F, 0xAF, 0x16,
    0x57, 0x2F, 0xAF, 0x1E, 0x5F, 0x2F, 0xAF, 0x24, 0x67, 0x2F, 0xAF, 0x29,
    0x6F, 0x2F, 0xAF, 0x2D, 0x77, 0x2F, 0xAF, 0x2F, 0x7F, 0x2F, 0xAF, 0x30,
    0x87, 0x2F, 0xAF, 0x2F, 0x8F, 0x2F, 0xAF, 0x2D, 0x97, 0x2F, 0xAF, 0x29,
    0x9F, 0x2F, 0xAF, 0x24, 0xA7, 0x2F, 0xAF, 0x1E, 0xAF, 0x2F, 0xAF, 0x16,
    0xB7, 0x2F, 0xAF, 0x0E, 0xBF, 0x2F, 0xAF, 0x04, 0xC7, 0x2F, 0xAF, 0x00,
    0xCF, 0x2F, 0xAF, 0x00, 0xD7, 0x2F, 0xAF, 0x00, 0xDF, 0x2F, 0xAF, 0x00,
    0xE7, 0x2F, 0xAF, 0x00, 0xEF, 0x2F, 0xAF, 0x00, 0xF7, 0x2F, 0xAF, 0x00,
    0x00, 0x37, 0xAF, 0x00, 0x07, 0x37, 0xAF, 0x00, 0x0F, 0x37, 0xAF, 0x00,
    0x17, 0x37, 0xAF, 0x00, 0x1F, 0x37, 0xAF, 0x00, 0x27, 0x37, 0xAF, 0x00,
    0x2F, 0x37, 0xAF, 0x00, 0x37, 0x37, 0xAF, 0x05, 0x3F, 0x37, 0xAF, 0x10,
    0x47, 0x37, 0xAF, 0x1A, 0x4F, 0x37, 0xAF, 0x23, 0x57, 0x37, 0xAF, 0x2B,
    0x5F, 0x37, 0xAF, 0x32, 0x67, 0x37, 0xAF, 0x38, 0x6F, 0x37, 0xAF, 0x3C,
    0x77, 0x37, 0xAF, 0x3E, 0x7F, 0x37, 0xAF, 0x3F, 0x87, 0x37, 0xAF, 0x3E,
    0x8F, 0x37, 0xAF, 0x3C, 0x97, 0x37, 0xAF, 0x38, 0x9F, 0x37, 0xAF, 0x32,
    0xA7, 0x37, 0xAF, 0x2B, 0xAF, 0x37, 0xAF, 0x23, 0xB7, 0x37, 0xAF, 0x1A,
    0xBF, 0x37, 0xAF, 0x10, 0xC7, 0x37, 0xAF, 0x05, 0xCF, 0x37, 0xAF, 0x00,
    0xD7, 0x37, 0xAF, 0x00, 0xDF, 0x37, 0xAF, 0x00, 0xE7, 0x37, 0xAF, 0x00,
    0xEF, 0x37, 0xAF, 0x00, 0xF7, 0x37, 0xAF, 0x00, 0x00, 0x3F, 0xAF, 0x00,
    0x07, 0x3F, 0xAF, 0x00, 0x0F, 0x3F, 0xAF, 0x00, 0x17, 0x3F, 0xAF, 0x00,
    0x1F, 0x3F, 0xAF, 0x00, 0x27, 0x3F, 0xAF, 0x00, 0x2F, 0x3F, 0xAF, 0x04,
    0x37, 0x3F, 0xAF, 0x10, 0x3F, 0x3F, 0xAF, 0x1C, 0x47, 0x3F, 0xAF, 0x26,
    0x4F, 0x3F, 0xAF, 0x30, 0x57, 0x3F, 0xAF, 0x39, 0x5F, 0x3F, 0xAF, 0x40,
    0x67, 0x3F, 0xAF, 0x46, 0x6F, 0x3F, 0xAF, 0x4A, 0x77, 0x3F, 0xAF, 0x4D,
    0x7F, 0x3F, 0xAF, 0x4D, 0x87, 0x3F, 0xAF, 0x4D, 0x8F, 0x3F, 0xAF, 0x4A,
    0x97, 0x3F, 0xAF, 0x46, 0x9F, 0x3F, 0xAF, 0x40, 0xA7, 0x3F, 0xAF, 0x39,
    0xAF, 0x3F, 0xAF, 0x30, 0xB7, 0x3F, 0xAF, 0x26, 0xBF, 0x3F, 0xAF, 0x1C,
    0xC7, 0x3F, 0xAF, 0x10, 0xCF, 0x3F, 0xAF, 0x04, 0xD7, 0x3F, 0xAF, 0x00,
    0xDF, 0x3F, 0xAF, 0x00, 0xE7, 0x3F, 0xAF, 0x00, 0xEF, 0x3F, 0xAF, 0x00,
    0xF7, 0x3F, 0xAF, 0x00, 0x00, 0x47, 0xAF, 0x00, 0x07, 0x47, 0xAF, 0x00,
    0x0F, 0x47, 0xAF, 0x00, 0x17, 0x47, 0xAF, 0x00, 0x1F, 0x47, 0xAF, 0x00,
    0x27, 0x47, 0xAF, 0x00, 0x2F, 0x47, 0xAF, 0x0E, 0x37, 0x47, 0xAF, 0x1A,
    0x3F, 0x47, 0xAF, 0x26, 0x47, 0x47, 0xAF, 0x32, 0x4F, 0x47, 0xAF, 0x3C,
    0x57, 0x47, 0xAF, 0x45, 0x5F, 0x47, 0xAF, 0x4D, 0x67, 0x47, 0xAF, 0x53,
    0x6F, 0x47, 0xAF, 0x57, 0x77, 0x47, 0xAF, 0x5A, 0x7F, 0x47, 0xAF, 0x5B,
    0x87, 0x47, 0xAF, 0x5A, 0x8F, 0x47, 0xAF, 0x57, 0x97, 0x47, 0xAF, 0x53,
    0x9F, 0x47, 0xAF, 0x4D, 0xA7, 0x47, 0xAF, 0x45, 0xAF, 0x47, 0xAF, 0x3C,
    0xB7, 0x47, 0xAF, 0x32, 0xBF, 0x47, 0xAF, 0x26, 0xC7, 0x47, 0xAF, 0x1A,
    0xCF, 0x47, 0xAF, 0x0E, 0xD7, 0x47, 0xAF, 0x00, 0xDF, 0x47, 0xAF, 0x00,
    0xE7, 0x47, 0xAF, 0x00, 0xEF, 0x47, 0xAF, 0x00, 0xF7, 0x47, 0xAF, 0x00,
    0x00, 0x4F, 0xAF, 0x00, 0x07, 0x4F, 0xAF, 0x00, 0x0F, 0x4F, 0xAF, 0x00,
    0x17, 0x4F, 0xAF, 0x00, 0x1F, 0x4F, 0xAF, 0x00, 0x27, 0x4F, 0xAF, 0x08,
    0x2F, 0x4F, 0xAF, 0x16, 0x37, 0x4F, 0xAF, 0x23, 0x3F, 0x4F, 0xAF, 0x30,
    0x47, 0x4F, 0xAF, 0x3C, 0x4F, 0x4F, 0xAF, 0x46, 0x57, 0x4F, 0xAF, 0x50,
    0x5F, 0x4F, 0xAF, 0x58, 0x67, 0x4F, 0xAF, 0x5F, 0x6F, 0x4F, 0xAF, 0x64,
    0x77, 0x4F, 0xAF, 0x67, 0x7F, 0x4F, 0xAF, 0x68, 0x87, 0x4F, 0xAF, 0x67,
    0x8F, 0x4F, 0xAF, 0x64, 0x97, 0x4F, 0xAF, 0x5F, 0x9F, 0x4F, 0xAF, 0x58,
    0xA7, 0x4F, 0xAF, 0x50, 0xAF, 0x4F, 0xAF, 0x46, 0xB7, 0x4F, 0xAF, 0x3C,
    0xBF, 0x4F, 0xAF, 0x30, 0xC7, 0x4F, 0xAF, 0x23, 0xCF, 0x4F, 0xAF, 0x16,
    0xD7, 0x4F, 0xAF, 0x08, 0xDF, 0x4F, 0xAF, 0x00, 0xE7, 0x4F, 0xAF, 0x00,
    0xEF, 0x4F, 0xAF, 0x00, 0xF7, 0x4F, 0xAF, 0x00, 0x00, 0x57, 0xAF, 0x00,
    0x07, 0x57, 0xAF, 0x00, 0x0F, 0x57, 0xAF, 0x00, 0x17, 0x57, 0xAF, 0x00,
    0x1F, 0x57, 0xAF, 0x01, 0x27, 0x57, 0xAF, 0x10, 0x2F, 0x57, 0xAF, 0x1E,
    0x37, 0x57, 0xAF, 0x2B, 0x3F, 0x57, 0xAF, 0x39, 0x47, 0x57, 0xAF, 0x45,
    0x4F, 0x57, 0xAF, 0x50, 0x57, 0x57, 0xAF, 0x5A, 0x5F, 0x57, 0xAF, 0x63,
    0x67, 0x57, 0xAF, 0x6A, 0x6F, 0x57, 0xAF, 0x70, 0x77, 0x57, 0xAF, 0x73,
    0x7F, 0x57, 0xAF, 0x74, 0x87, 0x57, 0xAF, 0x73, 0x8F, 0x57, 0xAF, 0x70,
    0x97, 0x57, 0xAF, 0x6A, 0x9F, 0x57, 0xAF, 0x63, 0xA7, 0x57, 0xAF, 0x5A,
    0xAF, 0x57, 0xAF, 0x50, 0xB7, 0x57, 0xAF, 0x45, 0xBF, 0x57, 0xAF, 0x39,
    0xC7, 0x57, 0xAF, 0x2B, 0xCF, 0x57, 0xAF, 0x1E, 0xD7, 0x57, 0xAF, 0x10,
    0xDF, 0x57, 0xAF, 0x01, 0xE7, 0x57, 0xAF, 0x00, 0xEF, 0x57, 0xAF, 0x00,
    0xF7, 0x57, 0xAF, 0x00, 0x00, 0x5F, 0xAF, 0x00, 0x07, 0x5F, 0xAF, 0x00,
    0x0F, 0x5F, 0xAF, 0x00, 0x17, 0x5F, 0xAF, 0x00, 0x1F, 0x5F, 0xAF, 0x07,
    0x27, 0x5F, 0xAF, 0x16, 0x2F, 0x5F, 0xAF, 0x24, 0x37, 0x5F, 0xAF, 0x32,
    0x3F, 0x5F, 0xAF, 0x40, 0x47, 0x5F, 0xAF, 0x4D, 0x4F, 0x5F, 0xAF, 0x58,
    0x57, 0x5F, 0xAF, 0x63, 0x5F, 0x5F, 0xAF, 0x6C, 0x67, 0x5F, 0xAF, 0x74,
    0x6F, 0x5F, 0xAF, 0x7A, 0x77, 0x5F, 0xAF, 0x7E, 0x7F, 0x5F, 0xAF, 0x7F,
    0x87, 0x5F, 0xAF, 0x7E, 0x8F, 0x5F, 0xAF, 0x7A, 0x97, 0x5F, 0xAF, 0x74,
    0x9F, 0x5F, 0xAF, 0x6C, 0xA7, 0x5F, 0xAF, 0x63, 0xAF, 0x5F, 0xAF, 0x58,
    0xB7, 0x5F, 0xAF, 0x4D, 0xBF, 0x5F, 0xAF, 0x40, 0xC7, 0x5F, 0xAF, 0x32,
    0xCF, 0x5F, 0xAF, 0x24, 0xD7, 0x5F, 0xAF, 0x16, 0xDF, 0x5F, 0xAF, 0x07,
    0xE7, 0x5F, 0xAF, 0x00, 0xEF, 0x5F, 0xAF, 0x00, 0xF7, 0x5F, 0xAF, 0x00,
    0x00, 0x67, 0xAF, 0x00, 0x07, 0x67, 0xAF, 0x00, 0x0F, 0x67, 0xAF, 0x00,
    0x17, 0x67, 0xAF, 0x00, 0x1F, 0x67, 0xAF, 0x0B, 0x27, 0x67, 0xAF, 0x1A,
    0x2F, 0x67, 0xAF, 0x29, 0x37, 0x67, 0xAF, 0x38, 0x3F, 0x67, 0xAF, 0x46,
    0x47, 0x67, 0xAF, 0x53, 0x4F, 0x67, 0xAF, 0x5F, 0x57, 0x67, 0xAF, 0x6A,
    0x5F, 0x67, 0xAF, 0x74, 0x67, 0x67, 0xAF, 0x7C, 0x6F, 0x67, 0xAF, 0x83,
    0x77, 0x67, 0xAF, 0x86, 0x7F, 0x67, 0xAF, 0x88, 0x87, 0x67, 0xAF, 0x86,
    0x8F, 0x67, 0xAF, 0x83, 0x97, 0x67, 0xAF, 0x7C, 0x9F, 0x67, 0xAF, 0x74,
    0xA7, 0x67, 0xAF, 0x6A, 0xAF, 0x67, 0xAF, 0x5F, 0xB7, 0x67, 0xAF, 0x53,
    0xBF, 0x67, 0xAF, 0x46, 0xC7, 0x67, 0xAF, 0x38, 0xCF, 0x67, 0xAF, 0x29,
    0xD7, 0x67, 0xAF, 0x1A, 0xDF, 0x67, 0xAF, 0x0B, 0xE7, 0x67, 0xAF, 0x00,
    0xEF, 0x67, 0xAF, 0x00, 0xF7, 0x67, 0xAF, 0x00, 0x00, 0x6F, 0xAF, 0x00,
    0x07, 0x6F, 0xAF, 0x00, 0x0F, 0x6F, 0xAF, 0x00, 0x17, 0x6F, 0xAF, 0x00,
    0x1F, 0x6F, 0xAF, 0x0E, 0x27, 0x6F, 0xAF, 0x1E, 0x2F, 0x6F, 0xAF, 0x2D,
    0x37, 0x6F, 0xAF, 0x3C, 0x3F, 0x6F, 0xAF, 0x4A, 0x47, 0x6F, 0xAF, 0x57,
    0x4F, 0x6F, 0xAF, 0x64, 0x57, 0x6F, 0xAF, 0x70, 0x5F, 0x6F, 0xAF, 0x7A,
    0x67, 0x6F, 0xAF, 0x83, 0x6F, 0x6F, 0xAF, 0x89, 0x77, 0x6F, 0xAF, 0x8D,
    0x7F, 0x6F, 0xAF, 0x8F, 0x87, 0x6F, 0xAF, 0x8D, 0x8F, 0x6F, 0xAF, 0x89,
    0x97, 0x6F, 0xAF, 0x83, 0x9F, 0x6F, 0xAF, 0x7A, 0xA7, 0x6F, 0xAF, 0x70,
    0xAF, 0x6F, 0xAF, 0x64, 0xB7, 0x6F, 0xAF, 0x57, 0xBF, 0x6F, 0xAF, 0x4A,
    0xC7, 0x6F, 0xAF, 0x3C, 0xCF, 0x6F, 0xAF, 0x2D, 0xD7, 0x6F, 0xAF, 0x1E,
    0xDF, 0x6F, 0xAF, 0x0E, 0xE7, 0x6F, 0xAF, 0x00, 0xEF, 0x6F, 0xAF, 0x00,
    0xF7, 0x6F, 0xAF, 0x00, 0x00, 0x77, 0xAF, 0x00, 0x07, 0x77, 0xAF, 0x00,
    0x0F, 0x77, 0xAF, 0x00, 0x17, 0x77, 0xAF, 0x00, 0x1F, 0x77, 0xAF, 0x10,
    0x27, 0x77, 0xAF, 0x20, 0x2F, 0x77, 0xAF, 0x2F, 0x37, 0x77, 0xAF, 0x3E,
    0x3F, 0x77, 0xAF, 0x4D, 0x47, 0x77, 0xAF, 0x5A, 0x4F, 0x77, 0xAF, 0x67,
    0x57, 0x77, 0xAF, 0x73, 0x5F, 0x77, 0xAF, 0x7E, 0x67, 0x77, 0xAF, 0x86,
    0x6F, 0x77, 0xAF, 0x8D, 0x77, 0x77, 0xAF, 0x91, 0x7F, 0x77, 0xAF, 0x93,
    0x87, 0x77, 0xAF, 0x91, 0x8F, 0x77, 0xAF, 0x8D, 0x97, 0x77, 0xAF, 0x86,
    0x9F, 0x77, 0xAF, 0x7E, 0xA7, 0x77, 0xAF, 0x73, 0xAF, 0x77, 0xAF, 0x67,
    0xB7, 0x77, 0xAF, 0x5A, 0xBF, 0x77, 0xAF, 0x4D, 0xC7, 0x77, 0xAF, 0x3E,
    0xCF, 0x77, 0xAF, 0x2F, 0xD7, 0x77, 0xAF, 0x20, 0xDF, 0x77, 0xAF, 0x10,
    0xE7, 0x77, 0xAF, 0x00, 0xEF, 0x77, 0xAF, 0x00, 0xF7, 0x77, 0xAF, 0x00,
    0x00, 0x7F, 0xAF, 0x00, 0x07, 0x7F, 0xAF, 0x00, 0x0F, 0x7F, 0xAF, 0x00,
    0x17, 0x7F, 0xAF, 0x01, 0x1F, 0x7F, 0xAF, 0x11, 0x27, 0x7F, 0xAF, 0x21,
    0x2F, 0x7F, 0xAF, 0x30, 0x37, 0x7F, 0xAF, 0x3F, 0x3F, 0x7F, 0xAF, 0x4D,
    0x47, 0x7F, 0xAF, 0x5B, 0x4F, 0x7F, 0xAF, 0x68, 0x57, 0x7F, 0xAF, 0x74,
    0x5F, 0x7F, 0xAF, 0x7F, 0x67, 0x7F, 0xAF, 0x88, 0x6F, 0x7F, 0xAF, 0x8F,
    0x77, 0x7F, 0xAF, 0x93, 0x7F, 0x7F, 0xAF, 0x94, 0x87, 0x7F, 0xAF, 0x93,
    0x8F, 0x7F, 0xAF, 0x8F, 0x97, 0x7F, 0xAF, 0x88, 0x9F, 0x7F, 0xAF, 0x7F,
    0xA7, 0x7F, 0xAF, 0x74, 0xAF, 0x7F, 0xAF, 0x68, 0xB7, 0x7F, 0xAF, 0x5B,
    0xBF, 0x7F, 0xAF, 0x4D, 0xC7, 0x7F, 0xAF, 0x3F, 0xCF, 0x7F, 0xAF, 0x30,
    0xD7, 0x7F, 0xAF, 0x21, 0xDF, 0x7F, 0xAF, 0x11, 0xE7, 0x7F, 0xAF, 0x01,
    0xEF, 0x7F, 0xAF, 0x00, 0xF7, 0x7F, 0xAF, 0x00, 0x00, 0x87, 0xAF, 0x00,
    0x07, 0x87, 0xAF, 0x00, 0x0F, 0x87, 0xAF, 0x00, 0x17, 0x87, 0xAF, 0x00,
    0x1F, 0x87, 0xAF, 0x10, 0x27, 0x87, 0xAF, 0x20, 0x2F, 0x87, 0xAF, 0x2F,
    0x37, 0x87, 0xAF, 0x3E, 0x3F, 0x87, 0xAF, 0x4D, 0x47, 0x87, 0xAF, 0x5A,
    0x4F, 0x87, 0xAF, 0x67, 0x57, 0x87, 0xAF, 0x73, 0x5F, 0x87, 0xAF, 0x7E,
    0x67, 0x87, 0xAF, 0x86, 0x6F, 0x87, 0xAF, 0x8D, 0x77, 0x87, 0xAF, 0x91,
    0x7F, 0x87, 0xAF, 0x93, 0x87, 0x87, 0xAF, 0x91, 0x8F, 0x87, 0xAF, 0x8D,
    0x97, 0x87, 0xAF, 0x86, 0x9F, 0x87, 0xAF, 0x7E, 0xA7, 0x87, 0xAF, 0x73,
    0xAF, 0x87, 0xAF, 0x67, 0xB7, 0x87, 0xAF, 0x5A, 0xBF, 0x87, 0xAF, 0x4D,
    0xC7, 0x87, 0xAF, 0x3E, 0xCF, 0x87, 0xAF, 0x2F, 0xD7, 0x87, 0xAF, 0x20,
    0xDF, 0x87, 0xAF, 0x10, 0xE7, 0x87, 0xAF, 0x00, 0xEF, 0x87, 0xAF, 0x00,
    0xF7, 0x87, 0xAF, 0x00, 0x00, 0x8F, 0xAF, 0x00, 0x07, 0x8F, 0xAF, 0x00,
    0x0F, 0x8F, 0xAF, 0x00, 0x17, 0x8F, 0xAF, 0x00, 0x1F, 0x8F, 0xAF, 0x0E,
    0x27, 0x8F, 0xAF, 0x1E, 0x2F, 0x8F, 0xAF, 0x2D, 0x37, 0x8F, 0xAF, 0x3C,
    0x3F, 0x8F, 0xAF, 0x4A, 0x47, 0x8F, 0xAF, 0x57, 0x4F, 0x8F, 0xAF, 0x64,
    0x57, 0x8F, 0xAF, 0x70, 0x5F, 0x8F, 0xAF, 0x7A, 0x67, 0x8F, 0xAF, 0x83,
    0x6F, 0x8F, 0xAF, 0x89, 0x77, 0x8F, 0xAF, 0x8D, 0x7F, 0x8F, 0xAF, 0x8F,
    0x87, 0x8F, 0xAF, 0x8D, 0x8F, 0x8F, 0xAF, 0x89, 0x97, 0x8F, 0xAF, 0x83,
    0x9F, 0x8F, 0xAF, 0x7A, 0xA7, 0x8F, 0xAF, 0x70, 0xAF, 0x8F, 0xAF, 0x64,
    0xB7, 0x8F, 0xAF, 0x57, 0xBF, 0x8F, 0xAF, 0x4A, 0xC7, 0x8F, 0xAF, 0x3C,
    0xCF, 0x8F, 0xAF, 0x2D, 0xD7, 0x8F, 0xAF, 0x1E, 0xDF, 0x8F, 0xAF, 0x0E,
    0xE7, 0x8F, 0xAF, 0x00, 0xEF, 0x8F, 0xAF, 0x00, 0xF7, 0x8F, 0xAF, 0x00,
    0x00, 0x97, 0xAF, 0x00, 0x07, 0x97, 0xAF, 0x00, 0x0F, 0x97, 0xAF, 0x00,
    0x17, 0x97, 0xAF, 0x00, 0x1F, 0x97, 0xAF, 0x0B, 0x27, 0x97, 0xAF, 0x1A,
    0x2F, 0x97, 0xAF, 0x29, 0x37, 0x97, 0xAF, 0x38, 0x3F, 0x97, 0xAF, 0x46,
    0x47, 0x97, 0xAF, 0x53, 0x4F, 0x97, 0xAF, 0x5F, 0x57, 0x97, 0xAF, 0x6A,
    0x5F, 0x97, 0xAF, 0x74, 0x67, 0x97, 0xAF, 0x7C, 0x6F, 0x97, 0xAF, 0x83,
    0x77, 0x97, 0xAF, 0x86, 0x7F, 0x97, 0xAF, 0x88, 0x87, 0x97, 0xAF, 0x86,
    0x8F, 0x97, 0xAF, 0x83, 0x97, 0x97, 0xAF, 0x7C, 0x9F, 0x97, 0xAF, 0x74,
    0xA7, 0x97, 0xAF, 0x6A, 0xAF, 0x97, 0xAF, 0x5F, 0xB7, 0x97, 0xAF, 0x53,
    0xBF, 0x97, 0xAF, 0x46, 0xC7, 0x97, 0xAF, 0x38, 0xCF, 0x97, 0xAF, 0x29,
    0xD7, 0x97, 0xAF, 0x1A, 0xDF, 0x97, 0xAF, 0x0B, 0xE7, 0x97, 0xAF, 0x00,
    0xEF, 0x97, 0xAF, 0x00, 0xF7, 0x97, 0xAF, 0x00, 0x00, 0x9F, 0xAF, 0x00,
    0x07, 0x9F, 0xAF, 0x00, 0x0F, 0x9F, 0xAF, 0x00, 0x17, 0x9F, 0xAF, 0x00,
    0x1F, 0x9F, 0xAF, 0x07, 0x27, 0x9F, 0xAF, 0x16, 0x2F, 0x9F, 0xAF, 0x24,
    0x37, 0x9F, 0xAF, 0x32, 0x3F, 0x9F, 0xAF, 0x40, 0x47, 0x9F, 0xAF, 0x4D,
    0x4F, 0x9F, 0xAF, 0x58, 0x57, 0x9F, 0xAF, 0x63, 0x5F, 0x9F, 0xAF, 0x6C,
    0x67, 0x9F, 0xAF, 0x74, 0x6F, 0x9F, 0xAF, 0x7A, 0x77, 0x9F, 0xAF, 0x7E,
    0x7F, 0x9F, 0xAF, 0x7F, 0x87, 0x9F, 0xAF, 0x7E, 0x8F, 0x9F, 0xAF, 0x7A,
    0x97, 0x9F, 0xAF, 0x74, 0x9F, 0x9F, 0xAF, 0x6C, 0xA7, 0x9F, 0xAF, 0x63,
    0xAF, 0x9F, 0xAF, 0x58, 0xB7, 0x9F, 0xAF, 0x4D, 0xBF, 0x9F, 0xAF, 0x40,
    0xC7, 0x9F, 0xAF, 0x32, 0xCF, 0x9F, 0xAF, 0x24, 0xD7, 0x9F, 0xAF, 0x16,
    0xDF, 0x9F, 0xAF, 0x07, 0xE7, 0x9F, 0xAF, 0x00, 0xEF, 0x9F, 0xAF, 0x00,
    0xF7, 0x9F, 0xAF, 0x00, 0x00, 0xA7, 0xAF, 0x00, 0x07, 0xA7, 0xAF, 0x00,
    0x0F, 0xA7, 0xAF, 0x00, 0x17, 0xA7, 0xAF, 0x00, 0x1F, 0xA7, 0xAF, 0x01,
    0x27, 0xA7, 0xAF, 0x10, 0x2F, 0xA7, 0xAF, 0x1E, 0x37, 0xA7, 0xAF, 0x2B,
    0x3F, 0xA7, 0xAF, 0x39, 0x47, 0xA7, 0xAF, 0x45, 0x4F, 0xA7, 0xAF, 0x50,
    0x57, 0xA7, 0xAF, 0x5A, 0x5F, 0xA7, 0xAF, 0x63, 0x67, 0xA7, 0xAF, 0x6A,
    0x6F, 0xA7, 0xAF, 0x70, 0x77, 0xA7, 0xAF, 0x73, 0x7F, 0xA7, 0xAF, 0x74,
    0x87, 0xA7, 0xAF, 0x73, 0x8F, 0xA7, 0xAF, 0x70, 0x97, 0xA7, 0xAF, 0x6A,
    0x9F, 0xA7, 0xAF, 0x63, 0xA7, 0xA7, 0xAF, 0x5A, 0xAF, 0xA7, 0xAF, 0x50,
    0xB7, 0xA7, 0xAF, 0x45, 0xBF, 0xA7, 0xAF, 0x39, 0xC7, 0xA7, 0xAF, 0x2B,
    0xCF, 0xA7, 0xAF, 0x1E, 0xD7, 0xA7, 0xAF, 0x10, 0xDF, 0xA7, 0xAF, 0x01,
    0xE7, 0xA7, 0xAF, 0x00, 0xEF, 0xA7, 0xAF, 0x00, 0xF7, 0xA7, 0xAF, 0x00,
    0x00, 0xAF, 0xAF, 0x00, 0x07, 0xAF, 0xAF, 0x00, 0x0F, 0xAF, 0xAF, 0x00,
    0x17, 0xAF, 0xAF, 0x00, 0x1F, 0xAF, 0xAF, 0x00, 0x27, 0xAF, 0xAF, 0x08,
    0x2F, 0xAF, 0xAF, 0x16, 0x37, 0xAF, 0xAF, 0x23, 0x3F, 0xAF, 0xAF, 0x30,
    0x47, 0xAF, 0xAF, 0x3C, 0x4F, 0xAF, 0xAF, 0x46, 0x57, 0xAF, 0xAF, 0x50,
    0x5F, 0xAF, 0xAF, 0x58, 0x67, 0xAF, 0xAF, 0x5F, 0x6F, 0xAF, 0xAF, 0x64,
    0x77, 0xAF, 0xAF, 0x67, 0x7F, 0xAF, 0xAF, 0x68, 0x87, 0xAF, 0xAF, 0x67,
    0x8F, 0xAF, 0xAF, 0x64, 0x97, 0xAF, 0xAF, 0x5F, 0x9F, 0xAF, 0xAF, 0x58,
    0xA7, 0xAF, 0xAF, 0x50, 0xAF, 0xAF, 0xAF, 0x46, 0xB7, 0xAF, 0xAF, 0x3C,
    0xBF, 0xAF, 0xAF, 0x30, 0xC7, 0xAF, 0xAF, 0x23, 0xCF, 0xAF, 0xAF, 0x16,
    0xD7, 0xAF, 0xAF, 0x08, 0xDF, 0xAF, 0xAF, 0x00, 0xE7, 0xAF, 0xAF, 0x00,
    0xEF, 0xAF, 0xAF, 0x00, 0xF7, 0xAF, 0xAF, 0x00, 0x00, 0xB7, 0xAF, 0x00,
    0x07, 0xB7, 0xAF, 0x00, 0x0F, 0xB7, 0xAF, 0x00, 0x17, 0xB7, 0xAF, 0x00,
    0x1F, 0xB7, 0xAF, 0x00, 0x27, 0xB7, 0xAF, 0x00, 0x2F, 0xB7, 0xAF, 0x0E,
    0x37, 0xB7, 0xAF, 0x1A, 0x3F, 0xB7, 0xAF, 0x26, 0x47, 0xB7, 0xAF, 0x32,
    0x4F, 0xB7, 0xAF, 0x3C, 0x57, 0xB7, 0xAF, 0x45, 0x5F, 0xB7, 0xAF, 0x4D,
    0x67, 0xB7, 0xAF, 0x53, 0x6F, 0xB7, 0xAF, 0x57, 0x77, 0xB7, 0xAF, 0x5A,
    0x7F, 0xB7, 0xAF, 0x5B, 0x87, 0xB7, 0xAF, 0x5A, 0x8F, 0xB7, 0xAF, 0x57,
    0x97, 0xB7, 0xAF, 0x53, 0x9F, 0xB7, 0xAF, 0x4D, 0xA7, 0xB7, 0xAF, 0x45,
    0xAF, 0xB7, 0xAF, 0x3C, 0xB7, 0xB7, 0xAF, 0x32, 0xBF, 0xB7, 0xAF, 0x26,
    0xC7, 0xB7, 0xAF, 0x1A, 0xCF, 0xB7, 0xAF, 0x0E, 0xD7, 0xB7, 0xAF, 0x00,
    0xDF, 0xB7, 0xAF, 0x00, 0xE7, 0xB7, 0xAF, 0x00, 0xEF, 0xB7, 0xAF, 0x00,
    0xF7, 0xB7, 0xAF, 0x00, 0x00, 0xBF, 0xAF, 0x00, 0x07, 0xBF, 0xAF, 0x00,
    0x0F, 0xBF, 0xAF, 0x00, 0x17, 0xBF, 0xAF, 0x00, 0x1F, 0xBF, 0xAF, 0x00,
    0x27, 0xBF, 0xAF, 0x00, 0x2F, 0xBF, 0xAF, 0x04, 0x37, 0xBF, 0xAF, 0x10,
    0x3F, 0xBF, 0xAF, 0x1C, 0x47, 0xBF, 0xAF, 0x26, 0x4F, 0xBF, 0xAF, 0x30,
    0x57, 0xBF, 0xAF, 0x39, 0x5F, 0xBF, 0xAF, 0x40, 0x67, 0xBF, 0xAF, 0x46,
    0x6F, 0xBF, 0xAF, 0x4A, 0x77, 0xBF, 0xAF, 0x4D, 0x7F, 0xBF, 0xAF, 0x4D,
    0x87, 0xBF, 0xAF, 0x4D, 0x8F, 0xBF, 0xAF, 0x4A, 0x97, 0xBF, 0xAF, 0x46,
    0x9F, 0xBF, 0xAF, 0x40, 0xA7, 0xBF, 0xAF, 0x39, 0xAF, 0xBF, 0xAF, 0x30,
    0xB7, 0xBF, 0xAF, 0x26, 0xBF, 0xBF, 0xAF, 0x1C, 0xC7, 0xBF, 0xAF, 0x10,
    0xCF, 0xBF, 0xAF, 0x04, 0xD7, 0xBF, 0xAF, 0x00, 0xDF, 0xBF, 0xAF, 0x00,
    0xE7, 0xBF, 0xAF, 0x00, 0xEF, 0xBF, 0xAF, 0x00, 0xF7, 0xBF, 0xAF, 0x00,
    0x00, 0xC7, 0xAF, 0x00, 0x07, 0xC7, 0xAF, 0x00, 0x0F, 0xC7, 0xAF, 0x00,
    0x17, 0xC7, 0xAF, 0x00, 0x1F, 0xC7, 0xAF, 0x00, 0x27, 0xC7, 0xAF, 0x00,
    0x2F, 0xC7, 0xAF, 0x00, 0x37, 0xC7, 0xAF, 0x05, 0x3F, 0xC7, 0xAF, 0x10,
    0x47, 0xC7, 0xAF, 0x1A, 0x4F, 0xC7, 0xAF, 0x23, 0x57, 0xC7, 0xAF, 0x2B,
    0x5F, 0xC7, 0xAF, 0x32, 0x67, 0xC7, 0xAF, 0x38, 0x6F, 0xC7, 0xAF, 0x3C,
    0x77, 0xC7, 0xAF, 0x3E, 0x7F, 0xC7, 0xAF, 0x3F, 0x87, 0xC7, 0xAF, 0x3E,
    0x8F, 0xC7, 0xAF, 0x3C, 0x97, 0xC7, 0xAF, 0x38, 0x9F, 0xC7, 0xAF, 0x32,
    0xA7, 0xC7, 0xAF, 0x2B, 0xAF, 0xC7, 0xAF, 0x23, 0xB7, 0xC7, 0xAF, 0x1A,
    0xBF, 0xC7, 0xAF, 0x10, 0xC7, 0xC7, 0xAF, 0x05, 0xCF, 0xC7, 0xAF, 0x00,
    0xD7, 0xC7, 0xAF, 0x00, 0xDF, 0xC7, 0xAF, 0x00, 0xE7, 0xC7, 0xAF, 0x00,
    0xEF, 0xC7, 0xAF, 0x00, 0xF7, 0xC7, 0xAF, 0x00, 0x00, 0xCF, 0xAF, 0x00,
    0x07, 0xCF, 0xAF, 0x00, 0x0F, 0xCF, 0xAF, 0x00, 0x17, 0xCF, 0xAF, 0x00,
    0x1F, 0xCF, 0xAF, 0x00, 0x27, 0xCF, 0xAF, 0x00, 0x2F, 0xCF, 0xAF, 0x00,
    0x37, 0xCF, 0xAF, 0x00, 0x3F, 0xCF, 0xAF, 0x04, 0x47, 0xCF, 0xAF, 0x0E,
    0x4F, 0xCF, 0xAF, 0x16, 0x57, 0xCF, 0xAF, 0x1E, 0x5F, 0xCF, 0xAF, 0x24,
    0x67, 0xCF, 0xAF, 0x29, 0x6F, 0xCF, 0xAF, 0x2D, 0x77, 0xCF, 0xAF, 0x2F,
    0x7F, 0xCF, 0xAF, 0x30, 0x87, 0xCF, 0xAF, 0x2F, 0x8F, 0xCF, 0xAF, 0x2D,
    0x97, 0xCF, 0xAF, 0x29, 0x9F, 0xCF, 0xAF, 0x24, 0xA7, 0xCF, 0xAF, 0x1E,
    0xAF, 0xCF, 0xAF, 0x16, 0xB7, 0xCF, 0xAF, 0x0E, 0xBF, 0xCF, 0xAF, 0x04,
    0xC7, 0xCF, 0xAF, 0x00, 0xCF, 0xCF, 0xAF, 0x00, 0xD7, 0xCF, 0xAF, 0x00,
    0xDF, 0xCF, 0xAF, 0x00, 0xE7, 0xCF, 0xAF, 0x00, 0xEF, 0xCF, 0xAF, 0x00,
    0xF7, 0xCF, 0xAF, 0x00, 0x00, 0xD7, 0xAF, 0x00, 0x07, 0xD7, 0xAF, 0x00,
    0x0F, 0xD7, 0xAF, 0x00, 0x17, 0xD7, 0xAF, 0x00, 0x1F, 0xD7, 0xAF, 0x00,
    0x27, 0xD7, 0xAF, 0x00, 0x2F, 0xD7, 0xAF, 0x00, 0x37, 0xD7, 0xAF, 0x00,
    0x3F, 0xD7, 0xAF, 0x00, 0x47, 0xD7, 0xAF, 0x00, 0x4F, 0xD7, 0xAF, 0x08,
    0x57, 0xD7, 0xAF, 0x10, 0x5F, 0xD7, 0xAF, 0x16, 0x67, 0xD7, 0xAF, 0x1A,
    0x6F, 0xD7, 0xAF, 0x1E, 0x77, 0xD7, 0xAF, 0x20, 0x7F, 0xD7, 0xAF, 0x21,
    0x87, 0xD7, 0xAF, 0x20, 0x8F, 0xD7, 0xAF, 0x1E, 0x97, 0xD7, 0xAF, 0x1A,
    0x9F, 0xD7, 0xAF, 0x16, 0xA7, 0xD7, 0xAF, 0x10, 0xAF, 0xD7, 0xAF, 0x08,
    0xB7, 0xD7, 0xAF, 0x00, 0xBF, 0xD7, 0xAF, 0x00, 0xC7, 0xD7, 0xAF, 0x00,
    0xCF, 0xD7, 0xAF, 0x00, 0xD7, 0xD7, 0xAF, 0x00, 0xDF, 0xD7, 0xAF, 0x00,
    0xE7, 0xD7, 0xAF, 0x00, 0xEF, 0xD7, 0xAF, 0x00, 0xF7, 0xD7, 0xAF, 0x00,
    0x00, 0xDF, 0xAF, 0x00, 0x07, 0xDF, 0xAF, 0x00, 0x0F, 0xDF, 0xAF, 0x00,
    0x17, 0xDF, 0xAF, 0x00, 0x1F, 0xDF, 0xAF, 0x00, 0x27, 0xDF, 0xAF, 0x00,
    0x2F, 0xDF, 0xAF, 0x00, 0x37, 0xDF, 0xAF, 0x00, 0x3F, 0xDF, 0xAF, 0x00,
    0x47, 0xDF, 0xAF, 0x00, 0x4F, 0xDF, 0xAF, 0x00, 0x57, 0xDF, 0xAF, 0x01,
    0x5F, 0xDF, 0xAF, 0x07, 0x67, 0xDF, 0xAF, 0x0B, 0x6F, 0xDF, 0xAF, 0x0E,
    0x77, 0xDF, 0xAF, 0x10, 0x7F, 0xDF, 0xAF, 0x11, 0x87, 0xDF, 0xAF, 0x10,
    0x8F, 0xDF, 0xAF, 0x0E, 0x97, 0xDF, 0xAF, 0x0B, 0x9F, 0xDF, 0xAF, 0x07,
    0xA7, 0xDF, 0xAF, 0x01, 0xAF, 0xDF, 0xAF, 0x00, 0xB7, 0xDF, 0xAF, 0x00,
    0xBF, 0xDF, 0xAF, 0x00, 0xC7, 0xDF, 0xAF, 0x00, 0xCF, 0xDF, 0xAF, 0x00,
    0xD7, 0xDF, 0xAF, 0x00, 0xDF, 0xDF, 0xAF, 0x00, 0xE7, 0xDF, 0xAF, 0x00,
    0xEF, 0xDF, 0xAF, 0x00, 0xF7, 0xDF, 0xAF, 0x00, 0x00, 0xE7, 0xAF, 0x00,
    0x07, 0xE7, 0xAF, 0x00, 0x0F, 0xE7, 0xAF, 0x00, 0x17, 0xE7, 0xAF, 0x00,
    0x1F, 0xE7, 0xAF, 0x00, 0x27, 0xE7, 0xAF, 0x00, 0x2F, 0xE7, 0xAF, 0x00,
    0x37, 0xE7, 0xAF, 0x00, 0x3F, 0xE7, 0xAF, 0x00, 0x47, 0xE7, 0xAF, 0x00,
    0x4F, 0xE7, 0xAF, 0x00, 0x57, 0xE7, 0xAF, 0x00, 0x5F, 0xE7, 0xAF, 0x00,
    0x67, 0xE7, 0xAF, 0x00, 0x6F, 0xE7, 0xAF, 0x00, 0x77, 0xE7, 0xAF, 0x00,
    0x7F, 0xE7, 0xAF, 0x01, 0x87, 0xE7, 0xAF, 0x00, 0x8F, 0xE7, 0xAF, 0x00,
    0x97, 0xE7, 0xAF, 0x00, 0x9F, 0xE7, 0xAF, 0x00, 0xA7, 0xE7, 0xAF, 0x00,
    0xAF, 0xE7, 0xAF, 0x00, 0xB7, 0xE7, 0xAF, 0x00, 0xBF, 0xE7, 0xAF, 0x00,
    0xC7, 0xE7, 0xAF, 0x00, 0xCF, 0xE7, 0xAF, 0x00, 0xD7, 0xE7, 0xAF, 0x00,
    0xDF, 0xE7, 0xAF, 0x00, 0xE7, 0xE7, 0xAF, 0x00, 0xEF, 0xE7, 0xAF, 0x00,
    0xF7, 0xE7, 0xAF, 0x00, 0x00, 0xEF, 0xAF, 0x00, 0x07, 0xEF, 0xAF, 0x00,
    0x0F, 0xEF, 0xAF, 0x00, 0x17, 0xEF, 0xAF, 0x00, 0x1F, 0xEF, 0xAF, 0x00,
    0x27, 0xEF, 0xAF, 0x00, 0x2F, 0xEF, 0xAF, 0x00, 0x37, 0xEF, 0xAF, 0x00,
    0x3F, 0xEF, 0xAF, 0x00, 0x47, 0xEF, 0xAF, 0x00, 0x4F, 0xEF, 0xAF, 0x00,
    0x57, 0xEF, 0xAF, 0x00, 0x5F, 0xEF, 0xAF, 0x00, 0x67, 0xEF, 0xAF, 0x00,
    0x6F, 0xEF, 0xAF, 0x00, 0x77, 0xEF, 0xAF, 0x00, 0x7F, 0xEF, 0xAF, 0x00,
    0x87, 0xEF, 0xAF, 0x00, 0x8F, 0xEF, 0xAF, 0x00, 0x97, 0xEF, 0xAF, 0x00,
    0x9F, 0xEF, 0xAF, 0x00, 0xA7, 0xEF, 0xAF, 0x00, 0xAF, 0xEF, 0xAF, 0x00,
    0xB7, 0xEF, 0xAF, 0x00, 0xBF, 0xEF, 0xAF, 0x00, 0xC7, 0xEF, 0xAF, 0x00,
    0xCF, 0xEF, 0xAF, 0x00, 0xD7, 0xEF, 0xAF, 0x00, 0xDF, 0xEF, 0xAF, 0x00,
    0xE7, 0xEF, 0xAF, 0x00, 0xEF, 0xEF, 0xAF, 0x00, 0xF7, 0xEF, 0xAF, 0x00,
    0x00, 0xF7, 0xAF, 0x00, 0x07, 0xF7, 0xAF, 0x00, 0x0F, 0xF7, 0xAF, 0x00,
    0x17, 0xF7, 0xAF, 0x00, 0x1F, 0xF7, 0xAF, 0x00, 0x27, 0xF7, 0xAF, 0x00,
    0x2F, 0xF7, 0xAF, 0x00, 0x37, 0xF7, 0xAF, 0x00, 0x3F, 0xF7, 0xAF, 0x00,
    0x47, 0xF7, 0xAF, 0x00, 0x4F, 0xF7, 0xAF, 0x00, 0x57, 0xF7, 0xAF, 0x00,
    0x5F, 0xF7, 0xAF, 0x00, 0x67, 0xF7, 0xAF, 0x00, 0x6F, 0xF7, 0xAF, 0x00,
    0x77, 0xF7, 0xAF, 0x00, 0x7F, 0xF7, 0xAF, 0x00, 0x87, 0xF7, 0xAF, 0x00,
    0x8F, 0xF7, 0xAF, 0x00, 0x97, 0xF7, 0xAF, 0x00, 0x9F, 0xF7, 0xAF, 0x00,
    0xA7, 0xF7, 0xAF, 0x00, 0xAF, 0xF7, 0xAF, 0x00, 0xB7, 0xF7, 0xAF, 0x00,
    0xBF, 0xF7, 0xAF, 0x00, 0xC7, 0xF7, 0xAF, 0x00, 0xCF, 0xF7, 0xAF, 0x00,
    0xD7, 0xF7, 0xAF, 0x00, 0xDF, 0xF7, 0xAF, 0x00, 0xE7, 0xF7, 0xAF, 0x00,
    0xEF, 0xF7, 0xAF, 0x00, 0xF7, 0xF7, 0xAF, 0x00, 0x00, 0x00, 0xB7, 0x00,
    0x07, 0x00, 0xB7, 0x00, 0x0F, 0x00, 0xB7, 0x00, 0x17, 0x00, 0xB7, 0x00,
    0x1F, 0x00, 0xB7, 0x00, 0x27, 0x00, 0xB7, 0x00, 0x2F, 0x00, 0xB7, 0x00,
    0x37, 0x00, 0xB7, 0x00, 0x3F, 0x00, 0xB7, 0x00, 0x47, 0x00, 0xB7, 0x00,
    0x4F, 0x00, 0xB7, 0x00, 0x57, 0x00, 0xB7, 0x00, 0x5F, 0x00, 0xB7, 0x00,
    0x67, 0x00, 0xB7, 0x00, 0x6F, 0x00, 0xB7, 0x00, 0x77, 0x00, 0xB7, 0x00,
    0x7F, 0x00, 0xB7, 0x00, 0x87, 0x00, 0xB7, 0x00, 0x8F, 0x00, 0xB7, 0x00,
    0x97, 0x00, 0xB7, 0x00, 0x9F, 0x00, 0xB7, 0x00, 0xA7, 0x00, 0xB7, 0x00,
    0xAF, 0x00, 0xB7, 0x00, 0xB7, 0x00, 0xB7, 0x00, 0xBF, 0x00, 0xB7, 0x00,
    0xC7, 0x00, 0xB7, 0x00, 0xCF, 0x00, 0xB7, 0x00, 0xD7, 0x00, 0xB7, 0x00,
    0xDF, 0x00, 0xB7, 0x00, 0xE7, 0x00, 0xB7, 0x00, 0xEF, 0x00, 0xB7, 0x00,
    0xF7, 0x00, 0xB7, 0x00, 0x00, 0x07, 0xB7, 0x00, 0x07, 0x07, 0xB7, 0x00,
    0x0F, 0x07, 0xB7, 0x00, 0x17, 0x07, 0xB7, 0x00, 0x1F, 0x07, 0xB7, 0x00,
    0x27, 0x07, 0xB7, 0x00, 0x2F, 0x07, 0xB7, 0x00, 0x37, 0x07, 0xB7, 0x00,
    0x3F, 0x07, 0xB7, 0x00, 0x47, 0x07, 0xB7, 0x00, 0x4F, 0x07, 0xB7, 0x00,
    0x57, 0x07, 0xB7, 0x00, 0x5F, 0x07, 0xB7, 0x00, 0x67, 0x07, 0xB7, 0x00,
    0x6F, 0x07, 0xB7, 0x00, 0x77, 0x07, 0xB7, 0x00, 0x7F, 0x07, 0xB7, 0x00,
    0x87, 0x07, 0xB7, 0x00, 0x8F, 0x07, 0xB7, 0x00, 0x97, 0x07, 0xB7, 0x00,
    0x9F, 0x07, 0xB7, 0x00, 0xA7, 0x07, 0xB7, 0x00, 0xAF, 0x07, 0xB7, 0x00,
    0xB7, 0x07, 0xB7, 0x00, 0xBF, 0x07, 0xB7, 0x00, 0xC7, 0x07, 0xB7, 0x00,
    0xCF, 0x07, 0xB7, 0x00, 0xD7, 0x07, 0xB7, 0x00, 0xDF, 0x07, 0xB7, 0x00,
    0xE7, 0x07, 0xB7, 0x00, 0xEF, 0x07, 0xB7, 0x00, 0xF7, 0x07, 0xB7, 0x00,
    0x00, 0x0F, 0xB7, 0x00, 0x07, 0x0F, 0xB7, 0x00, 0x0F, 0x0F, 0xB7, 0x00,
    0x17, 0x0F, 0xB7, 0x00, 0x1F, 0x0F, 0xB7, 0x00, 0x27, 0x0F, 0xB7, 0x00,
    0x2F, 0x0F, 0xB7, 0x00, 0x37, 0x0F, 0xB7, 0x00, 0x3F, 0x0F, 0xB7, 0x00,
    0x47, 0x0F, 0xB7, 0x00, 0x4F, 0x0F, 0xB7, 0x00, 0x57, 0x0F, 0xB7, 0x00,
    0x5F, 0x0F, 0xB7, 0x00, 0x67, 0x0F, 0xB7, 0x00, 0x6F, 0x0F, 0xB7, 0x00,
    0x77, 0x0F, 0xB7, 0x00, 0x7F, 0x0F, 0xB7, 0x00, 0x87, 0x0F, 0xB7, 0x00,
    0x8F, 0x0F, 0xB7, 0x00, 0x97, 0x0F, 0xB7, 0x00, 0x9F, 0x0F, 0xB7, 0x00,
    0xA7, 0x0F, 0xB7, 0x00, 0xAF, 0x0F, 0xB7, 0x00, 0xB7, 0x0F, 0xB7, 0x00,
    0xBF, 0x0F, 0xB7, 0x00, 0xC7, 0x0F, 0xB7, 0x00, 0xCF, 0x0F, 0xB7, 0x00,
    0xD7, 0x0F, 0xB7, 0x00, 0xDF, 0x0F, 0xB7, 0x00, 0xE7, 0x0F, 0xB7, 0x00,
    0xEF, 0x0F, 0xB7, 0x00, 0xF7, 0x0F, 0xB7, 0x00, 0x00, 0x17, 0xB7, 0x00,
    0x07, 0x17, 0xB7, 0x00, 0x0F, 0x17, 0xB7, 0x00, 0x17, 0x17, 0xB7, 0x00,
    0x1F, 0x17, 0xB7, 0x00, 0x27, 0x17, 0xB7, 0x00, 0x2F, 0x17, 0xB7, 0x00,
    0x37, 0x17, 0xB7, 0x00, 0x3F, 0x17, 0xB7, 0x00, 0x47, 0x17, 0xB7, 0x00,
    0x4F, 0x17, 0xB7, 0x00, 0x57, 0x17, 0xB7, 0x00, 0x5F, 0x17, 0xB7, 0x00,
    0x67, 0x17, 0xB7, 0x00, 0x6F, 0x17, 0xB7, 0x00, 0x77, 0x17, 0xB7, 0x00,
    0x7F, 0x17, 0xB7, 0x00, 0x87, 0x17, 0xB7, 0x00, 0x8F, 0x17, 0xB7, 0x00,
    0x97, 0x17, 0xB7, 0x00, 0x9F, 0x17, 0xB7, 0x00, 0xA7, 0x17, 0xB7, 0x00,
    0xAF, 0x17, 0xB7, 0x00, 0xB7, 0x17, 0xB7, 0x00, 0xBF, 0x17, 0xB7, 0x00,
    0xC7, 0x17, 0xB7, 0x00, 0xCF, 0x17, 0xB7, 0x00, 0xD7, 0x17, 0xB7, 0x00,
    0xDF, 0x17, 0xB7, 0x00, 0xE7, 0x17, 0xB7, 0x00, 0xEF, 0x17, 0xB7, 0x00,
    0xF7, 0x17, 0xB7, 0x00, 0x00, 0x1F, 0xB7, 0x00, 0x07, 0x1F, 0xB7, 0x00,
    0x0F, 0x1F, 0xB7, 0x00, 0x17, 0x1F, 0xB7, 0x00, 0x1F, 0x1F, 0xB7, 0x00,
    0x27, 0x1F, 0xB7, 0x00, 0x2F, 0x1F, 0xB7, 0x00, 0x37, 0x1F, 0xB7, 0x00,
    0x3F, 0x1F, 0xB7, 0x00, 0x47, 0x1F, 0xB7, 0x00, 0x4F, 0x1F, 0xB7, 0x00,
    0x57, 0x1F, 0xB7, 0x00, 0x5F, 0x1F, 0xB7, 0x00, 0x67, 0x1F, 0xB7, 0x03,
    0x6F, 0x1F, 0xB7, 0x06, 0x77, 0x1F, 0xB7, 0x08, 0x7F, 0x1F, 0xB7, 0x08,
    0x87, 0x1F, 0xB7, 0x08, 0x8F, 0x1F, 0xB7, 0x06, 0x97, 0x1F, 0xB7, 0x03,
    0x9F, 0x1F, 0xB7, 0x00, 0xA7, 0x1F, 0xB7, 0x00, 0xAF, 0x1F, 0xB7, 0x00,
    0xB7, 0x1F, 0xB7, 0x00, 0xBF, 0x1F, 0xB7, 0x00, 0xC7, 0x1F, 0xB7, 0x00,
    0xCF, 0x1F, 0xB7, 0x00, 0xD7, 0x1F, 0xB7, 0x00, 0xDF, 0x1F, 0xB7, 0x00,
    0xE7, 0x1F, 0xB7, 0x00, 0xEF, 0x1F, 0xB7, 0x00, 0xF7, 0x1F, 0xB7, 0x00,
    0x00, 0x27, 0xB7, 0x00, 0x07, 0x27, 0xB7, 0x00, 0x0F, 0x27, 0xB7, 0x00,
    0x17, 0x27, 0xB7, 0x00, 0x1F, 0x27, 0xB7, 0x00, 0x27, 0x27, 0xB7, 0x00,
    0x2F, 0x27, 0xB7, 0x00, 0x37, 0x27, 0xB7, 0x00, 0x3F, 0x27, 0xB7, 0x00,
    0x47, 0x27, 0xB7, 0x00, 0x4F, 0x27, 0xB7, 0x00, 0x57, 0x27, 0xB7, 0x07,
    0x5F, 0x27, 0xB7, 0x0D, 0x67, 0x27, 0xB7, 0x12, 0x6F, 0x27, 0xB7, 0x15,
    0x77, 0x27, 0xB7, 0x17, 0x7F, 0x27, 0xB7, 0x18, 0x87, 0x27, 0xB7, 0x17,
    0x8F, 0x27, 0xB7, 0x15, 0x97, 0x27, 0xB7, 0x12, 0x9F, 0x27, 0xB7, 0x0D,
    0xA7, 0x27, 0xB7, 0x07, 0xAF, 0x27, 0xB7, 0x00, 0xB7, 0x27, 0xB7, 0x00,
    0xBF, 0x27, 0xB7, 0x00, 0xC7, 0x27, 0xB7, 0x00, 0xCF, 0x27, 0xB7, 0x00,
    0xD7, 0x27, 0xB7, 0x00, 0xDF, 0x27, 0xB7, 0x00, 0xE7, 0x27, 0xB7, 0x00,
    0xEF, 0x27, 0xB7, 0x00, 0xF7, 0x27, 0xB7, 0x00, 0x00, 0x2F, 0xB7, 0x00,
    0x07, 0x2F, 0xB7, 0x00, 0x0F, 0x2F, 0xB7, 0x00, 0x17, 0x2F, 0xB7, 0x00,
    0x1F, 0x2F, 0xB7, 0x00, 0x27, 0x2F, 0xB7, 0x00, 0x2F, 0x2F, 0xB7, 0x00,
    0x37, 0x2F, 0xB7, 0x00, 0x3F, 0x2F, 0xB7, 0x00, 0x47, 0x2F, 0xB7, 0x05,
    0x4F, 0x2F, 0xB7, 0x0E, 0x57, 0x2F, 0xB7, 0x15, 0x5F, 0x2F, 0xB7, 0x1B,
    0x67, 0x2F, 0xB7, 0x20, 0x6F, 0x2F, 0xB7, 0x23, 0x77, 0x2F, 0xB7, 0x26,
    0x7F, 0x2F, 0xB7, 0x26, 0x87, 0x2F, 0xB7, 0x26, 0x8F, 0x2F, 0xB7, 0x23,
    0x97, 0x2F, 0xB7, 0x20, 0x9F, 0x2F, 0xB7, 0x1B, 0xA7, 0x2F, 0xB7, 0x15,
    0xAF, 0x2F, 0xB7, 0x0E, 0xB7, 0x2F, 0xB7, 0x05, 0xBF, 0x2F, 0xB7, 0x00,
    0xC7, 0x2F, 0xB7, 0x00, 0xCF, 0x2F, 0xB7, 0x00, 0xD7, 0x2F, 0xB7, 0x00,
    0xDF, 0x2F, 0xB7, 0x00, 0xE7, 0x2F, 0xB7, 0x00, 0xEF, 0x2F, 0xB7, 0x00,
    0xF7, 0x2F, 0xB7, 0x00, 0x00, 0x37, 0xB7, 0x00, 0x07, 0x37, 0xB7, 0x00,
    0x0F, 0x37, 0xB7, 0x00, 0x17, 0x37, 0xB7, 0x00, 0x1F, 0x37, 0xB7, 0x00,
    0x27, 0x37, 0xB7, 0x00, 0x2F, 0x37, 0xB7, 0x00, 0x37, 0x37, 0xB7, 0x00,
    0x3F, 0x37, 0xB7, 0x08, 0x47, 0x37, 0xB7, 0x12, 0x4F, 0x37, 0xB7, 0x1A,
    0x57, 0x37, 0xB7, 0x22, 0x5F, 0x37, 0xB7, 0x29, 0x67, 0x37, 0xB7, 0x2E,
    0x6F, 0x37, 0xB7, 0x32, 0x77, 0x37, 0xB7, 0x34, 0x7F, 0x37, 0xB7, 0x35,
    0x87, 0x37, 0xB7, 0x34, 0x8F, 0x37, 0xB7, 0x32, 0x97, 0x37, 0xB7, 0x2E,
    0x9F, 0x37, 0xB7, 0x29, 0xA7, 0x37, 0xB7, 0x22, 0xAF, 0x37, 0xB7, 0x1A,
    0xB7, 0x37, 0xB7, 0x12, 0xBF, 0x37, 0xB7, 0x08, 0xC7, 0x37, 0xB7, 0x00,
    0xCF, 0x37, 0xB7, 0x00, 0xD7, 0x37, 0xB7, 0x00, 0xDF, 0x37, 0xB7, 0x00,
    0xE7, 0x37, 0xB7, 0x00, 0xEF, 0x37, 0xB7, 0x00, 0xF7, 0x37, 0xB7, 0x00,
    0x00, 0x3F, 0xB7, 0x00, 0x07, 0x3F, 0xB7, 0x00, 0x0F, 0x3F, 0xB7, 0x00,
    0x17, 0x3F, 0xB7, 0x00, 0x1F, 0x3F, 0xB7, 0x00, 0x27, 0x3F, 0xB7, 0x00,
    0x2F, 0x3F, 0xB7, 0x00, 0x37, 0x3F, 0xB7, 0x08, 0x3F, 0x3F, 0xB7, 0x13,
    0x47, 0x3F, 0xB7, 0x1D, 0x4F, 0x3F, 0xB7, 0x26, 0x57, 0x3F, 0xB7, 0x2E,
    0x5F, 0x3F, 0xB7, 0x35, 0x67, 0x3F, 0xB7, 0x3B, 0x6F, 0x3F, 0xB7, 0x3F,
    0x77, 0x3F, 0xB7, 0x41, 0x7F, 0x3F, 0xB7, 0x42, 0x87, 0x3F, 0xB7, 0x41,
    0x8F, 0x3F, 0xB7, 0x3F, 0x97, 0x3F, 0xB7, 0x3B, 0x9F, 0x3F, 0xB7, 0x35,
    0xA7, 0x3F, 0xB7, 0x2E, 0xAF, 0x3F, 0xB7, 0x26, 0xB7, 0x3F, 0xB7, 0x1D,
    0xBF, 0x3F, 0xB7, 0x13, 0xC7, 0x3F, 0xB7, 0x08, 0xCF, 0x3F, 0xB7, 0x00,
    0xD7, 0x3F, 0xB7, 0x00, 0xDF, 0x3F, 0xB7, 0x00, 0xE7, 0x3F, 0xB7, 0x00,
    0xEF, 0x3F, 0xB7, 0x00, 0xF7, 0x3F, 0xB7, 0x00, 0x00, 0x47, 0xB7, 0x00,
    0x07, 0x47, 0xB7, 0x00, 0x0F, 0x47, 0xB7, 0x00, 0x17, 0x47, 0xB7, 0x00,
    0x1F, 0x47, 0xB7, 0x00, 0x27, 0x47, 0xB7, 0x00, 0x2F, 0x47, 0xB7, 0x05,
    0x37, 0x47, 0xB7, 0x12, 0x3F, 0x47, 0xB7, 0x1D, 0x47, 0x47, 0xB7, 0x28,
    0x4F, 0x47, 0xB7, 0x32, 0x57, 0x47, 0xB7, 0x3A, 0x5F, 0x47, 0xB7, 0x41,
    0x67, 0x47, 0xB7, 0x47, 0x6F, 0x47, 0xB7, 0x4C, 0x77, 0x47, 0xB7, 0x4E,
    0x7F, 0x47, 0xB7, 0x4F, 0x87, 0x47, 0xB7, 0x4E, 0x8F, 0x47, 0xB7, 0x4C,
    0x97, 0x47, 0xB7, 0x47, 0x9F, 0x47, 0xB7, 0x41, 0xA7, 0x47, 0xB7, 0x3A,
    0xAF, 0x47, 0xB7, 0x32, 0xB7, 0x47, 0xB7, 0x28, 0xBF, 0x47, 0xB7, 0x1D,
    0xC7, 0x47, 0xB7, 0x12, 0xCF, 0x47, 0xB7, 0x05, 0xD7, 0x47, 0xB7, 0x00,
    0xDF, 0x47, 0xB7, 0x00, 0xE7, 0x47, 0xB7, 0x00, 0xEF, 0x47, 0xB7, 0x00,
    0xF7, 0x47, 0xB7, 0x00, 0x00, 0x4F, 0xB7, 0x00, 0x07, 0x4F, 0xB7, 0x00,
    0x0F, 0x4F, 0xB7, 0x00, 0x17, 0x4F, 0xB7, 0x00, 0x1F, 0x4F, 0xB7, 0x00,
    0x27, 0x4F, 0xB7, 0x00, 0x2F, 0x4F, 0xB7, 0x0E, 0x37, 0x4F, 0xB7, 0x1A,
    0x3F, 0x4F, 0xB7, 0x26, 0x47, 0x4F, 0xB7, 0x32, 0x4F, 0x4F, 0xB7, 0x3C,
    0x57, 0x4F, 0xB7, 0x45, 0x5F, 0x4F, 0xB7, 0x4D, 0x67, 0x4F, 0xB7, 0x53,
    0x6F, 0x4F, 0xB7, 0x57, 0x77, 0x4F, 0xB7, 0x5A, 0x7F, 0x4F, 0xB7, 0x5B,
    0x87, 0x4F, 0xB7, 0x5A, 0x8F, 0x4F, 0xB7, 0x57, 0x97, 0x4F, 0xB7, 0x53,
    0x9F, 0x4F, 0xB7, 0x4D, 0xA7, 0x4F, 0xB7, 0x45, 0xAF, 0x4F, 0xB7, 0x3C,
    0xB7, 0x4F, 0xB7, 0x32, 0xBF, 0x4F, 0xB7, 0x26, 0xC7, 0x4F, 0xB7, 0x1A,
    0xCF, 0x4F, 0xB7, 0x0E, 0xD7, 0x4F, 0xB7, 0x00, 0xDF, 0x4F, 0xB7, 0x00,
    0xE7, 0x4F, 0xB7, 0x00, 0xEF, 0x4F, 0xB7, 0x00, 0xF7, 0x4F, 0xB7, 0x00,
    0x00, 0x57, 0xB7, 0x00, 0x07, 0x57, 0xB7, 0x00, 0x0F, 0x57, 0xB7, 0x00,
    0x17, 0x57, 0xB7, 0x00, 0x1F, 0x57, 0xB7, 0x00, 0x27, 0x57, 0xB7, 0x07,
    0x2F, 0x57, 0xB7, 0x15, 0x37, 0x57, 0xB7, 0x22, 0x3F, 0x57, 0xB7, 0x2E,
    0x47, 0x57, 0xB7, 0x3A, 0x4F, 0x57, 0xB7, 0x45, 0x57, 0x57, 0xB7, 0x4E,
    0x5F, 0x57, 0xB7, 0x57, 0x67, 0x57, 0xB7, 0x5D, 0x6F, 0x57, 0xB7, 0x62,
    0x77, 0x57, 0xB7, 0x65, 0x7F, 0x57, 0xB7, 0x66, 0x87, 0x57, 0xB7, 0x65,
    0x8F, 0x57, 0xB7, 0x62, 0x97, 0x57, 0xB7, 0x5D, 0x9F, 0x57, 0xB7, 0x57,
    0xA7, 0x57, 0xB7, 0x4E, 0xAF, 0x57, 0xB7, 0x45, 0xB7, 0x57, 0xB7, 0x3A,
    0xBF, 0x57, 0xB7, 0x2E, 0xC7, 0x57, 0xB7, 0x22, 0xCF, 0x57, 0xB7, 0x15,
    0xD7, 0x57, 0xB7, 0x07, 0xDF, 0x57, 0xB7, 0x00, 0xE7, 0x57, 0xB7, 0x00,
    0xEF, 0x57, 0xB7, 0x00, 0xF7, 0x57, 0xB7, 0x00, 0x00, 0x5F, 0xB7, 0x00,
    0x07, 0x5F, 0xB7, 0x00, 0x0F, 0x5F, 0xB7, 0x00, 0x17, 0x5F, 0xB7, 0x00,
    0x1F, 0x5F, 0xB7, 0x00, 0x27, 0x5F, 0xB7, 0x0D, 0x2F, 0x5F, 0xB7, 0x1B,
    0x37, 0x5F, 0xB7, 0x29, 0x3F, 0x5F, 0xB7, 0x35, 0x47, 0x5F, 0xB7, 0x41,
    0x4F, 0x5F, 0xB7, 0x4D, 0x57, 0x5F, 0xB7, 0x57, 0x5F, 0x5F, 0xB7, 0x5F,
    0x67, 0x5F, 0xB7, 0x66, 0x6F, 0x5F, 0xB7, 0x6B, 0x77, 0x5F, 0xB7, 0x6F,
    0x7F, 0x5F, 0xB7, 0x70, 0x87, 0x5F, 0xB7, 0x6F, 0x8F, 0x5F, 0xB7, 0x6B,
    0x97, 0x5F, 0xB7, 0x66, 0x9F, 0x5F, 0xB7, 0x5F, 0xA7, 0x5F, 0xB7, 0x57,
    0xAF, 0x5F, 0xB7, 0x4D, 0xB7, 0x5F, 0xB7, 0x41, 0xBF, 0x5F, 0xB7, 0x35,
    0xC7, 0x5F, 0xB7, 0x29, 0xCF, 0x5F, 0xB7, 0x1B, 0xD7, 0x5F, 0xB7, 0x0D,
    0xDF, 0x5F, 0xB7, 0x00, 0xE7, 0x5F, 0xB7, 0x00, 0xEF, 0x5F, 0xB7, 0x00,
    0xF7, 0x5F, 0xB7, 0x00, 0x00, 0x67, 0xB7, 0x00, 0x07, 0x67, 0xB7, 0x00,
    0x0F, 0x67, 0xB7, 0x00, 0x17, 0x67, 0xB7, 0x00, 0x1F, 0x67, 0xB7, 0x03,
    0x27, 0x67, 0xB7, 0x12, 0x2F, 0x67, 0xB7, 0x20, 0x37, 0x67, 0xB7, 0x2E,
    0x3F, 0x67, 0xB7, 0x3B, 0x47, 0x67, 0xB7, 0x47, 0x4F, 0x67, 0xB7, 0x53,
    0x57, 0x67, 0xB7, 0x5D, 0x5F, 0x67, 0xB7, 0x66, 0x67, 0x67, 0xB7, 0x6E,
    0x6F, 0x67, 0xB7, 0x73, 0x77, 0x67, 0xB7, 0x76, 0x7F, 0x67, 0xB7, 0x78,
    0x87, 0x67, 0xB7, 0x76, 0x8F, 0x67, 0xB7, 0x73, 0x97, 0x67, 0xB7, 0x6E,
    0x9F, 0x67, 0xB7, 0x66, 0xA7, 0x67, 0xB7, 0x5D, 0xAF, 0x67, 0xB7, 0x53,
    0xB7, 0x67, 0xB7, 0x47, 0xBF, 0x67, 0xB7, 0x3B, 0xC7, 0x67, 0xB7, 0x2E,
    0xCF, 0x67, 0xB7, 0x20, 0xD7, 0x67, 0xB7, 0x12, 0xDF, 0x67, 0xB7, 0x03,
    0xE7, 0x67, 0xB7, 0x00, 0xEF, 0x67, 0xB7, 0x00, 0xF7, 0x67, 0xB7, 0x00,
    0x00, 0x6F, 0xB7, 0x00, 0x07, 0x6F, 0xB7, 0x00, 0x0F, 0x6F, 0xB7, 0x00,
    0x17, 0x6F, 0xB7, 0x00, 0x1F, 0x6F, 0xB7, 0x06, 0x27, 0x6F, 0xB7, 0x15,
    0x2F, 0x6F, 0xB7, 0x23, 0x37, 0x6F, 0xB7, 0x32, 0x3F, 0x6F, 0xB7, 0x3F,
    0x47, 0x6F, 0xB7, 0x4C, 0x4F, 0x6F, 0xB7, 0x57, 0x57, 0x6F, 0xB7, 0x62,
    0x5F, 0x6F, 0xB7, 0x6B, 0x67, 0x6F, 0xB7, 0x73, 0x6F, 0x6F, 0xB7, 0x79,
    0x77, 0x6F, 0xB7, 0x7C, 0x7F, 0x6F, 0xB7, 0x7E, 0x87, 0x6F, 0xB7, 0x7C,
    0x8F, 0x6F, 0xB7, 0x79, 0x97, 0x6F, 0xB7, 0x73, 0x9F, 0x6F, 0xB7, 0x6B,
    0xA7, 0x6F, 0xB7, 0x62, 0xAF, 0x6F, 0xB7, 0x57, 0xB7, 0x6F, 0xB7, 0x4C,
    0xBF, 0x6F, 0xB7, 0x3F, 0xC7, 0x6F, 0xB7, 0x32, 0xCF, 0x6F, 0xB7, 0x23,
    0xD7, 0x6F, 0xB7, 0x15, 0xDF, 0x6F, 0xB7, 0x06, 0xE7, 0x6F, 0xB7, 0x00,
    0xEF, 0x6F, 0xB7, 0x00, 0xF7, 0x6F, 0xB7, 0x00, 0x00, 0x77, 0xB7, 0x00,
    0x07, 0x77, 0xB7, 0x00, 0x0F, 0x77, 0xB7, 0x00, 0x17, 0x77, 0xB7, 0x00,
    0x1F, 0x77, 0xB7, 0x08, 0x27, 0x77, 0xB7, 0x17, 0x2F, 0x77, 0xB7, 0x26,
    0x37, 0x77, 0xB7, 0x34, 0x3F, 0x77, 0xB7, 0x41, 0x47, 0x77, 0xB7, 0x4E,
    0x4F, 0x77, 0xB7, 0x5A, 0x57, 0x77, 0xB7, 0x65, 0x5F, 0x77, 0xB7, 0x6F,
    0x67, 0x77, 0xB7, 0x76, 0x6F, 0x77, 0xB7, 0x7C, 0x77, 0x77, 0xB7, 0x80,
    0x7F, 0x77, 0xB7, 0x81, 0x87, 0x77, 0xB7, 0x80, 0x8F, 0x77, 0xB7, 0x7C,
    0x97, 0x77, 0xB7, 0x76, 0x9F, 0x77, 0xB7, 0x6F, 0xA7, 0x77, 0xB7, 0x65,
    0xAF, 0x77, 0xB7, 0x5A, 0xB7, 0x77, 0xB7, 0x4E, 0xBF, 0x77, 0xB7, 0x41,
    0xC7, 0x77, 0xB7, 0x34, 0xCF, 0x77, 0xB7, 0x26, 0xD7, 0x77, 0xB7, 0x17,
    0xDF, 0x77, 0xB7, 0x08, 0xE7, 0x77, 0xB7, 0x00, 0xEF, 0x77, 0xB7, 0x00,
    0xF7, 0x77, 0xB7, 0x00, 0x00, 0x7F, 0xB7, 0x00, 0x07, 0x7F, 0xB7, 0x00,
    0x0F, 0x7F, 0xB7, 0x00, 0x17, 0x7F, 0xB7, 0x00, 0x1F, 0x7F, 0xB7, 0x08,
    0x27, 0x7F, 0xB7, 0x18, 0x2F, 0x7F, 0xB7, 0x26, 0x37, 0x7F, 0xB7, 0x35,
    0x3F, 0x7F, 0xB7, 0x42, 0x47, 0x7F, 0xB7, 0x4F, 0x4F, 0x7F, 0xB7, 0x5B,
    0x57, 0x7F, 0xB7, 0x66, 0x5F, 0x7F, 0xB7, 0x70, 0x67, 0x7F, 0xB7, 0x78,
    0x6F, 0x7F, 0xB7, 0x7E, 0x77, 0x7F, 0xB7, 0x81, 0x7F, 0x7F, 0xB7, 0x83,
    0x87, 0x7F, 0xB7, 0x81, 0x8F, 0x7F, 0xB7, 0x7E, 0x97, 0x7F, 0xB7, 0x78,
    0x9F, 0x7F, 0xB7, 0x70, 0xA7, 0x7F, 0xB7, 0x66, 0xAF, 0x7F, 0xB7, 0x5B,
    0xB7, 0x7F, 0xB7, 0x4F, 0xBF, 0x7F, 0xB7, 0x42, 0xC7, 0x7F, 0xB7, 0x35,
    0xCF, 0x7F, 0xB7, 0x26, 0xD7, 0x7F, 0xB7, 0x18, 0xDF, 0x7F, 0xB7, 0x08,
    0xE7, 0x7F, 0xB7, 0x00, 0xEF, 0x7F, 0xB7, 0x00, 0xF7, 0x7F, 0xB7, 0x00,
    0x00, 0x87, 0xB7, 0x00, 0x07, 0x87, 0xB7, 0x00, 0x0F, 0x87, 0xB7, 0x00,
    0x17, 0x87, 0xB7, 0x00, 0x1F, 0x87, 0xB7, 0x08, 0x27, 0x87, 0xB7, 0x17,
    0x2F, 0x87, 0xB7, 0x26, 0x37, 0x87, 0xB7, 0x34, 0x3F, 0x87, 0xB7, 0x41,
    0x47, 0x87, 0xB7, 0x4E, 0x4F, 0x87, 0xB7, 0x5A, 0x57, 0x87, 0xB7, 0x65,
    0x5F, 0x87, 0xB7, 0x6F, 0x67, 0x87, 0xB7, 0x76, 0x6F, 0x87, 0xB7, 0x7C,
    0x77, 0x87, 0xB7, 0x80, 0x7F, 0x87, 0xB7, 0x81, 0x87, 0x87, 0xB7, 0x80,
    0x8F, 0x87, 0xB7, 0x7C, 0x97, 0x87, 0xB7, 0x76, 0x9F, 0x87, 0xB7, 0x6F,
    0xA7, 0x87, 0xB7, 0x65, 0xAF, 0x87, 0xB7, 0x5A, 0xB7, 0x87, 0xB7, 0x4E,
    0xBF, 0x87, 0xB7, 0x41, 0xC7, 0x87, 0xB7, 0x34, 0xCF, 0x87, 0xB7, 0x26,
    0xD7, 0x87, 0xB7, 0x17, 0xDF, 0x87, 0xB7, 0x08, 0xE7, 0x87, 0xB7, 0x00,
    0xEF, 0x87, 0xB7, 0x00, 0xF7, 0x87, 0xB7, 0x00, 0x00, 0x8F, 0xB7, 0x00,
    0x07, 0x8F, 0xB7, 0x00, 0x0F, 0x8F, 0xB7, 0x00, 0x17, 0x8F, 0xB7, 0x00,
    0x1F, 0x8F, 0xB7, 0x06, 0x27, 0x8F, 0xB7, 0x15, 0x2F, 0x8F, 0xB7, 0x23,
    0x37, 0x8F, 0xB7, 0x32, 0x3F, 0x8F, 0xB7, 0x3F, 0x47, 0x8F, 0xB7, 0x4C,
    0x4F, 0x8F, 0xB7, 0x57, 0x57, 0x8F, 0xB7, 0x62, 0x5F, 0x8F, 0xB7, 0x6B,
    0x67, 0x8F, 0xB7, 0x73, 0x6F, 0x8F, 0xB7, 0x79, 0x77, 0x8F, 0xB7, 0x7C,
    0x7F, 0x8F, 0xB7, 0x7E, 0x87, 0x8F, 0xB7, 0x7C, 0x8F, 0x8F, 0xB7, 0x79,
    0x97, 0x8F, 0xB7, 0x73, 0x9F, 0x8F, 0xB7, 0x6B, 0xA7, 0x8F, 0xB7, 0x62,
    0xAF, 0x8F, 0xB7, 0x57, 0xB7, 0x8F, 0xB7, 0x4C, 0xBF, 0x8F, 0xB7, 0x3F,
    0xC7, 0x8F, 0xB7, 0x32, 0xCF, 0x8F, 0xB7, 0x23, 0xD7, 0x8F, 0xB7, 0x15,
    0xDF, 0x8F, 0xB7, 0x06, 0xE7, 0x8F, 0xB7, 0x00, 0xEF, 0x8F, 0xB7, 0x00,
    0xF7, 0x8F, 0xB7, 0x00, 0x00, 0x97, 0xB7, 0x00, 0x07, 0x97, 0xB7, 0x00,
    0x0F, 0x97, 0xB7, 0x00, 0x17, 0x97, 0xB7, 0x00, 0x1F, 0x97, 0xB7, 0x03,
    0x27, 0x97, 0xB7, 0x12, 0x2F, 0x97, 0xB7, 0x20, 0x37, 0x97, 0xB7, 0x2E,
    0x3F, 0x97, 0xB7, 0x3B, 0x47, 0x97, 0xB7, 0x47, 0x4F, 0x97, 0xB7, 0x53,
    0x57, 0x97, 0xB7, 0x5D, 0x5F, 0x97, 0xB7, 0x66, 0x67, 0x97, 0xB7, 0x6E,
    0x6F, 0x97, 0xB7, 0x73, 0x77, 0x97, 0xB7, 0x76, 0x7F, 0x97, 0xB7, 0x78,
    0x87, 0x97, 0xB7, 0x76, 0x8F, 0x97, 0xB7, 0x73, 0x97, 0x97, 0xB7, 0x6E,
    0x9F, 0x97, 0xB7, 0x66, 0xA7, 0x97, 0xB7, 0x5D, 0xAF, 0x97, 0xB7, 0x53,
    0xB7, 0x97, 0xB7, 0x47, 0xBF, 0x97, 0xB7, 0x3B, 0xC7, 0x97, 0xB7, 0x2E,
    0xCF, 0x97, 0xB7, 0x20, 0xD7, 0x97, 0xB7, 0x12, 0xDF, 0x97, 0xB7, 0x03,
    0xE7, 0x97, 0xB7, 0x00, 0xEF, 0x97, 0xB7, 0x00, 0xF7, 0x97, 0xB7, 0x00,
    0x00, 0x9F, 0xB7, 0x00, 0x07, 0x9F, 0xB7, 0x00, 0x0F, 0x9F, 0xB7, 0x00,
    0x17, 0x9F, 0xB7, 0x00, 0x1F, 0x9F, 0xB7, 0x00, 0x27, 0x9F, 0xB7, 0x0D,
    0x2F, 0x9F, 0xB7, 0x1B, 0x37, 0x9F, 0xB7, 0x29, 0x3F, 0x9F, 0xB7, 0x35,
    0x47, 0x9F, 0xB7, 0x41, 0x4F, 0x9F, 0xB7, 0x4D, 0x57, 0x9F, 0xB7, 0x57,
    0x5F, 0x9F, 0xB7, 0x5F, 0x67, 0x9F, 0xB7, 0x66, 0x6F, 0x9F, 0xB7, 0x6B,
    0x77, 0x9F, 0xB7, 0x6F, 0x7F, 0x9F, 0xB7, 0x70, 0x87, 0x9F, 0xB7, 0x6F,
    0x8F, 0x9F, 0xB7, 0x6B, 0x97, 0x9F, 0xB7, 0x66, 0x9F, 0x9F, 0xB7, 0x5F,
    0xA7, 0x9F, 0xB7, 0x57, 0xAF, 0x9F, 0xB7, 0x4D, 0xB7, 0x9F, 0xB7, 0x41,
    0xBF, 0x9F, 0xB7, 0x35, 0xC7, 0x9F, 0xB7, 0x29, 0xCF, 0x9F, 0xB7, 0x1B,
    0xD7, 0x9F, 0xB7, 0x0D, 0xDF, 0x9F, 0xB7, 0x00, 0xE7, 0x9F, 0xB7, 0x00,
    0xEF, 0x9F, 0xB7, 0x00, 0xF7, 0x9F, 0xB7, 0x00, 0x00, 0xA7, 0xB7, 0x00,
    0x07, 0xA7, 0xB7, 0x00, 0x0F, 0xA7, 0xB7, 0x00, 0x17, 0xA7, 0xB7, 0x00,
    0x1F, 0xA7, 0xB7, 0x00, 0x27, 0xA7, 0xB7, 0x07, 0x2F, 0xA7, 0xB7, 0x15,
    0x37, 0xA7, 0xB7, 0x22, 0x3F, 0xA7, 0xB7, 0x2E, 0x47, 0xA7, 0xB7, 0x3A,
    0x4F, 0xA7, 0xB7, 0x45, 0x57, 0xA7, 0xB7, 0x4E, 0x5F, 0xA7, 0xB7, 0x57,
    0x67, 0xA7, 0xB7, 0x5D, 0x6F, 0xA7, 0xB7, 0x62, 0x77, 0xA7, 0xB7, 0x65,
    0x7F, 0xA7, 0xB7, 0x66, 0x87, 0xA7, 0xB7, 0x65, 0x8F, 0xA7, 0xB7, 0x62,
    0x97, 0xA7, 0xB7, 0x5D, 0x9F, 0xA7, 0xB7, 0x57, 0xA7, 0xA7, 0xB7, 0x4E,
    0xAF, 0xA7, 0xB7, 0x45, 0xB7, 0xA7, 0xB7, 0x3A, 0xBF, 0xA7, 0xB7, 0x2E,
    0xC7, 0xA7, 0xB7, 0x22, 0xCF, 0xA7, 0xB7, 0x15, 0xD7, 0xA7, 0xB7, 0x07,
    0xDF, 0xA7, 0xB7, 0x00, 0xE7, 0xA7, 0xB7, 0x00, 0xEF, 0xA7, 0xB7, 0x00,
    0xF7, 0xA7, 0xB7, 0x00, 0x00, 0xAF, 0xB7, 0x00, 0x07, 0xAF, 0xB7, 0x00,
    0x0F, 0xAF, 0xB7, 0x00, 0x17, 0xAF, 0xB7, 0x00, 0x1F, 0xAF, 0xB7, 0x00,
    0x27, 0xAF, 0xB7, 0x00, 0x2F, 0xAF, 0xB7, 0x0E, 0x37, 0xAF, 0xB7, 0x1A,
    0x3F, 0xAF, 0xB7, 0x26, 0x47, 0xAF, 0xB7, 0x32, 0x4F, 0xAF, 0xB7, 0x3C,
    0x57, 0xAF, 0xB7, 0x45, 0x5F, 0xAF, 0xB7, 0x4D, 0x67, 0xAF, 0xB7, 0x53,
    0x6F, 0xAF, 0xB7, 0x57, 0x77, 0xAF, 0xB7, 0x5A, 0x7F, 0xAF, 0xB7, 0x5B,
    0x87, 0xAF, 0xB7, 0x5A, 0x8F, 0xAF, 0xB7, 0x57, 0x97, 0xAF, 0xB7, 0x53,
    0x9F, 0xAF, 0xB7, 0x4D, 0xA7, 0xAF, 0xB7, 0x45, 0xAF, 0xAF, 0xB7, 0x3C,
    0xB7, 0xAF, 0xB7, 0x32, 0xBF, 0xAF, 0xB7, 0x26, 0xC7, 0xAF, 0xB7, 0x1A,
    0xCF, 0xAF, 0xB7, 0x0E, 0xD7, 0xAF, 0xB7, 0x00, 0xDF, 0xAF, 0xB7, 0x00,
    0xE7, 0xAF, 0xB7, 0x00, 0xEF, 0xAF, 0xB7, 0x00, 0xF7, 0xAF, 0xB7, 0x00,
    0x00, 0xB7, 0xB7, 0x00, 0x07, 0xB7, 0xB7, 0x00, 0x0F, 0xB7, 0xB7, 0x00,
    0x17, 0xB7, 0xB7, 0x00, 0x1F, 0xB7, 0xB7, 0x00, 0x27, 0xB7, 0xB7, 0x00,
    0x2F, 0xB7, 0xB7, 0x05, 0x37, 0xB7, 0xB7, 0x12, 0x3F, 0xB7, 0xB7, 0x1D,
    0x47, 0xB7, 0xB7, 0x28, 0x4F, 0xB7, 0xB7, 0x32, 0x57, 0xB7, 0xB7, 0x3A,
    0x5F, 0xB7, 0xB7, 0x41, 0x67, 0xB7, 0xB7, 0x47, 0x6F, 0xB7, 0xB7, 0x4C,
    0x77, 0xB7, 0xB7, 0x4E, 0x7F, 0xB7, 0xB7, 0x4F, 0x87, 0xB7, 0xB7, 0x4E,
    0x8F, 0xB7, 0xB7, 0x4C, 0x97, 0xB7, 0xB7, 0x47, 0x9F, 0xB7, 0xB7, 0x41,
    0xA7, 0xB7, 0xB7, 0x3A, 0xAF, 0xB7, 0xB7, 0x32, 0xB7, 0xB7, 0xB7, 0x28,
    0xBF, 0xB7, 0xB7, 0x1D, 0xC7, 0xB7, 0xB7, 0x12, 0xCF, 0xB7, 0xB7, 0x05,
    0xD7, 0xB7, 0xB7, 0x00, 0xDF, 0xB7, 0xB7, 0x00, 0xE7, 0xB7, 0xB7, 0x00,
    0xEF, 0xB7, 0xB7, 0x00, 0xF7, 0xB7, 0xB7, 0x00, 0x00, 0xBF, 0xB7, 0x00,
    0x07, 0xBF, 0xB7, 0x00, 0x0F, 0xBF, 0xB7, 0x00, 0x17, 0xBF, 0xB7, 0x00,
    0x1F, 0xBF, 0xB7, 0x00, 0x27, 0xBF, 0xB7, 0x00, 0x2F, 0xBF, 0xB7, 0x00,
    0x37, 0xBF, 0xB7, 0x08, 0x3F, 0xBF, 0xB7, 0x13, 0x47, 0xBF, 0xB7, 0x1D,
    0x4F, 0xBF, 0xB7, 0x26, 0x57, 0xBF, 0xB7, 0x2E, 0x5F, 0xBF, 0xB7, 0x35,
    0x67, 0xBF, 0xB7, 0x3B, 0x6F, 0xBF, 0xB7, 0x3F, 0x77, 0xBF, 0xB7, 0x41,
    0x7F, 0xBF, 0xB7, 0x42, 0x87, 0xBF, 0xB7, 0x41, 0x8F, 0xBF, 0xB7, 0x3F,
    0x97, 0xBF, 0xB7, 0x3B, 0x9F, 0xBF, 0xB7, 0x35, 0xA7, 0xBF, 0xB7, 0x2E,
    0xAF, 0xBF, 0xB7, 0x26, 0xB7, 0xBF, 0xB7, 0x1D, 0xBF, 0xBF, 0xB7, 0x13,
    0xC7, 0xBF, 0xB7, 0x08, 0xCF, 0xBF, 0xB7, 0x00, 0xD7, 0xBF, 0xB7, 0x00,
    0xDF, 0xBF, 0xB7, 0x00, 0xE7, 0xBF, 0xB7, 0x00, 0xEF, 0xBF, 0xB7, 0x00,
    0xF7, 0xBF, 0xB7, 0x00, 0x00, 0xC7, 0xB7, 0x00, 0x07, 0xC7, 0xB7, 0x00,
    0x0F, 0xC7, 0xB7, 0x00, 0x17, 0xC7, 0xB7, 0x00, 0x1F, 0xC7, 0xB7, 0x00,
    0x27, 0xC7, 0xB7, 0x00, 0x2F, 0xC7, 0xB7, 0x00, 0x37, 0xC7, 0xB7, 0x00,
    0x3F, 0xC7, 0xB7, 0x08, 0x47, 0xC7, 0xB7, 0x12, 0x4F, 0xC7, 0xB7, 0x1A,
    0x57, 0xC7, 0xB7, 0x22, 0x5F, 0xC7, 0xB7, 0x29, 0x67, 0xC7, 0xB7, 0x2E,
    0x6F, 0xC7, 0xB7, 0x32, 0x77, 0xC7, 0xB7, 0x34, 0x7F, 0xC7, 0xB7, 0x35,
    0x87, 0xC7, 0xB7, 0x34, 0x8F, 0xC7, 0xB7, 0x32, 0x97, 0xC7, 0xB7, 0x2E,
    0x9F, 0xC7, 0xB7, 0x29, 0xA7, 0xC7, 0xB7, 0x22, 0xAF, 0xC7, 0xB7, 0x1A,
    0xB7, 0xC7, 0xB7, 0x12, 0xBF, 0xC7, 0xB7, 0x08, 0xC7, 0xC7, 0xB7, 0x00,
    0xCF, 0xC7, 0xB7, 0x00, 0xD7, 0xC7, 0xB7, 0x00, 0xDF, 0xC7, 0xB7, 0x00,
    0xE7, 0xC7, 0xB7, 0x00, 0xEF, 0xC7, 0xB7, 0x00, 0xF7, 0xC7, 0xB7, 0x00,
    0x00, 0xCF, 0xB7, 0x00, 0x07, 0xCF, 0xB7, 0x00, 0x0F, 0xCF, 0xB7, 0x00,
    0x17, 0xCF, 0xB7, 0x00, 0x1F, 0xCF, 0xB7, 0x00, 0x27, 0xCF, 0xB7, 0x00,
    0x2F, 0xCF, 0xB7, 0x00, 0x37, 0xCF, 0xB7, 0x00, 0x3F, 0xCF, 0xB7, 0x00,
    0x47, 0xCF, 0xB7, 0x05, 0x4F, 0xCF, 0xB7, 0x0E, 0x57, 0xCF, 0xB7, 0x15,
    0x5F, 0xCF, 0xB7, 0x1B, 0x67, 0xCF, 0xB7, 0x20, 0x6F, 0xCF, 0xB7, 0x23,
    0x77, 0xCF, 0xB7, 0x26, 0x7F, 0xCF, 0xB7, 0x26, 0x87, 0xCF, 0xB7, 0x26,
    0x8F, 0xCF, 0xB7, 0x23, 0x97, 0xCF, 0xB7, 0x20, 0x9F, 0xCF, 0xB7, 0x1B,
    0xA7, 0xCF, 0xB7, 0x15, 0xAF, 0xCF, 0xB7, 0x0E, 0xB7, 0xCF, 0xB7, 0x05,
    0xBF, 0xCF, 0xB7, 0x00, 0xC7, 0xCF, 0xB7, 0x00, 0xCF, 0xCF, 0xB7, 0x00,
    0xD7, 0xCF, 0xB7, 0x00, 0xDF, 0xCF, 0xB7, 0x00, 0xE7, 0xCF, 0xB7, 0x00,
    0xEF, 0xCF, 0xB7, 0x00, 0xF7, 0xCF, 0xB7, 0x00, 0x00, 0xD7, 0xB7, 0x00,
    0x07, 0xD7, 0xB7, 0x00, 0x0F, 0xD7, 0xB7, 0x00, 0x17, 0xD7, 0xB7, 0x00,
    0x1F, 0xD7, 0xB7, 0x00, 0x27, 0xD7, 0xB7, 0x00, 0x2F, 0xD7, 0xB7, 0x00,
    0x37, 0xD7, 0xB7, 0x00, 0x3F, 0xD7, 0xB7, 0x00, 0x47, 0xD7, 0xB7, 0x00,
    0x4F, 0xD7, 0xB7, 0x00, 0x57, 0xD7, 0xB7, 0x07, 0x5F, 0xD7, 0xB7, 0x0D,
    0x67, 0xD7, 0xB7, 0x12, 0x6F, 0xD7, 0xB7, 0x15, 0x77, 0xD7, 0xB7, 0x17,
    0x7F, 0xD7, 0xB7, 0x18, 0x87, 0xD7, 0xB7, 0x17, 0x8F, 0xD7, 0xB7, 0x15,
    0x97, 0xD7, 0xB7, 0x12, 0x9F, 0xD7, 0xB7, 0x0D, 0xA7, 0xD7, 0xB7, 0x07,
    0xAF, 0xD7, 0xB7, 0x00, 0xB7, 0xD7, 0xB7, 0x00, 0xBF, 0xD7, 0xB7, 0x00,
    0xC7, 0xD7, 0xB7, 0x00, 0xCF, 0xD7, 0xB7, 0x00, 0xD7, 0xD7, 0xB7, 0x00,
    0xDF, 0xD7, 0xB7, 0x00, 0xE7, 0xD7, 0xB7, 0x00, 0xEF, 0xD7, 0xB7, 0x00,
    0xF7, 0xD7, 0xB7, 0x00, 0x00, 0xDF, 0xB7, 0x00, 0x07, 0xDF, 0xB7, 0x00,
    0x0F, 0xDF, 0xB7, 0x00, 0x17, 0xDF, 0xB7, 0x00, 0x1F, 0xDF, 0xB7, 0x00,
    0x27, 0xDF, 0xB7, 0x00, 0x2F, 0xDF, 0xB7, 0x00, 0x37, 0xDF, 0xB7, 0x00,
    0x3F, 0xDF, 0xB7, 0x00, 0x47, 0xDF, 0xB7, 0x00, 0x4F, 0xDF, 0xB7, 0x00,
    0x57, 0xDF, 0xB7, 0x00, 0x5F, 0xDF, 0xB7, 0x00, 0x67, 0xDF, 0xB7, 0x03,
    0x6F, 0xDF, 0xB7, 0x06, 0x77, 0xDF, 0xB7, 0x08, 0x7F, 0xDF, 0xB7, 0x08,
    0x87, 0xDF, 0xB7, 0x08, 0x8F, 0xDF, 0xB7, 0x06, 0x97, 0xDF, 0xB7, 0x03,
    0x9F, 0xDF, 0xB7, 0x00, 0xA7, 0xDF, 0xB7, 0x00, 0xAF, 0xDF, 0xB7, 0x00,
    0xB7, 0xDF, 0xB7, 0x00, 0xBF, 0xDF, 0xB7, 0x00, 0xC7, 0xDF, 0xB7, 0x00,
    0xCF, 0xDF, 0xB7, 0x00, 0xD7, 0xDF, 0xB7, 0x00, 0xDF, 0xDF, 0xB7, 0x00,
    0xE7, 0xDF, 0xB7, 0x00, 0xEF, 0xDF, 0xB7, 0x00, 0xF7, 0xDF, 0xB7, 0x00,
    0x00, 0xE7, 0xB7, 0x00, 0x07, 0xE7, 0xB7, 0x00, 0x0F, 0xE7, 0xB7, 0x00,
    0x17, 0xE7, 0xB7, 0x00, 0x1F, 0xE7, 0xB7, 0x00, 0x27, 0xE7, 0xB7, 0x00,
    0x2F, 0xE7, 0xB7, 0x00, 0x37, 0xE7, 0xB7, 0x00, 0x3F, 0xE7, 0xB7, 0x00,
    0x47, 0xE7, 0xB7, 0x00, 0x4F, 0xE7, 0xB7, 0x00, 0x57, 0xE7, 0xB7, 0x00,
    0x5F, 0xE7, 0xB7, 0x00, 0x67, 0xE7, 0xB7, 0x00, 0x6F, 0xE7, 0xB7, 0x00,
    0x77, 0xE7, 0xB7, 0x00, 0x7F, 0xE7, 0xB7, 0x00, 0x87, 0xE7, 0xB7, 0x00,
    0x8F, 0xE7, 0xB7, 0x00, 0x97, 0xE7, 0xB7, 0x00, 0x9F, 0xE7, 0xB7, 0x00,
    0xA7, 0xE7, 0xB7, 0x00, 0xAF, 0xE7, 0xB7, 0x00, 0xB7, 0xE7, 0xB7, 0x00,
    0xBF, 0xE7, 0xB7, 0x00, 0xC7, 0xE7, 0xB7, 0x00, 0xCF, 0xE7, 0xB7, 0x00,
    0xD7, 0xE7, 0xB7, 0x00, 0xDF, 0xE7, 0xB7, 0x00, 0xE7, 0xE7, 0xB7, 0x00,
    0xEF, 0xE7, 0xB7, 0x00, 0xF7, 0xE7, 0xB7, 0x00, 0x00, 0xEF, 0xB7, 0x00,
    0x07, 0xEF, 0xB7, 0x00, 0x0F, 0xEF, 0xB7, 0x00, 0x17, 0xEF, 0xB7, 0x00,
    0x1F, 0xEF, 0xB7, 0x00, 0x27, 0xEF, 0xB7, 0x00, 0x2F, 0xEF, 0xB7, 0x00,
    0x37, 0xEF, 0xB7, 0x00, 0x3F, 0xEF, 0xB7, 0x00, 0x47, 0xEF, 0xB7, 0x00,
    0x4F, 0xEF, 0xB7, 0x00, 0x57, 0xEF, 0xB7, 0x00, 0x5F, 0xEF, 0xB7, 0x00,
    0x67, 0xEF, 0xB7, 0x00, 0x6F, 0xEF, 0xB7, 0x00, 0x77, 0xEF, 0xB7, 0x00,
    0x7F, 0xEF, 0xB7, 0x00, 0x87, 0xEF, 0xB7, 0x00, 0x8F, 0xEF, 0xB7, 0x00,
    0x97, 0xEF, 0xB7, 0x00, 0x9F, 0xEF, 0xB7, 0x00, 0xA7, 0xEF, 0xB7, 0x00,
    0xAF, 0xEF, 0xB7, 0x00, 0xB7, 0xEF, 0xB7, 0x00, 0xBF, 0xEF, 0xB7, 0x00,
    0xC7, 0xEF, 0xB7, 0x00, 0xCF, 0xEF, 0xB7, 0x00, 0xD7, 0xEF, 0xB7, 0x00,
    0xDF, 0xEF, 0xB7, 0x00, 0xE7, 0xEF, 0xB7, 0x00, 0xEF, 0xEF, 0xB7, 0x00,
    0xF7, 0xEF, 0xB7, 0x00, 0x00, 0xF7, 0xB7, 0x00, 0x07, 0xF7, 0xB7, 0x00,
    0x0F, 0xF7, 0xB7, 0x00, 0x17, 0xF7, 0xB7, 0x00, 0x1F, 0xF7, 0xB7, 0x00,
    0x27, 0xF7, 0xB7, 0x00, 0x2F, 0xF7, 0xB7, 0x00, 0x37, 0xF7, 0xB7, 0x00,
    0x3F, 0xF7, 0xB7, 0x00, 0x47, 0xF7, 0xB7, 0x00, 0x4F, 0xF7, 0xB7, 0x00,
    0x57, 0xF7, 0xB7, 0x00, 0x5F, 0xF7, 0xB7, 0x00, 0x67, 0xF7, 0xB7, 0x00,
    0x6F, 0xF7, 0xB7, 0x00, 0x77, 0xF7, 0xB7, 0x00, 0x7F, 0xF7, 0xB7, 0x00,
    0x87, 0xF7, 0xB7, 0x00, 0x8F, 0xF7, 0xB7, 0x00, 0x97, 0xF7, 0xB7, 0x00,
    0x9F, 0xF7, 0xB7, 0x00, 0xA7, 0xF7, 0xB7, 0x00, 0xAF, 0xF7, 0xB7, 0x00,
    0xB7, 0xF7, 0xB7, 0x00, 0xBF, 0xF7, 0xB7, 0x00, 0xC7, 0xF7, 0xB7, 0x00,
    0xCF, 0xF7, 0xB7, 0x00, 0xD7, 0xF7, 0xB7, 0x00, 0xDF, 0xF7, 0xB7, 0x00,
    0xE7, 0xF7, 0xB7, 0x00, 0xEF, 0xF7, 0xB7, 0x00, 0xF7, 0xF7, 0xB7, 0x00,
    0x00, 0x00, 0xBF, 0x00, 0x07, 0x00, 0xBF, 0x00, 0x0F, 0x00, 0xBF, 0x00,
    0x17, 0x00, 0xBF, 0x00, 0x1F, 0x00, 0xBF, 0x00, 0x27, 0x00, 0xBF, 0x00,
    0x2F, 0x00, 0xBF, 0x00, 0x37, 0x00, 0xBF, 0x00, 0x3F, 0x00, 0xBF, 0x00,
    0x47, 0x00, 0xBF, 0x00, 0x4F, 0x00, 0xBF, 0x00, 0x57, 0x00, 0xBF, 0x00,
    0x5F, 0x00, 0xBF, 0x00, 0x67, 0x00, 0xBF, 0x00, 0x6F, 0x00, 0xBF, 0x00,
    0x77, 0x00, 0xBF, 0x00, 0x7F, 0x00, 0xBF, 0x00, 0x87, 0x00, 0xBF, 0x00,
    0x8F, 0x00, 0xBF, 0x00, 0x97, 0x00, 0xBF, 0x00, 0x9F, 0x00, 0xBF, 0x00,
    0xA7, 0x00, 0xBF, 0x00, 0xAF, 0x00, 0xBF, 0x00, 0xB7, 0x00, 0xBF, 0x00,
    0xBF, 0x00, 0xBF, 0x00, 0xC7, 0x00, 0xBF, 0x00, 0xCF, 0x00, 0xBF, 0x00,
    0xD7, 0x00, 0xBF, 0x00, 0xDF, 0x00, 0xBF, 0x00, 0xE7, 0x00, 0xBF, 0x00,
    0xEF, 0x00, 0xBF, 0x00, 0xF7, 0x00, 0xBF, 0x00, 0x00, 0x07, 0xBF, 0x00,
    0x07, 0x07, 0xBF, 0x00, 0x0F, 0x07, 0xBF, 0x00, 0x17, 0x07, 0xBF, 0x00,
    0x1F, 0x07, 0xBF, 0x00, 0x27, 0x07, 0xBF, 0x00, 0x2F, 0x07, 0xBF, 0x00,
    0x37, 0x07, 0xBF, 0x00, 0x3F, 0x07, 0xBF, 0x00, 0x47, 0x07, 0xBF, 0x00,
    0x4F, 0x07, 0xBF, 0x00, 0x57, 0x07, 0xBF, 0x00, 0x5F, 0x07, 0xBF, 0x00,
    0x67, 0x07, 0xBF, 0x00, 0x6F, 0x07, 0xBF, 0x00, 0x77, 0x07, 0xBF, 0x00,
    0x7F, 0x07, 0xBF, 0x00, 0x87, 0x07, 0xBF, 0x00, 0x8F, 0x07, 0xBF, 0x00,
    0x97, 0x07, 0xBF, 0x00, 0x9F, 0x07, 0xBF, 0x00, 0xA7, 0x07, 0xBF, 0x00,
    0xAF, 0x07, 0xBF, 0x00, 0xB7, 0x07, 0xBF, 0x00, 0xBF, 0x07, 0xBF, 0x00,
    0xC7, 0x07, 0xBF, 0x00, 0xCF, 0x07, 0xBF, 0x00, 0xD7, 0x07, 0xBF, 0x00,
    0xDF, 0x07, 0xBF, 0x00, 0xE7, 0x07, 0xBF, 0x00, 0xEF, 0x07, 0xBF, 0x00,
    0xF7, 0x07, 0xBF, 0x00, 0x00, 0x0F, 0xBF, 0x00, 0x07, 0x0F, 0xBF, 0x00,
    0x0F, 0x0F, 0xBF, 0x00, 0x17, 0x0F, 0xBF, 0x00, 0x1F, 0x0F, 0xBF, 0x00,
    0x27, 0x0F, 0xBF, 0x00, 0x2F, 0x0F, 0xBF, 0x00, 0x37, 0x0F, 0xBF, 0x00,
    0x3F, 0x0F, 0xBF, 0x00, 0x47, 0x0F, 0xBF, 0x00, 0x4F, 0x0F, 0xBF, 0x00,
    0x57, 0x0F, 0xBF, 0x00, 0x5F, 0x0F, 0xBF, 0x00, 0x67, 0x0F, 0xBF, 0x00,
    0x6F, 0x0F, 0xBF, 0x00, 0x77, 0x0F, 0xBF, 0x00, 0x7F, 0x0F, 0xBF, 0x00,
    0x87, 0x0F, 0xBF, 0x00, 0x8F, 0x0F, 0xBF, 0x00, 0x97, 0x0F, 0xBF, 0x00,
    0x9F, 0x0F, 0xBF, 0x00, 0xA7, 0x0F, 0xBF, 0x00, 0xAF, 0x0F, 0xBF, 0x00,
    0xB7, 0x0F, 0xBF, 0x00, 0xBF, 0x0F, 0xBF, 0x00, 0xC7, 0x0F, 0xBF, 0x00,
    0xCF, 0x0F, 0xBF, 0x00, 0xD7, 0x0F, 0xBF, 0x00, 0xDF, 0x0F, 0xBF, 0x00,
    0xE7, 0x0F, 0xBF, 0x00, 0xEF, 0x0F, 0xBF, 0x00, 0xF7, 0x0F, 0xBF, 0x00,
    0x00, 0x17, 0xBF, 0x00, 0x07, 0x17, 0xBF, 0x00, 0x0F, 0x17, 0xBF, 0x00,
    0x17, 0x17, 0xBF, 0x00, 0x1F, 0x17, 0xBF, 0x00, 0x27, 0x17, 0xBF, 0x00,
    0x2F, 0x17, 0xBF, 0x00, 0x37, 0x17, 0xBF, 0x00, 0x3F, 0x17, 0xBF, 0x00,
    0x47, 0x17, 0xBF, 0x00, 0x4F, 0x17, 0xBF, 0x00, 0x57, 0x17, 0xBF, 0x00,
    0x5F, 0x17, 0xBF, 0x00, 0x67, 0x17, 0xBF, 0x00, 0x6F, 0x17, 0xBF, 0x00,
    0x77, 0x17, 0xBF, 0x00, 0x7F, 0x17, 0xBF, 0x00, 0x87, 0x17, 0xBF, 0x00,
    0x8F, 0x17, 0xBF, 0x00, 0x97, 0x17, 0xBF, 0x00, 0x9F, 0x17, 0xBF, 0x00,
    0xA7, 0x17, 0xBF, 0x00, 0xAF, 0x17, 0xBF, 0x00, 0xB7, 0x17, 0xBF, 0x00,
    0xBF, 0x17, 0xBF, 0x00, 0xC7, 0x17, 0xBF, 0x00, 0xCF, 0x17, 0xBF, 0x00,
    0xD7, 0x17, 0xBF, 0x00, 0xDF, 0x17, 0xBF, 0x00, 0xE7, 0x17, 0xBF, 0x00,
    0xEF, 0x17, 0xBF, 0x00, 0xF7, 0x17, 0xBF, 0x00, 0x00, 0x1F, 0xBF, 0x00,
    0x07, 0x1F, 0xBF, 0x00, 0x0F, 0x1F, 0xBF, 0x00, 0x17, 0x1F, 0xBF, 0x00,
    0x1F, 0x1F, 0xBF, 0x00, 0x27, 0x1F, 0xBF, 0x00, 0x2F, 0x1F, 0xBF, 0x00,
    0x37, 0x1F, 0xBF, 0x00, 0x3F, 0x1F, 0xBF, 0x00, 0x47, 0x1F, 0xBF, 0x00,
    0x4F, 0x1F, 0xBF, 0x00, 0x57, 0x1F, 0xBF, 0x00, 0x5F, 0x1F, 0xBF, 0x00,
    0x67, 0x1F, 0xBF, 0x00, 0x6F, 0x1F, 0xBF, 0x00, 0x77, 0x1F, 0xBF, 0x00,
    0x7F, 0x1F, 0xBF, 0x00, 0x87, 0x1F, 0xBF, 0x00, 0x8F, 0x1F, 0xBF, 0x00,
    0x97, 0x1F, 0xBF, 0x00, 0x9F, 0x1F, 0xBF, 0x00, 0xA7, 0x1F, 0xBF, 0x00,
    0xAF, 0x1F, 0xBF, 0x00, 0xB7, 0x1F, 0xBF, 0x00, 0xBF, 0x1F, 0xBF, 0x00,
    0xC7, 0x1F, 0xBF, 0x00, 0xCF, 0x1F, 0xBF, 0x00, 0xD7, 0x1F, 0xBF, 0x00,
    0xDF, 0x1F, 0xBF, 0x00, 0xE7, 0x1F, 0xBF, 0x00, 0xEF, 0x1F, 0xBF, 0x00,
    0xF7, 0x1F, 0xBF, 0x00, 0x00, 0x27, 0xBF, 0x00, 0x07, 0x27, 0xBF, 0x00,
    0x0F, 0x27, 0xBF, 0x00, 0x17, 0x27, 0xBF, 0x00, 0x1F, 0x27, 0xBF, 0x00,
    0x27, 0x27, 0xBF, 0x00, 0x2F, 0x27, 0xBF, 0x00, 0x37, 0x27, 0xBF, 0x00,
    0x3F, 0x27, 0xBF, 0x00, 0x47, 0x27, 0xBF, 0x00, 0x4F, 0x27, 0xBF, 0x00,
    0x57, 0x27, 0xBF, 0x00, 0x5F, 0x27, 0xBF, 0x03, 0x67, 0x27, 0xBF, 0x08,
    0x6F, 0x27, 0xBF, 0x0B, 0x77, 0x27, 0xBF, 0x0D, 0x7F, 0x27, 0xBF, 0x0E,
    0x87, 0x27, 0xBF, 0x0D, 0x8F, 0x27, 0xBF, 0x0B, 0x97, 0x27, 0xBF, 0x08,
    0x9F, 0x27, 0xBF, 0x03, 0xA7, 0x27, 0xBF, 0x00, 0xAF, 0x27, 0xBF, 0x00,
    0xB7, 0x27, 0xBF, 0x00, 0xBF, 0x27, 0xBF, 0x00, 0xC7, 0x27, 0xBF, 0x00,
    0xCF, 0x27, 0xBF, 0x00, 0xD7, 0x27, 0xBF, 0x00, 0xDF, 0x27, 0xBF, 0x00,
    0xE7, 0x27, 0xBF, 0x00, 0xEF, 0x27, 0xBF, 0x00, 0xF7, 0x27, 0xBF, 0x00,
    0x00, 0x2F, 0xBF, 0x00, 0x07, 0x2F, 0xBF, 0x00, 0x0F, 0x2F, 0xBF, 0x00,
    0x17, 0x2F, 0xBF, 0x00, 0x1F, 0x2F, 0xBF, 0x00, 0x27, 0x2F, 0xBF, 0x00,
    0x2F, 0x2F, 0xBF, 0x00, 0x37, 0x2F, 0xBF, 0x00, 0x3F, 0x2F, 0xBF, 0x00,
    0x47, 0x2F, 0xBF, 0x00, 0x4F, 0x2F, 0xBF, 0x04, 0x57, 0x2F, 0xBF, 0x0B,
    0x5F, 0x2F, 0xBF, 0x11, 0x67, 0x2F, 0xBF, 0x16, 0x6F, 0x2F, 0xBF, 0x19,
    0x77, 0x2F, 0xBF, 0x1B, 0x7F, 0x2F, 0xBF, 0x1C, 0x87, 0x2F, 0xBF, 0x1B,
    0x8F, 0x2F, 0xBF, 0x19, 0x97, 0x2F, 0xBF, 0x16, 0x9F, 0x2F, 0xBF, 0x11,
    0xA7, 0x2F, 0xBF, 0x0B, 0xAF, 0x2F, 0xBF, 0x04, 0xB7, 0x2F, 0xBF, 0x00,
    0xBF, 0x2F, 0xBF, 0x00, 0xC7, 0x2F, 0xBF, 0x00, 0xCF, 0x2F, 0xBF, 0x00,
    0xD7, 0x2F, 0xBF, 0x00, 0xDF, 0x2F, 0xBF, 0x00, 0xE7, 0x2F, 0xBF, 0x00,
    0xEF, 0x2F, 0xBF, 0x00, 0xF7, 0x2F, 0xBF, 0x00, 0x00, 0x37, 0xBF, 0x00,
    0x07, 0x37, 0xBF, 0x00, 0x0F, 0x37, 0xBF, 0x00, 0x17, 0x37, 0xBF, 0x00,
    0x1F, 0x37, 0xBF, 0x00, 0x27, 0x37, 0xBF, 0x00, 0x2F, 0x37, 0xBF, 0x00,
    0x37, 0x37, 0xBF, 0x00, 0x3F, 0x37, 0xBF, 0x00, 0x47, 0x37, 0xBF, 0x08,
    0x4F, 0x37, 0xBF, 0x10, 0x57, 0x37, 0xBF, 0x18, 0x5F, 0x37, 0xBF, 0x1E,
    0x67, 0x37, 0xBF, 0x23, 0x6F, 0x37, 0xBF, 0x26, 0x77, 0x37, 0xBF, 0x29,
    0x7F, 0x37, 0xBF, 0x29, 0x87, 0x37, 0xBF, 0x29, 0x8F, 0x37, 0xBF, 0x26,
    0x97, 0x37, 0xBF, 0x23, 0x9F, 0x37, 0xBF, 0x1E, 0xA7, 0x37, 0xBF, 0x18,
    0xAF, 0x37, 0xBF, 0x10, 0xB7, 0x37, 0xBF, 0x08, 0xBF, 0x37, 0xBF, 0x00,
    0xC7, 0x37, 0xBF, 0x00, 0xCF, 0x37, 0xBF, 0x00, 0xD7, 0x37, 0xBF, 0x00,
    0xDF, 0x37, 0xBF, 0x00, 0xE7, 0x37, 0xBF, 0x00, 0xEF, 0x37, 0xBF, 0x00,
    0xF7, 0x37, 0xBF, 0x00, 0x00, 0x3F, 0xBF, 0x00, 0x07, 0x3F, 0xBF, 0x00,
    0x0F, 0x3F, 0xBF, 0x00, 0x17, 0x3F, 0xBF, 0x00, 0x1F, 0x3F, 0xBF, 0x00,
    0x27, 0x3F, 0xBF, 0x00, 0x2F, 0x3F, 0xBF, 0x00, 0x37, 0x3F, 0xBF, 0x00,
    0x3F, 0x3F, 0xBF, 0x09, 0x47, 0x3F, 0xBF, 0x13, 0x4F, 0x3F, 0xBF, 0x1C,
    0x57, 0x3F, 0xBF, 0x23, 0x5F, 0x3F, 0xBF, 0x2A, 0x67, 0x3F, 0xBF, 0x2F,
    0x6F, 0x3F, 0xBF, 0x33, 0x77, 0x3F, 0xBF, 0x35, 0x7F, 0x3F, 0xBF, 0x36,
    0x87, 0x3F, 0xBF, 0x35, 0x8F, 0x3F, 0xBF, 0x33, 0x97, 0x3F, 0xBF, 0x2F,
    0x9F, 0x3F, 0xBF, 0x2A, 0xA7, 0x3F, 0xBF, 0x23, 0xAF, 0x3F, 0xBF, 0x1C,
    0xB7, 0x3F, 0xBF, 0x13, 0xBF, 0x3F, 0xBF, 0x09, 0xC7, 0x3F, 0xBF, 0x00,
    0xCF, 0x3F, 0xBF, 0x00, 0xD7, 0x3F, 0xBF, 0x00, 0xDF, 0x3F, 0xBF, 0x00,
    0xE7, 0x3F, 0xBF, 0x00, 0xEF, 0x3F, 0xBF, 0x00, 0xF7, 0x3F, 0xBF, 0x00,
    0x00, 0x47, 0xBF, 0x00, 0x07, 0x47, 0xBF, 0x00, 0x0F, 0x47, 0xBF, 0x00,
    0x17, 0x47, 0xBF, 0x00, 0x1F, 0x47, 0xBF, 0x00, 0x27, 0x47, 0xBF, 0x00,
    0x2F, 0x47, 0xBF, 0x00, 0x37, 0x47, 0xBF, 0x08, 0x3F, 0x47, 0xBF, 0x13,
    0x47, 0x47, 0xBF, 0x1D, 0x4F, 0x47, 0xBF, 0x26, 0x57, 0x47, 0xBF, 0x2E,
    0x5F, 0x47, 0xBF, 0x35, 0x67, 0x47, 0xBF, 0x3B, 0x6F, 0x47, 0xBF, 0x3F,
    0x77, 0x47, 0xBF, 0x41, 0x7F, 0x47, 0xBF, 0x42, 0x87, 0x47, 0xBF, 0x41,
    0x8F, 0x47, 0xBF, 0x3F, 0x97, 0x47, 0xBF, 0x3B, 0x9F, 0x47, 0xBF, 0x35,
    0xA7, 0x47, 0xBF, 0x2E, 0xAF, 0x47, 0xBF, 0x26, 0xB7, 0x47, 0xBF, 0x1D,
    0xBF, 0x47, 0xBF, 0x13, 0xC7, 0x47, 0xBF, 0x08, 0xCF, 0x47, 0xBF, 0x00,
    0xD7, 0x47, 0xBF, 0x00, 0xDF, 0x47, 0xBF, 0x00, 0xE7, 0x47, 0xBF, 0x00,
    0xEF, 0x47, 0xBF, 0x00, 0xF7, 0x47, 0xBF, 0x00, 0x00, 0x4F, 0xBF, 0x00,
    0x07, 0x4F, 0xBF, 0x00, 0x0F, 0x4F, 0xBF, 0x00, 0x17, 0x4F, 0xBF, 0x00,
    0x1F, 0x4F, 0xBF, 0x00, 0x27, 0x4F, 0xBF, 0x00, 0x2F, 0x4F, 0xBF, 0x04,
    0x37, 0x4F, 0xBF, 0x10, 0x3F, 0x4F, 0xBF, 0x1C, 0x47, 0x4F, 0xBF, 0x26,
    0x4F, 0x4F, 0xBF, 0x30, 0x57, 0x4F, 0xBF, 0x39, 0x5F, 0x4F, 0xBF, 0x40,
    0x67, 0x4F, 0xBF, 0x46, 0x6F, 0x4F, 0xBF, 0x4A, 0x77, 0x4F, 0xBF, 0x4D,
    0x7F, 0x4F, 0xBF, 0x4D, 0x87, 0x4F, 0xBF, 0x4D, 0x8F, 0x4F, 0xBF, 0x4A,
    0x97, 0x4F, 0xBF, 0x46, 0x9F, 0x4F, 0xBF, 0x40, 0xA7, 0x4F, 0xBF, 0x39,
    0xAF, 0x4F, 0xBF, 0x30, 0xB7, 0x4F, 0xBF, 0x26, 0xBF, 0x4F, 0xBF, 0x1C,
    0xC7, 0x4F, 0xBF, 0x10, 0xCF, 0x4F, 0xBF, 0x04, 0xD7, 0x4F, 0xBF, 0x00,
    0xDF, 0x4F, 0xBF, 0x00, 0xE7, 0x4F, 0xBF, 0x00, 0xEF, 0x4F, 0xBF, 0x00,
    0xF7, 0x4F, 0xBF, 0x00, 0x00, 0x57, 0xBF, 0x00, 0x07, 0x57, 0xBF, 0x00,
    0x0F, 0x57, 0xBF, 0x00, 0x17, 0x57, 0xBF, 0x00, 0x1F, 0x57, 0xBF, 0x00,
    0x27, 0x57, 0xBF, 0x00, 0x2F, 0x57, 0xBF, 0x0B, 0x37, 0x57, 0xBF, 0x18,
    0x3F, 0x57, 0xBF, 0x23, 0x47, 0x57, 0xBF, 0x2E, 0x4F, 0x57, 0xBF, 0x39,
    0x57, 0x57, 0xBF, 0x41, 0x5F, 0x57, 0xBF, 0x49, 0x67, 0x57, 0xBF, 0x4F,
    0x6F, 0x57, 0xBF, 0x54, 0x77, 0x57, 0xBF, 0x57, 0x7F, 0x57, 0xBF, 0x57,
    0x87, 0x57, 0xBF, 0x57, 0x8F, 0x57, 0xBF, 0x54, 0x97, 0x57, 0xBF, 0x4F,
    0x9F, 0x57, 0xBF, 0x49, 0xA7, 0x57, 0xBF, 0x41, 0xAF, 0x57, 0xBF, 0x39,
    0xB7, 0x57, 0xBF, 0x2E, 0xBF, 0x57, 0xBF, 0x23, 0xC7, 0x57, 0xBF, 0x18,
    0xCF, 0x57, 0xBF, 0x0B, 0xD7, 0x57, 0xBF, 0x00, 0xDF, 0x57, 0xBF, 0x00,
    0xE7, 0x57, 0xBF, 0x00, 0xEF, 0x57, 0xBF, 0x00, 0xF7, 0x57, 0xBF, 0x00,
    0x00, 0x5F, 0xBF, 0x00, 0x07, 0x5F, 0xBF, 0x00, 0x0F, 0x5F, 0xBF, 0x00,
    0x17, 0x5F, 0xBF, 0x00, 0x1F, 0x5F, 0xBF, 0x00, 0x27, 0x5F, 0xBF, 0x03,
    0x2F, 0x5F, 0xBF, 0x11, 0x37, 0x5F, 0xBF, 0x1E, 0x3F, 0x5F, 0xBF, 0x2A,
    0x47, 0x5F, 0xBF, 0x35, 0x4F, 0x5F, 0xBF, 0x40, 0x57, 0x5F, 0xBF, 0x49,
    0x5F, 0x5F, 0xBF, 0x51, 0x67, 0x5F, 0xBF, 0x57, 0x6F, 0x5F, 0xBF, 0x5C,
    0x77, 0x5F, 0xBF, 0x5F, 0x7F, 0x5F, 0xBF, 0x60, 0x87, 0x5F, 0xBF, 0x5F,
    0x8F, 0x5F, 0xBF, 0x5C, 0x97, 0x5F, 0xBF, 0x57, 0x9F, 0x5F, 0xBF, 0x51,
    0xA7, 0x5F, 0xBF, 0x49, 0xAF, 0x5F, 0xBF, 0x40, 0xB7, 0x5F, 0xBF, 0x35,
    0xBF, 0x5F, 0xBF, 0x2A, 0xC7, 0x5F, 0xBF, 0x1E, 0xCF, 0x5F, 0xBF, 0x11,
    0xD7, 0x5F, 0xBF, 0x03, 0xDF, 0x5F, 0xBF, 0x00, 0xE7, 0x5F, 0xBF, 0x00,
    0xEF, 0x5F, 0xBF, 0x00, 0xF7, 0x5F, 0xBF, 0x00, 0x00, 0x67, 0xBF, 0x00,
    0x07, 0x67, 0xBF, 0x00, 0x0F, 0x67, 0xBF, 0x00, 0x17, 0x67, 0xBF, 0x00,
    0x1F, 0x67, 0xBF, 0x00, 0x27, 0x67, 0xBF, 0x08, 0x2F, 0x67, 0xBF, 0x16,
    0x37, 0x67, 0xBF, 0x23, 0x3F, 0x67, 0xBF, 0x2F, 0x47, 0x67, 0xBF, 0x3B,
    0x4F, 0x67, 0xBF, 0x46, 0x57, 0x67, 0xBF, 0x4F, 0x5F, 0x67, 0xBF, 0x57,
    0x67, 0x67, 0xBF, 0x5E, 0x6F, 0x67, 0xBF, 0x63, 0x77, 0x67, 0xBF, 0x66,
    0x7F, 0x67, 0xBF, 0x67, 0x87, 0x67, 0xBF, 0x66, 0x8F, 0x67, 0xBF, 0x63,
    0x97, 0x67, 0xBF, 0x5E, 0x9F, 0x67, 0xBF, 0x57, 0xA7, 0x67, 0xBF, 0x4F,
    0xAF, 0x67, 0xBF, 0x46, 0xB7, 0x67, 0xBF, 0x3B, 0xBF, 0x67, 0xBF, 0x2F,
    0xC7, 0x67, 0xBF, 0x23, 0xCF, 0x67, 0xBF, 0x16, 0xD7, 0x67, 0xBF, 0x08,
    0xDF, 0x67, 0xBF, 0x00, 0xE7, 0x67, 0xBF, 0x00, 0xEF, 0x67, 0xBF, 0x00,
    0xF7, 0x67, 0xBF, 0x00, 0x00, 0x6F, 0xBF, 0x00, 0x07, 0x6F, 0xBF, 0x00,
    0x0F, 0x6F, 0xBF, 0x00, 0x17, 0x6F, 0xBF, 0x00, 0x1F, 0x6F, 0xBF, 0x00,
    0x27, 0x6F, 0xBF, 0x0B, 0x2F, 0x6F, 0xBF, 0x19, 0x37, 0x6F, 0xBF, 0x26,
    0x3F, 0x6F, 0xBF, 0x33, 0x47, 0x6F, 0xBF, 0x3F, 0x4F, 0x6F, 0xBF, 0x4A,
    0x57, 0x6F, 0xBF, 0x54, 0x5F, 0x6F, 0xBF, 0x5C, 0x67, 0x6F, 0xBF, 0x63,
    0x6F, 0x6F, 0xBF, 0x68, 0x77, 0x6F, 0xBF, 0x6B, 0x7F, 0x6F, 0xBF, 0x6C,
    0x87, 0x6F, 0xBF, 0x6B, 0x8F, 0x6F, 0xBF, 0x68, 0x97, 0x6F, 0xBF, 0x63,
    0x9F, 0x6F, 0xBF, 0x5C, 0xA7, 0x6F, 0xBF, 0x54, 0xAF, 0x6F, 0xBF, 0x4A,
    0xB7, 0x6F, 0xBF, 0x3F, 0xBF, 0x6F, 0xBF, 0x33, 0xC7, 0x6F, 0xBF, 0x26,
    0xCF, 0x6F, 0xBF, 0x19, 0xD7, 0x6F, 0xBF, 0x0B, 0xDF, 0x6F, 0xBF, 0x00,
    0xE7, 0x6F, 0xBF, 0x00, 0xEF, 0x6F, 0xBF, 0x00, 0xF7, 0x6F, 0xBF, 0x00,
    0x00, 0x77, 0xBF, 0x00, 0x07, 0x77, 0xBF, 0x00, 0x0F, 0x77, 0xBF, 0x00,
    0x17, 0x77, 0xBF, 0x00, 0x1F, 0x77, 0xBF, 0x00, 0x27, 0x77, 0xBF, 0x0D,
    0x2F, 0x77, 0xBF, 0x1B, 0x37, 0x77, 0xBF, 0x29, 0x3F, 0x77, 0xBF, 0x35,
    0x47, 0x77, 0xBF, 0x41, 0x4F, 0x77, 0xBF, 0x4D, 0x57, 0x77, 0xBF, 0x57,
    0x5F, 0x77, 0xBF, 0x5F, 0x67, 0x77, 0xBF, 0x66, 0x6F, 0x77, 0xBF, 0x6B,
    0x77, 0x77, 0xBF, 0x6F, 0x7F, 0x77, 0xBF, 0x70, 0x87, 0x77, 0xBF, 0x6F,
    0x8F, 0x77, 0xBF, 0x6B, 0x97, 0x77, 0xBF, 0x66, 0x9F, 0x77, 0xBF, 0x5F,
    0xA7, 0x77, 0xBF, 0x57, 0xAF, 0x77, 0xBF, 0x4D, 0xB7, 0x77, 0xBF, 0x41,
    0xBF, 0x77, 0xBF, 0x35, 0xC7, 0x77, 0xBF, 0x29, 0xCF, 0x77, 0xBF, 0x1B,
    0xD7, 0x77, 0xBF, 0x0D, 0xDF, 0x77, 0xBF, 0x00, 0xE7, 0x77, 0xBF, 0x00,
    0xEF, 0x77, 0xBF, 0x00, 0xF7, 0x77, 0xBF, 0x00, 0x00, 0x7F, 0xBF, 0x00,
    0x07, 0x7F, 0xBF, 0x00, 0x0F, 0x7F, 0xBF, 0x00, 0x17, 0x7F, 0xBF, 0x00,
    0x1F, 0x7F, 0xBF, 0x00, 0x27, 0x7F, 0xBF, 0x0E, 0x2F, 0x7F, 0xBF, 0x1C,
    0x37, 0x7F, 0xBF, 0x29, 0x3F, 0x7F, 0xBF, 0x36, 0x47, 0x7F, 0xBF, 0x42,
    0x4F, 0x7F, 0xBF, 0x4D, 0x57, 0x7F, 0xBF, 0x57, 0x5F, 0x7F, 0xBF, 0x60,
    0x67, 0x7F, 0xBF, 0x67, 0x6F, 0x7F, 0xBF, 0x6C, 0x77, 0x7F, 0xBF, 0x70,
    0x7F, 0x7F, 0xBF, 0x71, 0x87, 0x7F, 0xBF, 0x70, 0x8F, 0x7F, 0xBF, 0x6C,
    0x97, 0x7F, 0xBF, 0x67, 0x9F, 0x7F, 0xBF, 0x60, 0xA7, 0x7F, 0xBF, 0x57,
    0xAF, 0x7F, 0xBF, 0x4D, 0xB7, 0x7F, 0xBF, 0x42, 0xBF, 0x7F, 0xBF, 0x36,
    0xC7, 0x7F, 0xBF, 0x29, 0xCF, 0x7F, 0xBF, 0x1C, 0xD7, 0x7F, 0xBF, 0x0E,
    0xDF, 0x7F, 0xBF, 0x00, 0xE7, 0x7F, 0xBF, 0x00, 0xEF, 0x7F, 0xBF, 0x00,
    0xF7, 0x7F, 0xBF, 0x00, 0x00, 0x87, 0xBF, 0x00, 0x07, 0x87, 0xBF, 0x00,
    0x0F, 0x87, 0xBF, 0x00, 0x17, 0x87, 0xBF, 0x00, 0x1F, 0x87, 0xBF, 0x00,
    0x27, 0x87, 0xBF, 0x0D, 0x2F, 0x87, 0xBF, 0x1B, 0x37, 0x87, 0xBF, 0x29,
    0x3F, 0x87, 0xBF, 0x35, 0x47, 0x87, 0xBF, 0x41, 0x4F, 0x87, 0xBF, 0x4D,
    0x57, 0x87, 0xBF, 0x57, 0x5F, 0x87, 0xBF, 0x5F, 0x67, 0x87, 0xBF, 0x66,
    0x6F, 0x87, 0xBF, 0x6B, 0x77, 0x87, 0xBF, 0x6F, 0x7F, 0x87, 0xBF, 0x70,
    0x87, 0x87, 0xBF, 0x6F, 0x8F, 0x87, 0xBF, 0x6B, 0x97, 0x87, 0xBF, 0x66,
    0x9F, 0x87, 0xBF, 0x5F, 0xA7, 0x87, 0xBF, 0x57, 0xAF, 0x87, 0xBF, 0x4D,
    0xB7, 0x87, 0xBF, 0x41, 0xBF, 0x87, 0xBF, 0x35, 0xC7, 0x87, 0xBF, 0x29,
    0xCF, 0x87, 0xBF, 0x1B, 0xD7, 0x87, 0xBF, 0x0D, 0xDF, 0x87, 0xBF, 0x00,
    0xE7, 0x87, 0xBF, 0x00, 0xEF, 0x87, 0xBF, 0x00, 0xF7, 0x87, 0xBF, 0x00,
    0x00, 0x8F, 0xBF, 0x00, 0x07, 0x8F, 0xBF, 0x00, 0x0F, 0x8F, 0xBF, 0x00,
    0x17, 0x8F, 0xBF, 0x00, 0x1F, 0x8F, 0xBF, 0x00, 0x27, 0x8F, 0xBF, 0x0B,
    0x2F, 0x8F, 0xBF, 0x19, 0x37, 0x8F, 0xBF, 0x26, 0x3F, 0x8F, 0xBF, 0x33,
    0x47, 0x8F, 0xBF, 0x3F, 0x4F, 0x8F, 0xBF, 0x4A, 0x57, 0x8F, 0xBF, 0x54,
    0x5F, 0x8F, 0xBF, 0x5C, 0x67, 0x8F, 0xBF, 0x63, 0x6F, 0x8F, 0xBF, 0x68,
    0x77, 0x8F, 0xBF, 0x6B, 0x7F, 0x8F, 0xBF, 0x6C, 0x87, 0x8F, 0xBF, 0x6B,
    0x8F, 0x8F, 0xBF, 0x68, 0x97, 0x8F, 0xBF, 0x63, 0x9F, 0x8F, 0xBF, 0x5C,
    0xA7, 0x8F, 0xBF, 0x54, 0xAF, 0x8F, 0xBF, 0x4A, 0xB7, 0x8F, 0xBF, 0x3F,
    0xBF, 0x8F, 0xBF, 0x33, 0xC7, 0x8F, 0xBF, 0x26, 0xCF, 0x8F, 0xBF, 0x19,
    0xD7, 0x8F, 0xBF, 0x0B, 0xDF, 0x8F, 0xBF, 0x00, 0xE7, 0x8F, 0xBF, 0x00,
    0xEF, 0x8F, 0xBF, 0x00, 0xF7, 0x8F, 0xBF, 0x00, 0x00, 0x97, 0xBF, 0x00,
    0x07, 0x97, 0xBF, 0x00, 0x0F, 0x97, 0xBF, 0x00, 0x17, 0x97, 0xBF, 0x00,
    0x1F, 0x97, 0xBF, 0x00, 0x27, 0x97, 0xBF, 0x08, 0x2F, 0x97, 0xBF, 0x16,
    0x37, 0x97, 0xBF, 0x23, 0x3F, 0x97, 0xBF, 0x2F, 0x47, 0x97, 0xBF, 0x3B,
    0x4F, 0x97, 0xBF, 0x46, 0x57, 0x97, 0xBF, 0x4F, 0x5F, 0x97, 0xBF, 0x57,
    0x67, 0x97, 0xBF, 0x5E, 0x6F, 0x97, 0xBF, 0x63, 0x77, 0x97, 0xBF, 0x66,
    0x7F, 0x97, 0xBF, 0x67, 0x87, 0x97, 0xBF, 0x66, 0x8F, 0x97, 0xBF, 0x63,
    0x97, 0x97, 0xBF, 0x5E, 0x9F, 0x97, 0xBF, 0x57, 0xA7, 0x97, 0xBF, 0x4F,
    0xAF, 0x97, 0xBF, 0x46, 0xB7, 0x97, 0xBF, 0x3B, 0xBF, 0x97, 0xBF, 0x2F,
    0xC7, 0x97, 0xBF, 0x23, 0xCF, 0x97, 0xBF, 0x16, 0xD7, 0x97, 0xBF, 0x08,
    0xDF, 0x97, 0xBF, 0x00, 0xE7, 0x97, 0xBF, 0x00, 0xEF, 0x97, 0xBF, 0x00,
    0xF7, 0x97, 0xBF, 0x00, 0x00, 0x9F, 0xBF, 0x00, 0x07, 0x9F, 0xBF, 0x00,
    0x0F, 0x9F, 0xBF, 0x00, 0x17, 0x9F, 0xBF, 0x00, 0x1F, 0x9F, 0xBF, 0x00,
    0x27, 0x9F, 0xBF, 0x03, 0x2F, 0x9F, 0xBF, 0x11, 0x37, 0x9F, 0xBF, 0x1E,
    0x3F, 0x9F, 0xBF, 0x2A, 0x47, 0x9F, 0xBF, 0x35, 0x4F, 0x9F, 0xBF, 0x40,
    0x57, 0x9F, 0xBF, 0x49, 0x5F, 0x9F, 0xBF, 0x51, 0x67, 0x9F, 0xBF, 0x57,
    0x6F, 0x9F, 0xBF, 0x5C, 0x77, 0x9F, 0xBF, 0x5F, 0x7F, 0x9F, 0xBF, 0x60,
    0x87, 0x9F, 0xBF, 0x5F, 0x8F, 0x9F, 0xBF, 0x5C, 0x97, 0x9F, 0xBF, 0x57,
    0x9F, 0x9F, 0xBF, 0x51, 0xA7, 0x9F, 0xBF, 0x49, 0xAF, 0x9F, 0xBF, 0x40,
    0xB7, 0x9F, 0xBF, 0x35, 0xBF, 0x9F, 0xBF, 0x2A, 0xC7, 0x9F, 0xBF, 0x1E,
    0xCF, 0x9F, 0xBF, 0x11, 0xD7, 0x9F, 0xBF, 0x03, 0xDF, 0x9F, 0xBF, 0x00,
    0xE7, 0x9F, 0xBF, 0x00, 0xEF, 0x9F, 0xBF, 0x00, 0xF7, 0x9F, 0xBF, 0x00,
    0x00, 0xA7, 0xBF, 0x00, 0x07, 0xA7, 0xBF, 0x00, 0x0F, 0xA7, 0xBF, 0x00,
    0x17, 0xA7, 0xBF, 0x00, 0x1F, 0xA7, 0xBF, 0x00, 0x27, 0xA7, 0xBF, 0x00,
    0x2F, 0xA7, 0xBF, 0x0B, 0x37, 0xA7, 0xBF, 0x18, 0x3F, 0xA7, 0xBF, 0x23,
    0x47, 0xA7, 0xBF, 0x2E, 0x4F, 0xA7, 0xBF, 0x39, 0x57, 0xA7, 0xBF, 0x41,
    0x5F, 0xA7, 0xBF, 0x49, 0x67, 0xA7, 0xBF, 0x4F, 0x6F, 0xA7, 0xBF, 0x54,
    0x77, 0xA7, 0xBF, 0x57, 0x7F, 0xA7, 0xBF, 0x57, 0x87, 0xA7, 0xBF, 0x57,
    0x8F, 0xA7, 0xBF, 0x54, 0x97, 0xA7, 0xBF, 0x4F, 0x9F, 0xA7, 0xBF, 0x49,
    0xA7, 0xA7, 0xBF, 0x41, 0xAF, 0xA7, 0xBF, 0x39, 0xB7, 0xA7, 0xBF, 0x2E,
    0xBF, 0xA7, 0xBF, 0x23, 0xC7, 0xA7, 0xBF, 0x18, 0xCF, 0xA7, 0xBF, 0x0B,
    0xD7, 0xA7, 0xBF, 0x00, 0xDF, 0xA7, 0xBF, 0x00, 0xE7, 0xA7, 0xBF, 0x00,
    0xEF, 0xA7, 0xBF, 0x00, 0xF7, 0xA7, 0xBF, 0x00, 0x00, 0xAF, 0xBF, 0x00,
    0x07, 0xAF, 0xBF, 0x00, 0x0F, 0xAF, 0xBF, 0x00, 0x17, 0xAF, 0xBF, 0x00,
    0x1F, 0xAF, 0xBF, 0x00, 0x27, 0xAF, 0xBF, 0x00, 0x2F, 0xAF, 0xBF, 0x04,
    0x37, 0xAF, 0xBF, 0x10, 0x3F, 0xAF, 0xBF, 0x1C, 0x47, 0xAF, 0xBF, 0x26,
    0x4F, 0xAF, 0xBF, 0x30, 0x57, 0xAF, 0xBF, 0x39, 0x5F, 0xAF, 0xBF, 0x40,
    0x67, 0xAF, 0xBF, 0x46, 0x6F, 0xAF, 0xBF, 0x4A, 0x77, 0xAF, 0xBF, 0x4D,
    0x7F, 0xAF, 0xBF, 0x4D, 0x87, 0xAF, 0xBF, 0x4D, 0x8F, 0xAF, 0xBF, 0x4A,
    0x97, 0xAF, 0xBF, 0x46, 0x9F, 0xAF, 0xBF, 0x40, 0xA7, 0xAF, 0xBF, 0x39,
    0xAF, 0xAF, 0xBF, 0x30, 0xB7, 0xAF, 0xBF, 0x26, 0xBF, 0xAF, 0xBF, 0x1C,
    0xC7, 0xAF, 0xBF, 0x10, 0xCF, 0xAF, 0xBF, 0x04, 0xD7, 0xAF, 0xBF, 0x00,
    0xDF, 0xAF, 0xBF, 0x00, 0xE7, 0xAF, 0xBF, 0x00, 0xEF, 0xAF, 0xBF, 0x00,
    0xF7, 0xAF, 0xBF, 0x00, 0x00, 0xB7, 0xBF, 0x00, 0x07, 0xB7, 0xBF, 0x00,
    0x0F, 0xB7, 0xBF, 0x00, 0x17, 0xB7, 0xBF, 0x00, 0x1F, 0xB7, 0xBF, 0x00,
    0x27, 0xB7, 0xBF, 0x00, 0x2F, 0xB7, 0xBF, 0x00, 0x37, 0xB7, 0xBF, 0x08,
    0x3F, 0xB7, 0xBF, 0x13, 0x47, 0xB7, 0xBF, 0x1D, 0x4F, 0xB7, 0xBF, 0x26,
    0x57, 0xB7, 0xBF, 0x2E, 0x5F, 0xB7, 0xBF, 0x35, 0x67, 0xB7, 0xBF, 0x3B,
    0x6F, 0xB7, 0xBF, 0x3F, 0x77, 0xB7, 0xBF, 0x41, 0x7F, 0xB7, 0xBF, 0x42,
    0x87, 0xB7, 0xBF, 0x41, 0x8F, 0xB7, 0xBF, 0x3F, 0x97, 0xB7, 0xBF, 0x3B,
    0x9F, 0xB7, 0xBF, 0x35, 0xA7, 0xB7, 0xBF, 0x2E, 0xAF, 0xB7, 0xBF, 0x26,
    0xB7, 0xB7, 0xBF, 0x1D, 0xBF, 0xB7, 0xBF, 0x13, 0xC7, 0xB7, 0xBF, 0x08,
    0xCF, 0xB7, 0xBF, 0x00, 0xD7, 0xB7, 0xBF, 0x00, 0xDF, 0xB7, 0xBF, 0x00,
    0xE7, 0xB7, 0xBF, 0x00, 0xEF, 0xB7, 0xBF, 0x00, 0xF7, 0xB7, 0xBF, 0x00,
    0x00, 0xBF, 0xBF, 0x00, 0x07, 0xBF, 0xBF, 0x00, 0x0F, 0xBF, 0xBF, 0x00,
    0x17, 0xBF, 0xBF, 0x00, 0x1F, 0xBF, 0xBF, 0x00, 0x27, 0xBF, 0xBF, 0x00,
    0x2F, 0xBF, 0xBF, 0x00, 0x37, 0xBF, 0xBF, 0x00, 0x3F, 0xBF, 0xBF, 0x09,
    0x47, 0xBF, 0xBF, 0x13, 0x4F, 0xBF, 0xBF, 0x1C, 0x57, 0xBF, 0xBF, 0x23,
    0x5F, 0xBF, 0xBF, 0x2A, 0x67, 0xBF, 0xBF, 0x2F, 0x6F, 0xBF, 0xBF, 0x33,
    0x77, 0xBF, 0xBF, 0x35, 0x7F, 0xBF, 0xBF, 0x36, 0x87, 0xBF, 0xBF, 0x35,
    0x8F, 0xBF, 0xBF, 0x33, 0x97, 0xBF, 0xBF, 0x2F, 0x9F, 0xBF, 0xBF, 0x2A,
    0xA7, 0xBF, 0xBF, 0x23, 0xAF, 0xBF, 0xBF, 0x1C, 0xB7, 0xBF, 0xBF, 0x13,
    0xBF, 0xBF, 0xBF, 0x09, 0xC7, 0xBF, 0xBF, 0x00, 0xCF, 0xBF, 0xBF, 0x00,
    0xD7, 0xBF, 0xBF, 0x00, 0xDF, 0xBF, 0xBF, 0x00, 0xE7, 0xBF, 0xBF, 0x00,
    0xEF, 0xBF, 0xBF, 0x00, 0xF7, 0xBF, 0xBF, 0x00, 0x00, 0xC7, 0xBF, 0x00,
    0x07, 0xC7, 0xBF, 0x00, 0x0F, 0xC7, 0xBF, 0x00, 0x17, 0xC7, 0xBF, 0x00,
    0x1F, 0xC7, 0xBF, 0x00, 0x27, 0xC7, 0xBF, 0x00, 0x2F, 0xC7, 0xBF, 0x00,
    0x37, 0xC7, 0xBF, 0x00, 0x3F, 0xC7, 0xBF, 0x00, 0x47, 0xC7, 0xBF, 0x08,
    0x4F, 0xC7, 0xBF, 0x10, 0x57, 0xC7, 0xBF, 0x18, 0x5F, 0xC7, 0xBF, 0x1E,
    0x67, 0xC7, 0xBF, 0x23, 0x6F, 0xC7, 0xBF, 0x26, 0x77, 0xC7, 0xBF, 0x29,
    0x7F, 0xC7, 0xBF, 0x29, 0x87, 0xC7, 0xBF, 0x29, 0x8F, 0xC7, 0xBF, 0x26,
    0x97, 0xC7, 0xBF, 0x23, 0x9F, 0xC7, 0xBF, 0x1E, 0xA7, 0xC7, 0xBF, 0x18,
    0xAF, 0xC7, 0xBF, 0x10, 0xB7, 0xC7, 0xBF, 0x08, 0xBF, 0xC7, 0xBF, 0x00,
    0xC7, 0xC7, 0xBF, 0x00, 0xCF, 0xC7, 0xBF, 0x00, 0xD7, 0xC7, 0xBF, 0x00,
    0xDF, 0xC7, 0xBF, 0x00, 0xE7, 0xC7, 0xBF, 0x00, 0xEF, 0xC7, 0xBF, 0x00,
    0xF7, 0xC7, 0xBF, 0x00, 0x00, 0xCF, 0xBF, 0x00, 0x07, 0xCF, 0xBF, 0x00,
    0x0F, 0xCF, 0xBF, 0x00, 0x17, 0xCF, 0xBF, 0x00, 0x1F, 0xCF, 0xBF, 0x00,
    0x27, 0xCF, 0xBF, 0x00, 0x2F, 0xCF, 0xBF, 0x00, 0x37, 0xCF, 0xBF, 0x00,
    0x3F, 0xCF, 0xBF, 0x00, 0x47, 0xCF, 0xBF, 0x00, 0x4F, 0xCF, 0xBF, 0x04,
    0x57, 0xCF, 0xBF, 0x0B, 0x5F, 0xCF, 0xBF, 0x11, 0x67, 0xCF, 0xBF, 0x16,
    0x6F, 0xCF, 0xBF, 0x19, 0x77, 0xCF, 0xBF, 0x1B, 0x7F, 0xCF, 0xBF, 0x1C,
    0x87, 0xCF, 0xBF, 0x1B, 0x8F, 0xCF, 0xBF, 0x19, 0x97, 0xCF, 0xBF, 0x16,
    0x9F, 0xCF, 0xBF, 0x11, 0xA7, 0xCF, 0xBF, 0x0B, 0xAF, 0xCF, 0xBF, 0x04,
    0xB7, 0xCF, 0xBF, 0x00, 0xBF, 0xCF, 0xBF, 0x00, 0xC7, 0xCF, 0xBF, 0x00,
    0xCF, 0xCF, 0xBF, 0x00, 0xD7, 0xCF, 0xBF, 0x00, 0xDF, 0xCF, 0xBF, 0x00,
    0xE7, 0xCF, 0xBF, 0x00, 0xEF, 0xCF, 0xBF, 0x00, 0xF7, 0xCF, 0xBF, 0x00,
    0x00, 0xD7, 0xBF, 0x00, 0x07, 0xD7, 0xBF, 0x00, 0x0F, 0xD7, 0xBF, 0x00,
    0x17, 0xD7, 0xBF, 0x00, 0x1F, 0xD7, 0xBF, 0x00, 0x27, 0xD7, 0xBF, 0x00,
    0x2F, 0xD7, 0xBF, 0x00, 0x37, 0xD7, 0xBF, 0x00, 0x3F, 0xD7, 0xBF, 0x00,
    0x47, 0xD7, 0xBF, 0x00, 0x4F, 0xD7, 0xBF, 0x00, 0x57, 0xD7, 0xBF, 0x00,
    0x5F, 0xD7, 0xBF, 0x03, 0x67, 0xD7, 0xBF, 0x08, 0x6F, 0xD7, 0xBF, 0x0B,
    0x77, 0xD7, 0xBF, 0x0D, 0x7F, 0xD7, 0xBF, 0x0E, 0x87, 0xD7, 0xBF, 0x0D,
    0x8F, 0xD7, 0xBF, 0x0B, 0x97, 0xD7, 0xBF, 0x08, 0x9F, 0xD7, 0xBF, 0x03,
    0xA7, 0xD7, 0xBF, 0x00, 0xAF, 0xD7, 0xBF, 0x00, 0xB7, 0xD7, 0xBF, 0x00,
    0xBF, 0xD7, 0xBF, 0x00, 0xC7, 0xD7, 0xBF, 0x00, 0xCF, 0xD7, 0xBF, 0x00,
    0xD7, 0xD7, 0xBF, 0x00, 0xDF, 0xD7, 0xBF, 0x00, 0xE7, 0xD7, 0xBF, 0x00,
    0xEF, 0xD7, 0xBF, 0x00, 0xF7, 0xD7, 0xBF, 0x00, 0x00, 0xDF, 0xBF, 0x00,
    0x07, 0xDF, 0xBF, 0x00, 0x0F, 0xDF, 0xBF, 0x00, 0x17, 0xDF, 0xBF, 0x00,
    0x1F, 0xDF, 0xBF, 0x00, 0x27, 0xDF, 0xBF, 0x00, 0x2F, 0xDF, 0xBF, 0x00,
    0x37, 0xDF, 0xBF, 0x00, 0x3F, 0xDF, 0xBF, 0x00, 0x47, 0xDF, 0xBF, 0x00,
    0x4F, 0xDF, 0xBF, 0x00, 0x57, 0xDF, 0xBF, 0x00, 0x5F, 0xDF, 0xBF, 0x00,
    0x67, 0xDF, 0xBF, 0x00, 0x6F, 0xDF, 0xBF, 0x00, 0x77, 0xDF, 0xBF, 0x00,
    0x7F, 0xDF, 0xBF, 0x00, 0x87, 0xDF, 0xBF, 0x00, 0x8F, 0xDF, 0xBF, 0x00,
    0x97, 0xDF, 0xBF, 0x00, 0x9F, 0xDF, 0xBF, 0x00, 0xA7, 0xDF, 0xBF, 0x00,
    0xAF, 0xDF, 0xBF, 0x00, 0xB7, 0xDF, 0xBF, 0x00, 0xBF, 0xDF, 0xBF, 0x00,
    0xC7, 0xDF, 0xBF, 0x00, 0xCF, 0xDF, 0xBF, 0x00, 0xD7, 0xDF, 0xBF, 0x00,
    0xDF, 0xDF, 0xBF, 0x00, 0xE7, 0xDF, 0xBF, 0x00, 0xEF, 0xDF, 0xBF, 0x00,
    0xF7, 0xDF, 0xBF, 0x00, 0x00, 0xE7, 0xBF, 0x00, 0x07, 0xE7, 0xBF, 0x00,
    0x0F, 0xE7, 0xBF, 0x00, 0x17, 0xE7, 0xBF, 0x00, 0x1F, 0xE7, 0xBF, 0x00,
    0x27, 0xE7, 0xBF, 0x00, 0x2F, 0xE7, 0xBF, 0x00, 0x37, 0xE7, 0xBF, 0x00,
    0x3F, 0xE7, 0xBF, 0x00, 0x47, 0xE7, 0xBF, 0x00, 0x4F, 0xE7, 0xBF, 0x00,
    0x57, 0xE7, 0xBF, 0x00, 0x5F, 0xE7, 0xBF, 0x00, 0x67, 0xE7, 0xBF, 0x00,
    0x6F, 0xE7, 0xBF, 0x00, 0x77, 0xE7, 0xBF, 0x00, 0x7F, 0xE7, 0xBF, 0x00,
    0x87, 0xE7, 0xBF, 0x00, 0x8F, 0xE7, 0xBF, 0x00, 0x97, 0xE7, 0xBF, 0x00,
    0x9F, 0xE7, 0xBF, 0x00, 0xA7, 0xE7, 0xBF, 0x00, 0xAF, 0xE7, 0xBF, 0x00,
    0xB7, 0xE7, 0xBF, 0x00, 0xBF, 0xE7, 0xBF, 0x00, 0xC7, 0xE7, 0xBF, 0x00,
    0xCF, 0xE7, 0xBF, 0x00, 0xD7, 0xE7, 0xBF, 0x00, 0xDF, 0xE7, 0xBF, 0x00,
    0xE7, 0xE7, 0xBF, 0x00, 0xEF, 0xE7, 0xBF, 0x00, 0xF7, 0xE7, 0xBF, 0x00,
    0x00, 0xEF, 0xBF, 0x00, 0x07, 0xEF, 0xBF, 0x00, 0x0F, 0xEF, 0xBF, 0x00,
    0x17, 0xEF, 0xBF, 0x00, 0x1F, 0xEF, 0xBF, 0x00, 0x27, 0xEF, 0xBF, 0x00,
    0x2F, 0xEF, 0xBF, 0x00, 0x37, 0xEF, 0xBF, 0x00, 0x3F, 0xEF, 0xBF, 0x00,
    0x47, 0xEF, 0xBF, 0x00, 0x4F, 0xEF, 0xBF, 0x00, 0x57, 0xEF, 0xBF, 0x00,
    0x5F, 0xEF, 0xBF, 0x00, 0x67, 0xEF, 0xBF, 0x00, 0x6F, 0xEF, 0xBF, 0x00,
    0x77, 0xEF, 0xBF, 0x00, 0x7F, 0xEF, 0xBF, 0x00, 0x87, 0xEF, 0xBF, 0x00,
    0x8F, 0xEF, 0xBF, 0x00, 0x97, 0xEF, 0xBF, 0x00, 0x9F, 0xEF, 0xBF, 0x00,
    0xA7, 0xEF, 0xBF, 0x00, 0xAF, 0xEF, 0xBF, 0x00, 0xB7, 0xEF, 0xBF, 0x00,
    0xBF, 0xEF, 0xBF, 0x00, 0xC7, 0xEF, 0xBF, 0x00, 0xCF, 0xEF, 0xBF, 0x00,
    0xD7, 0xEF, 0xBF, 0x00, 0xDF, 0xEF, 0xBF, 0x00, 0xE7, 0xEF, 0xBF, 0x00,
    0xEF, 0xEF, 0xBF, 0x00, 0xF7, 0xEF, 0xBF, 0x00, 0x00, 0xF7, 0xBF, 0x00,
    0x07, 0xF7, 0xBF, 0x00, 0x0F, 0xF7, 0xBF, 0x00, 0x17, 0xF7, 0xBF, 0x00,
    0x1F, 0xF7, 0xBF, 0x00, 0x27, 0xF7, 0xBF, 0x00, 0x2F, 0xF7, 0xBF, 0x00,
    0x37, 0xF7, 0xBF, 0x00, 0x3F, 0xF7, 0xBF, 0x00, 0x47, 0xF7, 0xBF, 0x00,
    0x4F, 0xF7, 0xBF, 0x00, 0x57, 0xF7, 0xBF, 0x00, 0x5F, 0xF7, 0xBF, 0x00,
    0x67, 0xF7, 0xBF, 0x00, 0x6F, 0xF7, 0xBF, 0x00, 0x77, 0xF7, 0xBF, 0x00,
    0x7F, 0xF7, 0xBF, 0x00, 0x87, 0xF7, 0xBF, 0x00, 0x8F, 0xF7, 0xBF, 0x00,
    0x97, 0xF7, 0xBF, 0x00, 0x9F, 0xF7, 0xBF, 0x00, 0xA7, 0xF7, 0xBF, 0x00,
    0xAF, 0xF7, 0xBF, 0x00, 0xB7, 0xF7, 0xBF, 0x00, 0xBF, 0xF7, 0xBF, 0x00,
    0xC7, 0xF7, 0xBF, 0x00, 0xCF, 0xF7, 0xBF, 0x00, 0xD7, 0xF7, 0xBF, 0x00,
    0xDF, 0xF7, 0xBF, 0x00, 0xE7, 0xF7, 0xBF, 0x00, 0xEF, 0xF7, 0xBF, 0x00,
    0xF7, 0xF7, 0xBF, 0x00, 0x00, 0x00, 0xC7, 0x00, 0x07, 0x00, 0xC7, 0x00,
    0x0F, 0x00, 0xC7, 0x00, 0x17, 0x00, 0xC7, 0x00, 0x1F, 0x00, 0xC7, 0x00,
    0x27, 0x00, 0xC7, 0x00, 0x2F, 0x00, 0xC7, 0x00, 0x37, 0x00, 0xC7, 0x00,
    0x3F, 0x00, 0xC7, 0x00, 0x47, 0x00, 0xC7, 0x00, 0x4F, 0x00, 0xC7, 0x00,
    0x57, 0x00, 0xC7, 0x00, 0x5F, 0x00, 0xC7, 0x00, 0x67, 0x00, 0xC7, 0x00,
    0x6F, 0x00, 0xC7, 0x00, 0x77, 0x00, 0xC7, 0x00, 0x7F, 0x00, 0xC7, 0x00,
    0x87, 0x00, 0xC7, 0x00, 0x8F, 0x00, 0xC7, 0x00, 0x97, 0x00, 0xC7, 0x00,
    0x9F, 0x00, 0xC7, 0x00, 0xA7, 0x00, 0xC7, 0x00, 0xAF, 0x00, 0xC7, 0x00,
    0xB7, 0x00, 0xC7, 0x00, 0xBF, 0x00, 0xC7, 0x00, 0xC7, 0x00, 0xC7, 0x00,
    0xCF, 0x00, 0xC7, 0x00, 0xD7, 0x00, 0xC7, 0x00, 0xDF, 0x00, 0xC7, 0x00,
    0xE7, 0x00, 0xC7, 0x00, 0xEF, 0x00, 0xC7, 0x00, 0xF7, 0x00, 0xC7, 0x00,
    0x00, 0x07, 0xC7, 0x00, 0x07, 0x07, 0xC7, 0x00, 0x0F, 0x07, 0xC7, 0x00,
    0x17, 0x07, 0xC7, 0x00, 0x1F, 0x07, 0xC7, 0x00, 0x27, 0x07, 0xC7, 0x00,
    0x2F, 0x07, 0xC7, 0x00, 0x37, 0x07, 0xC7, 0x00, 0x3F, 0x07, 0xC7, 0x00,
    0x47, 0x07, 0xC7, 0x00, 0x4F, 0x07, 0xC7, 0x00, 0x57, 0x07, 0xC7, 0x00,
    0x5F, 0x07, 0xC7, 0x00, 0x67, 0x07, 0xC7, 0x00, 0x6F, 0x07, 0xC7, 0x00,
    0x77, 0x07, 0xC7, 0x00, 0x7F, 0x07, 0xC7, 0x00, 0x87, 0x07, 0xC7, 0x00,
    0x8F, 0x07, 0xC7, 0x00, 0x97, 0x07, 0xC7, 0x00, 0x9F, 0x07, 0xC7, 0x00,
    0xA7, 0x07, 0xC7, 0x00, 0xAF, 0x07, 0xC7, 0x00, 0xB7, 0x07, 0xC7, 0x00,
    0xBF, 0x07, 0xC7, 0x00, 0xC7, 0x07, 0xC7, 0x00, 0xCF, 0x07, 0xC7, 0x00,
    0xD7, 0x07, 0xC7, 0x00, 0xDF, 0x07, 0xC7, 0x00, 0xE7, 0x07, 0xC7, 0x00,
    0xEF, 0x07, 0xC7, 0x00, 0xF7, 0x07, 0xC7, 0x00, 0x00, 0x0F, 0xC7, 0x00,
    0x07, 0x0F, 0xC7, 0x00, 0x0F, 0x0F, 0xC7, 0x00, 0x17, 0x0F, 0xC7, 0x00,
    0x1F, 0x0F, 0xC7, 0x00, 0x27, 0x0F, 0xC7, 0x00, 0x2F, 0x0F, 0xC7, 0x00,
    0x37, 0x0F, 0xC7, 0x00, 0x3F, 0x0F, 0xC7, 0x00, 0x47, 0x0F, 0xC7, 0x00,
    0x4F, 0x0F, 0xC7, 0x00, 0x57, 0x0F, 0xC7, 0x00, 0x5F, 0x0F, 0xC7, 0x00,
    0x67, 0x0F, 0xC7, 0x00, 0x6F, 0x0F, 0xC7, 0x00, 0x77, 0x0F, 0xC7, 0x00,
    0x7F, 0x0F, 0xC7, 0x00, 0x87, 0x0F, 0xC7, 0x00, 0x8F, 0x0F, 0xC7, 0x00,
    0x97, 0x0F, 0xC7, 0x00, 0x9F, 0x0F, 0xC7, 0x00, 0xA7, 0x0F, 0xC7, 0x00,
    0xAF, 0x0F, 0xC7, 0x00, 0xB7, 0x0F, 0xC7, 0x00, 0xBF, 0x0F, 0xC7, 0x00,
    0xC7, 0x0F, 0xC7, 0x00, 0xCF, 0x0F, 0xC7, 0x00, 0xD7, 0x0F, 0xC7, 0x00,
    0xDF, 0x0F, 0xC7, 0x00, 0xE7, 0x0F, 0xC7, 0x00, 0xEF, 0x0F, 0xC7, 0x00,
    0xF7, 0x0F, 0xC7, 0x00, 0x00, 0x17, 0xC7, 0x00, 0x07, 0x17, 0xC7, 0x00,
    0x0F, 0x17, 0xC7, 0x00, 0x17, 0x17, 0xC7, 0x00, 0x1F, 0x17, 0xC7, 0x00,
    0x27, 0x17, 0xC7, 0x00, 0x2F, 0x17, 0xC7, 0x00, 0x37, 0x17, 0xC7, 0x00,
    0x3F, 0x17, 0xC7, 0x00, 0x47, 0x17, 0xC7, 0x00, 0x4F, 0x17, 0xC7, 0x00,
    0x57, 0x17, 0xC7, 0x00, 0x5F, 0x17, 0xC7, 0x00, 0x67, 0x17, 0xC7, 0x00,
    0x6F, 0x17, 0xC7, 0x00, 0x77, 0x17, 0xC7, 0x00, 0x7F, 0x17, 0xC7, 0x00,
    0x87, 0x17, 0xC7, 0x00, 0x8F, 0x17, 0xC7, 0x00, 0x97, 0x17, 0xC7, 0x00,
    0x9F, 0x17, 0xC7, 0x00, 0xA7, 0x17, 0xC7, 0x00, 0xAF, 0x17, 0xC7, 0x00,
    0xB7, 0x17, 0xC7, 0x00, 0xBF, 0x17, 0xC7, 0x00, 0xC7, 0x17, 0xC7, 0x00,
    0xCF, 0x17, 0xC7, 0x00, 0xD7, 0x17, 0xC7, 0x00, 0xDF, 0x17, 0xC7, 0x00,
    0xE7, 0x17, 0xC7, 0x00, 0xEF, 0x17, 0xC7, 0x00, 0xF7, 0x17, 0xC7, 0x00,
    0x00, 0x1F, 0xC7, 0x00, 0x07, 0x1F, 0xC7, 0x00, 0x0F, 0x1F, 0xC7, 0x00,
    0x17, 0x1F, 0xC7, 0x00, 0x1F, 0x1F, 0xC7, 0x00, 0x27, 0x1F, 0xC7, 0x00,
    0x2F, 0x1F, 0xC7, 0x00, 0x37, 0x1F, 0xC7, 0x00, 0x3F, 0x1F, 0xC7, 0x00,
    0x47, 0x1F, 0xC7, 0x00, 0x4F, 0x1F, 0xC7, 0x00, 0x57, 0x1F, 0xC7, 0x00,
    0x5F, 0x1F, 0xC7, 0x00, 0x67, 0x1F, 0xC7, 0x00, 0x6F, 0x1F, 0xC7, 0x00,
    0x77, 0x1F, 0xC7, 0x00, 0x7F, 0x1F, 0xC7, 0x00, 0x87, 0x1F, 0xC7, 0x00,
    0x8F, 0x1F, 0xC7, 0x00, 0x97, 0x1F, 0xC7, 0x00, 0x9F, 0x1F, 0xC7, 0x00,
    0xA7, 0x1F, 0xC7, 0x00, 0xAF, 0x1F, 0xC7, 0x00, 0xB7, 0x1F, 0xC7, 0x00,
    0xBF, 0x1F, 0xC7, 0x00, 0xC7, 0x1F, 0xC7, 0x00, 0xCF, 0x1F, 0xC7, 0x00,
    0xD7, 0x1F, 0xC7, 0x00, 0xDF, 0x1F, 0xC7, 0x00, 0xE7, 0x1F, 0xC7, 0x00,
    0xEF, 0x1F, 0xC7, 0x00, 0xF7, 0x1F, 0xC7, 0x00, 0x00, 0x27, 0xC7, 0x00,
    0x07, 0x27, 0xC7, 0x00, 0x0F, 0x27, 0xC7, 0x00, 0x17, 0x27, 0xC7, 0x00,
    0x1F, 0x27, 0xC7, 0x00, 0x27, 0x27, 0xC7, 0x00, 0x2F, 0x27, 0xC7, 0x00,
    0x37, 0x27, 0xC7, 0x00, 0x3F, 0x27, 0xC7, 0x00, 0x47, 0x27, 0xC7, 0x00,
    0x4F, 0x27, 0xC7, 0x00, 0x57, 0x27, 0xC7, 0x00, 0x5F, 0x27, 0xC7, 0x00,
    0x67, 0x27, 0xC7, 0x00, 0x6F, 0x27, 0xC7, 0x00, 0x77, 0x27, 0xC7, 0x02,
    0x7F, 0x27, 0xC7, 0x03, 0x87, 0x27, 0xC7, 0x02, 0x8F, 0x27, 0xC7, 0x00,
    0x97, 0x27, 0xC7, 0x00, 0x9F, 0x27, 0xC7, 0x00, 0xA7, 0x27, 0xC7, 0x00,
    0xAF, 0x27, 0xC7, 0x00, 0xB7, 0x27, 0xC7, 0x00, 0xBF, 0x27, 0xC7, 0x00,
    0xC7, 0x27, 0xC7, 0x00, 0xCF, 0x27, 0xC7, 0x00, 0xD7, 0x27, 0xC7, 0x00,
    0xDF, 0x27, 0xC7, 0x00, 0xE7, 0x27, 0xC7, 0x00, 0xEF, 0x27, 0xC7, 0x00,
    0xF7, 0x27, 0xC7, 0x00, 0x00, 0x2F, 0xC7, 0x00, 0x07, 0x2F, 0xC7, 0x00,
    0x0F, 0x2F, 0xC7, 0x00, 0x17, 0x2F, 0xC7, 0x00, 0x1F, 0x2F, 0xC7, 0x00,
    0x27, 0x2F, 0xC7, 0x00, 0x2F, 0x2F, 0xC7, 0x00, 0x37, 0x2F, 0xC7, 0x00,
    0x3F, 0x2F, 0xC7, 0x00, 0x47, 0x2F, 0xC7, 0x00, 0x4F, 0x2F, 0xC7, 0x00,
    0x57, 0x2F, 0xC7, 0x00, 0x5F, 0x2F, 0xC7, 0x06, 0x67, 0x2F, 0xC7, 0x0A,
    0x6F, 0x2F, 0xC7, 0x0E, 0x77, 0x2F, 0xC7, 0x10, 0x7F, 0x2F, 0xC7, 0x10,
    0x87, 0x2F, 0xC7, 0x10, 0x8F, 0x2F, 0xC7, 0x0E, 0x97, 0x2F, 0xC7, 0x0A,
    0x9F, 0x2F, 0xC7, 0x06, 0xA7, 0x2F, 0xC7, 0x00, 0xAF, 0x2F, 0xC7, 0x00,
    0xB7, 0x2F, 0xC7, 0x00, 0xBF, 0x2F, 0xC7, 0x00, 0xC7, 0x2F, 0xC7, 0x00,
    0xCF, 0x2F, 0xC7, 0x00, 0xD7, 0x2F, 0xC7, 0x00, 0xDF, 0x2F, 0xC7, 0x00,
    0xE7, 0x2F, 0xC7, 0x00, 0xEF, 0x2F, 0xC7, 0x00, 0xF7, 0x2F, 0xC7, 0x00,
    0x00, 0x37, 0xC7, 0x00, 0x07, 0x37, 0xC7, 0x00, 0x0F, 0x37, 0xC7, 0x00,
    0x17, 0x37, 0xC7, 0x00, 0x1F, 0x37, 0xC7, 0x00, 0x27, 0x37, 0xC7, 0x00,
    0x2F, 0x37, 0xC7, 0x00, 0x37, 0x37, 0xC7, 0x00, 0x3F, 0x37, 0xC7, 0x00,
    0x47, 0x37, 0xC7, 0x00, 0x4F, 0x37, 0xC7, 0x05, 0x57, 0x37, 0xC7, 0x0C,
    0x5F, 0x37, 0xC7, 0x12, 0x67, 0x37, 0xC7, 0x17, 0x6F, 0x37, 0xC7, 0x1A,
    0x77, 0x37, 0xC7, 0x1C, 0x7F, 0x37, 0xC7, 0x1D, 0x87, 0x37, 0xC7, 0x1C,
    0x8F, 0x37, 0xC7, 0x1A, 0x97, 0x37, 0xC7, 0x17, 0x9F, 0x37, 0xC7, 0x12,
    0xA7, 0x37, 0xC7, 0x0C, 0xAF, 0x37, 0xC7, 0x05, 0xB7, 0x37, 0xC7, 0x00,
    0xBF, 0x37, 0xC7, 0x00, 0xC7, 0x37, 0xC7, 0x00, 0xCF, 0x37, 0xC7, 0x00,
    0xD7, 0x37, 0xC7, 0x00, 0xDF, 0x37, 0xC7, 0x00, 0xE7, 0x37, 0xC7, 0x00,
    0xEF, 0x37, 0xC7, 0x00, 0xF7, 0x37, 0xC7, 0x00, 0x00, 0x3F, 0xC7, 0x00,
    0x07, 0x3F, 0xC7, 0x00, 0x0F, 0x3F, 0xC7, 0x00, 0x17, 0x3F, 0xC7, 0x00,
    0x1F, 0x3F, 0xC7, 0x00, 0x27, 0x3F, 0xC7, 0x00, 0x2F, 0x3F, 0xC7, 0x00,
    0x37, 0x3F, 0xC7, 0x00, 0x3F, 0x3F, 0xC7, 0x00, 0x47, 0x3F, 0xC7, 0x08,
    0x4F, 0x3F, 0xC7, 0x10, 0x57, 0x3F, 0xC7, 0x18, 0x5F, 0x3F, 0xC7, 0x1E,
    0x67, 0x3F, 0xC7, 0x23, 0x6F, 0x3F, 0xC7, 0x26, 0x77, 0x3F, 0xC7, 0x29,
    0x7F, 0x3F, 0xC7, 0x29, 0x87, 0x3F, 0xC7, 0x29, 0x8F, 0x3F, 0xC7, 0x26,
    0x97, 0x3F, 0xC7, 0x23, 0x9F, 0x3F, 0xC7, 0x1E, 0xA7, 0x3F, 0xC7, 0x18,
    0xAF, 0x3F, 0xC7, 0x10, 0xB7, 0x3F, 0xC7, 0x08, 0xBF, 0x3F, 0xC7, 0x00,
    0xC7, 0x3F, 0xC7, 0x00, 0xCF, 0x3F, 0xC7, 0x00, 0xD7, 0x3F, 0xC7, 0x00,
    0xDF, 0x3F, 0xC7, 0x00, 0xE7, 0x3F, 0xC7, 0x00, 0xEF, 0x3F, 0xC7, 0x00,
    0xF7, 0x3F, 0xC7, 0x00, 0x00, 0x47, 0xC7, 0x00, 0x07, 0x47, 0xC7, 0x00,
    0x0F, 0x47, 0xC7, 0x00, 0x17, 0x47, 0xC7, 0x00, 0x1F, 0x47, 0xC7, 0x00,
    0x27, 0x47, 0xC7, 0x00, 0x2F, 0x47, 0xC7, 0x00, 0x37, 0x47, 0xC7, 0x00,
    0x3F, 0x47, 0xC7, 0x08, 0x47, 0x47, 0xC7, 0x12, 0x4F, 0x47, 0xC7, 0x1A,
    0x57, 0x47, 0xC7, 0x22, 0x5F, 0x47, 0xC7, 0x29, 0x67, 0x47, 0xC7, 0x2E,
    0x6F, 0x47, 0xC7, 0x32, 0x77, 0x47, 0xC7, 0x34, 0x7F, 0x47, 0xC7, 0x35,
    0x87, 0x47, 0xC7, 0x34, 0x8F, 0x47, 0xC7, 0x32, 0x97, 0x47, 0xC7, 0x2E,
    0x9F, 0x47, 0xC7, 0x29, 0xA7, 0x47, 0xC7, 0x22, 0xAF, 0x47, 0xC7, 0x1A,
    0xB7, 0x47, 0xC7, 0x12, 0xBF, 0x47, 0xC7, 0x08, 0xC7, 0x47, 0xC7, 0x00,
    0xCF, 0x47, 0xC7, 0x00, 0xD7, 0x47, 0xC7, 0x00, 0xDF, 0x47, 0xC7, 0x00,
    0xE7, 0x47, 0xC7, 0x00, 0xEF, 0x47, 0xC7, 0x00, 0xF7, 0x47, 0xC7, 0x00,
    0x00, 0x4F, 0xC7, 0x00, 0x07, 0x4F, 0xC7, 0x00, 0x0F, 0x4F, 0xC7, 0x00,
    0x17, 0x4F, 0xC7, 0x00, 0x1F, 0x4F, 0xC7, 0x00, 0x27, 0x4F, 0xC7, 0x00,
    0x2F, 0x4F, 0xC7, 0x00, 0x37, 0x4F, 0xC7, 0x05, 0x3F, 0x4F, 0xC7, 0x10,
    0x47, 0x4F, 0xC7, 0x1A, 0x4F, 0x4F, 0xC7, 0x23, 0x57, 0x4F, 0xC7, 0x2B,
    0x5F, 0x4F, 0xC7, 0x32, 0x67, 0x4F, 0xC7, 0x38, 0x6F, 0x4F, 0xC7, 0x3C,
    0x77, 0x4F, 0xC7, 0x3E, 0x7F, 0x4F, 0xC7, 0x3F, 0x87, 0x4F, 0xC7, 0x3E,
    0x8F, 0x4F, 0xC7, 0x3C, 0x97, 0x4F, 0xC7, 0x38, 0x9F, 0x4F, 0xC7, 0x32,
    0xA7, 0x4F, 0xC7, 0x2B, 0xAF, 0x4F, 0xC7, 0x23, 0xB7, 0x4F, 0xC7, 0x1A,
    0xBF, 0x4F, 0xC7, 0x10, 0xC7, 0x4F, 0xC7, 0x05, 0xCF, 0x4F, 0xC7, 0x00,
    0xD7, 0x4F, 0xC7, 0x00, 0xDF, 0x4F, 0xC7, 0x00, 0xE7, 0x4F, 0xC7, 0x00,
    0xEF, 0x4F, 0xC7, 0x00, 0xF7, 0x4F, 0xC7, 0x00, 0x00, 0x57, 0xC7, 0x00,
    0x07, 0x57, 0xC7, 0x00, 0x0F, 0x57, 0xC7, 0x00, 0x17, 0x57, 0xC7, 0x00,
    0x1F, 0x57, 0xC7, 0x00, 0x27, 0x57, 0xC7, 0x00, 0x2F, 0x57, 0xC7, 0x00,
    0x37, 0x57, 0xC7, 0x0C, 0x3F, 0x57, 0xC7, 0x18, 0x47, 0x57, 0xC7, 0x22,
    0x4F, 0x57, 0xC7, 0x2B, 0x57, 0x57, 0xC7, 0x34, 0x5F, 0x57, 0xC7, 0x3B,
    0x67, 0x57, 0xC7, 0x41, 0x6F, 0x57, 0xC7, 0x45, 0x77, 0x57, 0xC7, 0x47,
    0x7F, 0x57, 0xC7, 0x48, 0x87, 0x57, 0xC7, 0x47, 0x8F, 0x57, 0xC7, 0x45,
    0x97, 0x57, 0xC7, 0x41, 0x9F, 0x57, 0xC7, 0x3B, 0xA7, 0x57, 0xC7, 0x34,
    0xAF, 0x57, 0xC7, 0x2B, 0xB7, 0x57, 0xC7, 0x22, 0xBF, 0x57, 0xC7, 0x18,
    0xC7, 0x57, 0xC7, 0x0C, 0xCF, 0x57, 0xC7, 0x00, 0xD7, 0x57, 0xC7, 0x00,
    0xDF, 0x57, 0xC7, 0x00, 0xE7, 0x57, 0xC7, 0x00, 0xEF, 0x57, 0xC7, 0x00,
    0xF7, 0x57, 0xC7, 0x00, 0x00, 0x5F, 0xC7, 0x00, 0x07, 0x5F, 0xC7, 0x00,
    0x0F, 0x5F, 0xC7, 0x00, 0x17, 0x5F, 0xC7, 0x00, 0x1F, 0x5F, 0xC7, 0x00,
    0x27, 0x5F, 0xC7, 0x00, 0x2F, 0x5F, 0xC7, 0x06, 0x37, 0x5F, 0xC7, 0x12,
    0x3F, 0x5F, 0xC7, 0x1E, 0x47, 0x5F, 0xC7, 0x29, 0x4F, 0x5F, 0xC7, 0x32,
    0x57, 0x5F, 0xC7, 0x3B, 0x5F, 0x5F, 0xC7, 0x42, 0x67, 0x5F, 0xC7, 0x48,
    0x6F, 0x5F, 0xC7, 0x4D, 0x77, 0x5F, 0xC7, 0x4F, 0x7F, 0x5F, 0xC7, 0x50,
    0x87, 0x5F, 0xC7, 0x4F, 0x8F, 0x5F, 0xC7, 0x4D, 0x97, 0x5F, 0xC7, 0x48,
    0x9F, 0x5F, 0xC7, 0x42, 0xA7, 0x5F, 0xC7, 0x3B, 0xAF, 0x5F, 0xC7, 0x32,
    0xB7, 0x5F, 0xC7, 0x29, 0xBF, 0x5F, 0xC7, 0x1E, 0xC7, 0x5F, 0xC7, 0x12,
    0xCF, 0x5F, 0xC7, 0x06, 0xD7, 0x5F, 0xC7, 0x00, 0xDF, 0x5F, 0xC7, 0x00,
    0xE7, 0x5F, 0xC7, 0x00, 0xEF, 0x5F, 0xC7, 0x00, 0xF7, 0x5F, 0xC7, 0x00,
    0x00, 0x67, 0xC7, 0x00, 0x07, 0x67, 0xC7, 0x00, 0x0F, 0x67, 0xC7, 0x00,
    0x17, 0x67, 0xC7, 0x00, 0x1F, 0x67, 0xC7, 0x00, 0x27, 0x67, 0xC7, 0x00,
    0x2F, 0x67, 0xC7, 0x0A, 0x37, 0x67, 0xC7, 0x17, 0x3F, 0x67, 0xC7, 0x23,
    0x47, 0x67, 0xC7, 0x2E, 0x4F, 0x67, 0xC7, 0x38, 0x57, 0x67, 0xC7, 0x41,
    0x5F, 0x67, 0xC7, 0x48, 0x67, 0x67, 0xC7, 0x4E, 0x6F, 0x67, 0xC7, 0x53,
    0x77, 0x67, 0xC7, 0x56, 0x7F, 0x67, 0xC7, 0x57, 0x87, 0x67, 0xC7, 0x56,
    0x8F, 0x67, 0xC7, 0x53, 0x97, 0x67, 0xC7, 0x4E, 0x9F, 0x67, 0xC7, 0x48,
    0xA7, 0x67, 0xC7, 0x41, 0xAF, 0x67, 0xC7, 0x38, 0xB7, 0x67, 0xC7, 0x2E,
    0xBF, 0x67, 0xC7, 0x23, 0xC7, 0x67, 0xC7, 0x17, 0xCF, 0x67, 0xC7, 0x0A,
    0xD7, 0x67, 0xC7, 0x00, 0xDF, 0x67, 0xC7, 0x00, 0xE7, 0x67, 0xC7, 0x00,
    0xEF, 0x67, 0xC7, 0x00, 0xF7, 0x67, 0xC7, 0x00, 0x00, 0x6F, 0xC7, 0x00,
    0x07, 0x6F, 0xC7, 0x00, 0x0F, 0x6F, 0xC7, 0x00, 0x17, 0x6F, 0xC7, 0x00,
    0x1F, 0x6F, 0xC7, 0x00, 0x27, 0x6F, 0xC7, 0x00, 0x2F, 0x6F, 0xC7, 0x0E,
    0x37, 0x6F, 0xC7, 0x1A, 0x3F, 0x6F, 0xC7, 0x26, 0x47, 0x6F, 0xC7, 0x32,
    0x4F, 0x6F, 0xC7, 0x3C, 0x57, 0x6F, 0xC7, 0x45, 0x5F, 0x6F, 0xC7, 0x4D,
    0x67, 0x6F, 0xC7, 0x53, 0x6F, 0x6F, 0xC7, 0x57, 0x77, 0x6F, 0xC7, 0x5A,
    0x7F, 0x6F, 0xC7, 0x5B, 0x87, 0x6F, 0xC7, 0x5A, 0x8F, 0x6F, 0xC7, 0x57,
    0x97, 0x6F, 0xC7, 0x53, 0x9F, 0x6F, 0xC7, 0x4D, 0xA7, 0x6F, 0xC7, 0x45,
    0xAF, 0x6F, 0xC7, 0x3C, 0xB7, 0x6F, 0xC7, 0x32, 0xBF, 0x6F, 0xC7, 0x26,
    0xC7, 0x6F, 0xC7, 0x1A, 0xCF, 0x6F, 0xC7, 0x0E, 0xD7, 0x6F, 0xC7, 0x00,
    0xDF, 0x6F, 0xC7, 0x00, 0xE7, 0x6F, 0xC7, 0x00, 0xEF, 0x6F, 0xC7, 0x00,
    0xF7, 0x6F, 0xC7, 0x00, 0x00, 0x77, 0xC7, 0x00, 0x07, 0x77, 0xC7, 0x00,
    0x0F, 0x77, 0xC7, 0x00, 0x17, 0x77, 0xC7, 0x00, 0x1F, 0x77, 0xC7, 0x00,
    0x27, 0x77, 0xC7, 0x02, 0x2F, 0x77, 0xC7, 0x10, 0x37, 0x77, 0xC7, 0x1C,
    0x3F, 0x77, 0xC7, 0x29, 0x47, 0x77, 0xC7, 0x34, 0x4F, 0x77, 0xC7, 0x3E,
    0x57, 0x77, 0xC7, 0x47, 0x5F, 0x77, 0xC7, 0x4F, 0x67, 0x77, 0xC7, 0x56,
    0x6F, 0x77, 0xC7, 0x5A, 0x77, 0x77, 0xC7, 0x5D, 0x7F, 0x77, 0xC7, 0x5E,
    0x87, 0x77, 0xC7, 0x5D, 0x8F, 0x77, 0xC7, 0x5A, 0x97, 0x77, 0xC7, 0x56,
    0x9F, 0x77, 0xC7, 0x4F, 0xA7, 0x77, 0xC7, 0x47, 0xAF, 0x77, 0xC7, 0x3E,
    0xB7, 0x77, 0xC7, 0x34, 0xBF, 0x77, 0xC7, 0x29, 0xC7, 0x77, 0xC7, 0x1C,
    0xCF, 0x77, 0xC7, 0x10, 0xD7, 0x77, 0xC7, 0x02, 0xDF, 0x77, 0xC7, 0x00,
    0xE7, 0x77, 0xC7, 0x00, 0xEF, 0x77, 0xC7, 0x00, 0xF7, 0x77, 0xC7, 0x00,
    0x00, 0x7F, 0xC7, 0x00, 0x07, 0x7F, 0xC7, 0x00, 0x0F, 0x7F, 0xC7, 0x00,
    0x17, 0x7F, 0xC7, 0x00, 0x1F, 0x7F, 0xC7, 0x00, 0x27, 0x7F, 0xC7, 0x03,
    0x2F, 0x7F, 0xC7, 0x10, 0x37, 0x7F, 0xC7, 0x1D, 0x3F, 0x7F, 0xC7, 0x29,
    0x47, 0x7F, 0xC7, 0x35, 0x4F, 0x7F, 0xC7, 0x3F, 0x57, 0x7F, 0xC7, 0x48,
    0x5F, 0x7F, 0xC7, 0x50, 0x67, 0x7F, 0xC7, 0x57, 0x6F, 0x7F, 0xC7, 0x5B,
    0x77, 0x7F, 0xC7, 0x5E, 0x7F, 0x7F, 0xC7, 0x5F, 0x87, 0x7F, 0xC7, 0x5E,
    0x8F, 0x7F, 0xC7, 0x5B, 0x97, 0x7F, 0xC7, 0x57, 0x9F, 0x7F, 0xC7, 0x50,
    0xA7, 0x7F, 0xC7, 0x48, 0xAF, 0x7F, 0xC7, 0x3F, 0xB7, 0x7F, 0xC7, 0x35,
    0xBF, 0x7F, 0xC7, 0x29, 0xC7, 0x7F, 0xC7, 0x1D, 0xCF, 0x7F, 0xC7, 0x10,
    0xD7, 0x7F, 0xC7, 0x03, 0xDF, 0x7F, 0xC7, 0x00, 0xE7, 0x7F, 0xC7, 0x00,
    0xEF, 0x7F, 0xC7, 0x00, 0xF7, 0x7F, 0xC7, 0x00, 0x00, 0x87, 0xC7, 0x00,
    0x07, 0x87, 0xC7, 0x00, 0x0F, 0x87, 0xC7, 0x00, 0x17, 0x87, 0xC7, 0x00,
    0x1F, 0x87, 0xC7, 0x00, 0x27, 0x87, 0xC7, 0x02, 0x2F, 0x87, 0xC7, 0x10,
    0x37, 0x87, 0xC7, 0x1C, 0x3F, 0x87, 0xC7, 0x29, 0x47, 0x87, 0xC7, 0x34,
    0x4F, 0x87, 0xC7, 0x3E, 0x57, 0x87, 0xC7, 0x47, 0x5F, 0x87, 0xC7, 0x4F,
    0x67, 0x87, 0xC7, 0x56, 0x6F, 0x87, 0xC7, 0x5A, 0x77, 0x87, 0xC7, 0x5D,
    0x7F, 0x87, 0xC7, 0x5E, 0x87, 0x87, 0xC7, 0x5D, 0x8F, 0x87, 0xC7, 0x5A,
    0x97, 0x87, 0xC7, 0x56, 0x9F, 0x87, 0xC7, 0x4F, 0xA7, 0x87, 0xC7, 0x47,
    0xAF, 0x87, 0xC7, 0x3E, 0xB7, 0x87, 0xC7, 0x34, 0xBF, 0x87, 0xC7, 0x29,
    0xC7, 0x87, 0xC7, 0x1C, 0xCF, 0x87, 0xC7, 0x10, 0xD7, 0x87, 0xC7, 0x02,
    0xDF, 0x87, 0xC7, 0x00, 0xE7, 0x87, 0xC7, 0x00, 0xEF, 0x87, 0xC7, 0x00,
    0xF7, 0x87, 0xC7, 0x00, 0x00, 0x8F, 0xC7, 0x00, 0x07, 0x8F, 0xC7, 0x00,
    0x0F, 0x8F, 0xC7, 0x00, 0x17, 0x8F, 0xC7, 0x00, 0x1F, 0x8F, 0xC7, 0x00,
    0x27, 0x8F, 0xC7, 0x00, 0x2F, 0x8F, 0xC7, 0x0E, 0x37, 0x8F, 0xC7, 0x1A,
    0x3F, 0x8F, 0xC7, 0x26, 0x47, 0x8F, 0xC7, 0x32, 0x4F, 0x8F, 0xC7, 0x3C,
    0x57, 0x8F, 0xC7, 0x45, 0x5F, 0x8F, 0xC7, 0x4D, 0x67, 0x8F, 0xC7, 0x53,
    0x6F, 0x8F, 0xC7, 0x57, 0x77, 0x8F, 0xC7, 0x5A, 0x7F, 0x8F, 0xC7, 0x5B,
    0x87, 0x8F, 0xC7, 0x5A, 0x8F, 0x8F, 0xC7, 0x57, 0x97, 0x8F, 0xC7, 0x53,
    0x9F, 0x8F, 0xC7, 0x4D, 0xA7, 0x8F, 0xC7, 0x45, 0xAF, 0x8F, 0xC7, 0x3C,
    0xB7, 0x8F, 0xC7, 0x32, 0xBF, 0x8F, 0xC7, 0x26, 0xC7, 0x8F, 0xC7, 0x1A,
    0xCF, 0x8F, 0xC7, 0x0E, 0xD7, 0x8F, 0xC7, 0x00, 0xDF, 0x8F, 0xC7, 0x00,
    0xE7, 0x8F, 0xC7, 0x00, 0xEF, 0x8F, 0xC7, 0x00, 0xF7, 0x8F, 0xC7, 0x00,
    0x00, 0x97, 0xC7, 0x00, 0x07, 0x97, 0xC7, 0x00, 0x0F, 0x97, 0xC7, 0x00,
    0x17, 0x97, 0xC7, 0x00, 0x1F, 0x97, 0xC7, 0x00, 0x27, 0x97, 0xC7, 0x00,
    0x2F, 0x97, 0xC7, 0x0A, 0x37, 0x97, 0xC7, 0x17, 0x3F, 0x97, 0xC7, 0x23,
    0x47, 0x97, 0xC7, 0x2E, 0x4F, 0x97, 0xC7, 0x38, 0x57, 0x97, 0xC7, 0x41,
    0x5F, 0x97, 0xC7, 0x48, 0x67, 0x97, 0xC7, 0x4E, 0x6F, 0x97, 0xC7, 0x53,
    0x77, 0x97, 0xC7, 0x56, 0x7F, 0x97, 0xC7, 0x57, 0x87, 0x97, 0xC7, 0x56,
    0x8F, 0x97, 0xC7, 0x53, 0x97, 0x97, 0xC7, 0x4E, 0x9F, 0x97, 0xC7, 0x48,
    0xA7, 0x97, 0xC7, 0x41, 0xAF, 0x97, 0xC7, 0x38, 0xB7, 0x97, 0xC7, 0x2E,
    0xBF, 0x97, 0xC7, 0x23, 0xC7, 0x97, 0xC7, 0x17, 0xCF, 0x97, 0xC7, 0x0A,
    0xD7, 0x97, 0xC7, 0x00, 0xDF, 0x97, 0xC7, 0x00, 0xE7, 0x97, 0xC7, 0x00,
    0xEF, 0x97, 0xC7, 0x00, 0xF7, 0x97, 0xC7, 0x00, 0x00, 0x9F, 0xC7, 0x00,
    0x07, 0x9F, 0xC7, 0x00, 0x0F, 0x9F, 0xC7, 0x00, 0x17, 0x9F, 0xC7, 0x00,
    0x1F, 0x9F, 0xC7, 0x00, 0x27, 0x9F, 0xC7, 0x00, 0x2F, 0x9F, 0xC7, 0x06,
    0x37, 0x9F, 0xC7, 0x12, 0x3F, 0x9F, 0xC7, 0x1E, 0x47, 0x9F, 0xC7, 0x29,
    0x4F, 0x9F, 0xC7, 0x32, 0x57, 0x9F, 0xC7, 0x3B, 0x5F, 0x9F, 0xC7, 0x42,
    0x67, 0x9F, 0xC7, 0x48, 0x6F, 0x9F, 0xC7, 0x4D, 0x77, 0x9F, 0xC7, 0x4F,
    0x7F, 0x9F, 0xC7, 0x50, 0x87, 0x9F, 0xC7, 0x4F, 0x8F, 0x9F, 0xC7, 0x4D,
    0x97, 0x9F, 0xC7, 0x48, 0x9F, 0x9F, 0xC7, 0x42, 0xA7, 0x9F, 0xC7, 0x3B,
    0xAF, 0x9F, 0xC7, 0x32, 0xB7, 0x9F, 0xC7, 0x29, 0xBF, 0x9F, 0xC7, 0x1E,
    0xC7, 0x9F, 0xC7, 0x12, 0xCF, 0x9F, 0xC7, 0x06, 0xD7, 0x9F, 0xC7, 0x00,
    0xDF, 0x9F, 0xC7, 0x00, 0xE7, 0x9F, 0xC7, 0x00, 0xEF, 0x9F, 0xC7, 0x00,
    0xF7, 0x9F, 0xC7, 0x00, 0x00, 0xA7, 0xC7, 0x00, 0x07, 0xA7, 0xC7, 0x00,
    0x0F, 0xA7, 0xC7, 0x00, 0x17, 0xA7, 0xC7, 0x00, 0x1F, 0xA7, 0xC7, 0x00,
    0x27, 0xA7, 0xC7, 0x00, 0x2F, 0xA7, 0xC7, 0x00, 0x37, 0xA7, 0xC7, 0x0C,
    0x3F, 0xA7, 0xC7, 0x18, 0x47, 0xA7, 0xC7, 0x22, 0x4F, 0xA7, 0xC7, 0x2B,
    0x57, 0xA7, 0xC7, 0x34, 0x5F, 0xA7, 0xC7, 0x3B, 0x67, 0xA7, 0xC7, 0x41,
    0x6F, 0xA7, 0xC7, 0x45, 0x77, 0xA7, 0xC7, 0x47, 0x7F, 0xA7, 0xC7, 0x48,
    0x87, 0xA7, 0xC7, 0x47, 0x8F, 0xA7, 0xC7, 0x45, 0x97, 0xA7, 0xC7, 0x41,
    0x9F, 0xA7, 0xC7, 0x3B, 0xA7, 0xA7, 0xC7, 0x34, 0xAF, 0xA7, 0xC7, 0x2B,
    0xB7, 0xA7, 0xC7, 0x22, 0xBF, 0xA7, 0xC7, 0x18, 0xC7, 0xA7, 0xC7, 0x0C,
    0xCF, 0xA7, 0xC7, 0x00, 0xD7, 0xA7, 0xC7, 0x00, 0xDF, 0xA7, 0xC7, 0x00,
    0xE7, 0xA7, 0xC7, 0x00, 0xEF, 0xA7, 0xC7, 0x00, 0xF7, 0xA7, 0xC7, 0x00,
    0x00, 0xAF, 0xC7, 0x00, 0x07, 0xAF, 0xC7, 0x00, 0x0F, 0xAF, 0xC7, 0x00,
    0x17, 0xAF, 0xC7, 0x00, 0x1F, 0xAF, 0xC7, 0x00, 0x27, 0xAF, 0xC7, 0x00,
    0x2F, 0xAF, 0xC7, 0x00, 0x37, 0xAF, 0xC7, 0x05, 0x3F, 0xAF, 0xC7, 0x10,
    0x47, 0xAF, 0xC7, 0x1A, 0x4F, 0xAF, 0xC7, 0x23, 0x57, 0xAF, 0xC7, 0x2B,
    0x5F, 0xAF, 0xC7, 0x32, 0x67, 0xAF, 0xC7, 0x38, 0x6F, 0xAF, 0xC7, 0x3C,
    0x77, 0xAF, 0xC7, 0x3E, 0x7F, 0xAF, 0xC7, 0x3F, 0x87, 0xAF, 0xC7, 0x3E,
    0x8F, 0xAF, 0xC7, 0x3C, 0x97, 0xAF, 0xC7, 0x38, 0x9F, 0xAF, 0xC7, 0x32,
    0xA7, 0xAF, 0xC7, 0x2B, 0xAF, 0xAF, 0xC7, 0x23, 0xB7, 0xAF, 0xC7, 0x1A,
    0xBF, 0xAF, 0xC7, 0x10, 0xC7, 0xAF, 0xC7, 0x05, 0xCF, 0xAF, 0xC7, 0x00,
    0xD7, 0xAF, 0xC7, 0x00, 0xDF, 0xAF, 0xC7, 0x00, 0xE7, 0xAF, 0xC7, 0x00,
    0xEF, 0xAF, 0xC7, 0x00, 0xF7, 0xAF, 0xC7, 0x00, 0x00, 0xB7, 0xC7, 0x00,
    0x07, 0xB7, 0xC7, 0x00, 0x0F, 0xB7, 0xC7, 0x00, 0x17, 0xB7, 0xC7, 0x00,
    0x1F, 0xB7, 0xC7, 0x00, 0x27, 0xB7, 0xC7, 0x00, 0x2F, 0xB7, 0xC7, 0x00,
    0x37, 0xB7, 0xC7, 0x00, 0x3F, 0xB7, 0xC7, 0x08, 0x47, 0xB7, 0xC7, 0x12,
    0x4F, 0xB7, 0xC7, 0x1A, 0x57, 0xB7, 0xC7, 0x22, 0x5F, 0xB7, 0xC7, 0x29,
    0x67, 0xB7, 0xC7, 0x2E, 0x6F, 0xB7, 0xC7, 0x32, 0x77, 0xB7, 0xC7, 0x34,
    0x7F, 0xB7, 0xC7, 0x35, 0x87, 0xB7, 0xC7, 0x34, 0x8F, 0xB7, 0xC7, 0x32,
    0x97, 0xB7, 0xC7, 0x2E, 0x9F, 0xB7, 0xC7, 0x29, 0xA7, 0xB7, 0xC7, 0x22,
    0xAF, 0xB7, 0xC7, 0x1A, 0xB7, 0xB7, 0xC7, 0x12, 0xBF, 0xB7, 0xC7, 0x08,
    0xC7, 0xB7, 0xC7, 0x00, 0xCF, 0xB7, 0xC7, 0x00, 0xD7, 0xB7, 0xC7, 0x00,
    0xDF, 0xB7, 0xC7, 0x00, 0xE7, 0xB7, 0xC7, 0x00, 0xEF, 0xB7, 0xC7, 0x00,
    0xF7, 0xB7, 0xC7, 0x00, 0x00, 0xBF, 0xC7, 0x00, 0x07, 0xBF, 0xC7, 0x00,
    0x0F, 0xBF, 0xC7, 0x00, 0x17, 0xBF, 0xC7, 0x00, 0x1F, 0xBF, 0xC7, 0x00,
    0x27, 0xBF, 0xC7, 0x00, 0x2F, 0xBF, 0xC7, 0x00, 0x37, 0xBF, 0xC7, 0x00,
    0x3F, 0xBF, 0xC7, 0x00, 0x47, 0xBF, 0xC7, 0x08, 0x4F, 0xBF, 0xC7, 0x10,
    0x57, 0xBF, 0xC7, 0x18, 0x5F, 0xBF, 0xC7, 0x1E, 0x67, 0xBF, 0xC7, 0x23,
    0x6F, 0xBF, 0xC7, 0x26, 0x77, 0xBF, 0xC7, 0x29, 0x7F, 0xBF, 0xC7, 0x29,
    0x87, 0xBF, 0xC7, 0x29, 0x8F, 0xBF, 0xC7, 0x26, 0x97, 0xBF, 0xC7, 0x23,
    0x9F, 0xBF, 0xC7, 0x1E, 0xA7, 0xBF, 0xC7, 0x18, 0xAF, 0xBF, 0xC7, 0x10,
    0xB7, 0xBF, 0xC7, 0x08, 0xBF, 0xBF, 0xC7, 0x00, 0xC7, 0xBF, 0xC7, 0x00,
    0xCF, 0xBF, 0xC7, 0x00, 0xD7, 0xBF, 0xC7, 0x00, 0xDF, 0xBF, 0xC7, 0x00,
    0xE7, 0xBF, 0xC7, 0x00, 0xEF, 0xBF, 0xC7, 0x00, 0xF7, 0xBF, 0xC7, 0x00,
    0x00, 0xC7, 0xC7, 0x00, 0x07, 0xC7, 0xC7, 0x00, 0x0F, 0xC7, 0xC7, 0x00,
    0x17, 0xC7, 0xC7, 0x00, 0x1F, 0xC7, 0xC7, 0x00, 0x27, 0xC7, 0xC7, 0x00,
    0x2F, 0xC7, 0xC7, 0x00, 0x37, 0xC7, 0xC7, 0x00, 0x3F, 0xC7, 0xC7, 0x00,
    0x47, 0xC7, 0xC7, 0x00, 0x4F, 0xC7, 0xC7, 0x05, 0x57, 0xC7, 0xC7, 0x0C,
    0x5F, 0xC7, 0xC7, 0x12, 0x67, 0xC7, 0xC7, 0x17, 0x6F, 0xC7, 0xC7, 0x1A,
    0x77, 0xC7, 0xC7, 0x1C, 0x7F, 0xC7, 0xC7, 0x1D, 0x87, 0xC7, 0xC7, 0x1C,
    0x8F, 0xC7, 0xC7, 0x1A, 0x97, 0xC7, 0xC7, 0x17, 0x9F, 0xC7, 0xC7, 0x12,
    0xA7, 0xC7, 0xC7, 0x0C, 0xAF, 0xC7, 0xC7, 0x05, 0xB7, 0xC7, 0xC7, 0x00,
    0xBF, 0xC7, 0xC7, 0x00, 0xC7, 0xC7, 0xC7, 0x00, 0xCF, 0xC7, 0xC7, 0x00,
    0xD7, 0xC7, 0xC7, 0x00, 0xDF, 0xC7, 0xC7, 0x00, 0xE7, 0xC7, 0xC7, 0x00,
    0xEF, 0xC7, 0xC7, 0x00, 0xF7, 0xC7, 0xC7, 0x00, 0x00, 0xCF, 0xC7, 0x00,
    0x07, 0xCF, 0xC7, 0x00, 0x0F, 0xCF, 0xC7, 0x00, 0x17, 0xCF, 0xC7, 0x00,
    0x1F, 0xCF, 0xC7, 0x00, 0x27, 0xCF, 0xC7, 0x00, 0x2F, 0xCF, 0xC7, 0x00,
    0x37, 0xCF, 0xC7, 0x00, 0x3F, 0xCF, 0xC7, 0x00, 0x47, 0xCF, 0xC7, 0x00,
    0x4F, 0xCF, 0xC7, 0x00, 0x57, 0xCF, 0xC7, 0x00, 0x5F, 0xCF, 0xC7, 0x06,
    0x67, 0xCF, 0xC7, 0x0A, 0x6F, 0xCF, 0xC7, 0x0E, 0x77, 0xCF, 0xC7, 0x10,
    0x7F, 0xCF, 0xC7, 0x10, 0x87, 0xCF, 0xC7, 0x10, 0x8F, 0xCF, 0xC7, 0x0E,
    0x97, 0xCF, 0xC7, 0x0A, 0x9F, 0xCF, 0xC7, 0x06, 0xA7, 0xCF, 0xC7, 0x00,
    0xAF, 0xCF, 0xC7, 0x00, 0xB7, 0xCF, 0xC7, 0x00, 0xBF, 0xCF, 0xC7, 0x00,
    0xC7, 0xCF, 0xC7, 0x00, 0xCF, 0xCF, 0xC7, 0x00, 0xD7, 0xCF, 0xC7, 0x00,
    0xDF, 0xCF, 0xC7, 0x00, 0xE7, 0xCF, 0xC7, 0x00, 0xEF, 0xCF, 0xC7, 0x00,
    0xF7, 0xCF, 0xC7, 0x00, 0x00, 0xD7, 0xC7, 0x00, 0x07, 0xD7, 0xC7, 0x00,
    0x0F, 0xD7, 0xC7, 0x00, 0x17, 0xD7, 0xC7, 0x00, 0x1F, 0xD7, 0xC7, 0x00,
    0x27, 0xD7, 0xC7, 0x00, 0x2F, 0xD7, 0xC7, 0x00, 0x37, 0xD7, 0xC7, 0x00,
    0x3F, 0xD7, 0xC7, 0x00, 0x47, 0xD7, 0xC7, 0x00, 0x4F, 0xD7, 0xC7, 0x00,
    0x57, 0xD7, 0xC7, 0x00, 0x5F, 0xD7, 0xC7, 0x00, 0x67, 0xD7, 0xC7, 0x00,
    0x6F, 0xD7, 0xC7, 0x00, 0x77, 0xD7, 0xC7, 0x02, 0x7F, 0xD7, 0xC7, 0x03,
    0x87, 0xD7, 0xC7, 0x02, 0x8F, 0xD7, 0xC7, 0x00, 0x97, 0xD7, 0xC7, 0x00,
    0x9F, 0xD7, 0xC7, 0x00, 0xA7, 0xD7, 0xC7, 0x00, 0xAF, 0xD7, 0xC7, 0x00,
    0xB7, 0xD7, 0xC7, 0x00, 0xBF, 0xD7, 0xC7, 0x00, 0xC7, 0xD7, 0xC7, 0x00,
    0xCF, 0xD7, 0xC7, 0x00, 0xD7, 0xD7, 0xC7, 0x00, 0xDF, 0xD7, 0xC7, 0x00,
    0xE7, 0xD7, 0xC7, 0x00, 0xEF, 0xD7, 0xC7, 0x00, 0xF7, 0xD7, 0xC7, 0x00,
    0x00, 0xDF, 0xC7, 0x00, 0x07, 0xDF, 0xC7, 0x00, 0x0F, 0xDF, 0xC7, 0x00,
    0x17, 0xDF, 0xC7, 0x00, 0x1F, 0xDF, 0xC7, 0x00, 0x27, 0xDF, 0xC7, 0x00,
    0x2F, 0xDF, 0xC7, 0x00, 0x37, 0xDF, 0xC7, 0x00, 0x3F, 0xDF, 0xC7, 0x00,
    0x47, 0xDF, 0xC7, 0x00, 0x4F, 0xDF, 0xC7, 0x00, 0x57, 0xDF, 0xC7, 0x00,
    0x5F, 0xDF, 0xC7, 0x00, 0x67, 0xDF, 0xC7, 0x00, 0x6F, 0xDF, 0xC7, 0x00,
    0x77, 0xDF, 0xC7, 0x00, 0x7F, 0xDF, 0xC7, 0x00, 0x87, 0xDF, 0xC7, 0x00,
    0x8F, 0xDF, 0xC7, 0x00, 0x97, 0xDF, 0xC7, 0x00, 0x9F, 0xDF, 0xC7, 0x00,
    0xA7, 0xDF, 0xC7, 0x00, 0xAF, 0xDF, 0xC7, 0x00, 0xB7, 0xDF, 0xC7, 0x00,
    0xBF, 0xDF, 0xC7, 0x00, 0xC7, 0xDF, 0xC7, 0x00, 0xCF, 0xDF, 0xC7, 0x00,
    0xD7, 0xDF, 0xC7, 0x00, 0xDF, 0xDF, 0xC7, 0x00, 0xE7, 0xDF, 0xC7, 0x00,
    0xEF, 0xDF, 0xC7, 0x00, 0xF7, 0xDF, 0xC7, 0x00, 0x00, 0xE7, 0xC7, 0x00,
    0x07, 0xE7, 0xC7, 0x00, 0x0F, 0xE7, 0xC7, 0x00, 0x17, 0xE7, 0xC7, 0x00,
    0x1F, 0xE7, 0xC7, 0x00, 0x27, 0xE7, 0xC7, 0x00, 0x2F, 0xE7, 0xC7, 0x00,
    0x37, 0xE7, 0xC7, 0x00, 0x3F, 0xE7, 0xC7, 0x00, 0x47, 0xE7, 0xC7, 0x00,
    0x4F, 0xE7, 0xC7, 0x00, 0x57, 0xE7, 0xC7, 0x00, 0x5F, 0xE7, 0xC7, 0x00,
    0x67, 0xE7, 0xC7, 0x00, 0x6F, 0xE7, 0xC7, 0x00, 0x77, 0xE7, 0xC7, 0x00,
    0x7F, 0xE7, 0xC7, 0x00, 0x87, 0xE7, 0xC7, 0x00, 0x8F, 0xE7, 0xC7, 0x00,
    0x97, 0xE7, 0xC7, 0x00, 0x9F, 0xE7, 0xC7, 0x00, 0xA7, 0xE7, 0xC7, 0x00,
    0xAF, 0xE7, 0xC7, 0x00, 0xB7, 0xE7, 0xC7, 0x00, 0xBF, 0xE7, 0xC7, 0x00,
    0xC7, 0xE7, 0xC7, 0x00, 0xCF, 0xE7, 0xC7, 0x00, 0xD7, 0xE7, 0xC7, 0x00,
    0xDF, 0xE7, 0xC7, 0x00, 0xE7, 0xE7, 0xC7, 0x00, 0xEF, 0xE7, 0xC7, 0x00,
    0xF7, 0xE7, 0xC7, 0x00, 0x00, 0xEF, 0xC7, 0x00, 0x07, 0xEF, 0xC7, 0x00,
    0x0F, 0xEF, 0xC7, 0x00, 0x17, 0xEF, 0xC7, 0x00, 0x1F, 0xEF, 0xC7, 0x00,
    0x27, 0xEF, 0xC7, 0x00, 0x2F, 0xEF, 0xC7, 0x00, 0x37, 0xEF, 0xC7, 0x00,
    0x3F, 0xEF, 0xC7, 0x00, 0x47, 0xEF, 0xC7, 0x00, 0x4F, 0xEF, 0xC7, 0x00,
    0x57, 0xEF, 0xC7, 0x00, 0x5F, 0xEF, 0xC7, 0x00, 0x67, 0xEF, 0xC7, 0x00,
    0x6F, 0xEF, 0xC7, 0x00, 0x77, 0xEF, 0xC7, 0x00, 0x7F, 0xEF, 0xC7, 0x00,
    0x87, 0xEF, 0xC7, 0x00, 0x8F, 0xEF, 0xC7, 0x00, 0x97, 0xEF, 0xC7, 0x00,
    0x9F, 0xEF, 0xC7, 0x00, 0xA7, 0xEF, 0xC7, 0x00, 0xAF, 0xEF, 0xC7, 0x00,
    0xB7, 0xEF, 0xC7, 0x00, 0xBF, 0xEF, 0xC7, 0x00, 0xC7, 0xEF, 0xC7, 0x00,
    0xCF, 0xEF, 0xC7, 0x00, 0xD7, 0xEF, 0xC7, 0x00, 0xDF, 0xEF, 0xC7, 0x00,
    0xE7, 0xEF, 0xC7, 0x00, 0xEF, 0xEF, 0xC7, 0x00, 0xF7, 0xEF, 0xC7, 0x00,
    0x00, 0xF7, 0xC7, 0x00, 0x07, 0xF7, 0xC7, 0x00, 0x0F, 0xF7, 0xC7, 0x00,
    0x17, 0xF7, 0xC7, 0x00, 0x1F, 0xF7, 0xC7, 0x00, 0x27, 0xF7, 0xC7, 0x00,
    0x2F, 0xF7, 0xC7, 0x00, 0x37, 0xF7, 0xC7, 0x00, 0x3F, 0xF7, 0xC7, 0x00,
    0x47, 0xF7, 0xC7, 0x00, 0x4F, 0xF7, 0xC7, 0x00, 0x57, 0xF7, 0xC7, 0x00,
    0x5F, 0xF7, 0xC7, 0x00, 0x67, 0xF7, 0xC7, 0x00, 0x6F, 0xF7, 0xC7, 0x00,
    0x77, 0xF7, 0xC7, 0x00, 0x7F, 0xF7, 0xC7, 0x00, 0x87, 0xF7, 0xC7, 0x00,
    0x8F, 0xF7, 0xC7, 0x00, 0x97, 0xF7, 0xC7, 0x00, 0x9F, 0xF7, 0xC7, 0x00,
    0xA7, 0xF7, 0xC7, 0x00, 0xAF, 0xF7, 0xC7, 0x00, 0xB7, 0xF7, 0xC7, 0x00,
    0xBF, 0xF7, 0xC7, 0x00, 0xC7, 0xF7, 0xC7, 0x00, 0xCF, 0xF7, 0xC7, 0x00,
    0xD7, 0xF7, 0xC7, 0x00, 0xDF, 0xF7, 0xC7, 0x00, 0xE7, 0xF7, 0xC7, 0x00,
    0xEF, 0xF7, 0xC7, 0x00, 0xF7, 0xF7, 0xC7, 0x00, 0x00, 0x00, 0xCF, 0x00,
    0x07, 0x00, 0xCF, 0x00, 0x0F, 0x00, 0xCF, 0x00, 0x17, 0x00, 0xCF, 0x00,
    0x1F, 0x00, 0xCF, 0x00, 0x27, 0x00, 0xCF, 0x00, 0x2F, 0x00, 0xCF, 0x00,
    0x37, 0x00, 0xCF, 0x00, 0x3F, 0x00, 0xCF, 0x00, 0x47, 0x00, 0xCF, 0x00,
    0x4F, 0x00, 0xCF, 0x00, 0x57, 0x00, 0xCF, 0x00, 0x5F, 0x00, 0xCF, 0x00,
    0x67, 0x00, 0xCF, 0x00, 0x6F, 0x00, 0xCF, 0x00, 0x77, 0x00, 0xCF, 0x00,
    0x7F, 0x00, 0xCF, 0x00, 0x87, 0x00, 0xCF, 0x00, 0x8F, 0x00, 0xCF, 0x00,
    0x97, 0x00, 0xCF, 0x00, 0x9F, 0x00, 0xCF, 0x00, 0xA7, 0x00, 0xCF, 0x00,
    0xAF, 0x00, 0xCF, 0x00, 0xB7, 0x00, 0xCF, 0x00, 0xBF, 0x00, 0xCF, 0x00,
    0xC7, 0x00, 0xCF, 0x00, 0xCF, 0x00, 0xCF, 0x00, 0xD7, 0x00, 0xCF, 0x00,
    0xDF, 0x00, 0xCF, 0x00, 0xE7, 0x00, 0xCF, 0x00, 0xEF, 0x00, 0xCF, 0x00,
    0xF7, 0x00, 0xCF, 0x00, 0x00, 0x07, 0xCF, 0x00, 0x07, 0x07, 0xCF, 0x00,
    0x0F, 0x07, 0xCF, 0x00, 0x17, 0x07, 0xCF, 0x00, 0x1F, 0x07, 0xCF, 0x00,
    0x27, 0x07, 0xCF, 0x00, 0x2F, 0x07, 0xCF, 0x00, 0x37, 0x07, 0xCF, 0x00,
    0x3F, 0x07, 0xCF, 0x00, 0x47, 0x07, 0xCF, 0x00, 0x4F, 0x07, 0xCF, 0x00,
    0x57, 0x07, 0xCF, 0x00, 0x5F, 0x07, 0xCF, 0x00, 0x67, 0x07, 0xCF, 0x00,
    0x6F, 0x07, 0xCF, 0x00, 0x77, 0x07, 0xCF, 0x00, 0x7F, 0x07, 0xCF, 0x00,
    0x87, 0x07, 0xCF, 0x00, 0x8F, 0x07, 0xCF, 0x00, 0x97, 0x07, 0xCF, 0x00,
    0x9F, 0x07, 0xCF, 0x00, 0xA7, 0x07, 0xCF, 0x00, 0xAF, 0x07, 0xCF, 0x00,
    0xB7, 0x07, 0xCF, 0x00, 0xBF, 0x07, 0xCF, 0x00, 0xC7, 0x07, 0xCF, 0x00,
    0xCF, 0x07, 0xCF, 0x00, 0xD7, 0x07, 0xCF, 0x00, 0xDF, 0x07, 0xCF, 0x00,
    0xE7, 0x07, 0xCF, 0x00, 0xEF, 0x07, 0xCF, 0x00, 0xF7, 0x07, 0xCF, 0x00,
    0x00, 0x0F, 0xCF, 0x00, 0x07, 0x0F, 0xCF, 0x00, 0x0F, 0x0F, 0xCF, 0x00,
    0x17, 0x0F, 0xCF, 0x00, 0x1F, 0x0F, 0xCF, 0x00, 0x27, 0x0F, 0xCF, 0x00,
    0x2F, 0x0F, 0xCF, 0x00, 0x37, 0x0F, 0xCF, 0x00, 0x3F, 0x0F, 0xCF, 0x00,
    0x47, 0x0F, 0xCF, 0x00, 0x4F, 0x0F, 0xCF, 0x00, 0x57, 0x0F, 0xCF, 0x00,
    0x5F, 0x0F, 0xCF, 0x00, 0x67, 0x0F, 0xCF, 0x00, 0x6F, 0x0F, 0xCF, 0x00,
    0x77, 0x0F, 0xCF, 0x00, 0x7F, 0x0F, 0xCF, 0x00, 0x87, 0x0F, 0xCF, 0x00,
    0x8F, 0x0F, 0xCF, 0x00, 0x97, 0x0F, 0xCF, 0x00, 0x9F, 0x0F, 0xCF, 0x00,
    0xA7, 0x0F, 0xCF, 0x00, 0xAF, 0x0F, 0xCF, 0x00, 0xB7, 0x0F, 0xCF, 0x00,
    0xBF, 0x0F, 0xCF, 0x00, 0xC7, 0x0F, 0xCF, 0x00, 0xCF, 0x0F, 0xCF, 0x00,
    0xD7, 0x0F, 0xCF, 0x00, 0xDF, 0x0F, 0xCF, 0x00, 0xE7, 0x0F, 0xCF, 0x00,
    0xEF, 0x0F, 0xCF, 0x00, 0xF7, 0x0F, 0xCF, 0x00, 0x00, 0x17, 0xCF, 0x00,
    0x07, 0x17, 0xCF, 0x00, 0x0F, 0x17, 0xCF, 0x00, 0x17, 0x17, 0xCF, 0x00,
    0x1F, 0x17, 0xCF, 0x00, 0x27, 0x17, 0xCF, 0x00, 0x2F, 0x17, 0xCF, 0x00,
    0x37, 0x17, 0xCF, 0x00, 0x3F, 0x17, 0xCF, 0x00, 0x47, 0x17, 0xCF, 0x00,
    0x4F, 0x17, 0xCF, 0x00, 0x57, 0x17, 0xCF, 0x00, 0x5F, 0x17, 0xCF, 0x00,
    0x67, 0x17, 0xCF, 0x00, 0x6F, 0x17, 0xCF, 0x00, 0x77, 0x17, 0xCF, 0x00,
    0x7F, 0x17, 0xCF, 0x00, 0x87, 0x17, 0xCF, 0x00, 0x8F, 0x17, 0xCF, 0x00,
    0x97, 0x17, 0xCF, 0x00, 0x9F, 0x17, 0xCF, 0x00, 0xA7, 0x17, 0xCF, 0x00,
    0xAF, 0x17, 0xCF, 0x00, 0xB7, 0x17, 0xCF, 0x00, 0xBF, 0x17, 0xCF, 0x00,
    0xC7, 0x17, 0xCF, 0x00, 0xCF, 0x17, 0xCF, 0x00, 0xD7, 0x17, 0xCF, 0x00,
    0xDF, 0x17, 0xCF, 0x00, 0xE7, 0x17, 0xCF, 0x00, 0xEF, 0x17, 0xCF, 0x00,
    0xF7, 0x17, 0xCF, 0x00, 0x00, 0x1F, 0xCF, 0x00, 0x07, 0x1F, 0xCF, 0x00,
    0x0F, 0x1F, 0xCF, 0x00, 0x17, 0x1F, 0xCF, 0x00, 0x1F, 0x1F, 0xCF, 0x00,
    0x27, 0x1F, 0xCF, 0x00, 0x2F, 0x1F, 0xCF, 0x00, 0x37, 0x1F, 0xCF, 0x00,
    0x3F, 0x1F, 0xCF, 0x00, 0x47, 0x1F, 0xCF, 0x00, 0x4F, 0x1F, 0xCF, 0x00,
    0x57, 0x1F, 0xCF, 0x00, 0x5F, 0x1F, 0xCF, 0x00, 0x67, 0x1F, 0xCF, 0x00,
    0x6F, 0x1F, 0xCF, 0x00, 0x77, 0x1F, 0xCF, 0x00, 0x7F, 0x1F, 0xCF, 0x00,
    0x87, 0x1F, 0xCF, 0x00, 0x8F, 0x1F, 0xCF, 0x00, 0x97, 0x1F, 0xCF, 0x00,
    0x9F, 0x1F, 0xCF, 0x00, 0xA7, 0x1F, 0xCF, 0x00, 0xAF, 0x1F, 0xCF, 0x00,
    0xB7, 0x1F, 0xCF, 0x00, 0xBF, 0x1F, 0xCF, 0x00, 0xC7, 0x1F, 0xCF, 0x00,
    0xCF, 0x1F, 0xCF, 0x00, 0xD7, 0x1F, 0xCF, 0x00, 0xDF, 0x1F, 0xCF, 0x00,
    0xE7, 0x1F, 0xCF, 0x00, 0xEF, 0x1F, 0xCF, 0x00, 0xF7, 0x1F, 0xCF, 0x00,
    0x00, 0x27, 0xCF, 0x00, 0x07, 0x27, 0xCF, 0x00, 0x0F, 0x27, 0xCF, 0x00,
    0x17, 0x27, 0xCF, 0x00, 0x1F, 0x27, 0xCF, 0x00, 0x27, 0x27, 0xCF, 0x00,
    0x2F, 0x27, 0xCF, 0x00, 0x37, 0x27, 0xCF, 0x00, 0x3F, 0x27, 0xCF, 0x00,
    0x47, 0x27, 0xCF, 0x00, 0x4F, 0x27, 0xCF, 0x00, 0x57, 0x27, 0xCF, 0x00,
    0x5F, 0x27, 0xCF, 0x00, 0x67, 0x27, 0xCF, 0x00, 0x6F, 0x27, 0xCF, 0x00,
    0x77, 0x27, 0xCF, 0x00, 0x7F, 0x27, 0xCF, 0x00, 0x87, 0x27, 0xCF, 0x00,
    0x8F, 0x27, 0xCF, 0x00, 0x97, 0x27, 0xCF, 0x00, 0x9F, 0x27, 0xCF, 0x00,
    0xA7, 0x27, 0xCF, 0x00, 0xAF, 0x27, 0xCF, 0x00, 0xB7, 0x27, 0xCF, 0x00,
    0xBF, 0x27, 0xCF, 0x00, 0xC7, 0x27, 0xCF, 0x00, 0xCF, 0x27, 0xCF, 0x00,
    0xD7, 0x27, 0xCF, 0x00, 0xDF, 0x27, 0xCF, 0x00, 0xE7, 0x27, 0xCF, 0x00,
    0xEF, 0x27, 0xCF, 0x00, 0xF7, 0x27, 0xCF, 0x00, 0x00, 0x2F, 0xCF, 0x00,
    0x07, 0x2F, 0xCF, 0x00, 0x0F, 0x2F, 0xCF, 0x00, 0x17, 0x2F, 0xCF, 0x00,
    0x1F, 0x2F, 0xCF, 0x00, 0x27, 0x2F, 0xCF, 0x00, 0x2F, 0x2F, 0xCF, 0x00,
    0x37, 0x2F, 0xCF, 0x00, 0x3F, 0x2F, 0xCF, 0x00, 0x47, 0x2F, 0xCF, 0x00,
    0x4F, 0x2F, 0xCF, 0x00, 0x57, 0x2F, 0xCF, 0x00, 0x5F, 0x2F, 0xCF, 0x00,
    0x67, 0x2F, 0xCF, 0x00, 0x6F, 0x2F, 0xCF, 0x02, 0x77, 0x2F, 0xCF, 0x03,
    0x7F, 0x2F, 0xCF, 0x04, 0x87, 0x2F, 0xCF, 0x03, 0x8F, 0x2F, 0xCF, 0x02,
    0x97, 0x2F, 0xCF, 0x00, 0x9F, 0x2F, 0xCF, 0x00, 0xA7, 0x2F, 0xCF, 0x00,
    0xAF, 0x2F, 0xCF, 0x00, 0xB7, 0x2F, 0xCF, 0x00, 0xBF, 0x2F, 0xCF, 0x00,
    0xC7, 0x2F, 0xCF, 0x00, 0xCF, 0x2F, 0xCF, 0x00, 0xD7, 0x2F, 0xCF, 0x00,
    0xDF, 0x2F, 0xCF, 0x00, 0xE7, 0x2F, 0xCF, 0x00, 0xEF, 0x2F, 0xCF, 0x00,
    0xF7, 0x2F, 0xCF, 0x00, 0x00, 0x37, 0xCF, 0x00, 0x07, 0x37, 0xCF, 0x00,
    0x0F, 0x37, 0xCF, 0x00, 0x17, 0x37, 0xCF, 0x00, 0x1F, 0x37, 0xCF, 0x00,
    0x27, 0x37, 0xCF, 0x00, 0x2F, 0x37, 0xCF, 0x00, 0x37, 0x37, 0xCF, 0x00,
    0x3F, 0x37, 0xCF, 0x00, 0x47, 0x37, 0xCF, 0x00, 0x4F, 0x37, 0xCF, 0x00,
    0x57, 0x37, 0xCF, 0x00, 0x5F, 0x37, 0xCF, 0x06, 0x67, 0x37, 0xCF, 0x0A,
    0x6F, 0x37, 0xCF, 0x0E, 0x77, 0x37, 0xCF, 0x10, 0x7F, 0x37, 0xCF, 0x10,
    0x87, 0x37, 0xCF, 0x10, 0x8F, 0x37, 0xCF, 0x0E, 0x97, 0x37, 0xCF, 0x0A,
    0x9F, 0x37, 0xCF, 0x06, 0xA7, 0x37, 0xCF, 0x00, 0xAF, 0x37, 0xCF, 0x00,
    0xB7, 0x37, 0xCF, 0x00, 0xBF, 0x37, 0xCF, 0x00, 0xC7, 0x37, 0xCF, 0x00,
    0xCF, 0x37, 0xCF, 0x00, 0xD7, 0x37, 0xCF, 0x00, 0xDF, 0x37, 0xCF, 0x00,
    0xE7, 0x37, 0xCF, 0x00, 0xEF, 0x37, 0xCF, 0x00, 0xF7, 0x37, 0xCF, 0x00,
    0x00, 0x3F, 0xCF, 0x00, 0x07, 0x3F, 0xCF, 0x00, 0x0F, 0x3F, 0xCF, 0x00,
    0x17, 0x3F, 0xCF, 0x00, 0x1F, 0x3F, 0xCF, 0x00, 0x27, 0x3F, 0xCF, 0x00,
    0x2F, 0x3F, 0xCF, 0x00, 0x37, 0x3F, 0xCF, 0x00, 0x3F, 0x3F, 0xCF, 0x00,
    0x47, 0x3F, 0xCF, 0x00, 0x4F, 0x3F, 0xCF, 0x04, 0x57, 0x3F, 0xCF, 0x0B,
    0x5F, 0x3F, 0xCF, 0x11, 0x67, 0x3F, 0xCF, 0x16, 0x6F, 0x3F, 0xCF, 0x19,
    0x77, 0x3F, 0xCF, 0x1B, 0x7F, 0x3F, 0xCF, 0x1C, 0x87, 0x3F, 0xCF, 0x1B,
    0x8F, 0x3F, 0xCF, 0x19, 0x97, 0x3F, 0xCF, 0x16, 0x9F, 0x3F, 0xCF, 0x11,
    0xA7, 0x3F, 0xCF, 0x0B, 0xAF, 0x3F, 0xCF, 0x04, 0xB7, 0x3F, 0xCF, 0x00,
    0xBF, 0x3F, 0xCF, 0x00, 0xC7, 0x3F, 0xCF, 0x00, 0xCF, 0x3F, 0xCF, 0x00,
    0xD7, 0x3F, 0xCF, 0x00, 0xDF, 0x3F, 0xCF, 0x00, 0xE7, 0x3F, 0xCF, 0x00,
    0xEF, 0x3F, 0xCF, 0x00, 0xF7, 0x3F, 0xCF, 0x00, 0x00, 0x47, 0xCF, 0x00,
    0x07, 0x47, 0xCF, 0x00, 0x0F, 0x47, 0xCF, 0x00, 0x17, 0x47, 0xCF, 0x00,
    0x1F, 0x47, 0xCF, 0x00, 0x27, 0x47, 0xCF, 0x00, 0x2F, 0x47, 0xCF, 0x00,
    0x37, 0x47, 0xCF, 0x00, 0x3F, 0x47, 0xCF, 0x00, 0x47, 0x47, 0xCF, 0x05,
    0x4F, 0x47, 0xCF, 0x0E, 0x57, 0x47, 0xCF, 0x15, 0x5F, 0x47, 0xCF, 0x1B,
    0x67, 0x47, 0xCF, 0x20, 0x6F, 0x47, 0xCF, 0x23, 0x77, 0x47, 0xCF, 0x26,
    0x7F, 0x47, 0xCF, 0x26, 0x87, 0x47, 0xCF, 0x26, 0x8F, 0x47, 0xCF, 0x23,
    0x97, 0x47, 0xCF, 0x20, 0x9F, 0x47, 0xCF, 0x1B, 0xA7, 0x47, 0xCF, 0x15,
    0xAF, 0x47, 0xCF, 0x0E, 0xB7, 0x47, 0xCF, 0x05, 0xBF, 0x47, 0xCF, 0x00,
    0xC7, 0x47, 0xCF, 0x00, 0xCF, 0x47, 0xCF, 0x00, 0xD7, 0x47, 0xCF, 0x00,
    0xDF, 0x47, 0xCF, 0x00, 0xE7, 0x47, 0xCF, 0x00, 0xEF, 0x47, 0xCF, 0x00,
    0xF7, 0x47, 0xCF, 0x00, 0x00, 0x4F, 0xCF, 0x00, 0x07, 0x4F, 0xCF, 0x00,
    0x0F, 0x4F, 0xCF, 0x00, 0x17, 0x4F, 0xCF, 0x00, 0x1F, 0x4F, 0xCF, 0x00,
    0x27, 0x4F, 0xCF, 0x00, 0x2F, 0x4F, 0xCF, 0x00, 0x37, 0x4F, 0xCF, 0x00,
    0x3F, 0x4F, 0xCF, 0x04, 0x47, 0x4F, 0xCF, 0x0E, 0x4F, 0x4F, 0xCF, 0x16,
    0x57, 0x4F, 0xCF, 0x1E, 0x5F, 0x4F, 0xCF, 0x24, 0x67, 0x4F, 0xCF, 0x29,
    0x6F, 0x4F, 0xCF, 0x2D, 0x77, 0x4F, 0xCF, 0x2F, 0x7F, 0x4F, 0xCF, 0x30,
    0x87, 0x4F, 0xCF, 0x2F, 0x8F, 0x4F, 0xCF, 0x2D, 0x97, 0x4F, 0xCF, 0x29,
    0x9F, 0x4F, 0xCF, 0x24, 0xA7, 0x4F, 0xCF, 0x1E, 0xAF, 0x4F, 0xCF, 0x16,
    0xB7, 0x4F, 0xCF, 0x0E, 0xBF, 0x4F, 0xCF, 0x04, 0xC7, 0x4F, 0xCF, 0x00,
    0xCF, 0x4F, 0xCF, 0x00, 0xD7, 0x4F, 0xCF, 0x00, 0xDF, 0x4F, 0xCF, 0x00,
    0xE7, 0x4F, 0xCF, 0x00, 0xEF, 0x4F, 0xCF, 0x00, 0xF7, 0x4F, 0xCF, 0x00,
    0x00, 0x57, 0xCF, 0x00, 0x07, 0x57, 0xCF, 0x00, 0x0F, 0x57, 0xCF, 0x00,
    0x17, 0x57, 0xCF, 0x00, 0x1F, 0x57, 0xCF, 0x00, 0x27, 0x57, 0xCF, 0x00,
    0x2F, 0x57, 0xCF, 0x00, 0x37, 0x57, 0xCF, 0x00, 0x3F, 0x57, 0xCF, 0x0B,
    0x47, 0x57, 0xCF, 0x15, 0x4F, 0x57, 0xCF, 0x1E, 0x57, 0x57, 0xCF, 0x26,
    0x5F, 0x57, 0xCF, 0x2C, 0x67, 0x57, 0xCF, 0x32, 0x6F, 0x57, 0xCF, 0x35,
    0x77, 0x57, 0xCF, 0x38, 0x7F, 0x57, 0xCF, 0x39, 0x87, 0x57, 0xCF, 0x38,
    0x8F, 0x57, 0xCF, 0x35, 0x97, 0x57, 0xCF, 0x32, 0x9F, 0x57, 0xCF, 0x2C,
    0xA7, 0x57, 0xCF, 0x26, 0xAF, 0x57, 0xCF, 0x1E, 0xB7, 0x57, 0xCF, 0x15,
    0xBF, 0x57, 0xCF, 0x0B, 0xC7, 0x57, 0xCF, 0x00, 0xCF, 0x57, 0xCF, 0x00,
    0xD7, 0x57, 0xCF, 0x00, 0xDF, 0x57, 0xCF, 0x00, 0xE7, 0x57, 0xCF, 0x00,
    0xEF, 0x57, 0xCF, 0x00, 0xF7, 0x57, 0xCF, 0x00, 0x00, 0x5F, 0xCF, 0x00,
    0x07, 0x5F, 0xCF, 0x00, 0x0F, 0x5F, 0xCF, 0x00, 0x17, 0x5F, 0xCF, 0x00,
    0x1F, 0x5F, 0xCF, 0x00, 0x27, 0x5F, 0xCF, 0x00, 0x2F, 0x5F, 0xCF, 0x00,
    0x37, 0x5F, 0xCF, 0x06, 0x3F, 0x5F, 0xCF, 0x11, 0x47, 0x5F, 0xCF, 0x1B,
    0x4F, 0x5F, 0xCF, 0x24, 0x57, 0x5F, 0xCF, 0x2C, 0x5F, 0x5F, 0xCF, 0x33,
    0x67, 0x5F, 0xCF, 0x39, 0x6F, 0x5F, 0xCF, 0x3D, 0x77, 0x5F, 0xCF, 0x3F,
    0x7F, 0x5F, 0xCF, 0x40, 0x87, 0x5F, 0xCF, 0x3F, 0x8F, 0x5F, 0xCF, 0x3D,
    0x97, 0x5F, 0xCF, 0x39, 0x9F, 0x5F, 0xCF, 0x33, 0xA7, 0x5F, 0xCF, 0x2C,
    0xAF, 0x5F, 0xCF, 0x24, 0xB7, 0x5F, 0xCF, 0x1B, 0xBF, 0x5F, 0xCF, 0x11,
    0xC7, 0x5F, 0xCF, 0x06, 0xCF, 0x5F, 0xCF, 0x00, 0xD7, 0x5F, 0xCF, 0x00,
    0xDF, 0x5F, 0xCF, 0x00, 0xE7, 0x5F, 0xCF, 0x00, 0xEF, 0x5F, 0xCF, 0x00,
    0xF7, 0x5F, 0xCF, 0x00, 0x00, 0x67, 0xCF, 0x00, 0x07, 0x67, 0xCF, 0x00,
    0x0F, 0x67, 0xCF, 0x00, 0x17, 0x67, 0xCF, 0x00, 0x1F, 0x67, 0xCF, 0x00,
    0x27, 0x67, 0xCF, 0x00, 0x2F, 0x67, 0xCF, 0x00, 0x37, 0x67, 0xCF, 0x0A,
    0x3F, 0x67, 0xCF, 0x16, 0x47, 0x67, 0xCF, 0x20, 0x4F, 0x67, 0xCF, 0x29,
    0x57, 0x67, 0xCF, 0x32, 0x5F, 0x67, 0xCF, 0x39, 0x67, 0x67, 0xCF, 0x3E,
    0x6F, 0x67, 0xCF, 0x42, 0x77, 0x67, 0xCF, 0x45, 0x7F, 0x67, 0xCF, 0x46,
    0x87, 0x67, 0xCF, 0x45, 0x8F, 0x67, 0xCF, 0x42, 0x97, 0x67, 0xCF, 0x3E,
    0x9F, 0x67, 0xCF, 0x39, 0xA7, 0x67, 0xCF, 0x32, 0xAF, 0x67, 0xCF, 0x29,
    0xB7, 0x67, 0xCF, 0x20, 0xBF, 0x67, 0xCF, 0x16, 0xC7, 0x67, 0xCF, 0x0A,
    0xCF, 0x67, 0xCF, 0x00, 0xD7, 0x67, 0xCF, 0x00, 0xDF, 0x67, 0xCF, 0x00,
    0xE7, 0x67, 0xCF, 0x00, 0xEF, 0x67, 0xCF, 0x00, 0xF7, 0x67, 0xCF, 0x00,
    0x00, 0x6F, 0xCF, 0x00, 0x07, 0x6F, 0xCF, 0x00, 0x0F, 0x6F, 0xCF, 0x00,
    0x17, 0x6F, 0xCF, 0x00, 0x1F, 0x6F, 0xCF, 0x00, 0x27, 0x6F, 0xCF, 0x00,
    0x2F, 0x6F, 0xCF, 0x02, 0x37, 0x6F, 0xCF, 0x0E, 0x3F, 0x6F, 0xCF, 0x19,
    0x47, 0x6F, 0xCF, 0x23, 0x4F, 0x6F, 0xCF, 0x2D, 0x57, 0x6F, 0xCF, 0x35,
    0x5F, 0x6F, 0xCF, 0x3D, 0x67, 0x6F, 0xCF, 0x42, 0x6F, 0x6F, 0xCF, 0x46,
    0x77, 0x6F, 0xCF, 0x49, 0x7F, 0x6F, 0xCF, 0x4A, 0x87, 0x6F, 0xCF, 0x49,
    0x8F, 0x6F, 0xCF, 0x46, 0x97, 0x6F, 0xCF, 0x42, 0x9F, 0x6F, 0xCF, 0x3D,
    0xA7, 0x6F, 0xCF, 0x35, 0xAF, 0x6F, 0xCF, 0x2D, 0xB7, 0x6F, 0xCF, 0x23,
    0xBF, 0x6F, 0xCF, 0x19, 0xC7, 0x6F, 0xCF, 0x0E, 0xCF, 0x6F, 0xCF, 0x02,
    0xD7, 0x6F, 0xCF, 0x00, 0xDF, 0x6F, 0xCF, 0x00, 0xE7, 0x6F, 0xCF, 0x00,
    0xEF, 0x6F, 0xCF, 0x00, 0xF7, 0x6F, 0xCF, 0x00, 0x00, 0x77, 0xCF, 0x00,
    0x07, 0x77, 0xCF, 0x00, 0x0F, 0x77, 0xCF, 0x00, 0x17, 0x77, 0xCF, 0x00,
    0x1F, 0x77, 0xCF, 0x00, 0x27, 0x77, 0xCF, 0x00, 0x2F, 0x77, 0xCF, 0x03,
    0x37, 0x77, 0xCF, 0x10, 0x3F, 0x77, 0xCF, 0x1B, 0x47, 0x77, 0xCF, 0x26,
    0x4F, 0x77, 0xCF, 0x2F, 0x57, 0x77, 0xCF, 0x38, 0x5F, 0x77, 0xCF, 0x3F,
    0x67, 0x77, 0xCF, 0x45, 0x6F, 0x77, 0xCF, 0x49, 0x77, 0x77, 0xCF, 0x4C,
    0x7F, 0x77, 0xCF, 0x4D, 0x87, 0x77, 0xCF, 0x4C, 0x8F, 0x77, 0xCF, 0x49,
    0x97, 0x77, 0xCF, 0x45, 0x9F, 0x77, 0xCF, 0x3F, 0xA7, 0x77, 0xCF, 0x38,
    0xAF, 0x77, 0xCF, 0x2F, 0xB7, 0x77, 0xCF, 0x26, 0xBF, 0x77, 0xCF, 0x1B,
    0xC7, 0x77, 0xCF, 0x10, 0xCF, 0x77, 0xCF, 0x03, 0xD7, 0x77, 0xCF, 0x00,
    0xDF, 0x77, 0xCF, 0x00, 0xE7, 0x77, 0xCF, 0x00, 0xEF, 0x77, 0xCF, 0x00,
    0xF7, 0x77, 0xCF, 0x00, 0x00, 0x7F, 0xCF, 0x00, 0x07, 0x7F, 0xCF, 0x00,
    0x0F, 0x7F, 0xCF, 0x00, 0x17, 0x7F, 0xCF, 0x00, 0x1F, 0x7F, 0xCF, 0x00,
    0x27, 0x7F, 0xCF, 0x00, 0x2F, 0x7F, 0xCF, 0x04, 0x37, 0x7F, 0xCF, 0x10,
    0x3F, 0x7F, 0xCF, 0x1C, 0x47, 0x7F, 0xCF, 0x26, 0x4F, 0x7F, 0xCF, 0x30,
    0x57, 0x7F, 0xCF, 0x39, 0x5F, 0x7F, 0xCF, 0x40, 0x67, 0x7F, 0xCF, 0x46,
    0x6F, 0x7F, 0xCF, 0x4A, 0x77, 0x7F, 0xCF, 0x4D, 0x7F, 0x7F, 0xCF, 0x4D,
    0x87, 0x7F, 0xCF, 0x4D, 0x8F, 0x7F, 0xCF, 0x4A, 0x97, 0x7F, 0xCF, 0x46,
    0x9F, 0x7F, 0xCF, 0x40, 0xA7, 0x7F, 0xCF, 0x39, 0xAF, 0x7F, 0xCF, 0x30,
    0xB7, 0x7F, 0xCF, 0x26, 0xBF, 0x7F, 0xCF, 0x1C, 0xC7, 0x7F, 0xCF, 0x10,
    0xCF, 0x7F, 0xCF, 0x04, 0xD7, 0x7F, 0xCF, 0x00, 0xDF, 0x7F, 0xCF, 0x00,
    0xE7, 0x7F, 0xCF, 0x00, 0xEF, 0x7F, 0xCF, 0x00, 0xF7, 0x7F, 0xCF, 0x00,
    0x00, 0x87, 0xCF, 0x00, 0x07, 0x87, 0xCF, 0x00, 0x0F, 0x87, 0xCF, 0x00,
    0x17, 0x87, 0xCF, 0x00, 0x1F, 0x87, 0xCF, 0x00, 0x27, 0x87, 0xCF, 0x00,
    0x2F, 0x87, 0xCF, 0x03, 0x37, 0x87, 0xCF, 0x10, 0x3F, 0x87, 0xCF, 0x1B,
    0x47, 0x87, 0xCF, 0x26, 0x4F, 0x87, 0xCF, 0x2F, 0x57, 0x87, 0xCF, 0x38,
    0x5F, 0x87, 0xCF, 0x3F, 0x67, 0x87, 0xCF, 0x45, 0x6F, 0x87, 0xCF, 0x49,
    0x77, 0x87, 0xCF, 0x4C, 0x7F, 0x87, 0xCF, 0x4D, 0x87, 0x87, 0xCF, 0x4C,
    0x8F, 0x87, 0xCF, 0x49, 0x97, 0x87, 0xCF, 0x45, 0x9F, 0x87, 0xCF, 0x3F,
    0xA7, 0x87, 0xCF, 0x38, 0xAF, 0x87, 0xCF, 0x2F, 0xB7, 0x87, 0xCF, 0x26,
    0xBF, 0x87, 0xCF, 0x1B, 0xC7, 0x87, 0xCF, 0x10, 0xCF, 0x87, 0xCF, 0x03,
    0xD7, 0x87, 0xCF, 0x00, 0xDF, 0x87, 0xCF, 0x00, 0xE7, 0x87, 0xCF, 0x00,
    0xEF, 0x87, 0xCF, 0x00, 0xF7, 0x87, 0xCF, 0x00, 0x00, 0x8F, 0xCF, 0x00,
    0x07, 0x8F, 0xCF, 0x00, 0x0F, 0x8F, 0xCF, 0x00, 0x17, 0x8F, 0xCF, 0x00,
    0x1F, 0x8F, 0xCF, 0x00, 0x27, 0x8F, 0xCF, 0x00, 0x2F, 0x8F, 0xCF, 0x02,
    0x37, 0x8F, 0xCF, 0x0E, 0x3F, 0x8F, 0xCF, 0x19, 0x47, 0x8F, 0xCF, 0x23,
    0x4F, 0x8F, 0xCF, 0x2D, 0x57, 0x8F, 0xCF, 0x35, 0x5F, 0x8F, 0xCF, 0x3D,
    0x67, 0x8F, 0xCF, 0x42, 0x6F, 0x8F, 0xCF, 0x46, 0x77, 0x8F, 0xCF, 0x49,
    0x7F, 0x8F, 0xCF, 0x4A, 0x87, 0x8F, 0xCF, 0x49, 0x8F, 0x8F, 0xCF, 0x46,
    0x97, 0x8F, 0xCF, 0x42, 0x9F, 0x8F, 0xCF, 0x3D, 0xA7, 0x8F, 0xCF, 0x35,
    0xAF, 0x8F, 0xCF, 0x2D, 0xB7, 0x8F, 0xCF, 0x23, 0xBF, 0x8F, 0xCF, 0x19,
    0xC7, 0x8F, 0xCF, 0x0E, 0xCF, 0x8F, 0xCF, 0x02, 0xD7, 0x8F, 0xCF, 0x00,
    0xDF, 0x8F, 0xCF, 0x00, 0xE7, 0x8F, 0xCF, 0x00, 0xEF, 0x8F, 0xCF, 0x00,
    0xF7, 0x8F, 0xCF, 0x00, 0x00, 0x97, 0xCF, 0x00, 0x07, 0x97, 0xCF, 0x00,
    0x0F, 0x97, 0xCF, 0x00, 0x17, 0x97, 0xCF, 0x00, 0x1F, 0x97, 0xCF, 0x00,
    0x27, 0x97, 0xCF, 0x00, 0x2F, 0x97, 0xCF, 0x00, 0x37, 0x97, 0xCF, 0x0A,
    0x3F, 0x97, 0xCF, 0x16, 0x47, 0x97, 0xCF, 0x20, 0x4F, 0x97, 0xCF, 0x29,
    0x57, 0x97, 0xCF, 0x32, 0x5F, 0x97, 0xCF, 0x39, 0x67, 0x97, 0xCF, 0x3E,
    0x6F, 0x97, 0xCF, 0x42, 0x77, 0x97, 0xCF, 0x45, 0x7F, 0x97, 0xCF, 0x46,
    0x87, 0x97, 0xCF, 0x45, 0x8F, 0x97, 0xCF, 0x42, 0x97, 0x97, 0xCF, 0x3E,
    0x9F, 0x97, 0xCF, 0x39, 0xA7, 0x97, 0xCF, 0x32, 0xAF, 0x97, 0xCF, 0x29,
    0xB7, 0x97, 0xCF, 0x20, 0xBF, 0x97, 0xCF, 0x16, 0xC7, 0x97, 0xCF, 0x0A,
    0xCF, 0x97, 0xCF, 0x00, 0xD7, 0x97, 0xCF, 0x00, 0xDF, 0x97, 0xCF, 0x00,
    0xE7, 0x97, 0xCF, 0x00, 0xEF, 0x97, 0xCF, 0x00, 0xF7, 0x97, 0xCF, 0x00,
    0x00, 0x9F, 0xCF, 0x00, 0x07, 0x9F, 0xCF, 0x00, 0x0F, 0x9F, 0xCF, 0x00,
    0x17, 0x9F, 0xCF, 0x00, 0x1F, 0x9F, 0xCF, 0x00, 0x27, 0x9F, 0xCF, 0x00,
    0x2F, 0x9F, 0xCF, 0x00, 0x37, 0x9F, 0xCF, 0x06, 0x3F, 0x9F, 0xCF, 0x11,
    0x47, 0x9F, 0xCF, 0x1B, 0x4F, 0x9F, 0xCF, 0x24, 0x57, 0x9F, 0xCF, 0x2C,
    0x5F, 0x9F, 0xCF, 0x33, 0x67, 0x9F, 0xCF, 0x39, 0x6F, 0x9F, 0xCF, 0x3D,
    0x77, 0x9F, 0xCF, 0x3F, 0x7F, 0x9F, 0xCF, 0x40, 0x87, 0x9F, 0xCF, 0x3F,
    0x8F, 0x9F, 0xCF, 0x3D, 0x97, 0x9F, 0xCF, 0x39, 0x9F, 0x9F, 0xCF, 0x33,
    0xA7, 0x9F, 0xCF, 0x2C, 0xAF, 0x9F, 0xCF, 0x24, 0xB7, 0x9F, 0xCF, 0x1B,
    0xBF, 0x9F, 0xCF, 0x11, 0xC7, 0x9F, 0xCF, 0x06, 0xCF, 0x9F, 0xCF, 0x00,
    0xD7, 0x9F, 0xCF, 0x00, 0xDF, 0x9F, 0xCF, 0x00, 0xE7, 0x9F, 0xCF, 0x00,
    0xEF, 0x9F, 0xCF, 0x00, 0xF7, 0x9F, 0xCF, 0x00, 0x00, 0xA7, 0xCF, 0x00,
    0x07, 0xA7, 0xCF, 0x00, 0x0F, 0xA7, 0xCF, 0x00, 0x17, 0xA7, 0xCF, 0x00,
    0x1F, 0xA7, 0xCF, 0x00, 0x27, 0xA7, 0xCF, 0x00, 0x2F, 0xA7, 0xCF, 0x00,
    0x37, 0xA7, 0xCF, 0x00, 0x3F, 0xA7, 0xCF, 0x0B, 0x47, 0xA7, 0xCF, 0x15,
    0x4F, 0xA7, 0xCF, 0x1E, 0x57, 0xA7, 0xCF, 0x26, 0x5F, 0xA7, 0xCF, 0x2C,
    0x67, 0xA7, 0xCF, 0x32, 0x6F, 0xA7, 0xCF, 0x35, 0x77, 0xA7, 0xCF, 0x38,
    0x7F, 0xA7, 0xCF, 0x39, 0x87, 0xA7, 0xCF, 0x38, 0x8F, 0xA7, 0xCF, 0x35,
    0x97, 0xA7, 0xCF, 0x32, 0x9F, 0xA7, 0xCF, 0x2C, 0xA7, 0xA7, 0xCF, 0x26,
    0xAF, 0xA7, 0xCF, 0x1E, 0xB7, 0xA7, 0xCF, 0x15, 0xBF, 0xA7, 0xCF, 0x0B,
    0xC7, 0xA7, 0xCF, 0x00, 0xCF, 0xA7, 0xCF, 0x00, 0xD7, 0xA7, 0xCF, 0x00,
    0xDF, 0xA7, 0xCF, 0x00, 0xE7, 0xA7, 0xCF, 0x00, 0xEF, 0xA7, 0xCF, 0x00,
    0xF7, 0xA7, 0xCF, 0x00, 0x00, 0xAF, 0xCF, 0x00, 0x07, 0xAF, 0xCF, 0x00,
    0x0F, 0xAF, 0xCF, 0x00, 0x17, 0xAF, 0xCF, 0x00, 0x1F, 0xAF, 0xCF, 0x00,
    0x27, 0xAF, 0xCF, 0x00, 0x2F, 0xAF, 0xCF, 0x00, 0x37, 0xAF, 0xCF, 0x00,
    0x3F, 0xAF, 0xCF, 0x04, 0x47, 0xAF, 0xCF, 0x0E, 0x4F, 0xAF, 0xCF, 0x16,
    0x57, 0xAF, 0xCF, 0x1E, 0x5F, 0xAF, 0xCF, 0x24, 0x67, 0xAF, 0xCF, 0x29,
    0x6F, 0xAF, 0xCF, 0x2D, 0x77, 0xAF, 0xCF, 0x2F, 0x7F, 0xAF, 0xCF, 0x30,
    0x87, 0xAF, 0xCF, 0x2F, 0x8F, 0xAF, 0xCF, 0x2D, 0x97, 0xAF, 0xCF, 0x29,
    0x9F, 0xAF, 0xCF, 0x24, 0xA7, 0xAF, 0xCF, 0x1E, 0xAF, 0xAF, 0xCF, 0x16,
    0xB7, 0xAF, 0xCF, 0x0E, 0xBF, 0xAF, 0xCF, 0x04, 0xC7, 0xAF, 0xCF, 0x00,
    0xCF, 0xAF, 0xCF, 0x00, 0xD7, 0xAF, 0xCF, 0x00, 0xDF, 0xAF, 0xCF, 0x00,
    0xE7, 0xAF, 0xCF, 0x00, 0xEF, 0xAF, 0xCF, 0x00, 0xF7, 0xAF, 0xCF, 0x00,
    0x00, 0xB7, 0xCF, 0x00, 0x07, 0xB7, 0xCF, 0x00, 0x0F, 0xB7, 0xCF, 0x00,
    0x17, 0xB7, 0xCF, 0x00, 0x1F, 0xB7, 0xCF, 0x00, 0x27, 0xB7, 0xCF, 0x00,
    0x2F, 0xB7, 0xCF, 0x00, 0x37, 0xB7, 0xCF, 0x00, 0x3F, 0xB7, 0xCF, 0x00,
    0x47, 0xB7, 0xCF, 0x05, 0x4F, 0xB7, 0xCF, 0x0E, 0x57, 0xB7, 0xCF, 0x15,
    0x5F, 0xB7, 0xCF, 0x1B, 0x67, 0xB7, 0xCF, 0x20, 0x6F, 0xB7, 0xCF, 0x23,
    0x77, 0xB7, 0xCF, 0x26, 0x7F, 0xB7, 0xCF, 0x26, 0x87, 0xB7, 0xCF, 0x26,
    0x8F, 0xB7, 0xCF, 0x23, 0x97, 0xB7, 0xCF, 0x20, 0x9F, 0xB7, 0xCF, 0x1B,
    0xA7, 0xB7, 0xCF, 0x15, 0xAF, 0xB7, 0xCF, 0x0E, 0xB7, 0xB7, 0xCF, 0x05,
    0xBF, 0xB7, 0xCF, 0x00, 0xC7, 0xB7, 0xCF, 0x00, 0xCF, 0xB7, 0xCF, 0x00,
    0xD7, 0xB7, 0xCF, 0x00, 0xDF, 0xB7, 0xCF, 0x00, 0xE7, 0xB7, 0xCF, 0x00,
    0xEF, 0xB7, 0xCF, 0x00, 0xF7, 0xB7, 0xCF, 0x00, 0x00, 0xBF, 0xCF, 0x00,
    0x07, 0xBF, 0xCF, 0x00, 0x0F, 0xBF, 0xCF, 0x00, 0x17, 0xBF, 0xCF, 0x00,
    0x1F, 0xBF, 0xCF, 0x00, 0x27, 0xBF, 0xCF, 0x00, 0x2F, 0xBF, 0xCF, 0x00,
    0x37, 0xBF, 0xCF, 0x00, 0x3F, 0xBF, 0xCF, 0x00, 0x47, 0xBF, 0xCF, 0x00,
    0x4F, 0xBF, 0xCF, 0x04, 0x57, 0xBF, 0xCF, 0x0B, 0x5F, 0xBF, 0xCF, 0x11,
    0x67, 0xBF, 0xCF, 0x16, 0x6F, 0xBF, 0xCF, 0x19, 0x77, 0xBF, 0xCF, 0x1B,
    0x7F, 0xBF, 0xCF, 0x1C, 0x87, 0xBF, 0xCF, 0x1B, 0x8F, 0xBF, 0xCF, 0x19,
    0x97, 0xBF, 0xCF, 0x16, 0x9F, 0xBF, 0xCF, 0x11, 0xA7, 0xBF, 0xCF, 0x0B,
    0xAF, 0xBF, 0xCF, 0x04, 0xB7, 0xBF, 0xCF, 0x00, 0xBF, 0xBF, 0xCF, 0x00,
    0xC7, 0xBF, 0xCF, 0x00, 0xCF, 0xBF, 0xCF, 0x00, 0xD7, 0xBF, 0xCF, 0x00,
    0xDF, 0xBF, 0xCF, 0x00, 0xE7, 0xBF, 0xCF, 0x00, 0xEF, 0xBF, 0xCF, 0x00,
    0xF7, 0xBF, 0xCF, 0x00, 0x00, 0xC7, 0xCF, 0x00, 0x07, 0xC7, 0xCF, 0x00,
    0x0F, 0xC7, 0xCF, 0x00, 0x17, 0xC7, 0xCF, 0x00, 0x1F, 0xC7, 0xCF, 0x00,
    0x27, 0xC7, 0xCF, 0x00, 0x2F, 0xC7, 0xCF, 0x00, 0x37, 0xC7, 0xCF, 0x00,
    0x3F, 0xC7, 0xCF, 0x00, 0x47, 0xC7, 0xCF, 0x00, 0x4F, 0xC7, 0xCF, 0x00,
    0x57, 0xC7, 0xCF, 0x00, 0x5F, 0xC7, 0xCF, 0x06, 0x67, 0xC7, 0xCF, 0x0A,
    0x6F, 0xC7, 0xCF, 0x0E, 0x77, 0xC7, 0xCF, 0x10, 0x7F, 0xC7, 0xCF, 0x10,
    0x87, 0xC7, 0xCF, 0x10, 0x8F, 0xC7, 0xCF, 0x0E, 0x97, 0xC7, 0xCF, 0x0A,
    0x9F, 0xC7, 0xCF, 0x06, 0xA7, 0xC7, 0xCF, 0x00, 0xAF, 0xC7, 0xCF, 0x00,
    0xB7, 0xC7, 0xCF, 0x00, 0xBF, 0xC7, 0xCF, 0x00, 0xC7, 0xC7, 0xCF, 0x00,
    0xCF, 0xC7, 0xCF, 0x00, 0xD7, 0xC7, 0xCF, 0x00, 0xDF, 0xC7, 0xCF, 0x00,
    0xE7, 0xC7, 0xCF, 0x00, 0xEF, 0xC7, 0xCF, 0x00, 0xF7, 0xC7, 0xCF, 0x00,
    0x00, 0xCF, 0xCF, 0x00, 0x07, 0xCF, 0xCF, 0x00, 0x0F, 0xCF, 0xCF, 0x00,
    0x17, 0xCF, 0xCF, 0x00, 0x1F, 0xCF, 0xCF, 0x00, 0x27, 0xCF, 0xCF, 0x00,
    0x2F, 0xCF, 0xCF, 0x00, 0x37, 0xCF, 0xCF, 0x00, 0x3F, 0xCF, 0xCF, 0x00,
    0x47, 0xCF, 0xCF, 0x00, 0x4F, 0xCF, 0xCF, 0x00, 0x57, 0xCF, 0xCF, 0x00,
    0x5F, 0xCF, 0xCF, 0x00, 0x67, 0xCF, 0xCF, 0x00, 0x6F, 0xCF, 0xCF, 0x02,
    0x77, 0xCF, 0xCF, 0x03, 0x7F, 0xCF, 0xCF, 0x04, 0x87, 0xCF, 0xCF, 0x03,
    0x8F, 0xCF, 0xCF, 0x02, 0x97, 0xCF, 0xCF, 0x00, 0x9F, 0xCF, 0xCF, 0x00,
    0xA7, 0xCF, 0xCF, 0x00, 0xAF, 0xCF, 0xCF, 0x00, 0xB7, 0xCF, 0xCF, 0x00,
    0xBF, 0xCF, 0xCF, 0x00, 0xC7, 0xCF, 0xCF, 0x00, 0xCF, 0xCF, 0xCF, 0x00,
    0xD7, 0xCF, 0xCF, 0x00, 0xDF, 0xCF, 0xCF, 0x00, 0xE7, 0xCF, 0xCF, 0x00,
    0xEF, 0xCF, 0xCF, 0x00, 0xF7, 0xCF, 0xCF, 0x00, 0x00, 0xD7, 0xCF, 0x00,
    0x07, 0xD7, 0xCF, 0x00, 0x0F, 0xD7, 0xCF, 0x00, 0x17, 0xD7, 0xCF, 0x00,
    0x1F, 0xD7, 0xCF, 0x00, 0x27, 0xD7, 0xCF, 0x00, 0x2F, 0xD7, 0xCF, 0x00,
    0x37, 0xD7, 0xCF, 0x00, 0x3F, 0xD7, 0xCF, 0x00, 0x47, 0xD7, 0xCF, 0x00,
    0x4F, 0xD7, 0xCF, 0x00, 0x57, 0xD7, 0xCF, 0x00, 0x5F, 0xD7, 0xCF, 0x00,
    0x67, 0xD7, 0xCF, 0x00, 0x6F, 0xD7, 0xCF, 0x00, 0x77, 0xD7, 0xCF, 0x00,
    0x7F, 0xD7, 0xCF, 0x00, 0x87, 0xD7, 0xCF, 0x00, 0x8F, 0xD7, 0xCF, 0x00,
    0x97, 0xD7, 0xCF, 0x00, 0x9F, 0xD7, 0xCF, 0x00, 0xA7, 0xD7, 0xCF, 0x00,
    0xAF, 0xD7, 0xCF, 0x00, 0xB7, 0xD7, 0xCF, 0x00, 0xBF, 0xD7, 0xCF, 0x00,
    0xC7, 0xD7, 0xCF, 0x00, 0xCF, 0xD7, 0xCF, 0x00, 0xD7, 0xD7, 0xCF, 0x00,
    0xDF, 0xD7, 0xCF, 0x00, 0xE7, 0xD7, 0xCF, 0x00, 0xEF, 0xD7, 0xCF, 0x00,
    0xF7, 0xD7, 0xCF, 0x00, 0x00, 0xDF, 0xCF, 0x00, 0x07, 0xDF, 0xCF, 0x00,
    0x0F, 0xDF, 0xCF, 0x00, 0x17, 0xDF, 0xCF, 0x00, 0x1F, 0xDF, 0xCF, 0x00,
    0x27, 0xDF, 0xCF, 0x00, 0x2F, 0xDF, 0xCF, 0x00, 0x37, 0xDF, 0xCF, 0x00,
    0x3F, 0xDF, 0xCF, 0x00, 0x47, 0xDF, 0xCF, 0x00, 0x4F, 0xDF, 0xCF, 0x00,
    0x57, 0xDF, 0xCF, 0x00, 0x5F, 0xDF, 0xCF, 0x00, 0x67, 0xDF, 0xCF, 0x00,
    0x6F, 0xDF, 0xCF, 0x00, 0x77, 0xDF, 0xCF, 0x00, 0x7F, 0xDF, 0xCF, 0x00,
    0x87, 0xDF, 0xCF, 0x00, 0x8F, 0xDF, 0xCF, 0x00, 0x97, 0xDF, 0xCF, 0x00,
    0x9F, 0xDF, 0xCF, 0x00, 0xA7, 0xDF, 0xCF, 0x00, 0xAF, 0xDF, 0xCF, 0x00,
    0xB7, 0xDF, 0xCF, 0x00, 0xBF, 0xDF, 0xCF, 0x00, 0xC7, 0xDF, 0xCF, 0x00,
    0xCF, 0xDF, 0xCF, 0x00, 0xD7, 0xDF, 0xCF, 0x00, 0xDF, 0xDF, 0xCF, 0x00,
    0xE7, 0xDF, 0xCF, 0x00, 0xEF, 0xDF, 0xCF, 0x00, 0xF7, 0xDF, 0xCF, 0x00,
    0x00, 0xE7, 0xCF, 0x00, 0x07, 0xE7, 0xCF, 0x00, 0x0F, 0xE7, 0xCF, 0x00,
    0x17, 0xE7, 0xCF, 0x00, 0x1F, 0xE7, 0xCF, 0x00, 0x27, 0xE7, 0xCF, 0x00,
    0x2F, 0xE7, 0xCF, 0x00, 0x37, 0xE7, 0xCF, 0x00, 0x3F, 0xE7, 0xCF, 0x00,
    0x47, 0xE7, 0xCF, 0x00, 0x4F, 0xE7, 0xCF, 0x00, 0x57, 0xE7, 0xCF, 0x00,
    0x5F, 0xE7, 0xCF, 0x00, 0x67, 0xE7, 0xCF, 0x00, 0x6F, 0xE7, 0xCF, 0x00,
    0x77, 0xE7, 0xCF, 0x00, 0x7F, 0xE7, 0xCF, 0x00, 0x87, 0xE7, 0xCF, 0x00,
    0x8F, 0xE7, 0xCF, 0x00, 0x97, 0xE7, 0xCF, 0x00, 0x9F, 0xE7, 0xCF, 0x00,
    0xA7, 0xE7, 0xCF, 0x00, 0xAF, 0xE7, 0xCF, 0x00, 0xB7, 0xE7, 0xCF, 0x00,
    0xBF, 0xE7, 0xCF, 0x00, 0xC7, 0xE7, 0xCF, 0x00, 0xCF, 0xE7, 0xCF, 0x00,
    0xD7, 0xE7, 0xCF, 0x00, 0xDF, 0xE7, 0xCF, 0x00, 0xE7, 0xE7, 0xCF, 0x00,
    0xEF, 0xE7, 0xCF, 0x00, 0xF7, 0xE7, 0xCF, 0x00, 0x00, 0xEF, 0xCF, 0x00,
    0x07, 0xEF, 0xCF, 0x00, 0x0F, 0xEF, 0xCF, 0x00, 0x17, 0xEF, 0xCF, 0x00,
    0x1F, 0xEF, 0xCF, 0x00, 0x27, 0xEF, 0xCF, 0x00, 0x2F, 0xEF, 0xCF, 0x00,
    0x37, 0xEF, 0xCF, 0x00, 0x3F, 0xEF, 0xCF, 0x00, 0x47, 0xEF, 0xCF, 0x00,
    0x4F, 0xEF, 0xCF, 0x00, 0x57, 0xEF, 0xCF, 0x00, 0x5F, 0xEF, 0xCF, 0x00,
    0x67, 0xEF, 0xCF, 0x00, 0x6F, 0xEF, 0xCF, 0x00, 0x77, 0xEF, 0xCF, 0x00,
    0x7F, 0xEF, 0xCF, 0x00, 0x87, 0xEF, 0xCF, 0x00, 0x8F, 0xEF, 0xCF, 0x00,
    0x97, 0xEF, 0xCF, 0x00, 0x9F, 0xEF, 0xCF, 0x00, 0xA7, 0xEF, 0xCF, 0x00,
    0xAF, 0xEF, 0xCF, 0x00, 0xB7, 0xEF, 0xCF, 0x00, 0xBF, 0xEF, 0xCF, 0x00,
    0xC7, 0xEF, 0xCF, 0x00, 0xCF, 0xEF, 0xCF, 0x00, 0xD7, 0xEF, 0xCF, 0x00,
    0xDF, 0xEF, 0xCF, 0x00, 0xE7, 0xEF, 0xCF, 0x00, 0xEF, 0xEF, 0xCF, 0x00,
    0xF7, 0xEF, 0xCF, 0x00, 0x00, 0xF7, 0xCF, 0x00, 0x07, 0xF7, 0xCF, 0x00,
    0x0F, 0xF7, 0xCF, 0x00, 0x17, 0xF7, 0xCF, 0x00, 0x1F, 0xF7, 0xCF, 0x00,
    0x27, 0xF7, 0xCF, 0x00, 0x2F, 0xF7, 0xCF, 0x00, 0x37, 0xF7, 0xCF, 0x00,
    0x3F, 0xF7, 0xCF, 0x00, 0x47, 0xF7, 0xCF, 0x00, 0x4F, 0xF7, 0xCF, 0x00,
    0x57, 0xF7, 0xCF, 0x00, 0x5F, 0xF7, 0xCF, 0x00, 0x67, 0xF7, 0xCF, 0x00,
    0x6F, 0xF7, 0xCF, 0x00, 0x77, 0xF7, 0xCF, 0x00, 0x7F, 0xF7, 0xCF, 0x00,
    0x87, 0xF7, 0xCF, 0x00, 0x8F, 0xF7, 0xCF, 0x00, 0x97, 0xF7, 0xCF, 0x00,
    0x9F, 0xF7, 0xCF, 0x00, 0xA7, 0xF7, 0xCF, 0x00, 0xAF, 0xF7, 0xCF, 0x00,
    0xB7, 0xF7, 0xCF, 0x00, 0xBF, 0xF7, 0xCF, 0x00, 0xC7, 0xF7, 0xCF, 0x00,
    0xCF, 0xF7, 0xCF, 0x00, 0xD7, 0xF7, 0xCF, 0x00, 0xDF, 0xF7, 0xCF, 0x00,
    0xE7, 0xF7, 0xCF, 0x00, 0xEF, 0xF7, 0xCF, 0x00, 0xF7, 0xF7, 0xCF, 0x00,
    0x00, 0x00, 0xD7, 0x00, 0x07, 0x00, 0xD7, 0x00, 0x0F, 0x00, 0xD7, 0x00,
    0x17, 0x00, 0xD7, 0x00, 0x1F, 0x00, 0xD7, 0x00, 0x27, 0x00, 0xD7, 0x00,
    0x2F, 0x00, 0xD7, 0x00, 0x37, 0x00, 0xD7, 0x00, 0x3F, 0x00, 0xD7, 0x00,
    0x47, 0x00, 0xD7, 0x00, 0x4F, 0x00, 0xD7, 0x00, 0x57, 0x00, 0xD7, 0x00,
    0x5F, 0x00, 0xD7, 0x00, 0x67, 0x00, 0xD7, 0x00, 0x6F, 0x00, 0xD7, 0x00,
    0x77, 0x00, 0xD7, 0x00, 0x7F, 0x00, 0xD7, 0x00, 0x87, 0x00, 0xD7, 0x00,
    0x8F, 0x00, 0xD7, 0x00, 0x97, 0x00, 0xD7, 0x00, 0x9F, 0x00, 0xD7, 0x00,
    0xA7, 0x00, 0xD7, 0x00, 0xAF, 0x00, 0xD7, 0x00, 0xB7, 0x00, 0xD7, 0x00,
    0xBF, 0x00, 0xD7, 0x00, 0xC7, 0x00, 0xD7, 0x00, 0xCF, 0x00, 0xD7, 0x00,
    0xD7, 0x00, 0xD7, 0x00, 0xDF, 0x00, 0xD7, 0x00, 0xE7, 0x00, 0xD7, 0x00,
    0xEF, 0x00, 0xD7, 0x00, 0xF7, 0x00, 0xD7, 0x00, 0x00, 0x07, 0xD7, 0x00,
    0x07, 0x07, 0xD7, 0x00, 0x0F, 0x07, 0xD7, 0x00, 0x17, 0x07, 0xD7, 0x00,
    0x1F, 0x07, 0xD7, 0x00, 0x27, 0x07, 0xD7, 0x00, 0x2F, 0x07, 0xD7, 0x00,
    0x37, 0x07, 0xD7, 0x00, 0x3F, 0x07, 0xD7, 0x00, 0x47, 0x07, 0xD7, 0x00,
    0x4F, 0x07, 0xD7, 0x00, 0x57, 0x07, 0xD7, 0x00, 0x5F, 0x07, 0xD7, 0x00,
    0x67, 0x07, 0xD7, 0x00, 0x6F, 0x07, 0xD7, 0x00, 0x77, 0x07, 0xD7, 0x00,
    0x7F, 0x07, 0xD7, 0x00, 0x87, 0x07, 0xD7, 0x00, 0x8F, 0x07, 0xD7, 0x00,
    0x97, 0x07, 0xD7, 0x00, 0x9F, 0x07, 0xD7, 0x00, 0xA7, 0x07, 0xD7, 0x00,
    0xAF, 0x07, 0xD7, 0x00, 0xB7, 0x07, 0xD7, 0x00, 0xBF, 0x07, 0xD7, 0x00,
    0xC7, 0x07, 0xD7, 0x00, 0xCF, 0x07, 0xD7, 0x00, 0xD7, 0x07, 0xD7, 0x00,
    0xDF, 0x07, 0xD7, 0x00, 0xE7, 0x07, 0xD7, 0x00, 0xEF, 0x07, 0xD7, 0x00,
    0xF7, 0x07, 0xD7, 0x00, 0x00, 0x0F, 0xD7, 0x00, 0x07, 0x0F, 0xD7, 0x00,
    0x0F, 0x0F, 0xD7, 0x00, 0x17, 0x0F, 0xD7, 0x00, 0x1F, 0x0F, 0xD7, 0x00,
    0x27, 0x0F, 0xD7, 0x00, 0x2F, 0x0F, 0xD7, 0x00, 0x37, 0x0F, 0xD7, 0x00,
    0x3F, 0x0F, 0xD7, 0x00, 0x47, 0x0F, 0xD7, 0x00, 0x4F, 0x0F, 0xD7, 0x00,
    0x57, 0x0F, 0xD7, 0x00, 0x5F, 0x0F, 0xD7, 0x00, 0x67, 0x0F, 0xD7, 0x00,
    0x6F, 0x0F, 0xD7, 0x00, 0x77, 0x0F, 0xD7, 0x00, 0x7F, 0x0F, 0xD7, 0x00,
    0x87, 0x0F, 0xD7, 0x00, 0x8F, 0x0F, 0xD7, 0x00, 0x97, 0x0F, 0xD7, 0x00,
    0x9F, 0x0F, 0xD7, 0x00, 0xA7, 0x0F, 0xD7, 0x00, 0xAF, 0x0F, 0xD7, 0x00,
    0xB7, 0x0F, 0xD7, 0x00, 0xBF, 0x0F, 0xD7, 0x00, 0xC7, 0x0F, 0xD7, 0x00,
    0xCF, 0x0F, 0xD7, 0x00, 0xD7, 0x0F, 0xD7, 0x00, 0xDF, 0x0F, 0xD7, 0x00,
    0xE7, 0x0F, 0xD7, 0x00, 0xEF, 0x0F, 0xD7, 0x00, 0xF7, 0x0F, 0xD7, 0x00,
    0x00, 0x17, 0xD7, 0x00, 0x07, 0x17, 0xD7, 0x00, 0x0F, 0x17, 0xD7, 0x00,
    0x17, 0x17, 0xD7, 0x00, 0x1F, 0x17, 0xD7, 0x00, 0x27, 0x17, 0xD7, 0x00,
    0x2F, 0x17, 0xD7, 0x00, 0x37, 0x17, 0xD7, 0x00, 0x3F, 0x17, 0xD7, 0x00,
    0x47, 0x17, 0xD7, 0x00, 0x4F, 0x17, 0xD7, 0x00, 0x57, 0x17, 0xD7, 0x00,
    0x5F, 0x17, 0xD7, 0x00, 0x67, 0x17, 0xD7, 0x00, 0x6F, 0x17, 0xD7, 0x00,
    0x77, 0x17, 0xD7, 0x00, 0x7F, 0x17, 0xD7, 0x00, 0x87, 0x17, 0xD7, 0x00,
    0x8F, 0x17, 0xD7, 0x00, 0x97, 0x17, 0xD7, 0x00, 0x9F, 0x17, 0xD7, 0x00,
    0xA7, 0x17, 0xD7, 0x00, 0xAF, 0x17, 0xD7, 0x00, 0xB7, 0x17, 0xD7, 0x00,
    0xBF, 0x17, 0xD7, 0x00, 0xC7, 0x17, 0xD7, 0x00, 0xCF, 0x17, 0xD7, 0x00,
    0xD7, 0x17, 0xD7, 0x00, 0xDF, 0x17, 0xD7, 0x00, 0xE7, 0x17, 0xD7, 0x00,
    0xEF, 0x17, 0xD7, 0x00, 0xF7, 0x17, 0xD7, 0x00, 0x00, 0x1F, 0xD7, 0x00,
    0x07, 0x1F, 0xD7, 0x00, 0x0F, 0x1F, 0xD7, 0x00, 0x17, 0x1F, 0xD7, 0x00,
    0x1F, 0x1F, 0xD7, 0x00, 0x27, 0x1F, 0xD7, 0x00, 0x2F, 0x1F, 0xD7, 0x00,
    0x37, 0x1F, 0xD7, 0x00, 0x3F, 0x1F, 0xD7, 0x00, 0x47, 0x1F, 0xD7, 0x00,
    0x4F, 0x1F, 0xD7, 0x00, 0x57, 0x1F, 0xD7, 0x00, 0x5F, 0x1F, 0xD7, 0x00,
    0x67, 0x1F, 0xD7, 0x00, 0x6F, 0x1F, 0xD7, 0x00, 0x77, 0x1F, 0xD7, 0x00,
    0x7F, 0x1F, 0xD7, 0x00, 0x87, 0x1F, 0xD7, 0x00, 0x8F, 0x1F, 0xD7, 0x00,
    0x97, 0x1F, 0xD7, 0x00, 0x9F, 0x1F, 0xD7, 0x00, 0xA7, 0x1F, 0xD7, 0x00,
    0xAF, 0x1F, 0xD7, 0x00, 0xB7, 0x1F, 0xD7, 0x00, 0xBF, 0x1F, 0xD7, 0x00,
    0xC7, 0x1F, 0xD7, 0x00, 0xCF, 0x1F, 0xD7, 0x00, 0xD7, 0x1F, 0xD7, 0x00,
    0xDF, 0x1F, 0xD7, 0x00, 0xE7, 0x1F, 0xD7, 0x00, 0xEF, 0x1F, 0xD7, 0x00,
    0xF7, 0x1F, 0xD7, 0x00, 0x00, 0x27, 0xD7, 0x00, 0x07, 0x27, 0xD7, 0x00,
    0x0F, 0x27, 0xD7, 0x00, 0x17, 0x27, 0xD7, 0x00, 0x1F, 0x27, 0xD7, 0x00,
    0x27, 0x27, 0xD7, 0x00, 0x2F, 0x27, 0xD7, 0x00, 0x37, 0x27, 0xD7, 0x00,
    0x3F, 0x27, 0xD7, 0x00, 0x47, 0x27, 0xD7, 0x00, 0x4F, 0x27, 0xD7, 0x00,
    0x57, 0x27, 0xD7, 0x00, 0x5F, 0x27, 0xD7, 0x00, 0x67, 0x27, 0xD7, 0x00,
    0x6F, 0x27, 0xD7, 0x00, 0x77, 0x27, 0xD7, 0x00, 0x7F, 0x27, 0xD7, 0x00,
    0x87, 0x27, 0xD7, 0x00, 0x8F, 0x27, 0xD7, 0x00, 0x97, 0x27, 0xD7, 0x00,
    0x9F, 0x27, 0xD7, 0x00, 0xA7, 0x27, 0xD7, 0x00, 0xAF, 0x27, 0xD7, 0x00,
    0xB7, 0x27, 0xD7, 0x00, 0xBF, 0x27, 0xD7, 0x00, 0xC7, 0x27, 0xD7, 0x00,
    0xCF, 0x27, 0xD7, 0x00, 0xD7, 0x27, 0xD7, 0x00, 0xDF, 0x27, 0xD7, 0x00,
    0xE7, 0x27, 0xD7, 0x00, 0xEF, 0x27, 0xD7, 0x00, 0xF7, 0x27, 0xD7, 0x00,
    0x00, 0x2F, 0xD7, 0x00, 0x07, 0x2F, 0xD7, 0x00, 0x0F, 0x2F, 0xD7, 0x00,
    0x17, 0x2F, 0xD7, 0x00, 0x1F, 0x2F, 0xD7, 0x00, 0x27, 0x2F, 0xD7, 0x00,
    0x2F, 0x2F, 0xD7, 0x00, 0x37, 0x2F, 0xD7, 0x00, 0x3F, 0x2F, 0xD7, 0x00,
    0x47, 0x2F, 0xD7, 0x00, 0x4F, 0x2F, 0xD7, 0x00, 0x57, 0x2F, 0xD7, 0x00,
    0x5F, 0x2F, 0xD7, 0x00, 0x67, 0x2F, 0xD7, 0x00, 0x6F, 0x2F, 0xD7, 0x00,
    0x77, 0x2F, 0xD7, 0x00, 0x7F, 0x2F, 0xD7, 0x00, 0x87, 0x2F, 0xD7, 0x00,
    0x8F, 0x2F, 0xD7, 0x00, 0x97, 0x2F, 0xD7, 0x00, 0x9F, 0x2F, 0xD7, 0x00,
    0xA7, 0x2F, 0xD7, 0x00, 0xAF, 0x2F, 0xD7, 0x00, 0xB7, 0x2F, 0xD7, 0x00,
    0xBF, 0x2F, 0xD7, 0x00, 0xC7, 0x2F, 0xD7, 0x00, 0xCF, 0x2F, 0xD7, 0x00,
    0xD7, 0x2F, 0xD7, 0x00, 0xDF, 0x2F, 0xD7, 0x00, 0xE7, 0x2F, 0xD7, 0x00,
    0xEF, 0x2F, 0xD7, 0x00, 0xF7, 0x2F, 0xD7, 0x00, 0x00, 0x37, 0xD7, 0x00,
    0x07, 0x37, 0xD7, 0x00, 0x0F, 0x37, 0xD7, 0x00, 0x17, 0x37, 0xD7, 0x00,
    0x1F, 0x37, 0xD7, 0x00, 0x27, 0x37, 0xD7, 0x00, 0x2F, 0x37, 0xD7, 0x00,
    0x37, 0x37, 0xD7, 0x00, 0x3F, 0x37, 0xD7, 0x00, 0x47, 0x37, 0xD7, 0x00,
    0x4F, 0x37, 0xD7, 0x00, 0x57, 0x37, 0xD7, 0x00, 0x5F, 0x37, 0xD7, 0x00,
    0x67, 0x37, 0xD7, 0x00, 0x6F, 0x37, 0xD7, 0x00, 0x77, 0x37, 0xD7, 0x02,
    0x7F, 0x37, 0xD7, 0x03, 0x87, 0x37, 0xD7, 0x02, 0x8F, 0x37, 0xD7, 0x00,
    0x97, 0x37, 0xD7, 0x00, 0x9F, 0x37, 0xD7, 0x00, 0xA7, 0x37, 0xD7, 0x00,
    0xAF, 0x37, 0xD7, 0x00, 0xB7, 0x37, 0xD7, 0x00, 0xBF, 0x37, 0xD7, 0x00,
    0xC7, 0x37, 0xD7, 0x00, 0xCF, 0x37, 0xD7, 0x00, 0xD7, 0x37, 0xD7, 0x00,
    0xDF, 0x37, 0xD7, 0x00, 0xE7, 0x37, 0xD7, 0x00, 0xEF, 0x37, 0xD7, 0x00,
    0xF7, 0x37, 0xD7, 0x00, 0x00, 0x3F, 0xD7, 0x00, 0x07, 0x3F, 0xD7, 0x00,
    0x0F, 0x3F, 0xD7, 0x00, 0x17, 0x3F, 0xD7, 0x00, 0x1F, 0x3F, 0xD7, 0x00,
    0x27, 0x3F, 0xD7, 0x00, 0x2F, 0x3F, 0xD7, 0x00, 0x37, 0x3F, 0xD7, 0x00,
    0x3F, 0x3F, 0xD7, 0x00, 0x47, 0x3F, 0xD7, 0x00, 0x4F, 0x3F, 0xD7, 0x00,
    0x57, 0x3F, 0xD7, 0x00, 0x5F, 0x3F, 0xD7, 0x03, 0x67, 0x3F, 0xD7, 0x08,
    0x6F, 0x3F, 0xD7, 0x0B, 0x77, 0x3F, 0xD7, 0x0D, 0x7F, 0x3F, 0xD7, 0x0E,
    0x87, 0x3F, 0xD7, 0x0D, 0x8F, 0x3F, 0xD7, 0x0B, 0x97, 0x3F, 0xD7, 0x08,
    0x9F, 0x3F, 0xD7, 0x03, 0xA7, 0x3F, 0xD7, 0x00, 0xAF, 0x3F, 0xD7, 0x00,
    0xB7, 0x3F, 0xD7, 0x00, 0xBF, 0x3F, 0xD7, 0x00, 0xC7, 0x3F, 0xD7, 0x00,
    0xCF, 0x3F, 0xD7, 0x00, 0xD7, 0x3F, 0xD7, 0x00, 0xDF, 0x3F, 0xD7, 0x00,
    0xE7, 0x3F, 0xD7, 0x00, 0xEF, 0x3F, 0xD7, 0x00, 0xF7, 0x3F, 0xD7, 0x00,
    0x00, 0x47, 0xD7, 0x00, 0x07, 0x47, 0xD7, 0x00, 0x0F, 0x47, 0xD7, 0x00,
    0x17, 0x47, 0xD7, 0x00, 0x1F, 0x47, 0xD7, 0x00, 0x27, 0x47, 0xD7, 0x00,
    0x2F, 0x47, 0xD7, 0x00, 0x37, 0x47, 0xD7, 0x00, 0x3F, 0x47, 0xD7, 0x00,
    0x47, 0x47, 0xD7, 0x00, 0x4F, 0x47, 0xD7, 0x00, 0x57, 0x47, 0xD7, 0x07,
    0x5F, 0x47, 0xD7, 0x0D, 0x67, 0x47, 0xD7, 0x12, 0x6F, 0x47, 0xD7, 0x15,
    0x77, 0x47, 0xD7, 0x17, 0x7F, 0x47, 0xD7, 0x18, 0x87, 0x47, 0xD7, 0x17,
    0x8F, 0x47, 0xD7, 0x15, 0x97, 0x47, 0xD7, 0x12, 0x9F, 0x47, 0xD7, 0x0D,
    0xA7, 0x47, 0xD7, 0x07, 0xAF, 0x47, 0xD7, 0x00, 0xB7, 0x47, 0xD7, 0x00,
    0xBF, 0x47, 0xD7, 0x00, 0xC7, 0x47, 0xD7, 0x00, 0xCF, 0x47, 0xD7, 0x00,
    0xD7, 0x47, 0xD7, 0x00, 0xDF, 0x47, 0xD7, 0x00, 0xE7, 0x47, 0xD7, 0x00,
    0xEF, 0x47, 0xD7, 0x00, 0xF7, 0x47, 0xD7, 0x00, 0x00, 0x4F, 0xD7, 0x00,
    0x07, 0x4F, 0xD7, 0x00, 0x0F, 0x4F, 0xD7, 0x00, 0x17, 0x4F, 0xD7, 0x00,
    0x1F, 0x4F, 0xD7, 0x00, 0x27, 0x4F, 0xD7, 0x00, 0x2F, 0x4F, 0xD7, 0x00,
    0x37, 0x4F, 0xD7, 0x00, 0x3F, 0x4F, 0xD7, 0x00, 0x47, 0x4F, 0xD7, 0x00,
    0x4F, 0x4F, 0xD7, 0x08, 0x57, 0x4F, 0xD7, 0x10, 0x5F, 0x4F, 0xD7, 0x16,
    0x67, 0x4F, 0xD7, 0x1A, 0x6F, 0x4F, 0xD7, 0x1E, 0x77, 0x4F, 0xD7, 0x20,
    0x7F, 0x4F, 0xD7, 0x21, 0x87, 0x4F, 0xD7, 0x20, 0x8F, 0x4F, 0xD7, 0x1E,
    0x97, 0x4F, 0xD7, 0x1A, 0x9F, 0x4F, 0xD7, 0x16, 0xA7, 0x4F, 0xD7, 0x10,
    0xAF, 0x4F, 0xD7, 0x08, 0xB7, 0x4F, 0xD7, 0x00, 0xBF, 0x4F, 0xD7, 0x00,
    0xC7, 0x4F, 0xD7, 0x00, 0xCF, 0x4F, 0xD7, 0x00, 0xD7, 0x4F, 0xD7, 0x00,
    0xDF, 0x4F, 0xD7, 0x00, 0xE7, 0x4F, 0xD7, 0x00, 0xEF, 0x4F, 0xD7, 0x00,
    0xF7, 0x4F, 0xD7, 0x00, 0x00, 0x57, 0xD7, 0x00, 0x07, 0x57, 0xD7, 0x00,
    0x0F, 0x57, 0xD7, 0x00, 0x17, 0x57, 0xD7, 0x00, 0x1F, 0x57, 0xD7, 0x00,
    0x27, 0x57, 0xD7, 0x00, 0x2F, 0x57, 0xD7, 0x00, 0x37, 0x57, 0xD7, 0x00,
    0x3F, 0x57, 0xD7, 0x00, 0x47, 0x57, 0xD7, 0x07, 0x4F, 0x57, 0xD7, 0x10,
    0x57, 0x57, 0xD7, 0x17, 0x5F, 0x57, 0xD7, 0x1D, 0x67, 0x57, 0xD7, 0x22,
    0x6F, 0x57, 0xD7, 0x26, 0x77, 0x57, 0xD7, 0x28, 0x7F, 0x57, 0xD7, 0x29,
    0x87, 0x57, 0xD7, 0x28, 0x8F, 0x57, 0xD7, 0x26, 0x97, 0x57, 0xD7, 0x22,
    0x9F, 0x57, 0xD7, 0x1D, 0xA7, 0x57, 0xD7, 0x17, 0xAF, 0x57, 0xD7, 0x10,
    0xB7, 0x57, 0xD7, 0x07, 0xBF, 0x57, 0xD7, 0x00, 0xC7, 0x57, 0xD7, 0x00,
    0xCF, 0x57, 0xD7, 0x00, 0xD7, 0x57, 0xD7, 0x00, 0xDF, 0x57, 0xD7, 0x00,
    0xE7, 0x57, 0xD7, 0x00, 0xEF, 0x57, 0xD7, 0x00, 0xF7, 0x57, 0xD7, 0x00,
    0x00, 0x5F, 0xD7, 0x00, 0x07, 0x5F, 0xD7, 0x00, 0x0F, 0x5F, 0xD7, 0x00,
    0x17, 0x5F, 0xD7, 0x00, 0x1F, 0x5F, 0xD7, 0x00, 0x27, 0x5F, 0xD7, 0x00,
    0x2F, 0x5F, 0xD7, 0x00, 0x37, 0x5F, 0xD7, 0x00, 0x3F, 0x5F, 0xD7, 0x03,
    0x47, 0x5F, 0xD7, 0x0D, 0x4F, 0x5F, 0xD7, 0x16, 0x57, 0x5F, 0xD7, 0x1D,
    0x5F, 0x5F, 0xD7, 0x23, 0x67, 0x5F, 0xD7, 0x29, 0x6F, 0x5F, 0xD7, 0x2C,
    0x77, 0x5F, 0xD7, 0x2E, 0x7F, 0x5F, 0xD7, 0x2F, 0x87, 0x5F, 0xD7, 0x2E,
    0x8F, 0x5F, 0xD7, 0x2C, 0x97, 0x5F, 0xD7, 0x29, 0x9F, 0x5F, 0xD7, 0x23,
    0xA7, 0x5F, 0xD7, 0x1D, 0xAF, 0x5F, 0xD7, 0x16, 0xB7, 0x5F, 0xD7, 0x0D,
    0xBF, 0x5F, 0xD7, 0x03, 0xC7, 0x5F, 0xD7, 0x00, 0xCF, 0x5F, 0xD7, 0x00,
    0xD7, 0x5F, 0xD7, 0x00, 0xDF, 0x5F, 0xD7, 0x00, 0xE7, 0x5F, 0xD7, 0x00,
    0xEF, 0x5F, 0xD7, 0x00, 0xF7, 0x5F, 0xD7, 0x00, 0x00, 0x67, 0xD7, 0x00,
    0x07, 0x67, 0xD7, 0x00, 0x0F, 0x67, 0xD7, 0x00, 0x17, 0x67, 0xD7, 0x00,
    0x1F, 0x67, 0xD7, 0x00, 0x27, 0x67, 0xD7, 0x00, 0x2F, 0x67, 0xD7, 0x00,
    0x37, 0x67, 0xD7, 0x00, 0x3F, 0x67, 0xD7, 0x08, 0x47, 0x67, 0xD7, 0x12,
    0x4F, 0x67, 0xD7, 0x1A, 0x57, 0x67, 0xD7, 0x22, 0x5F, 0x67, 0xD7, 0x29,
    0x67, 0x67, 0xD7, 0x2E, 0x6F, 0x67, 0xD7, 0x32, 0x77, 0x67, 0xD7, 0x34,
    0x7F, 0x67, 0xD7, 0x35, 0x87, 0x67, 0xD7, 0x34, 0x8F, 0x67, 0xD7, 0x32,
    0x97, 0x67, 0xD7, 0x2E, 0x9F, 0x67, 0xD7, 0x29, 0xA7, 0x67, 0xD7, 0x22,
    0xAF, 0x67, 0xD7, 0x1A, 0xB7, 0x67, 0xD7, 0x12, 0xBF, 0x67, 0xD7, 0x08,
    0xC7, 0x67, 0xD7, 0x00, 0xCF, 0x67, 0xD7, 0x00, 0xD7, 0x67, 0xD7, 0x00,
    0xDF, 0x67, 0xD7, 0x00, 0xE7, 0x67, 0xD7, 0x00, 0xEF, 0x67, 0xD7, 0x00,
    0xF7, 0x67, 0xD7, 0x00, 0x00, 0x6F, 0xD7, 0x00, 0x07, 0x6F, 0xD7, 0x00,
    0x0F, 0x6F, 0xD7, 0x00, 0x17, 0x6F, 0xD7, 0x00, 0x1F, 0x6F, 0xD7, 0x00,
    0x27, 0x6F, 0xD7, 0x00, 0x2F, 0x6F, 0xD7, 0x00, 0x37, 0x6F, 0xD7, 0x00,
    0x3F, 0x6F, 0xD7, 0x0B, 0x47, 0x6F, 0xD7, 0x15, 0x4F, 0x6F, 0xD7, 0x1E,
    0x57, 0x6F, 0xD7, 0x26, 0x5F, 0x6F, 0xD7, 0x2C, 0x67, 0x6F, 0xD7, 0x32,
    0x6F, 0x6F, 0xD7, 0x35, 0x77, 0x6F, 0xD7, 0x38, 0x7F, 0x6F, 0xD7, 0x39,
    0x87, 0x6F, 0xD7, 0x38, 0x8F, 0x6F, 0xD7, 0x35, 0x97, 0x6F, 0xD7, 0x32,
    0x9F, 0x6F, 0xD7, 0x2C, 0xA7, 0x6F, 0xD7, 0x26, 0xAF, 0x6F, 0xD7, 0x1E,
    0xB7, 0x6F, 0xD7, 0x15, 0xBF, 0x6F, 0xD7, 0x0B, 0xC7, 0x6F, 0xD7, 0x00,
    0xCF, 0x6F, 0xD7, 0x00, 0xD7, 0x6F, 0xD7, 0x00, 0xDF, 0x6F, 0xD7, 0x00,
    0xE7, 0x6F, 0xD7, 0x00, 0xEF, 0x6F, 0xD7, 0x00, 0xF7, 0x6F, 0xD7, 0x00,
    0x00, 0x77, 0xD7, 0x00, 0x07, 0x77, 0xD7, 0x00, 0x0F, 0x77, 0xD7, 0x00,
    0x17, 0x77, 0xD7, 0x00, 0x1F, 0x77, 0xD7, 0x00, 0x27, 0x77, 0xD7, 0x00,
    0x2F, 0x77, 0xD7, 0x00, 0x37, 0x77, 0xD7, 0x02, 0x3F, 0x77, 0xD7, 0x0D,
    0x47, 0x77, 0xD7, 0x17, 0x4F, 0x77, 0xD7, 0x20, 0x57, 0x77, 0xD7, 0x28,
    0x5F, 0x77, 0xD7, 0x2E, 0x67, 0x77, 0xD7, 0x34, 0x6F, 0x77, 0xD7, 0x38,
    0x77, 0x77, 0xD7, 0x3A, 0x7F, 0x77, 0xD7, 0x3B, 0x87, 0x77, 0xD7, 0x3A,
    0x8F, 0x77, 0xD7, 0x38, 0x97, 0x77, 0xD7, 0x34, 0x9F, 0x77, 0xD7, 0x2E,
    0xA7, 0x77, 0xD7, 0x28, 0xAF, 0x77, 0xD7, 0x20, 0xB7, 0x77, 0xD7, 0x17,
    0xBF, 0x77, 0xD7, 0x0D, 0xC7, 0x77, 0xD7, 0x02, 0xCF, 0x77, 0xD7, 0x00,
    0xD7, 0x77, 0xD7, 0x00, 0xDF, 0x77, 0xD7, 0x00, 0xE7, 0x77, 0xD7, 0x00,
    0xEF, 0x77, 0xD7, 0x00, 0xF7, 0x77, 0xD7, 0x00, 0x00, 0x7F, 0xD7, 0x00,
    0x07, 0x7F, 0xD7, 0x00, 0x0F, 0x7F, 0xD7, 0x00, 0x17, 0x7F, 0xD7, 0x00,
    0x1F, 0x7F, 0xD7, 0x00, 0x27, 0x7F, 0xD7, 0x00, 0x2F, 0x7F, 0xD7, 0x00,
    0x37, 0x7F, 0xD7, 0x03, 0x3F, 0x7F, 0xD7, 0x0E, 0x47, 0x7F, 0xD7, 0x18,
    0x4F, 0x7F, 0xD7, 0x21, 0x57, 0x7F, 0xD7, 0x29, 0x5F, 0x7F, 0xD7, 0x2F,
    0x67, 0x7F, 0xD7, 0x35, 0x6F, 0x7F, 0xD7, 0x39, 0x77, 0x7F, 0xD7, 0x3B,
    0x7F, 0x7F, 0xD7, 0x3C, 0x87, 0x7F, 0xD7, 0x3B, 0x8F, 0x7F, 0xD7, 0x39,
    0x97, 0x7F, 0xD7, 0x35, 0x9F, 0x7F, 0xD7, 0x2F, 0xA7, 0x7F, 0xD7, 0x29,
    0xAF, 0x7F, 0xD7, 0x21, 0xB7, 0x7F, 0xD7, 0x18, 0xBF, 0x7F, 0xD7, 0x0E,
    0xC7, 0x7F, 0xD7, 0x03, 0xCF, 0x7F, 0xD7, 0x00, 0xD7, 0x7F, 0xD7, 0x00,
    0xDF, 0x7F, 0xD7, 0x00, 0xE7, 0x7F, 0xD7, 0x00, 0xEF, 0x7F, 0xD7, 0x00,
    0xF7, 0x7F, 0xD7, 0x00, 0x00, 0x87, 0xD7, 0x00, 0x07, 0x87, 0xD7, 0x00,
    0x0F, 0x87, 0xD7, 0x00, 0x17, 0x87, 0xD7, 0x00, 0x1F, 0x87, 0xD7, 0x00,
    0x27, 0x87, 0xD7, 0x00, 0x2F, 0x87, 0xD7, 0x00, 0x37, 0x87, 0xD7, 0x02,
    0x3F, 0x87, 0xD7, 0x0D, 0x47, 0x87, 0xD7, 0x17, 0x4F, 0x87, 0xD7, 0x20,
    0x57, 0x87, 0xD7, 0x28, 0x5F, 0x87, 0xD7, 0x2E, 0x67, 0x87, 0xD7, 0x34,
    0x6F, 0x87, 0xD7, 0x38, 0x77, 0x87, 0xD7, 0x3A, 0x7F, 0x87, 0xD7, 0x3B,
    0x87, 0x87, 0xD7, 0x3A, 0x8F, 0x87, 0xD7, 0x38, 0x97, 0x87, 0xD7, 0x34,
    0x9F, 0x87, 0xD7, 0x2E, 0xA7, 0x87, 0xD7, 0x28, 0xAF, 0x87, 0xD7, 0x20,
    0xB7, 0x87, 0xD7, 0x17, 0xBF, 0x87, 0xD7, 0x0D, 0xC7, 0x87, 0xD7, 0x02,
    0xCF, 0x87, 0xD7, 0x00, 0xD7, 0x87, 0xD7, 0x00, 0xDF, 0x87, 0xD7, 0x00,
    0xE7, 0x87, 0xD7, 0x00, 0xEF, 0x87, 0xD7, 0x00, 0xF7, 0x87, 0xD7, 0x00,
    0x00, 0x8F, 0xD7, 0x00, 0x07, 0x8F, 0xD7, 0x00, 0x0F, 0x8F, 0xD7, 0x00,
    0x17, 0x8F, 0xD7, 0x00, 0x1F, 0x8F, 0xD7, 0x00, 0x27, 0x8F, 0xD7, 0x00,
    0x2F, 0x8F, 0xD7, 0x00, 0x37, 0x8F, 0xD7, 0x00, 0x3F, 0x8F, 0xD7, 0x0B,
    0x47, 0x8F, 0xD7, 0x15, 0x4F, 0x8F, 0xD7, 0x1E, 0x57, 0x8F, 0xD7, 0x26,
    0x5F, 0x8F, 0xD7, 0x2C, 0x67, 0x8F, 0xD7, 0x32, 0x6F, 0x8F, 0xD7, 0x35,
    0x77, 0x8F, 0xD7, 0x38, 0x7F, 0x8F, 0xD7, 0x39, 0x87, 0x8F, 0xD7, 0x38,
    0x8F, 0x8F, 0xD7, 0x35, 0x97, 0x8F, 0xD7, 0x32, 0x9F, 0x8F, 0xD7, 0x2C,
    0xA7, 0x8F, 0xD7, 0x26, 0xAF, 0x8F, 0xD7, 0x1E, 0xB7, 0x8F, 0xD7, 0x15,
    0xBF, 0x8F, 0xD7, 0x0B, 0xC7, 0x8F, 0xD7, 0x00, 0xCF, 0x8F, 0xD7, 0x00,
    0xD7, 0x8F, 0xD7, 0x00, 0xDF, 0x8F, 0xD7, 0x00, 0xE7, 0x8F, 0xD7, 0x00,
    0xEF, 0x8F, 0xD7, 0x00, 0xF7, 0x8F, 0xD7, 0x00, 0x00, 0x97, 0xD7, 0x00,
    0x07, 0x97, 0xD7, 0x00, 0x0F, 0x97, 0xD7, 0x00, 0x17, 0x97, 0xD7, 0x00,
    0x1F, 0x97, 0xD7, 0x00, 0x27, 0x97, 0xD7, 0x00, 0x2F, 0x97, 0xD7, 0x00,
    0x37, 0x97, 0xD7, 0x00, 0x3F, 0x97, 0xD7, 0x08, 0x47, 0x97, 0xD7, 0x12,
    0x4F, 0x97, 0xD7, 0x1A, 0x57, 0x97, 0xD7, 0x22, 0x5F, 0x97, 0xD7, 0x29,
    0x67, 0x97, 0xD7, 0x2E, 0x6F, 0x97, 0xD7, 0x32, 0x77, 0x97, 0xD7, 0x34,
    0x7F, 0x97, 0xD7, 0x35, 0x87, 0x97, 0xD7, 0x34, 0x8F, 0x97, 0xD7, 0x32,
    0x97, 0x97, 0xD7, 0x2E, 0x9F, 0x97, 0xD7, 0x29, 0xA7, 0x97, 0xD7, 0x22,
    0xAF, 0x97, 0xD7, 0x1A, 0xB7, 0x97, 0xD7, 0x12, 0xBF, 0x97, 0xD7, 0x08,
    0xC7, 0x97, 0xD7, 0x00, 0xCF, 0x97, 0xD7, 0x00, 0xD7, 0x97, 0xD7, 0x00,
    0xDF, 0x97, 0xD7, 0x00, 0xE7, 0x97, 0xD7, 0x00, 0xEF, 0x97, 0xD7, 0x00,
    0xF7, 0x97, 0xD7, 0x00, 0x00, 0x9F, 0xD7, 0x00, 0x07, 0x9F, 0xD7, 0x00,
    0x0F, 0x9F, 0xD7, 0x00, 0x17, 0x9F, 0xD7, 0x00, 0x1F, 0x9F, 0xD7, 0x00,
    0x27, 0x9F, 0xD7, 0x00, 0x2F, 0x9F, 0xD7, 0x00, 0x37, 0x9F, 0xD7, 0x00,
    0x3F, 0x9F, 0xD7, 0x03, 0x47, 0x9F, 0xD7, 0x0D, 0x4F, 0x9F, 0xD7, 0x16,
    0x57, 0x9F, 0xD7, 0x1D, 0x5F, 0x9F, 0xD7, 0x23, 0x67, 0x9F, 0xD7, 0x29,
    0x6F, 0x9F, 0xD7, 0x2C, 0x77, 0x9F, 0xD7, 0x2E, 0x7F, 0x9F, 0xD7, 0x2F,
    0x87, 0x9F, 0xD7, 0x2E, 0x8F, 0x9F, 0xD7, 0x2C, 0x97, 0x9F, 0xD7, 0x29,
    0x9F, 0x9F, 0xD7, 0x23, 0xA7, 0x9F, 0xD7, 0x1D, 0xAF, 0x9F, 0xD7, 0x16,
    0xB7, 0x9F, 0xD7, 0x0D, 0xBF, 0x9F, 0xD7, 0x03, 0xC7, 0x9F, 0xD7, 0x00,
    0xCF, 0x9F, 0xD7, 0x00, 0xD7, 0x9F, 0xD7, 0x00, 0xDF, 0x9F, 0xD7, 0x00,
    0xE7, 0x9F, 0xD7, 0x00, 0xEF, 0x9F, 0xD7, 0x00, 0xF7, 0x9F, 0xD7, 0x00,
    0x00, 0xA7, 0xD7, 0x00, 0x07, 0xA7, 0xD7, 0x00, 0x0F, 0xA7, 0xD7, 0x00,
    0x17, 0xA7, 0xD7, 0x00, 0x1F, 0xA7, 0xD7, 0x00, 0x27, 0xA7, 0xD7, 0x00,
    0x2F, 0xA7, 0xD7, 0x00, 0x37, 0xA7, 0xD7, 0x00, 0x3F, 0xA7, 0xD7, 0x00,
    0x47, 0xA7, 0xD7, 0x07, 0x4F, 0xA7, 0xD7, 0x10, 0x57, 0xA7, 0xD7, 0x17,
    0x5F, 0xA7, 0xD7, 0x1D, 0x67, 0xA7, 0xD7, 0x22, 0x6F, 0xA7, 0xD7, 0x26,
    0x77, 0xA7, 0xD7, 0x28, 0x7F, 0xA7, 0xD7, 0x29, 0x87, 0xA7, 0xD7, 0x28,
    0x8F, 0xA7, 0xD7, 0x26, 0x97, 0xA7, 0xD7, 0x22, 0x9F, 0xA7, 0xD7, 0x1D,
    0xA7, 0xA7, 0xD7, 0x17, 0xAF, 0xA7, 0xD7, 0x10, 0xB7, 0xA7, 0xD7, 0x07,
    0xBF, 0xA7, 0xD7, 0x00, 0xC7, 0xA7, 0xD7, 0x00, 0xCF, 0xA7, 0xD7, 0x00,
    0xD7, 0xA7, 0xD7, 0x00, 0xDF, 0xA7, 0xD7, 0x00, 0xE7, 0xA7, 0xD7, 0x00,
    0xEF, 0xA7, 0xD7, 0x00, 0xF7, 0xA7, 0xD7, 0x00, 0x00, 0xAF, 0xD7, 0x00,
    0x07, 0xAF, 0xD7, 0x00, 0x0F, 0xAF, 0xD7, 0x00, 0x17, 0xAF, 0xD7, 0x00,
    0x1F, 0xAF, 0xD7, 0x00, 0x27, 0xAF, 0xD7, 0x00, 0x2F, 0xAF, 0xD7, 0x00,
    0x37, 0xAF, 0xD7, 0x00, 0x3F, 0xAF, 0xD7, 0x00, 0x47, 0xAF, 0xD7, 0x00,
    0x4F, 0xAF, 0xD7, 0x08, 0x57, 0xAF, 0xD7, 0x10, 0x5F, 0xAF, 0xD7, 0x16,
    0x67, 0xAF, 0xD7, 0x1A, 0x6F, 0xAF, 0xD7, 0x1E, 0x77, 0xAF, 0xD7, 0x20,
    0x7F, 0xAF, 0xD7, 0x21, 0x87, 0xAF, 0xD7, 0x20, 0x8F, 0xAF, 0xD7, 0x1E,
    0x97, 0xAF, 0xD7, 0x1A, 0x9F, 0xAF, 0xD7, 0x16, 0xA7, 0xAF, 0xD7, 0x10,
    0xAF, 0xAF, 0xD7, 0x08, 0xB7, 0xAF, 0xD7, 0x00, 0xBF, 0xAF, 0xD7, 0x00,
    0xC7, 0xAF, 0xD7, 0x00, 0xCF, 0xAF, 0xD7, 0x00, 0xD7, 0xAF, 0xD7, 0x00,
    0xDF, 0xAF, 0xD7, 0x00, 0xE7, 0xAF, 0xD7, 0x00, 0xEF, 0xAF, 0xD7, 0x00,
    0xF7, 0xAF, 0xD7, 0x00, 0x00, 0xB7, 0xD7, 0x00, 0x07, 0xB7, 0xD7, 0x00,
    0x0F, 0xB7, 0xD7, 0x00, 0x17, 0xB7, 0xD7, 0x00, 0x1F, 0xB7, 0xD7, 0x00,
    0x27, 0xB7, 0xD7, 0x00, 0x2F, 0xB7, 0xD7, 0x00, 0x37, 0xB7, 0xD7, 0x00,
    0x3F, 0xB7, 0xD7, 0x00, 0x47, 0xB7, 0xD7, 0x00, 0x4F, 0xB7, 0xD7, 0x00,
    0x57, 0xB7, 0xD7, 0x07, 0x5F, 0xB7, 0xD7, 0x0D, 0x67, 0xB7, 0xD7, 0x12,
    0x6F, 0xB7, 0xD7, 0x15, 0x77, 0xB7, 0xD7, 0x17, 0x7F, 0xB7, 0xD7, 0x18,
    0x87, 0xB7, 0xD7, 0x17, 0x8F, 0xB7, 0xD7, 0x15, 0x97, 0xB7, 0xD7, 0x12,
    0x9F, 0xB7, 0xD7, 0x0D, 0xA7, 0xB7, 0xD7, 0x07, 0xAF, 0xB7, 0xD7, 0x00,
    0xB7, 0xB7, 0xD7, 0x00, 0xBF, 0xB7, 0xD7, 0x00, 0xC7, 0xB7, 0xD7, 0x00,
    0xCF, 0xB7, 0xD7, 0x00, 0xD7, 0xB7, 0xD7, 0x00, 0xDF, 0xB7, 0xD7, 0x00,
    0xE7, 0xB7, 0xD7, 0x00, 0xEF, 0xB7, 0xD7, 0x00, 0xF7, 0xB7, 0xD7, 0x00,
    0x00, 0xBF, 0xD7, 0x00, 0x07, 0xBF, 0xD7, 0x00, 0x0F, 0xBF, 0xD7, 0x00,
    0x17, 0xBF, 0xD7, 0x00, 0x1F, 0xBF, 0xD7, 0x00, 0x27, 0xBF, 0xD7, 0x00,
    0x2F, 0xBF, 0xD7, 0x00, 0x37, 0xBF, 0xD7, 0x00, 0x3F, 0xBF, 0xD7, 0x00,
    0x47, 0xBF, 0xD7, 0x00, 0x4F, 0xBF, 0xD7, 0x00, 0x57, 0xBF, 0xD7, 0x00,
    0x5F, 0xBF, 0xD7, 0x03, 0x67, 0xBF, 0xD7, 0x08, 0x6F, 0xBF, 0xD7, 0x0B,
    0x77, 0xBF, 0xD7, 0x0D, 0x7F, 0xBF, 0xD7, 0x0E, 0x87, 0xBF, 0xD7, 0x0D,
    0x8F, 0xBF, 0xD7, 0x0B, 0x97, 0xBF, 0xD7, 0x08, 0x9F, 0xBF, 0xD7, 0x03,
    0xA7, 0xBF, 0xD7, 0x00, 0xAF, 0xBF, 0xD7, 0x00, 0xB7, 0xBF, 0xD7, 0x00,
    0xBF, 0xBF, 0xD7, 0x00, 0xC7, 0xBF, 0xD7, 0x00, 0xCF, 0xBF, 0xD7, 0x00,
    0xD7, 0xBF, 0xD7, 0x00, 0xDF, 0xBF, 0xD7, 0x00, 0xE7, 0xBF, 0xD7, 0x00,
    0xEF, 0xBF, 0xD7, 0x00, 0xF7, 0xBF, 0xD7, 0x00, 0x00, 0xC7, 0xD7, 0x00,
    0x07, 0xC7, 0xD7, 0x00, 0x0F, 0xC7, 0xD7, 0x00, 0x17, 0xC7, 0xD7, 0x00,
    0x1F, 0xC7, 0xD7, 0x00, 0x27, 0xC7, 0xD7, 0x00, 0x2F, 0xC7, 0xD7, 0x00,
    0x37, 0xC7, 0xD7, 0x00, 0x3F, 0xC7, 0xD7, 0x00, 0x47, 0xC7, 0xD7, 0x00,
    0x4F, 0xC7, 0xD7, 0x00, 0x57, 0xC7, 0xD7, 0x00, 0x5F, 0xC7, 0xD7, 0x00,
    0x67, 0xC7, 0xD7, 0x00, 0x6F, 0xC7, 0xD7, 0x00, 0x77, 0xC7, 0xD7, 0x02,
    0x7F, 0xC7, 0xD7, 0x03, 0x87, 0xC7, 0xD7, 0x02, 0x8F, 0xC7, 0xD7, 0x00,
    0x97, 0xC7, 0xD7, 0x00, 0x9F, 0xC7, 0xD7, 0x00, 0xA7, 0xC7, 0xD7, 0x00,
    0xAF, 0xC7, 0xD7, 0x00, 0xB7, 0xC7, 0xD7, 0x00, 0xBF, 0xC7, 0xD7, 0x00,
    0xC7, 0xC7, 0xD7, 0x00, 0xCF, 0xC7, 0xD7, 0x00, 0xD7, 0xC7, 0xD7, 0x00,
    0xDF, 0xC7, 0xD7, 0x00, 0xE7, 0xC7, 0xD7, 0x00, 0xEF, 0xC7, 0xD7, 0x00,
    0xF7, 0xC7, 0xD7, 0x00, 0x00, 0xCF, 0xD7, 0x00, 0x07, 0xCF, 0xD7, 0x00,
    0x0F, 0xCF, 0xD7, 0x00, 0x17, 0xCF, 0xD7, 0x00, 0x1F, 0xCF, 0xD7, 0x00,
    0x27, 0xCF, 0xD7, 0x00, 0x2F, 0xCF, 0xD7, 0x00, 0x37, 0xCF, 0xD7, 0x00,
    0x3F, 0xCF, 0xD7, 0x00, 0x47, 0xCF, 0xD7, 0x00, 0x4F, 0xCF, 0xD7, 0x00,
    0x57, 0xCF, 0xD7, 0x00, 0x5F, 0xCF, 0xD7, 0x00, 0x67, 0xCF, 0xD7, 0x00,
    0x6F, 0xCF, 0xD7, 0x00, 0x77, 0xCF, 0xD7, 0x00, 0x7F, 0xCF, 0xD7, 0x00,
    0x87, 0xCF, 0xD7, 0x00, 0x8F, 0xCF, 0xD7, 0x00, 0x97, 0xCF, 0xD7, 0x00,
    0x9F, 0xCF, 0xD7, 0x00, 0xA7, 0xCF, 0xD7, 0x00, 0xAF, 0xCF, 0xD7, 0x00,
    0xB7, 0xCF, 0xD7, 0x00, 0xBF, 0xCF, 0xD7, 0x00, 0xC7, 0xCF, 0xD7, 0x00,
    0xCF, 0xCF, 0xD7, 0x00, 0xD7, 0xCF, 0xD7, 0x00, 0xDF, 0xCF, 0xD7, 0x00,
    0xE7, 0xCF, 0xD7, 0x00, 0xEF, 0xCF, 0xD7, 0x00, 0xF7, 0xCF, 0xD7, 0x00,
    0x00, 0xD7, 0xD7, 0x00, 0x07, 0xD7, 0xD7, 0x00, 0x0F, 0xD7, 0xD7, 0x00,
    0x17, 0xD7, 0xD7, 0x00, 0x1F, 0xD7, 0xD7, 0x00, 0x27, 0xD7, 0xD7, 0x00,
    0x2F, 0xD7, 0xD7, 0x00, 0x37, 0xD7, 0xD7, 0x00, 0x3F, 0xD7, 0xD7, 0x00,
    0x47, 0xD7, 0xD7, 0x00, 0x4F, 0xD7, 0xD7, 0x00, 0x57, 0xD7, 0xD7, 0x00,
    0x5F, 0xD7, 0xD7, 0x00, 0x67, 0xD7, 0xD7, 0x00, 0x6F, 0xD7, 0xD7, 0x00,
    0x77, 0xD7, 0xD7, 0x00, 0x7F, 0xD7, 0xD7, 0x00, 0x87, 0xD7, 0xD7, 0x00,
    0x8F, 0xD7, 0xD7, 0x00, 0x97, 0xD7, 0xD7, 0x00, 0x9F, 0xD7, 0xD7, 0x00,
    0xA7, 0xD7, 0xD7, 0x00, 0xAF, 0xD7, 0xD7, 0x00, 0xB7, 0xD7, 0xD7, 0x00,
    0xBF, 0xD7, 0xD7, 0x00, 0xC7, 0xD7, 0xD7, 0x00, 0xCF, 0xD7, 0xD7, 0x00,
    0xD7, 0xD7, 0xD7, 0x00, 0xDF, 0xD7, 0xD7, 0x00, 0xE7, 0xD7, 0xD7, 0x00,
    0xEF, 0xD7, 0xD7, 0x00, 0xF7, 0xD7, 0xD7, 0x00, 0x00, 0xDF, 0xD7, 0x00,
    0x07, 0xDF, 0xD7, 0x00, 0x0F, 0xDF, 0xD7, 0x00, 0x17, 0xDF, 0xD7, 0x00,
    0x1F, 0xDF, 0xD7, 0x00, 0x27, 0xDF, 0xD7, 0x00, 0x2F, 0xDF, 0xD7, 0x00,
    0x37, 0xDF, 0xD7, 0x00, 0x3F, 0xDF, 0xD7, 0x00, 0x47, 0xDF, 0xD7, 0x00,
    0x4F, 0xDF, 0xD7, 0x00, 0x57, 0xDF, 0xD7, 0x00, 0x5F, 0xDF, 0xD7, 0x00,
    0x67, 0xDF, 0xD7, 0x00, 0x6F, 0xDF, 0xD7, 0x00, 0x77, 0xDF, 0xD7, 0x00,
    0x7F, 0xDF, 0xD7, 0x00, 0x87, 0xDF, 0xD7, 0x00, 0x8F, 0xDF, 0xD7, 0x00,
    0x97, 0xDF, 0xD7, 0x00, 0x9F, 0xDF, 0xD7, 0x00, 0xA7, 0xDF, 0xD7, 0x00,
    0xAF, 0xDF, 0xD7, 0x00, 0xB7, 0xDF, 0xD7, 0x00, 0xBF, 0xDF, 0xD7, 0x00,
    0xC7, 0xDF, 0xD7, 0x00, 0xCF, 0xDF, 0xD7, 0x00, 0xD7, 0xDF, 0xD7, 0x00,
    0xDF, 0xDF, 0xD7, 0x00, 0xE7, 0xDF, 0xD7, 0x00, 0xEF, 0xDF, 0xD7, 0x00,
    0xF7, 0xDF, 0xD7, 0x00, 0x00, 0xE7, 0xD7, 0x00, 0x07, 0xE7, 0xD7, 0x00,
    0x0F, 0xE7, 0xD7, 0x00, 0x17, 0xE7, 0xD7, 0x00, 0x1F, 0xE7, 0xD7, 0x00,
    0x27, 0xE7, 0xD7, 0x00, 0x2F, 0xE7, 0xD7, 0x00, 0x37, 0xE7, 0xD7, 0x00,
    0x3F, 0xE7, 0xD7, 0x00, 0x47, 0xE7, 0xD7, 0x00, 0x4F, 0xE7, 0xD7, 0x00,
    0x57, 0xE7, 0xD7, 0x00, 0x5F, 0xE7, 0xD7, 0x00, 0x67, 0xE7, 0xD7, 0x00,
    0x6F, 0xE7, 0xD7, 0x00, 0x77, 0xE7, 0xD7, 0x00, 0x7F, 0xE7, 0xD7, 0x00,
    0x87, 0xE7, 0xD7, 0x00, 0x8F, 0xE7, 0xD7, 0x00, 0x97, 0xE7, 0xD7, 0x00,
    0x9F, 0xE7, 0xD7, 0x00, 0xA7, 0xE7, 0xD7, 0x00, 0xAF, 0xE7, 0xD7, 0x00,
    0xB7, 0xE7, 0xD7, 0x00, 0xBF, 0xE7, 0xD7, 0x00, 0xC7, 0xE7, 0xD7, 0x00,
    0xCF, 0xE7, 0xD7, 0x00, 0xD7, 0xE7, 0xD7, 0x00, 0xDF, 0xE7, 0xD7, 0x00,
    0xE7, 0xE7, 0xD7, 0x00, 0xEF, 0xE7, 0xD7, 0x00, 0xF7, 0xE7, 0xD7, 0x00,
    0x00, 0xEF, 0xD7, 0x00, 0x07, 0xEF, 0xD7, 0x00, 0x0F, 0xEF, 0xD7, 0x00,
    0x17, 0xEF, 0xD7, 0x00, 0x1F, 0xEF, 0xD7, 0x00, 0x27, 0xEF, 0xD7, 0x00,
    0x2F, 0xEF, 0xD7, 0x00, 0x37, 0xEF, 0xD7, 0x00, 0x3F, 0xEF, 0xD7, 0x00,
    0x47, 0xEF, 0xD7, 0x00, 0x4F, 0xEF, 0xD7, 0x00, 0x57, 0xEF, 0xD7, 0x00,
    0x5F, 0xEF, 0xD7, 0x00, 0x67, 0xEF, 0xD7, 0x00, 0x6F, 0xEF, 0xD7, 0x00,
    0x77, 0xEF, 0xD7, 0x00, 0x7F, 0xEF, 0xD7, 0x00, 0x87, 0xEF, 0xD7, 0x00,
    0x8F, 0xEF, 0xD7, 0x00, 0x97, 0xEF, 0xD7, 0x00, 0x9F, 0xEF, 0xD7, 0x00,
    0xA7, 0xEF, 0xD7, 0x00, 0xAF, 0xEF, 0xD7, 0x00, 0xB7, 0xEF, 0xD7, 0x00,
    0xBF, 0xEF, 0xD7, 0x00, 0xC7, 0xEF, 0xD7, 0x00, 0xCF, 0xEF, 0xD7, 0x00,
    0xD7, 0xEF, 0xD7, 0x00, 0xDF, 0xEF, 0xD7, 0x00, 0xE7, 0xEF, 0xD7, 0x00,
    0xEF, 0xEF, 0xD7, 0x00, 0xF7, 0xEF, 0xD7, 0x00, 0x00, 0xF7, 0xD7, 0x00,
    0x07, 0xF7, 0xD7, 0x00, 0x0F, 0xF7, 0xD7, 0x00, 0x17, 0xF7, 0xD7, 0x00,
    0x1F, 0xF7, 0xD7, 0x00, 0x27, 0xF7, 0xD7, 0x00, 0x2F, 0xF7, 0xD7, 0x00,
    0x37, 0xF7, 0xD7, 0x00, 0x3F, 0xF7, 0xD7, 0x00, 0x47, 0xF7, 0xD7, 0x00,
    0x4F, 0xF7, 0xD7, 0x00, 0x57, 0xF7, 0xD7, 0x00, 0x5F, 0xF7, 0xD7, 0x00,
    0x67, 0xF7, 0xD7, 0x00, 0x6F, 0xF7, 0xD7, 0x00, 0x77, 0xF7, 0xD7, 0x00,
    0x7F, 0xF7, 0xD7, 0x00, 0x87, 0xF7, 0xD7, 0x00, 0x8F, 0xF7, 0xD7, 0x00,
    0x97, 0xF7, 0xD7, 0x00, 0x9F, 0xF7, 0xD7, 0x00, 0xA7, 0xF7, 0xD7, 0x00,
    0xAF, 0xF7, 0xD7, 0x00, 0xB7, 0xF7, 0xD7, 0x00, 0xBF, 0xF7, 0xD7, 0x00,
    0xC7, 0xF7, 0xD7, 0x00, 0xCF, 0xF7, 0xD7, 0x00, 0xD7, 0xF7, 0xD7, 0x00,
    0xDF, 0xF7, 0xD7, 0x00, 0xE7, 0xF7, 0xD7, 0x00, 0xEF, 0xF7, 0xD7, 0x00,
    0xF7, 0xF7, 0xD7, 0x00, 0x00, 0x00, 0xDF, 0x00, 0x07, 0x00, 0xDF, 0x00,
    0x0F, 0x00, 0xDF, 0x00, 0x17, 0x00, 0xDF, 0x00, 0x1F, 0x00, 0xDF, 0x00,
    0x27, 0x00, 0xDF, 0x00, 0x2F, 0x00, 0xDF, 0x00, 0x37, 0x00, 0xDF, 0x00,
    0x3F, 0x00, 0xDF, 0x00, 0x47, 0x00, 0xDF, 0x00, 0x4F, 0x00, 0xDF, 0x00,
    0x57, 0x00, 0xDF, 0x00, 0x5F, 0x00, 0xDF, 0x00, 0x67, 0x00, 0xDF, 0x00,
    0x6F, 0x00, 0xDF, 0x00, 0x77, 0x00, 0xDF, 0x00, 0x7F, 0x00, 0xDF, 0x00,
    0x87, 0x00, 0xDF, 0x00, 0x8F, 0x00, 0xDF, 0x00, 0x97, 0x00, 0xDF, 0x00,
    0x9F, 0x00, 0xDF, 0x00, 0xA7, 0x00, 0xDF, 0x00, 0xAF, 0x00, 0xDF, 0x00,
    0xB7, 0x00, 0xDF, 0x00, 0xBF, 0x00, 0xDF, 0x00, 0xC7, 0x00, 0xDF, 0x00,
    0xCF, 0x00, 0xDF, 0x00, 0xD7, 0x00, 0xDF, 0x00, 0xDF, 0x00, 0xDF, 0x00,
    0xE7, 0x00, 0xDF, 0x00, 0xEF, 0x00, 0xDF, 0x00, 0xF7, 0x00, 0xDF, 0x00,
    0x00, 0x07, 0xDF, 0x00, 0x07, 0x07, 0xDF, 0x00, 0x0F, 0x07, 0xDF, 0x00,
    0x17, 0x07, 0xDF, 0x00, 0x1F, 0x07, 0xDF, 0x00, 0x27, 0x07, 0xDF, 0x00,
    0x2F, 0x07, 0xDF, 0x00, 0x37, 0x07, 0xDF, 0x00, 0x3F, 0x07, 0xDF, 0x00,
    0x47, 0x07, 0xDF, 0x00, 0x4F, 0x07, 0xDF, 0x00, 0x57, 0x07, 0xDF, 0x00,
    0x5F, 0x07, 0xDF, 0x00, 0x67, 0x07, 0xDF, 0x00, 0x6F, 0x07, 0xDF, 0x00,
    0x77, 0x07, 0xDF, 0x00, 0x7F, 0x07, 0xDF, 0x00, 0x87, 0x07, 0xDF, 0x00,
    0x8F, 0x07, 0xDF, 0x00, 0x97, 0x07, 0xDF, 0x00, 0x9F, 0x07, 0xDF, 0x00,
    0xA7, 0x07, 0xDF, 0x00, 0xAF, 0x07, 0xDF, 0x00, 0xB7, 0x07, 0xDF, 0x00,
    0xBF, 0x07, 0xDF, 0x00, 0xC7, 0x07, 0xDF, 0x00, 0xCF, 0x07, 0xDF, 0x00,
    0xD7, 0x07, 0xDF, 0x00, 0xDF, 0x07, 0xDF, 0x00, 0xE7, 0x07, 0xDF, 0x00,
    0xEF, 0x07, 0xDF, 0x00, 0xF7, 0x07, 0xDF, 0x00, 0x00, 0x0F, 0xDF, 0x00,
    0x07, 0x0F, 0xDF, 0x00, 0x0F, 0x0F, 0xDF, 0x00, 0x17, 0x0F, 0xDF, 0x00,
    0x1F, 0x0F, 0xDF, 0x00, 0x27, 0x0F, 0xDF, 0x00, 0x2F, 0x0F, 0xDF, 0x00,
    0x37, 0x0F, 0xDF, 0x00, 0x3F, 0x0F, 0xDF, 0x00, 0x47, 0x0F, 0xDF, 0x00,
    0x4F, 0x0F, 0xDF, 0x00, 0x57, 0x0F, 0xDF, 0x00, 0x5F, 0x0F, 0xDF, 0x00,
    0x67, 0x0F, 0xDF, 0x00, 0x6F, 0x0F, 0xDF, 0x00, 0x77, 0x0F, 0xDF, 0x00,
    0x7F, 0x0F, 0xDF, 0x00, 0x87, 0x0F, 0xDF, 0x00, 0x8F, 0x0F, 0xDF, 0x00,
    0x97, 0x0F, 0xDF, 0x00, 0x9F, 0x0F, 0xDF, 0x00, 0xA7, 0x0F, 0xDF, 0x00,
    0xAF, 0x0F, 0xDF, 0x00, 0xB7, 0x0F, 0xDF, 0x00, 0xBF, 0x0F, 0xDF, 0x00,
    0xC7, 0x0F, 0xDF, 0x00, 0xCF, 0x0F, 0xDF, 0x00, 0xD7, 0x0F, 0xDF, 0x00,
    0xDF, 0x0F, 0xDF, 0x00, 0xE7, 0x0F, 0xDF, 0x00, 0xEF, 0x0F, 0xDF, 0x00,
    0xF7, 0x0F, 0xDF, 0x00, 0x00, 0x17, 0xDF, 0x00, 0x07, 0x17, 0xDF, 0x00,
    0x0F, 0x17, 0xDF, 0x00, 0x17, 0x17, 0xDF, 0x00, 0x1F, 0x17, 0xDF, 0x00,
    0x27, 0x17, 0xDF, 0x00, 0x2F, 0x17, 0xDF, 0x00, 0x37, 0x17, 0xDF, 0x00,
    0x3F, 0x17, 0xDF, 0x00, 0x47, 0x17, 0xDF, 0x00, 0x4F, 0x17, 0xDF, 0x00,
    0x57, 0x17, 0xDF, 0x00, 0x5F, 0x17, 0xDF, 0x00, 0x67, 0x17, 0xDF, 0x00,
    0x6F, 0x17, 0xDF, 0x00, 0x77, 0x17, 0xDF, 0x00, 0x7F, 0x17, 0xDF, 0x00,
    0x87, 0x17, 0xDF, 0x00, 0x8F, 0x17, 0xDF, 0x00, 0x97, 0x17, 0xDF, 0x00,
    0x9F, 0x17, 0xDF, 0x00, 0xA7, 0x17, 0xDF, 0x00, 0xAF, 0x17, 0xDF, 0x00,
    0xB7, 0x17, 0xDF, 0x00, 0xBF, 0x17, 0xDF, 0x00, 0xC7, 0x17, 0xDF, 0x00,
    0xCF, 0x17, 0xDF, 0x00, 0xD7, 0x17, 0xDF, 0x00, 0xDF, 0x17, 0xDF, 0x00,
    0xE7, 0x17, 0xDF, 0x00, 0xEF, 0x17, 0xDF, 0x00, 0xF7, 0x17, 0xDF, 0x00,
    0x00, 0x1F, 0xDF, 0x00, 0x07, 0x1F, 0xDF, 0x00, 0x0F, 0x1F, 0xDF, 0x00,
    0x17, 0x1F, 0xDF, 0x00, 0x1F, 0x1F, 0xDF, 0x00, 0x27, 0x1F, 0xDF, 0x00,
    0x2F, 0x1F, 0xDF, 0x00, 0x37, 0x1F, 0xDF, 0x00, 0x3F, 0x1F, 0xDF, 0x00,
    0x47, 0x1F, 0xDF, 0x00, 0x4F, 0x1F, 0xDF, 0x00, 0x57, 0x1F, 0xDF, 0x00,
    0x5F, 0x1F, 0xDF, 0x00, 0x67, 0x1F, 0xDF, 0x00, 0x6F, 0x1F, 0xDF, 0x00,
    0x77, 0x1F, 0xDF, 0x00, 0x7F, 0x1F, 0xDF, 0x00, 0x87, 0x1F, 0xDF, 0x00,
    0x8F, 0x1F, 0xDF, 0x00, 0x97, 0x1F, 0xDF, 0x00, 0x9F, 0x1F, 0xDF, 0x00,
    0xA7, 0x1F, 0xDF, 0x00, 0xAF, 0x1F, 0xDF, 0x00, 0xB7, 0x1F, 0xDF, 0x00,
    0xBF, 0x1F, 0xDF, 0x00, 0xC7, 0x1F, 0xDF, 0x00, 0xCF, 0x1F, 0xDF, 0x00,
    0xD7, 0x1F, 0xDF, 0x00, 0xDF, 0x1F, 0xDF, 0x00, 0xE7, 0x1F, 0xDF, 0x00,
    0xEF, 0x1F, 0xDF, 0x00, 0xF7, 0x1F, 0xDF, 0x00, 0x00, 0x27, 0xDF, 0x00,
    0x07, 0x27, 0xDF, 0x00, 0x0F, 0x27, 0xDF, 0x00, 0x17, 0x27, 0xDF, 0x00,
    0x1F, 0x27, 0xDF, 0x00, 0x27, 0x27, 0xDF, 0x00, 0x2F, 0x27, 0xDF, 0x00,
    0x37, 0x27, 0xDF, 0x00, 0x3F, 0x27, 0xDF, 0x00, 0x47, 0x27, 0xDF, 0x00,
    0x4F, 0x27, 0xDF, 0x00, 0x57, 0x27, 0xDF, 0x00, 0x5F, 0x27, 0xDF, 0x00,
    0x67, 0x27, 0xDF, 0x00, 0x6F, 0x27, 0xDF, 0x00, 0x77, 0x27, 0xDF, 0x00,
    0x7F, 0x27, 0xDF, 0x00, 0x87, 0x27, 0xDF, 0x00, 0x8F, 0x27, 0xDF, 0x00,
    0x97, 0x27, 0xDF, 0x00, 0x9F, 0x27, 0xDF, 0x00, 0xA7, 0x27, 0xDF, 0x00,
    0xAF, 0x27, 0xDF, 0x00, 0xB7, 0x27, 0xDF, 0x00, 0xBF, 0x27, 0xDF, 0x00,
    0xC7, 0x27, 0xDF, 0x00, 0xCF, 0x27, 0xDF, 0x00, 0xD7, 0x27, 0xDF, 0x00,
    0xDF, 0x27, 0xDF, 0x00, 0xE7, 0x27, 0xDF, 0x00, 0xEF, 0x27, 0xDF, 0x00,
    0xF7, 0x27, 0xDF, 0x00, 0x00, 0x2F, 0xDF, 0x00, 0x07, 0x2F, 0xDF, 0x00,
    0x0F, 0x2F, 0xDF, 0x00, 0x17, 0x2F, 0xDF, 0x00, 0x1F, 0x2F, 0xDF, 0x00,
    0x27, 0x2F, 0xDF, 0x00, 0x2F, 0x2F, 0xDF, 0x00, 0x37, 0x2F, 0xDF, 0x00,
    0x3F, 0x2F, 0xDF, 0x00, 0x47, 0x2F, 0xDF, 0x00, 0x4F, 0x2F, 0xDF, 0x00,
    0x57, 0x2F, 0xDF, 0x00, 0x5F, 0x2F, 0xDF, 0x00, 0x67, 0x2F, 0xDF, 0x00,
    0x6F, 0x2F, 0xDF, 0x00, 0x77, 0x2F, 0xDF, 0x00, 0x7F, 0x2F, 0xDF, 0x00,
    0x87, 0x2F, 0xDF, 0x00, 0x8F, 0x2F, 0xDF, 0x00, 0x97, 0x2F, 0xDF, 0x00,
    0x9F, 0x2F, 0xDF, 0x00, 0xA7, 0x2F, 0xDF, 0x00, 0xAF, 0x2F, 0xDF, 0x00,
    0xB7, 0x2F, 0xDF, 0x00, 0xBF, 0x2F, 0xDF, 0x00, 0xC7, 0x2F, 0xDF, 0x00,
    0xCF, 0x2F, 0xDF, 0x00, 0xD7, 0x2F, 0xDF, 0x00, 0xDF, 0x2F, 0xDF, 0x00,
    0xE7, 0x2F, 0xDF, 0x00, 0xEF, 0x2F, 0xDF, 0x00, 0xF7, 0x2F, 0xDF, 0x00,
    0x00, 0x37, 0xDF, 0x00, 0x07, 0x37, 0xDF, 0x00, 0x0F, 0x37, 0xDF, 0x00,
    0x17, 0x37, 0xDF, 0x00, 0x1F, 0x37, 0xDF, 0x00, 0x27, 0x37, 0xDF, 0x00,
    0x2F, 0x37, 0xDF, 0x00, 0x37, 0x37, 0xDF, 0x00, 0x3F, 0x37, 0xDF, 0x00,
    0x47, 0x37, 0xDF, 0x00, 0x4F, 0x37, 0xDF, 0x00, 0x57, 0x37, 0xDF, 0x00,
    0x5F, 0x37, 0xDF, 0x00, 0x67, 0x37, 0xDF, 0x00, 0x6F, 0x37, 0xDF, 0x00,
    0x77, 0x37, 0xDF, 0x00, 0x7F, 0x37, 0xDF, 0x00, 0x87, 0x37, 0xDF, 0x00,
    0x8F, 0x37, 0xDF, 0x00, 0x97, 0x37, 0xDF, 0x00, 0x9F, 0x37, 0xDF, 0x00,
    0xA7, 0x37, 0xDF, 0x00, 0xAF, 0x37, 0xDF, 0x00, 0xB7, 0x37, 0xDF, 0x00,
    0xBF, 0x37, 0xDF, 0x00, 0xC7, 0x37, 0xDF, 0x00, 0xCF, 0x37, 0xDF, 0x00,
    0xD7, 0x37, 0xDF, 0x00, 0xDF, 0x37, 0xDF, 0x00, 0xE7, 0x37, 0xDF, 0x00,
    0xEF, 0x37, 0xDF, 0x00, 0xF7, 0x37, 0xDF, 0x00, 0x00, 0x3F, 0xDF, 0x00,
    0x07, 0x3F, 0xDF, 0x00, 0x0F, 0x3F, 0xDF, 0x00, 0x17, 0x3F, 0xDF, 0x00,
    0x1F, 0x3F, 0xDF, 0x00, 0x27, 0x3F, 0xDF, 0x00, 0x2F, 0x3F, 0xDF, 0x00,
    0x37, 0x3F, 0xDF, 0x00, 0x3F, 0x3F, 0xDF, 0x00, 0x47, 0x3F, 0xDF, 0x00,
    0x4F, 0x3F, 0xDF, 0x00, 0x57, 0x3F, 0xDF, 0x00, 0x5F, 0x3F, 0xDF, 0x00,
    0x67, 0x3F, 0xDF, 0x00, 0x6F, 0x3F, 0xDF, 0x00, 0x77, 0x3F, 0xDF, 0x00,
    0x7F, 0x3F, 0xDF, 0x00, 0x87, 0x3F, 0xDF, 0x00, 0x8F, 0x3F, 0xDF, 0x00,
    0x97, 0x3F, 0xDF, 0x00, 0x9F, 0x3F, 0xDF, 0x00, 0xA7, 0x3F, 0xDF, 0x00,
    0xAF, 0x3F, 0xDF, 0x00, 0xB7, 0x3F, 0xDF, 0x00, 0xBF, 0x3F, 0xDF, 0x00,
    0xC7, 0x3F, 0xDF, 0x00, 0xCF, 0x3F, 0xDF, 0x00, 0xD7, 0x3F, 0xDF, 0x00,
    0xDF, 0x3F, 0xDF, 0x00, 0xE7, 0x3F, 0xDF, 0x00, 0xEF, 0x3F, 0xDF, 0x00,
    0xF7, 0x3F, 0xDF, 0x00, 0x00, 0x47, 0xDF, 0x00, 0x07, 0x47, 0xDF, 0x00,
    0x0F, 0x47, 0xDF, 0x00, 0x17, 0x47, 0xDF, 0x00, 0x1F, 0x47, 0xDF, 0x00,
    0x27, 0x47, 0xDF, 0x00, 0x2F, 0x47, 0xDF, 0x00, 0x37, 0x47, 0xDF, 0x00,
    0x3F, 0x47, 0xDF, 0x00, 0x47, 0x47, 0xDF, 0x00, 0x4F, 0x47, 0xDF, 0x00,
    0x57, 0x47, 0xDF, 0x00, 0x5F, 0x47, 0xDF, 0x00, 0x67, 0x47, 0xDF, 0x03,
    0x6F, 0x47, 0xDF, 0x06, 0x77, 0x47, 0xDF, 0x08, 0x7F, 0x47, 0xDF, 0x08,
    0x87, 0x47, 0xDF, 0x08, 0x8F, 0x47, 0xDF, 0x06, 0x97, 0x47, 0xDF, 0x03,
    0x9F, 0x47, 0xDF, 0x00, 0xA7, 0x47, 0xDF, 0x00, 0xAF, 0x47, 0xDF, 0x00,
    0xB7, 0x47, 0xDF, 0x00, 0xBF, 0x47, 0xDF, 0x00, 0xC7, 0x47, 0xDF, 0x00,
    0xCF, 0x47, 0xDF, 0x00, 0xD7, 0x47, 0xDF, 0x00, 0xDF, 0x47, 0xDF, 0x00,
    0xE7, 0x47, 0xDF, 0x00, 0xEF, 0x47, 0xDF, 0x00, 0xF7, 0x47, 0xDF, 0x00,
    0x00, 0x4F, 0xDF, 0x00, 0x07, 0x4F, 0xDF, 0x00, 0x0F, 0x4F, 0xDF, 0x00,
    0x17, 0x4F, 0xDF, 0x00, 0x1F, 0x4F, 0xDF, 0x00, 0x27, 0x4F, 0xDF, 0x00,
    0x2F, 0x4F, 0xDF, 0x00, 0x37, 0x4F, 0xDF, 0x00, 0x3F, 0x4F, 0xDF, 0x00,
    0x47, 0x4F, 0xDF, 0x00, 0x4F, 0x4F, 0xDF, 0x00, 0x57, 0x4F, 0xDF, 0x01,
    0x5F, 0x4F, 0xDF, 0x07, 0x67, 0x4F, 0xDF, 0x0B, 0x6F, 0x4F, 0xDF, 0x0E,
    0x77, 0x4F, 0xDF, 0x10, 0x7F, 0x4F, 0xDF, 0x11, 0x87, 0x4F, 0xDF, 0x10,
    0x8F, 0x4F, 0xDF, 0x0E, 0x97, 0x4F, 0xDF, 0x0B, 0x9F, 0x4F, 0xDF, 0x07,
    0xA7, 0x4F, 0xDF, 0x01, 0xAF, 0x4F, 0xDF, 0x00, 0xB7, 0x4F, 0xDF, 0x00,
    0xBF, 0x4F, 0xDF, 0x00, 0xC7, 0x4F, 0xDF, 0x00, 0xCF, 0x4F, 0xDF, 0x00,
    0xD7, 0x4F, 0xDF, 0x00, 0xDF, 0x4F, 0xDF, 0x00, 0xE7, 0x4F, 0xDF, 0x00,
    0xEF, 0x4F, 0xDF, 0x00, 0xF7, 0x4F, 0xDF, 0x00, 0x00, 0x57, 0xDF, 0x00,
    0x07, 0x57, 0xDF, 0x00, 0x0F, 0x57, 0xDF, 0x00, 0x17, 0x57, 0xDF, 0x00,
    0x1F, 0x57, 0xDF, 0x00, 0x27, 0x57, 0xDF, 0x00, 0x2F, 0x57, 0xDF, 0x00,
    0x37, 0x57, 0xDF, 0x00, 0x3F, 0x57, 0xDF, 0x00, 0x47, 0x57, 0xDF, 0x00,
    0x4F, 0x57, 0xDF, 0x01, 0x57, 0x57, 0xDF, 0x08, 0x5F, 0x57, 0xDF, 0x0E,
    0x67, 0x57, 0xDF, 0x12, 0x6F, 0x57, 0xDF, 0x16, 0x77, 0x57, 0xDF, 0x18,
    0x7F, 0x57, 0xDF, 0x18, 0x87, 0x57, 0xDF, 0x18, 0x8F, 0x57, 0xDF, 0x16,
    0x97, 0x57, 0xDF, 0x12, 0x9F, 0x57, 0xDF, 0x0E, 0xA7, 0x57, 0xDF, 0x08,
    0xAF, 0x57, 0xDF, 0x01, 0xB7, 0x57, 0xDF, 0x00, 0xBF, 0x57, 0xDF, 0x00,
    0xC7, 0x57, 0xDF, 0x00, 0xCF, 0x57, 0xDF, 0x00, 0xD7, 0x57, 0xDF, 0x00,
    0xDF, 0x57, 0xDF, 0x00, 0xE7, 0x57, 0xDF, 0x00, 0xEF, 0x57, 0xDF, 0x00,
    0xF7, 0x57, 0xDF, 0x00, 0x00, 0x5F, 0xDF, 0x00, 0x07, 0x5F, 0xDF, 0x00,
    0x0F, 0x5F, 0xDF, 0x00, 0x17, 0x5F, 0xDF, 0x00, 0x1F, 0x5F, 0xDF, 0x00,
    0x27, 0x5F, 0xDF, 0x00, 0x2F, 0x5F, 0xDF, 0x00, 0x37, 0x5F, 0xDF, 0x00,
    0x3F, 0x5F, 0xDF, 0x00, 0x47, 0x5F, 0xDF, 0x00, 0x4F, 0x5F, 0xDF, 0x07,
    0x57, 0x5F, 0xDF, 0x0E, 0x5F, 0x5F, 0xDF, 0x14, 0x67, 0x5F, 0xDF, 0x18,
    0x6F, 0x5F, 0xDF, 0x1C, 0x77, 0x5F, 0xDF, 0x1E, 0x7F, 0x5F, 0xDF, 0x1F,
    0x87, 0x5F, 0xDF, 0x1E, 0x8F, 0x5F, 0xDF, 0x1C, 0x97, 0x5F, 0xDF, 0x18,
    0x9F, 0x5F, 0xDF, 0x14, 0xA7, 0x5F, 0xDF, 0x0E, 0xAF, 0x5F, 0xDF, 0x07,
    0xB7, 0x5F, 0xDF, 0x00, 0xBF, 0x5F, 0xDF, 0x00, 0xC7, 0x5F, 0xDF, 0x00,
    0xCF, 0x5F, 0xDF, 0x00, 0xD7, 0x5F, 0xDF, 0x00, 0xDF, 0x5F, 0xDF, 0x00,
    0xE7, 0x5F, 0xDF, 0x00, 0xEF, 0x5F, 0xDF, 0x00, 0xF7, 0x5F, 0xDF, 0x00,
    0x00, 0x67, 0xDF, 0x00, 0x07, 0x67, 0xDF, 0x00, 0x0F, 0x67, 0xDF, 0x00,
    0x17, 0x67, 0xDF, 0x00, 0x1F, 0x67, 0xDF, 0x00, 0x27, 0x67, 0xDF, 0x00,
    0x2F, 0x67, 0xDF, 0x00, 0x37, 0x67, 0xDF, 0x00, 0x3F, 0x67, 0xDF, 0x00,
    0x47, 0x67, 0xDF, 0x03, 0x4F, 0x67, 0xDF, 0x0B, 0x57, 0x67, 0xDF, 0x12,
    0x5F, 0x67, 0xDF, 0x18, 0x67, 0x67, 0xDF, 0x1D, 0x6F, 0x67, 0xDF, 0x21,
    0x77, 0x67, 0xDF, 0x23, 0x7F, 0x67, 0xDF, 0x23, 0x87, 0x67, 0xDF, 0x23,
    0x8F, 0x67, 0xDF, 0x21, 0x97, 0x67, 0xDF, 0x1D, 0x9F, 0x67, 0xDF, 0x18,
    0xA7, 0x67, 0xDF, 0x12, 0xAF, 0x67, 0xDF, 0x0B, 0xB7, 0x67, 0xDF, 0x03,
    0xBF, 0x67, 0xDF, 0x00, 0xC7, 0x67, 0xDF, 0x00, 0xCF, 0x67, 0xDF, 0x00,
    0xD7, 0x67, 0xDF, 0x00, 0xDF, 0x67, 0xDF, 0x00, 0xE7, 0x67, 0xDF, 0x00,
    0xEF, 0x67, 0xDF, 0x00, 0xF7, 0x67, 0xDF, 0x00, 0x00, 0x6F, 0xDF, 0x00,
    0x07, 0x6F, 0xDF, 0x00, 0x0F, 0x6F, 0xDF, 0x00, 0x17, 0x6F, 0xDF, 0x00,
    0x1F, 0x6F, 0xDF, 0x00, 0x27, 0x6F, 0xDF, 0x00, 0x2F, 0x6F, 0xDF, 0x00,
    0x37, 0x6F, 0xDF, 0x00, 0x3F, 0x6F, 0xDF, 0x00, 0x47, 0x6F, 0xDF, 0x06,
    0x4F, 0x6F, 0xDF, 0x0E, 0x57, 0x6F, 0xDF, 0x16, 0x5F, 0x6F, 0xDF, 0x1C,
    0x67, 0x6F, 0xDF, 0x21, 0x6F, 0x6F, 0xDF, 0x24, 0x77, 0x6F, 0xDF, 0x26,
    0x7F, 0x6F, 0xDF, 0x27, 0x87, 0x6F, 0xDF, 0x26, 0x8F, 0x6F, 0xDF, 0x24,
    0x97, 0x6F, 0xDF, 0x21, 0x9F, 0x6F, 0xDF, 0x1C, 0xA7, 0x6F, 0xDF, 0x16,
    0xAF, 0x6F, 0xDF, 0x0E, 0xB7, 0x6F, 0xDF, 0x06, 0xBF, 0x6F, 0xDF, 0x00,
    0xC7, 0x6F, 0xDF, 0x00, 0xCF, 0x6F, 0xDF, 0x00, 0xD7, 0x6F, 0xDF, 0x00,
    0xDF, 0x6F, 0xDF, 0x00, 0xE7, 0x6F, 0xDF, 0x00, 0xEF, 0x6F, 0xDF, 0x00,
    0xF7, 0x6F, 0xDF, 0x00, 0x00, 0x77, 0xDF, 0x00, 0x07, 0x77, 0xDF, 0x00,
    0x0F, 0x77, 0xDF, 0x00, 0x17, 0x77, 0xDF, 0x00, 0x1F, 0x77, 0xDF, 0x00,
    0x27, 0x77, 0xDF, 0x00, 0x2F, 0x77, 0xDF, 0x00, 0x37, 0x77, 0xDF, 0x00,
    0x3F, 0x77, 0xDF, 0x00, 0x47, 0x77, 0xDF, 0x08, 0x4F, 0x77, 0xDF, 0x10,
    0x57, 0x77, 0xDF, 0x18, 0x5F, 0x77, 0xDF, 0x1E, 0x67, 0x77, 0xDF, 0x23,
    0x6F, 0x77, 0xDF, 0x26, 0x77, 0x77, 0xDF, 0x29, 0x7F, 0x77, 0xDF, 0x29,
    0x87, 0x77, 0xDF, 0x29, 0x8F, 0x77, 0xDF, 0x26, 0x97, 0x77, 0xDF, 0x23,
    0x9F, 0x77, 0xDF, 0x1E, 0xA7, 0x77, 0xDF, 0x18, 0xAF, 0x77, 0xDF, 0x10,
    0xB7, 0x77, 0xDF, 0x08, 0xBF, 0x77, 0xDF, 0x00, 0xC7, 0x77, 0xDF, 0x00,
    0xCF, 0x77, 0xDF, 0x00, 0xD7, 0x77, 0xDF, 0x00, 0xDF, 0x77, 0xDF, 0x00,
    0xE7, 0x77, 0xDF, 0x00, 0xEF, 0x77, 0xDF, 0x00, 0xF7, 0x77, 0xDF, 0x00,
    0x00, 0x7F, 0xDF, 0x00, 0x07, 0x7F, 0xDF, 0x00, 0x0F, 0x7F, 0xDF, 0x00,
    0x17, 0x7F, 0xDF, 0x00, 0x1F, 0x7F, 0xDF, 0x00, 0x27, 0x7F, 0xDF, 0x00,
    0x2F, 0x7F, 0xDF, 0x00, 0x37, 0x7F, 0xDF, 0x00, 0x3F, 0x7F, 0xDF, 0x00,
    0x47, 0x7F, 0xDF, 0x08, 0x4F, 0x7F, 0xDF, 0x11, 0x57, 0x7F, 0xDF, 0x18,
    0x5F, 0x7F, 0xDF, 0x1F, 0x67, 0x7F, 0xDF, 0x23, 0x6F, 0x7F, 0xDF, 0x27,
    0x77, 0x7F, 0xDF, 0x29, 0x7F, 0x7F, 0xDF, 0x2A, 0x87, 0x7F, 0xDF, 0x29,
    0x8F, 0x7F, 0xDF, 0x27, 0x97, 0x7F, 0xDF, 0x23, 0x9F, 0x7F, 0xDF, 0x1F,
    0xA7, 0x7F, 0xDF, 0x18, 0xAF, 0x7F, 0xDF, 0x11, 0xB7, 0x7F, 0xDF, 0x08,
    0xBF, 0x7F, 0xDF, 0x00, 0xC7, 0x7F, 0xDF, 0x00, 0xCF, 0x7F, 0xDF, 0x00,
    0xD7, 0x7F, 0xDF, 0x00, 0xDF, 0x7F, 0xDF, 0x00, 0xE7, 0x7F, 0xDF, 0x00,
    0xEF, 0x7F, 0xDF, 0x00, 0xF7, 0x7F, 0xDF, 0x00, 0x00, 0x87, 0xDF, 0x00,
    0x07, 0x87, 0xDF, 0x00, 0x0F, 0x87, 0xDF, 0x00, 0x17, 0x87, 0xDF, 0x00,
    0x1F, 0x87, 0xDF, 0x00, 0x27, 0x87, 0xDF, 0x00, 0x2F, 0x87, 0xDF, 0x00,
    0x37, 0x87, 0xDF, 0x00, 0x3F, 0x87, 0xDF, 0x00, 0x47, 0x87, 0xDF, 0x08,
    0x4F, 0x87, 0xDF, 0x10, 0x57, 0x87, 0xDF, 0x18, 0x5F, 0x87, 0xDF, 0x1E,
    0x67, 0x87, 0xDF, 0x23, 0x6F, 0x87, 0xDF, 0x26, 0x77, 0x87, 0xDF, 0x29,
    0x7F, 0x87, 0xDF, 0x29, 0x87, 0x87, 0xDF, 0x29, 0x8F, 0x87, 0xDF, 0x26,
    0x97, 0x87, 0xDF, 0x23, 0x9F, 0x87, 0xDF, 0x1E, 0xA7, 0x87, 0xDF, 0x18,
    0xAF, 0x87, 0xDF, 0x10, 0xB7, 0x87, 0xDF, 0x08, 0xBF, 0x87, 0xDF, 0x00,
    0xC7, 0x87, 0xDF, 0x00, 0xCF, 0x87, 0xDF, 0x00, 0xD7, 0x87, 0xDF, 0x00,
    0xDF, 0x87, 0xDF, 0x00, 0xE7, 0x87, 0xDF, 0x00, 0xEF, 0x87, 0xDF, 0x00,
    0xF7, 0x87, 0xDF, 0x00, 0x00, 0x8F, 0xDF, 0x00, 0x07, 0x8F, 0xDF, 0x00,
    0x0F, 0x8F, 0xDF, 0x00, 0x17, 0x8F, 0xDF, 0x00, 0x1F, 0x8F, 0xDF, 0x00,
    0x27, 0x8F, 0xDF, 0x00, 0x2F, 0x8F, 0xDF, 0x00, 0x37, 0x8F, 0xDF, 0x00,
    0x3F, 0x8F, 0xDF, 0x00, 0x47, 0x8F, 0xDF, 0x06, 0x4F, 0x8F, 0xDF, 0x0E,
    0x57, 0x8F, 0xDF, 0x16, 0x5F, 0x8F, 0xDF, 0x1C, 0x67, 0x8F, 0xDF, 0x21,
    0x6F, 0x8F, 0xDF, 0x24, 0x77, 0x8F, 0xDF, 0x26, 0x7F, 0x8F, 0xDF, 0x27,
    0x87, 0x8F, 0xDF, 0x26, 0x8F, 0x8F, 0xDF, 0x24, 0x97, 0x8F, 0xDF, 0x21,
    0x9F, 0x8F, 0xDF, 0x1C, 0xA7, 0x8F, 0xDF, 0x16, 0xAF, 0x8F, 0xDF, 0x0E,
    0xB7, 0x8F, 0xDF, 0x06, 0xBF, 0x8F, 0xDF, 0x00, 0xC7, 0x8F, 0xDF, 0x00,
    0xCF, 0x8F, 0xDF, 0x00, 0xD7, 0x8F, 0xDF, 0x00, 0xDF, 0x8F, 0xDF, 0x00,
    0xE7, 0x8F, 0xDF, 0x00, 0xEF, 0x8F, 0xDF, 0x00, 0xF7, 0x8F, 0xDF, 0x00,
    0x00, 0x97, 0xDF, 0x00, 0x07, 0x97, 0xDF, 0x00, 0x0F, 0x97, 0xDF, 0x00,
    0x17, 0x97, 0xDF, 0x00, 0x1F, 0x97, 0xDF, 0x00, 0x27, 0x97, 0xDF, 0x00,
    0x2F, 0x97, 0xDF, 0x00, 0x37, 0x97, 0xDF, 0x00, 0x3F, 0x97, 0xDF, 0x00,
    0x47, 0x97, 0xDF, 0x03, 0x4F, 0x97, 0xDF, 0x0B, 0x57, 0x97, 0xDF, 0x12,
    0x5F, 0x97, 0xDF, 0x18, 0x67, 0x97, 0xDF, 0x1D, 0x6F, 0x97, 0xDF, 0x21,
    0x77, 0x97, 0xDF, 0x23, 0x7F, 0x97, 0xDF, 0x23, 0x87, 0x97, 0xDF, 0x23,
    0x8F, 0x97, 0xDF, 0x21, 0x97, 0x97, 0xDF, 0x1D, 0x9F, 0x97, 0xDF, 0x18,
    0xA7, 0x97, 0xDF, 0x12, 0xAF, 0x97, 0xDF, 0x0B, 0xB7, 0x97, 0xDF, 0x03,
    0xBF, 0x97, 0xDF, 0x00, 0xC7, 0x97, 0xDF, 0x00, 0xCF, 0x97, 0xDF, 0x00,
    0xD7, 0x97, 0xDF, 0x00, 0xDF, 0x97, 0xDF, 0x00, 0xE7, 0x97, 0xDF, 0x00,
    0xEF, 0x97, 0xDF, 0x00, 0xF7, 0x97, 0xDF, 0x00, 0x00, 0x9F, 0xDF, 0x00,
    0x07, 0x9F, 0xDF, 0x00, 0x0F, 0x9F, 0xDF, 0x00, 0x17, 0x9F, 0xDF, 0x00,
    0x1F, 0x9F, 0xDF, 0x00, 0x27, 0x9F, 0xDF, 0x00, 0x2F, 0x9F, 0xDF, 0x00,
    0x37, 0x9F, 0xDF, 0x00, 0x3F, 0x9F, 0xDF, 0x00, 0x47, 0x9F, 0xDF, 0x00,
    0x4F, 0x9F, 0xDF, 0x07, 0x57, 0x9F, 0xDF, 0x0E, 0x5F, 0x9F, 0xDF, 0x14,
    0x67, 0x9F, 0xDF, 0x18, 0x6F, 0x9F, 0xDF, 0x1C, 0x77, 0x9F, 0xDF, 0x1E,
    0x7F, 0x9F, 0xDF, 0x1F, 0x87, 0x9F, 0xDF, 0x1E, 0x8F, 0x9F, 0xDF, 0x1C,
    0x97, 0x9F, 0xDF, 0x18, 0x9F, 0x9F, 0xDF, 0x14, 0xA7, 0x9F, 0xDF, 0x0E,
    0xAF, 0x9F, 0xDF, 0x07, 0xB7, 0x9F, 0xDF, 0x00, 0xBF, 0x9F, 0xDF, 0x00,
    0xC7, 0x9F, 0xDF, 0x00, 0xCF, 0x9F, 0xDF, 0x00, 0xD7, 0x9F, 0xDF, 0x00,
    0xDF, 0x9F, 0xDF, 0x00, 0xE7, 0x9F, 0xDF, 0x00, 0xEF, 0x9F, 0xDF, 0x00,
    0xF7, 0x9F, 0xDF, 0x00, 0x00, 0xA7, 0xDF, 0x00, 0x07, 0xA7, 0xDF, 0x00,
    0x0F, 0xA7, 0xDF, 0x00, 0x17, 0xA7, 0xDF, 0x00, 0x1F, 0xA7, 0xDF, 0x00,
    0x27, 0xA7, 0xDF, 0x00, 0x2F, 0xA7, 0xDF, 0x00, 0x37, 0xA7, 0xDF, 0x00,
    0x3F, 0xA7, 0xDF, 0x00, 0x47, 0xA7, 0xDF, 0x00, 0x4F, 0xA7, 0xDF, 0x01,
    0x57, 0xA7, 0xDF, 0x08, 0x5F, 0xA7, 0xDF, 0x0E, 0x67, 0xA7, 0xDF, 0x12,
    0x6F, 0xA7, 0xDF, 0x16, 0x77, 0xA7, 0xDF, 0x18, 0x7F, 0xA7, 0xDF, 0x18,
    0x87, 0xA7, 0xDF, 0x18, 0x8F, 0xA7, 0xDF, 0x16, 0x97, 0xA7, 0xDF, 0x12,
    0x9F, 0xA7, 0xDF, 0x0E, 0xA7, 0xA7, 0xDF, 0x08, 0xAF, 0xA7, 0xDF, 0x01,
    0xB7, 0xA7, 0xDF, 0x00, 0xBF, 0xA7, 0xDF, 0x00, 0xC7, 0xA7, 0xDF, 0x00,
    0xCF, 0xA7, 0xDF, 0x00, 0xD7, 0xA7, 0xDF, 0x00, 0xDF, 0xA7, 0xDF, 0x00,
    0xE7, 0xA7, 0xDF, 0x00, 0xEF, 0xA7, 0xDF, 0x00, 0xF7, 0xA7, 0xDF, 0x00,
    0x00, 0xAF, 0xDF, 0x00, 0x07, 0xAF, 0xDF, 0x00, 0x0F, 0xAF, 0xDF, 0x00,
    0x17, 0xAF, 0xDF, 0x00, 0x1F, 0xAF, 0xDF, 0x00, 0x27, 0xAF, 0xDF, 0x00,
    0x2F, 0xAF, 0xDF, 0x00, 0x37, 0xAF, 0xDF, 0x00, 0x3F, 0xAF, 0xDF, 0x00,
    0x47, 0xAF, 0xDF, 0x00, 0x4F, 0xAF, 0xDF, 0x00, 0x57, 0xAF, 0xDF, 0x01,
    0x5F, 0xAF, 0xDF, 0x07, 0x67, 0xAF, 0xDF, 0x0B, 0x6F, 0xAF, 0xDF, 0x0E,
    0x77, 0xAF, 0xDF, 0x10, 0x7F, 0xAF, 0xDF, 0x11, 0x87, 0xAF, 0xDF, 0x10,
    0x8F, 0xAF, 0xDF, 0x0E, 0x97, 0xAF, 0xDF, 0x0B, 0x9F, 0xAF, 0xDF, 0x07,
    0xA7, 0xAF, 0xDF, 0x01, 0xAF, 0xAF, 0xDF, 0x00, 0xB7, 0xAF, 0xDF, 0x00,
    0xBF, 0xAF, 0xDF, 0x00, 0xC7, 0xAF, 0xDF, 0x00, 0xCF, 0xAF, 0xDF, 0x00,
    0xD7, 0xAF, 0xDF, 0x00, 0xDF, 0xAF, 0xDF, 0x00, 0xE7, 0xAF, 0xDF, 0x00,
    0xEF, 0xAF, 0xDF, 0x00, 0xF7, 0xAF, 0xDF, 0x00, 0x00, 0xB7, 0xDF, 0x00,
    0x07, 0xB7, 0xDF, 0x00, 0x0F, 0xB7, 0xDF, 0x00, 0x17, 0xB7, 0xDF, 0x00,
    0x1F, 0xB7, 0xDF, 0x00, 0x27, 0xB7, 0xDF, 0x00, 0x2F, 0xB7, 0xDF, 0x00,
    0x37, 0xB7, 0xDF, 0x00, 0x3F, 0xB7, 0xDF, 0x00, 0x47, 0xB7, 0xDF, 0x00,
    0x4F, 0xB7, 0xDF, 0x00, 0x57, 0xB7, 0xDF, 0x00, 0x5F, 0xB7, 0xDF, 0x00,
    0x67, 0xB7, 0xDF, 0x03, 0x6F, 0xB7, 0xDF, 0x06, 0x77, 0xB7, 0xDF, 0x08,
    0x7F, 0xB7, 0xDF, 0x08, 0x87, 0xB7, 0xDF, 0x08, 0x8F, 0xB7, 0xDF, 0x06,
    0x97, 0xB7, 0xDF, 0x03, 0x9F, 0xB7, 0xDF, 0x00, 0xA7, 0xB7, 0xDF, 0x00,
    0xAF, 0xB7, 0xDF, 0x00, 0xB7, 0xB7, 0xDF, 0x00, 0xBF, 0xB7, 0xDF, 0x00,
    0xC7, 0xB7, 0xDF, 0x00, 0xCF, 0xB7, 0xDF, 0x00, 0xD7, 0xB7, 0xDF, 0x00,
    0xDF, 0xB7, 0xDF, 0x00, 0xE7, 0xB7, 0xDF, 0x00, 0xEF, 0xB7, 0xDF, 0x00,
    0xF7, 0xB7, 0xDF, 0x00, 0x00, 0xBF, 0xDF, 0x00, 0x07, 0xBF, 0xDF, 0x00,
    0x0F, 0xBF, 0xDF, 0x00, 0x17, 0xBF, 0xDF, 0x00, 0x1F, 0xBF, 0xDF, 0x00,
    0x27, 0xBF, 0xDF, 0x00, 0x2F, 0xBF, 0xDF, 0x00, 0x37, 0xBF, 0xDF, 0x00,
    0x3F, 0xBF, 0xDF, 0x00, 0x47, 0xBF, 0xDF, 0x00, 0x4F, 0xBF, 0xDF, 0x00,
    0x57, 0xBF, 0xDF, 0x00, 0x5F, 0xBF, 0xDF, 0x00, 0x67, 0xBF, 0xDF, 0x00,
    0x6F, 0xBF, 0xDF, 0x00, 0x77, 0xBF, 0xDF, 0x00, 0x7F, 0xBF, 0xDF, 0x00,
    0x87, 0xBF, 0xDF, 0x00, 0x8F, 0xBF, 0xDF, 0x00, 0x97, 0xBF, 0xDF, 0x00,
    0x9F, 0xBF, 0xDF, 0x00, 0xA7, 0xBF, 0xDF, 0x00, 0xAF, 0xBF, 0xDF, 0x00,
    0xB7, 0xBF, 0xDF, 0x00, 0xBF, 0xBF, 0xDF, 0x00, 0xC7, 0xBF, 0xDF, 0x00,
    0xCF, 0xBF, 0xDF, 0x00, 0xD7, 0xBF, 0xDF, 0x00, 0xDF, 0xBF, 0xDF, 0x00,
    0xE7, 0xBF, 0xDF, 0x00, 0xEF, 0xBF, 0xDF, 0x00, 0xF7, 0xBF, 0xDF, 0x00,
    0x00, 0xC7, 0xDF, 0x00, 0x07, 0xC7, 0xDF, 0x00, 0x0F, 0xC7, 0xDF, 0x00,
    0x17, 0xC7, 0xDF, 0x00, 0x1F, 0xC7, 0xDF, 0x00, 0x27, 0xC7, 0xDF, 0x00,
    0x2F, 0xC7, 0xDF, 0x00, 0x37, 0xC7, 0xDF, 0x00, 0x3F, 0xC7, 0xDF, 0x00,
    0x47, 0xC7, 0xDF, 0x00, 0x4F, 0xC7, 0xDF, 0x00, 0x57, 0xC7, 0xDF, 0x00,
    0x5F, 0xC7, 0xDF, 0x00, 0x67, 0xC7, 0xDF, 0x00, 0x6F, 0xC7, 0xDF, 0x00,
    0x77, 0xC7, 0xDF, 0x00, 0x7F, 0xC7, 0xDF, 0x00, 0x87, 0xC7, 0xDF, 0x00,
    0x8F, 0xC7, 0xDF, 0x00, 0x97, 0xC7, 0xDF, 0x00, 0x9F, 0xC7, 0xDF, 0x00,
    0xA7, 0xC7, 0xDF, 0x00, 0xAF, 0xC7, 0xDF, 0x00, 0xB7, 0xC7, 0xDF, 0x00,
    0xBF, 0xC7, 0xDF, 0x00, 0xC7, 0xC7, 0xDF, 0x00, 0xCF, 0xC7, 0xDF, 0x00,
    0xD7, 0xC7, 0xDF, 0x00, 0xDF, 0xC7, 0xDF, 0x00, 0xE7, 0xC7, 0xDF, 0x00,
    0xEF, 0xC7, 0xDF, 0x00, 0xF7, 0xC7, 0xDF, 0x00, 0x00, 0xCF, 0xDF, 0x00,
    0x07, 0xCF, 0xDF, 0x00, 0x0F, 0xCF, 0xDF, 0x00, 0x17, 0xCF, 0xDF, 0x00,
    0x1F, 0xCF, 0xDF, 0x00, 0x27, 0xCF, 0xDF, 0x00, 0x2F, 0xCF, 0xDF, 0x00,
    0x37, 0xCF, 0xDF, 0x00, 0x3F, 0xCF, 0xDF, 0x00, 0x47, 0xCF, 0xDF, 0x00,
    0x4F, 0xCF, 0xDF, 0x00, 0x57, 0xCF, 0xDF, 0x00, 0x5F, 0xCF, 0xDF, 0x00,
    0x67, 0xCF, 0xDF, 0x00, 0x6F, 0xCF, 0xDF, 0x00, 0x77, 0xCF, 0xDF, 0x00,
    0x7F, 0xCF, 0xDF, 0x00, 0x87, 0xCF, 0xDF, 0x00, 0x8F, 0xCF, 0xDF, 0x00,
    0x97, 0xCF, 0xDF, 0x00, 0x9F, 0xCF, 0xDF, 0x00, 0xA7, 0xCF, 0xDF, 0x00,
    0xAF, 0xCF, 0xDF, 0x00, 0xB7, 0xCF, 0xDF, 0x00, 0xBF, 0xCF, 0xDF, 0x00,
    0xC7, 0xCF, 0xDF, 0x00, 0xCF, 0xCF, 0xDF, 0x00, 0xD7, 0xCF, 0xDF, 0x00,
    0xDF, 0xCF, 0xDF, 0x00, 0xE7, 0xCF, 0xDF, 0x00, 0xEF, 0xCF, 0xDF, 0x00,
    0xF7, 0xCF, 0xDF, 0x00, 0x00, 0xD7, 0xDF, 0x00, 0x07, 0xD7, 0xDF, 0x00,
    0x0F, 0xD7, 0xDF, 0x00, 0x17, 0xD7, 0xDF, 0x00, 0x1F, 0xD7, 0xDF, 0x00,
    0x27, 0xD7, 0xDF, 0x00, 0x2F, 0xD7, 0xDF, 0x00, 0x37, 0xD7, 0xDF, 0x00,
    0x3F, 0xD7, 0xDF, 0x00, 0x47, 0xD7, 0xDF, 0x00, 0x4F, 0xD7, 0xDF, 0x00,
    0x57, 0xD7, 0xDF, 0x00, 0x5F, 0xD7, 0xDF, 0x00, 0x67, 0xD7, 0xDF, 0x00,
    0x6F, 0xD7, 0xDF, 0x00, 0x77, 0xD7, 0xDF, 0x00, 0x7F, 0xD7, 0xDF, 0x00,
    0x87, 0xD7, 0xDF, 0x00, 0x8F, 0xD7, 0xDF, 0x00, 0x97, 0xD7, 0xDF, 0x00,
    0x9F, 0xD7, 0xDF, 0x00, 0xA7, 0xD7, 0xDF, 0x00, 0xAF, 0xD7, 0xDF, 0x00,
    0xB7, 0xD7, 0xDF, 0x00, 0xBF, 0xD7, 0xDF, 0x00, 0xC7, 0xD7, 0xDF, 0x00,
    0xCF, 0xD7, 0xDF, 0x00, 0xD7, 0xD7, 0xDF, 0x00, 0xDF, 0xD7, 0xDF, 0x00,
    0xE7, 0xD7, 0xDF, 0x00, 0xEF, 0xD7, 0xDF, 0x00, 0xF7, 0xD7, 0xDF, 0x00,
    0x00, 0xDF, 0xDF, 0x00, 0x07, 0xDF, 0xDF, 0x00, 0x0F, 0xDF, 0xDF, 0x00,
    0x17, 0xDF, 0xDF, 0x00, 0x1F, 0xDF, 0xDF, 0x00, 0x27, 0xDF, 0xDF, 0x00,
    0x2F, 0xDF, 0xDF, 0x00, 0x37, 0xDF, 0xDF, 0x00, 0x3F, 0xDF, 0xDF, 0x00,
    0x47, 0xDF, 0xDF, 0x00, 0x4F, 0xDF, 0xDF, 0x00, 0x57, 0xDF, 0xDF, 0x00,
    0x5F, 0xDF, 0xDF, 0x00, 0x67, 0xDF, 0xDF, 0x00, 0x6F, 0xDF, 0xDF, 0x00,
    0x77, 0xDF, 0xDF, 0x00, 0x7F, 0xDF, 0xDF, 0x00, 0x87, 0xDF, 0xDF, 0x00,
    0x8F, 0xDF, 0xDF, 0x00, 0x97, 0xDF, 0xDF, 0x00, 0x9F, 0xDF, 0xDF, 0x00,
    0xA7, 0xDF, 0xDF, 0x00, 0xAF, 0xDF, 0xDF, 0x00, 0xB7, 0xDF, 0xDF, 0x00,
    0xBF, 0xDF, 0xDF, 0x00, 0xC7, 0xDF, 0xDF, 0x00, 0xCF, 0xDF, 0xDF, 0x00,
    0xD7, 0xDF, 0xDF, 0x00, 0xDF, 0xDF, 0xDF, 0x00, 0xE7, 0xDF, 0xDF, 0x00,
    0xEF, 0xDF, 0xDF, 0x00, 0xF7, 0xDF, 0xDF, 0x00, 0x00, 0xE7, 0xDF, 0x00,
    0x07, 0xE7, 0xDF, 0x00, 0x0F, 0xE7, 0xDF, 0x00, 0x17, 0xE7, 0xDF, 0x00,
    0x1F, 0xE7, 0xDF, 0x00, 0x27, 0xE7, 0xDF, 0x00, 0x2F, 0xE7, 0xDF, 0x00,
    0x37, 0xE7, 0xDF, 0x00, 0x3F, 0xE7, 0xDF, 0x00, 0x47, 0xE7, 0xDF, 0x00,
    0x4F, 0xE7, 0xDF, 0x00, 0x57, 0xE7, 0xDF, 0x00, 0x5F, 0xE7, 0xDF, 0x00,
    0x67, 0xE7, 0xDF, 0x00, 0x6F, 0xE7, 0xDF, 0x00, 0x77, 0xE7, 0xDF, 0x00,
    0x7F, 0xE7, 0xDF, 0x00, 0x87, 0xE7, 0xDF, 0x00, 0x8F, 0xE7, 0xDF, 0x00,
    0x97, 0xE7, 0xDF, 0x00, 0x9F, 0xE7, 0xDF, 0x00, 0xA7, 0xE7, 0xDF, 0x00,
    0xAF, 0xE7, 0xDF, 0x00, 0xB7, 0xE7, 0xDF, 0x00, 0xBF, 0xE7, 0xDF, 0x00,
    0xC7, 0xE7, 0xDF, 0x00, 0xCF, 0xE7, 0xDF, 0x00, 0xD7, 0xE7, 0xDF, 0x00,
    0xDF, 0xE7, 0xDF, 0x00, 0xE7, 0xE7, 0xDF, 0x00, 0xEF, 0xE7, 0xDF, 0x00,
    0xF7, 0xE7, 0xDF, 0x00, 0x00, 0xEF, 0xDF, 0x00, 0x07, 0xEF, 0xDF, 0x00,
    0x0F, 0xEF, 0xDF, 0x00, 0x17, 0xEF, 0xDF, 0x00, 0x1F, 0xEF, 0xDF, 0x00,
    0x27, 0xEF, 0xDF, 0x00, 0x2F, 0xEF, 0xDF, 0x00, 0x37, 0xEF, 0xDF, 0x00,
    0x3F, 0xEF, 0xDF, 0x00, 0x47, 0xEF, 0xDF, 0x00, 0x4F, 0xEF, 0xDF, 0x00,
    0x57, 0xEF, 0xDF, 0x00, 0x5F, 0xEF, 0xDF, 0x00, 0x67, 0xEF, 0xDF, 0x00,
    0x6F, 0xEF, 0xDF, 0x00, 0x77, 0xEF, 0xDF, 0x00, 0x7F, 0xEF, 0xDF, 0x00,
    0x87, 0xEF, 0xDF, 0x00, 0x8F, 0xEF, 0xDF, 0x00, 0x97, 0xEF, 0xDF, 0x00,
    0x9F, 0xEF, 0xDF, 0x00, 0xA7, 0xEF, 0xDF, 0x00, 0xAF, 0xEF, 0xDF, 0x00,
    0xB7, 0xEF, 0xDF, 0x00, 0xBF, 0xEF, 0xDF, 0x00, 0xC7, 0xEF, 0xDF, 0x00,
    0xCF, 0xEF, 0xDF, 0x00, 0xD7, 0xEF, 0xDF, 0x00, 0xDF, 0xEF, 0xDF, 0x00,
    0xE7, 0xEF, 0xDF, 0x00, 0xEF, 0xEF, 0xDF, 0x00, 0xF7, 0xEF, 0xDF, 0x00,
    0x00, 0xF7, 0xDF, 0x00, 0x07, 0xF7, 0xDF, 0x00, 0x0F, 0xF7, 0xDF, 0x00,
    0x17, 0xF7, 0xDF, 0x00, 0x1F, 0xF7, 0xDF, 0x00, 0x27, 0xF7, 0xDF, 0x00,
    0x2F, 0xF7, 0xDF, 0x00, 0x37, 0xF7, 0xDF, 0x00, 0x3F, 0xF7, 0xDF, 0x00,
    0x47, 0xF7, 0xDF, 0x00, 0x4F, 0xF7, 0xDF, 0x00, 0x57, 0xF7, 0xDF, 0x00,
    0x5F, 0xF7, 0xDF, 0x00, 0x67, 0xF7, 0xDF, 0x00, 0x6F, 0xF7, 0xDF, 0x00,
    0x77, 0xF7, 0xDF, 0x00, 0x7F, 0xF7, 0xDF, 0x00, 0x87, 0xF7, 0xDF, 0x00,
    0x8F, 0xF7, 0xDF, 0x00, 0x97, 0xF7, 0xDF, 0x00, 0x9F, 0xF7, 0xDF, 0x00,
    0xA7, 0xF7, 0xDF, 0x00, 0xAF, 0xF7, 0xDF, 0x00, 0xB7, 0xF7, 0xDF, 0x00,
    0xBF, 0xF7, 0xDF, 0x00, 0xC7, 0xF7, 0xDF, 0x00, 0xCF, 0xF7, 0xDF, 0x00,
    0xD7, 0xF7, 0xDF, 0x00, 0xDF, 0xF7, 0xDF, 0x00, 0xE7, 0xF7, 0xDF, 0x00,
    0xEF, 0xF7, 0xDF, 0x00, 0xF7, 0xF7, 0xDF, 0x00, 0x00, 0x00, 0xE7, 0x00,
    0x07, 0x00, 0xE7, 0x00, 0x0F, 0x00, 0xE7, 0x00, 0x17, 0x00, 0xE7, 0x00,
    0x1F, 0x00, 0xE7, 0x00, 0x27, 0x00, 0xE7, 0x00, 0x2F, 0x00, 0xE7, 0x00,
    0x37, 0x00, 0xE7, 0x00, 0x3F, 0x00, 0xE7, 0x00, 0x47, 0x00, 0xE7, 0x00,
    0x4F, 0x00, 0xE7, 0x00, 0x57, 0x00, 0xE7, 0x00, 0x5F, 0x00, 0xE7, 0x00,
    0x67, 0x00, 0xE7, 0x00, 0x6F, 0x00, 0xE7, 0x00, 0x77, 0x00, 0xE7, 0x00,
    0x7F, 0x00, 0xE7, 0x00, 0x87, 0x00, 0xE7, 0x00, 0x8F, 0x00, 0xE7, 0x00,
    0x97, 0x00, 0xE7, 0x00, 0x9F, 0x00, 0xE7, 0x00, 0xA7, 0x00, 0xE7, 0x00,
    0xAF, 0x00, 0xE7, 0x00, 0xB7, 0x00, 0xE7, 0x00, 0xBF, 0x00, 0xE7, 0x00,
    0xC7, 0x00, 0xE7, 0x00, 0xCF, 0x00, 0xE7, 0x00, 0xD7, 0x00, 0xE7, 0x00,
    0xDF, 0x00, 0xE7, 0x00, 0xE7, 0x00, 0xE7, 0x00, 0xEF, 0x00, 0xE7, 0x00,
    0xF7, 0x00, 0xE7, 0x00, 0x00, 0x07, 0xE7, 0x00, 0x07, 0x07, 0xE7, 0x00,
    0x0F, 0x07, 0xE7, 0x00, 0x17, 0x07, 0xE7, 0x00, 0x1F, 0x07, 0xE7, 0x00,
    0x27, 0x07, 0xE7, 0x00, 0x2F, 0x07, 0xE7, 0x00, 0x37, 0x07, 0xE7, 0x00,
    0x3F, 0x07, 0xE7, 0x00, 0x47, 0x07, 0xE7, 0x00, 0x4F, 0x07, 0xE7, 0x00,
    0x57, 0x07, 0xE7, 0x00, 0x5F, 0x07, 0xE7, 0x00, 0x67, 0x07, 0xE7, 0x00,
    0x6F, 0x07, 0xE7, 0x00, 0x77, 0x07, 0xE7, 0x00, 0x7F, 0x07, 0xE7, 0x00,
    0x87, 0x07, 0xE7, 0x00, 0x8F, 0x07, 0xE7, 0x00, 0x97, 0x07, 0xE7, 0x00,
    0x9F, 0x07, 0xE7, 0x00, 0xA7, 0x07, 0xE7, 0x00, 0xAF, 0x07, 0xE7, 0x00,
    0xB7, 0x07, 0xE7, 0x00, 0xBF, 0x07, 0xE7, 0x00, 0xC7, 0x07, 0xE7, 0x00,
    0xCF, 0x07, 0xE7, 0x00, 0xD7, 0x07, 0xE7, 0x00, 0xDF, 0x07, 0xE7, 0x00,
    0xE7, 0x07, 0xE7, 0x00, 0xEF, 0x07, 0xE7, 0x00, 0xF7, 0x07, 0xE7, 0x00,
    0x00, 0x0F, 0xE7, 0x00, 0x07, 0x0F, 0xE7, 0x00, 0x0F, 0x0F, 0xE7, 0x00,
    0x17, 0x0F, 0xE7, 0x00, 0x1F, 0x0F, 0xE7, 0x00, 0x27, 0x0F, 0xE7, 0x00,
    0x2F, 0x0F, 0xE7, 0x00, 0x37, 0x0F, 0xE7, 0x00, 0x3F, 0x0F, 0xE7, 0x00,
    0x47, 0x0F, 0xE7, 0x00, 0x4F, 0x0F, 0xE7, 0x00, 0x57, 0x0F, 0xE7, 0x00,
    0x5F, 0x0F, 0xE7, 0x00, 0x67, 0x0F, 0xE7, 0x00, 0x6F, 0x0F, 0xE7, 0x00,
    0x77, 0x0F, 0xE7, 0x00, 0x7F, 0x0F, 0xE7, 0x00, 0x87, 0x0F, 0xE7, 0x00,
    0x8F, 0x0F, 0xE7, 0x00, 0x97, 0x0F, 0xE7, 0x00, 0x9F, 0x0F, 0xE7, 0x00,
    0xA7, 0x0F, 0xE7, 0x00, 0xAF, 0x0F, 0xE7, 0x00, 0xB7, 0x0F, 0xE7, 0x00,
    0xBF, 0x0F, 0xE7, 0x00, 0xC7, 0x0F, 0xE7, 0x00, 0xCF, 0x0F, 0xE7, 0x00,
    0xD7, 0x0F, 0xE7, 0x00, 0xDF, 0x0F, 0xE7, 0x00, 0xE7, 0x0F, 0xE7, 0x00,
    0xEF, 0x0F, 0xE7, 0x00, 0xF7, 0x0F, 0xE7, 0x00, 0x00, 0x17, 0xE7, 0x00,
    0x07, 0x17, 0xE7, 0x00, 0x0F, 0x17, 0xE7, 0x00, 0x17, 0x17, 0xE7, 0x00,
    0x1F, 0x17, 0xE7, 0x00, 0x27, 0x17, 0xE7, 0x00, 0x2F, 0x17, 0xE7, 0x00,
    0x37, 0x17, 0xE7, 0x00, 0x3F, 0x17, 0xE7, 0x00, 0x47, 0x17, 0xE7, 0x00,
    0x4F, 0x17, 0xE7, 0x00, 0x57, 0x17, 0xE7, 0x00, 0x5F, 0x17, 0xE7, 0x00,
    0x67, 0x17, 0xE7, 0x00, 0x6F, 0x17, 0xE7, 0x00, 0x77, 0x17, 0xE7, 0x00,
    0x7F, 0x17, 0xE7, 0x00, 0x87, 0x17, 0xE7, 0x00, 0x8F, 0x17, 0xE7, 0x00,
    0x97, 0x17, 0xE7, 0x00, 0x9F, 0x17, 0xE7, 0x00, 0xA7, 0x17, 0xE7, 0x00,
    0xAF, 0x17, 0xE7, 0x00, 0xB7, 0x17, 0xE7, 0x00, 0xBF, 0x17, 0xE7, 0x00,
    0xC7, 0x17, 0xE7, 0x00, 0xCF, 0x17, 0xE7, 0x00, 0xD7, 0x17, 0xE7, 0x00,
    0xDF, 0x17, 0xE7, 0x00, 0xE7, 0x17, 0xE7, 0x00, 0xEF, 0x17, 0xE7, 0x00,
    0xF7, 0x17, 0xE7, 0x00, 0x00, 0x1F, 0xE7, 0x00, 0x07, 0x1F, 0xE7, 0x00,
    0x0F, 0x1F, 0xE7, 0x00, 0x17, 0x1F, 0xE7, 0x00, 0x1F, 0x1F, 0xE7, 0x00,
    0x27, 0x1F, 0xE7, 0x00, 0x2F, 0x1F, 0xE7, 0x00, 0x37, 0x1F, 0xE7, 0x00,
    0x3F, 0x1F, 0xE7, 0x00, 0x47, 0x1F, 0xE7, 0x00, 0x4F, 0x1F, 0xE7, 0x00,
    0x57, 0x1F, 0xE7, 0x00, 0x5F, 0x1F, 0xE7, 0x00, 0x67, 0x1F, 0xE7, 0x00,
    0x6F, 0x1F, 0xE7, 0x00, 0x77, 0x1F, 0xE7, 0x00, 0x7F, 0x1F, 0xE7, 0x00,
    0x87, 0x1F, 0xE7, 0x00, 0x8F, 0x1F, 0xE7, 0x00, 0x97, 0x1F, 0xE7, 0x00,
    0x9F, 0x1F, 0xE7, 0x00, 0xA7, 0x1F, 0xE7, 0x00, 0xAF, 0x1F, 0xE7, 0x00,
    0xB7, 0x1F, 0xE7, 0x00, 0xBF, 0x1F, 0xE7, 0x00, 0xC7, 0x1F, 0xE7, 0x00,
    0xCF, 0x1F, 0xE7, 0x00, 0xD7, 0x1F, 0xE7, 0x00, 0xDF, 0x1F, 0xE7, 0x00,
    0xE7, 0x1F, 0xE7, 0x00, 0xEF, 0x1F, 0xE7, 0x00, 0xF7, 0x1F, 0xE7, 0x00,
    0x00, 0x27, 0xE7, 0x00, 0x07, 0x27, 0xE7, 0x00, 0x0F, 0x27, 0xE7, 0x00,
    0x17, 0x27, 0xE7, 0x00, 0x1F, 0x27, 0xE7, 0x00, 0x27, 0x27, 0xE7, 0x00,
    0x2F, 0x27, 0xE7, 0x00, 0x37, 0x27, 0xE7, 0x00, 0x3F, 0x27, 0xE7, 0x00,
    0x47, 0x27, 0xE7, 0x00, 0x4F, 0x27, 0xE7, 0x00, 0x57, 0x27, 0xE7, 0x00,
    0x5F, 0x27, 0xE7, 0x00, 0x67, 0x27, 0xE7, 0x00, 0x6F, 0x27, 0xE7, 0x00,
    0x77, 0x27, 0xE7, 0x00, 0x7F, 0x27, 0xE7, 0x00, 0x87, 0x27, 0xE7, 0x00,
    0x8F, 0x27, 0xE7, 0x00, 0x97, 0x27, 0xE7, 0x00, 0x9F, 0x27, 0xE7, 0x00,
    0xA7, 0x27, 0xE7, 0x00, 0xAF, 0x27, 0xE7, 0x00, 0xB7, 0x27, 0xE7, 0x00,
    0xBF, 0x27, 0xE7, 0x00, 0xC7, 0x27, 0xE7, 0x00, 0xCF, 0x27, 0xE7, 0x00,
    0xD7, 0x27, 0xE7, 0x00, 0xDF, 0x27, 0xE7, 0x00, 0xE7, 0x27, 0xE7, 0x00,
    0xEF, 0x27, 0xE7, 0x00, 0xF7, 0x27, 0xE7, 0x00, 0x00, 0x2F, 0xE7, 0x00,
    0x07, 0x2F, 0xE7, 0x00, 0x0F, 0x2F, 0xE7, 0x00, 0x17, 0x2F, 0xE7, 0x00,
    0x1F, 0x2F, 0xE7, 0x00, 0x27, 0x2F, 0xE7, 0x00, 0x2F, 0x2F, 0xE7, 0x00,
    0x37, 0x2F, 0xE7, 0x00, 0x3F, 0x2F, 0xE7, 0x00, 0x47, 0x2F, 0xE7, 0x00,
    0x4F, 0x2F, 0xE7, 0x00, 0x57, 0x2F, 0xE7, 0x00, 0x5F, 0x2F, 0xE7, 0x00,
    0x67, 0x2F, 0xE7, 0x00, 0x6F, 0x2F, 0xE7, 0x00, 0x77, 0x2F, 0xE7, 0x00,
    0x7F, 0x2F, 0xE7, 0x00, 0x87, 0x2F, 0xE7, 0x00, 0x8F, 0x2F, 0xE7, 0x00,
    0x97, 0x2F, 0xE7, 0x00, 0x9F, 0x2F, 0xE7, 0x00, 0xA7, 0x2F, 0xE7, 0x00,
    0xAF, 0x2F, 0xE7, 0x00, 0xB7, 0x2F, 0xE7, 0x00, 0xBF, 0x2F, 0xE7, 0x00,
    0xC7, 0x2F, 0xE7, 0x00, 0xCF, 0x2F, 0xE7, 0x00, 0xD7, 0x2F, 0xE7, 0x00,
    0xDF, 0x2F, 0xE7, 0x00, 0xE7, 0x2F, 0xE7, 0x00, 0xEF, 0x2F, 0xE7, 0x00,
    0xF7, 0x2F, 0xE7, 0x00, 0x00, 0x37, 0xE7, 0x00, 0x07, 0x37, 0xE7, 0x00,
    0x0F, 0x37, 0xE7, 0x00, 0x17, 0x37, 0xE7, 0x00, 0x1F, 0x37, 0xE7, 0x00,
    0x27, 0x37, 0xE7, 0x00, 0x2F, 0x37, 0xE7, 0x00, 0x37, 0x37, 0xE7, 0x00,
    0x3F, 0x37, 0xE7, 0x00, 0x47, 0x37, 0xE7, 0x00, 0x4F, 0x37, 0xE7, 0x00,
    0x57, 0x37, 0xE7, 0x00, 0x5F, 0x37, 0xE7, 0x00, 0x67, 0x37, 0xE7, 0x00,
    0x6F, 0x37, 0xE7, 0x00, 0x77, 0x37, 0xE7, 0x00, 0x7F, 0x37, 0xE7, 0x00,
    0x87, 0x37, 0xE7, 0x00, 0x8F, 0x37, 0xE7, 0x00, 0x97, 0x37, 0xE7, 0x00,
    0x9F, 0x37, 0xE7, 0x00, 0xA7, 0x37, 0xE7, 0x00, 0xAF, 0x37, 0xE7, 0x00,
    0xB7, 0x37, 0xE7, 0x00, 0xBF, 0x37, 0xE7, 0x00, 0xC7, 0x37, 0xE7, 0x00,
    0xCF, 0x37, 0xE7, 0x00, 0xD7, 0x37, 0xE7, 0x00, 0xDF, 0x37, 0xE7, 0x00,
    0xE7, 0x37, 0xE7, 0x00, 0xEF, 0x37, 0xE7, 0x00, 0xF7, 0x37, 0xE7, 0x00,
    0x00, 0x3F, 0xE7, 0x00, 0x07, 0x3F, 0xE7, 0x00, 0x0F, 0x3F, 0xE7, 0x00,
    0x17, 0x3F, 0xE7, 0x00, 0x1F, 0x3F, 0xE7, 0x00, 0x27, 0x3F, 0xE7, 0x00,
    0x2F, 0x3F, 0xE7, 0x00, 0x37, 0x3F, 0xE7, 0x00, 0x3F, 0x3F, 0xE7, 0x00,
    0x47, 0x3F, 0xE7, 0x00, 0x4F, 0x3F, 0xE7, 0x00, 0x57, 0x3F, 0xE7, 0x00,
    0x5F, 0x3F, 0xE7, 0x00, 0x67, 0x3F, 0xE7, 0x00, 0x6F, 0x3F, 0xE7, 0x00,
    0x77, 0x3F, 0xE7, 0x00, 0x7F, 0x3F, 0xE7, 0x00, 0x87, 0x3F, 0xE7, 0x00,
    0x8F, 0x3F, 0xE7, 0x00, 0x97, 0x3F, 0xE7, 0x00, 0x9F, 0x3F, 0xE7, 0x00,
    0xA7, 0x3F, 0xE7, 0x00, 0xAF, 0x3F, 0xE7, 0x00, 0xB7, 0x3F, 0xE7, 0x00,
    0xBF, 0x3F, 0xE7, 0x00, 0xC7, 0x3F, 0xE7, 0x00, 0xCF, 0x3F, 0xE7, 0x00,
    0xD7, 0x3F, 0xE7, 0x00, 0xDF, 0x3F, 0xE7, 0x00, 0xE7, 0x3F, 0xE7, 0x00,
    0xEF, 0x3F, 0xE7, 0x00, 0xF7, 0x3F, 0xE7, 0x00, 0x00, 0x47, 0xE7, 0x00,
    0x07, 0x47, 0xE7, 0x00, 0x0F, 0x47, 0xE7, 0x00, 0x17, 0x47, 0xE7, 0x00,
    0x1F, 0x47, 0xE7, 0x00, 0x27, 0x47, 0xE7, 0x00, 0x2F, 0x47, 0xE7, 0x00,
    0x37, 0x47, 0xE7, 0x00, 0x3F, 0x47, 0xE7, 0x00, 0x47, 0x47, 0xE7, 0x00,
    0x4F, 0x47, 0xE7, 0x00, 0x57, 0x47, 0xE7, 0x00, 0x5F, 0x47, 0xE7, 0x00,
    0x67, 0x47, 0xE7, 0x00, 0x6F, 0x47, 0xE7, 0x00, 0x77, 0x47, 0xE7, 0x00,
    0x7F, 0x47, 0xE7, 0x00, 0x87, 0x47, 0xE7, 0x00, 0x8F, 0x47, 0xE7, 0x00,
    0x97, 0x47, 0xE7, 0x00, 0x9F, 0x47, 0xE7, 0x00, 0xA7, 0x47, 0xE7, 0x00,
    0xAF, 0x47, 0xE7, 0x00, 0xB7, 0x47, 0xE7, 0x00, 0xBF, 0x47, 0xE7, 0x00,
    0xC7, 0x47, 0xE7, 0x00, 0xCF, 0x47, 0xE7, 0x00, 0xD7, 0x47, 0xE7, 0x00,
    0xDF, 0x47, 0xE7, 0x00, 0xE7, 0x47, 0xE7, 0x00, 0xEF, 0x47, 0xE7, 0x00,
    0xF7, 0x47, 0xE7, 0x00, 0x00, 0x4F, 0xE7, 0x00, 0x07, 0x4F, 0xE7, 0x00,
    0x0F, 0x4F, 0xE7, 0x00, 0x17, 0x4F, 0xE7, 0x00, 0x1F, 0x4F, 0xE7, 0x00,
    0x27, 0x4F, 0xE7, 0x00, 0x2F, 0x4F, 0xE7, 0x00, 0x37, 0x4F, 0xE7, 0x00,
    0x3F, 0x4F, 0xE7, 0x00, 0x47, 0x4F, 0xE7, 0x00, 0x4F, 0x4F, 0xE7, 0x00,
    0x57, 0x4F, 0xE7, 0x00, 0x5F, 0x4F, 0xE7, 0x00, 0x67, 0x4F, 0xE7, 0x00,
    0x6F, 0x4F, 0xE7, 0x00, 0x77, 0x4F, 0xE7, 0x00, 0x7F, 0x4F, 0xE7, 0x01,
    0x87, 0x4F, 0xE7, 0x00, 0x8F, 0x4F, 0xE7, 0x00, 0x97, 0x4F, 0xE7, 0x00,
    0x9F, 0x4F, 0xE7, 0x00, 0xA7, 0x4F, 0xE7, 0x00, 0xAF, 0x4F, 0xE7, 0x00,
    0xB7, 0x4F, 0xE7, 0x00, 0xBF, 0x4F, 0xE7, 0x00, 0xC7, 0x4F, 0xE7, 0x00,
    0xCF, 0x4F, 0xE7, 0x00, 0xD7, 0x4F, 0xE7, 0x00, 0xDF, 0x4F, 0xE7, 0x00,
    0xE7, 0x4F, 0xE7, 0x00, 0xEF, 0x4F, 0xE7, 0x00, 0xF7, 0x4F, 0xE7, 0x00,
    0x00, 0x57, 0xE7, 0x00, 0x07, 0x57, 0xE7, 0x00, 0x0F, 0x57, 0xE7, 0x00,
    0x17, 0x57, 0xE7, 0x00, 0x1F, 0x57, 0xE7, 0x00, 0x27, 0x57, 0xE7, 0x00,
    0x2F, 0x57, 0xE7, 0x00, 0x37, 0x57, 0xE7, 0x00, 0x3F, 0x57, 0xE7, 0x00,
    0x47, 0x57, 0xE7, 0x00, 0x4F, 0x57, 0xE7, 0x00, 0x57, 0x57, 0xE7, 0x00,
    0x5F, 0x57, 0xE7, 0x00, 0x67, 0x57, 0xE7, 0x02, 0x6F, 0x57, 0xE7, 0x05,
    0x77, 0x57, 0xE7, 0x07, 0x7F, 0x57, 0xE7, 0x08, 0x87, 0x57, 0xE7, 0x07,
    0x8F, 0x57, 0xE7, 0x05, 0x97, 0x57, 0xE7, 0x02, 0x9F, 0x57, 0xE7, 0x00,
    0xA7, 0x57, 0xE7, 0x00, 0xAF, 0x57, 0xE7, 0x00, 0xB7, 0x57, 0xE7, 0x00,
    0xBF, 0x57, 0xE7, 0x00, 0xC7, 0x57, 0xE7, 0x00, 0xCF, 0x57, 0xE7, 0x00,
    0xD7, 0x57, 0xE7, 0x00, 0xDF, 0x57, 0xE7, 0x00, 0xE7, 0x57, 0xE7, 0x00,
    0xEF, 0x57, 0xE7, 0x00, 0xF7, 0x57, 0xE7, 0x00, 0x00, 0x5F, 0xE7, 0x00,
    0x07, 0x5F, 0xE7, 0x00, 0x0F, 0x5F, 0xE7, 0x00, 0x17, 0x5F, 0xE7, 0x00,
    0x1F, 0x5F, 0xE7, 0x00, 0x27, 0x5F, 0xE7, 0x00, 0x2F, 0x5F, 0xE7, 0x00,
    0x37, 0x5F, 0xE7, 0x00, 0x3F, 0x5F, 0xE7, 0x00, 0x47, 0x5F, 0xE7, 0x00,
    0x4F, 0x5F, 0xE7, 0x00, 0x57, 0x5F, 0xE7, 0x00, 0x5F, 0x5F, 0xE7, 0x03,
    0x67, 0x5F, 0xE7, 0x08, 0x6F, 0x5F, 0xE7, 0x0B, 0x77, 0x5F, 0xE7, 0x0D,
    0x7F, 0x5F, 0xE7, 0x0E, 0x87, 0x5F, 0xE7, 0x0D, 0x8F, 0x5F, 0xE7, 0x0B,
    0x97, 0x5F, 0xE7, 0x08, 0x9F, 0x5F, 0xE7, 0x03, 0xA7, 0x5F, 0xE7, 0x00,
    0xAF, 0x5F, 0xE7, 0x00, 0xB7, 0x5F, 0xE7, 0x00, 0xBF, 0x5F, 0xE7, 0x00,
    0xC7, 0x5F, 0xE7, 0x00, 0xCF, 0x5F, 0xE7, 0x00, 0xD7, 0x5F, 0xE7, 0x00,
    0xDF, 0x5F, 0xE7, 0x00, 0xE7, 0x5F, 0xE7, 0x00, 0xEF, 0x5F, 0xE7, 0x00,
    0xF7, 0x5F, 0xE7, 0x00, 0x00, 0x67, 0xE7, 0x00, 0x07, 0x67, 0xE7, 0x00,
    0x0F, 0x67, 0xE7, 0x00, 0x17, 0x67, 0xE7, 0x00, 0x1F, 0x67, 0xE7, 0x00,
    0x27, 0x67, 0xE7, 0x00, 0x2F, 0x67, 0xE7, 0x00, 0x37, 0x67, 0xE7, 0x00,
    0x3F, 0x67, 0xE7, 0x00, 0x47, 0x67, 0xE7, 0x00, 0x4F, 0x67, 0xE7, 0x00,
    0x57, 0x67, 0xE7, 0x02, 0x5F, 0x67, 0xE7, 0x08, 0x67, 0x67, 0xE7, 0x0C,
    0x6F, 0x67, 0xE7, 0x10, 0x77, 0x67, 0xE7, 0x12, 0x7F, 0x67, 0xE7, 0x12,
    0x87, 0x67, 0xE7, 0x12, 0x8F, 0x67, 0xE7, 0x10, 0x97, 0x67, 0xE7, 0x0C,
    0x9F, 0x67, 0xE7, 0x08, 0xA7, 0x67, 0xE7, 0x02, 0xAF, 0x67, 0xE7, 0x00,
    0xB7, 0x67, 0xE7, 0x00, 0xBF, 0x67, 0xE7, 0x00, 0xC7, 0x67, 0xE7, 0x00,
    0xCF, 0x67, 0xE7, 0x00, 0xD7, 0x67, 0xE7, 0x00, 0xDF, 0x67, 0xE7, 0x00,
    0xE7, 0x67, 0xE7, 0x00, 0xEF, 0x67, 0xE7, 0x00, 0xF7, 0x67, 0xE7, 0x00,
    0x00, 0x6F, 0xE7, 0x00, 0x07, 0x6F, 0xE7, 0x00, 0x0F, 0x6F, 0xE7, 0x00,
    0x17, 0x6F, 0xE7, 0x00, 0x1F, 0x6F, 0xE7, 0x00, 0x27, 0x6F, 0xE7, 0x00,
    0x2F, 0x6F, 0xE7, 0x00, 0x37, 0x6F, 0xE7, 0x00, 0x3F, 0x6F, 0xE7, 0x00,
    0x47, 0x6F, 0xE7, 0x00, 0x4F, 0x6F, 0xE7, 0x00, 0x57, 0x6F, 0xE7, 0x05,
    0x5F, 0x6F, 0xE7, 0x0B, 0x67, 0x6F, 0xE7, 0x10, 0x6F, 0x6F, 0xE7, 0x13,
    0x77, 0x6F, 0xE7, 0x15, 0x7F, 0x6F, 0xE7, 0x16, 0x87, 0x6F, 0xE7, 0x15,
    0x8F, 0x6F, 0xE7, 0x13, 0x97, 0x6F, 0xE7, 0x10, 0x9F, 0x6F, 0xE7, 0x0B,
    0xA7, 0x6F, 0xE7, 0x05, 0xAF, 0x6F, 0xE7, 0x00, 0xB7, 0x6F, 0xE7, 0x00,
    0xBF, 0x6F, 0xE7, 0x00, 0xC7, 0x6F, 0xE7, 0x00, 0xCF, 0x6F, 0xE7, 0x00,
    0xD7, 0x6F, 0xE7, 0x00, 0xDF, 0x6F, 0xE7, 0x00, 0xE7, 0x6F, 0xE7, 0x00,
    0xEF, 0x6F, 0xE7, 0x00, 0xF7, 0x6F, 0xE7, 0x00, 0x00, 0x77, 0xE7, 0x00,
    0x07, 0x77, 0xE7, 0x00, 0x0F, 0x77, 0xE7, 0x00, 0x17, 0x77, 0xE7, 0x00,
    0x1F, 0x77, 0xE7, 0x00, 0x27, 0x77, 0xE7, 0x00, 0x2F, 0x77, 0xE7, 0x00,
    0x37, 0x77, 0xE7, 0x00, 0x3F, 0x77, 0xE7, 0x00, 0x47, 0x77, 0xE7, 0x00,
    0x4F, 0x77, 0xE7, 0x00, 0x57, 0x77, 0xE7, 0x07, 0x5F, 0x77, 0xE7, 0x0D,
    0x67, 0x77, 0xE7, 0x12, 0x6F, 0x77, 0xE7, 0x15, 0x77, 0x77, 0xE7, 0x17,
    0x7F, 0x77, 0xE7, 0x18, 0x87, 0x77, 0xE7, 0x17, 0x8F, 0x77, 0xE7, 0x15,
    0x97, 0x77, 0xE7, 0x12, 0x9F, 0x77, 0xE7, 0x0D, 0xA7, 0x77, 0xE7, 0x07,
    0xAF, 0x77, 0xE7, 0x00, 0xB7, 0x77, 0xE7, 0x00, 0xBF, 0x77, 0xE7, 0x00,
    0xC7, 0x77, 0xE7, 0x00, 0xCF, 0x77, 0xE7, 0x00, 0xD7, 0x77, 0xE7, 0x00,
    0xDF, 0x77, 0xE7, 0x00, 0xE7, 0x77, 0xE7, 0x00, 0xEF, 0x77, 0xE7, 0x00,
    0xF7, 0x77, 0xE7, 0x00, 0x00, 0x7F, 0xE7, 0x00, 0x07, 0x7F, 0xE7, 0x00,
    0x0F, 0x7F, 0xE7, 0x00, 0x17, 0x7F, 0xE7, 0x00, 0x1F, 0x7F, 0xE7, 0x00,
    0x27, 0x7F, 0xE7, 0x00, 0x2F, 0x7F, 0xE7, 0x00, 0x37, 0x7F, 0xE7, 0x00,
    0x3F, 0x7F, 0xE7, 0x00, 0x47, 0x7F, 0xE7, 0x00, 0x4F, 0x7F, 0xE7, 0x01,
    0x57, 0x7F, 0xE7, 0x08, 0x5F, 0x7F, 0xE7, 0x0E, 0x67, 0x7F, 0xE7, 0x12,
    0x6F, 0x7F, 0xE7, 0x16, 0x77, 0x7F, 0xE7, 0x18, 0x7F, 0x7F, 0xE7, 0x18,
    0x87, 0x7F, 0xE7, 0x18, 0x8F, 0x7F, 0xE7, 0x16, 0x97, 0x7F, 0xE7, 0x12,
    0x9F, 0x7F, 0xE7, 0x0E, 0xA7, 0x7F, 0xE7, 0x08, 0xAF, 0x7F, 0xE7, 0x01,
    0xB7, 0x7F, 0xE7, 0x00, 0xBF, 0x7F, 0xE7, 0x00, 0xC7, 0x7F, 0xE7, 0x00,
    0xCF, 0x7F, 0xE7, 0x00, 0xD7, 0x7F, 0xE7, 0x00, 0xDF, 0x7F, 0xE7, 0x00,
    0xE7, 0x7F, 0xE7, 0x00, 0xEF, 0x7F, 0xE7, 0x00, 0xF7, 0x7F, 0xE7, 0x00,
    0x00, 0x87, 0xE7, 0x00, 0x07, 0x87, 0xE7, 0x00, 0x0F, 0x87, 0xE7, 0x00,
    0x17, 0x87, 0xE7, 0x00, 0x1F, 0x87, 0xE7, 0x00, 0x27, 0x87, 0xE7, 0x00,
    0x2F, 0x87, 0xE7, 0x00, 0x37, 0x87, 0xE7, 0x00, 0x3F, 0x87, 0xE7, 0x00,
    0x47, 0x87, 0xE7, 0x00, 0x4F, 0x87, 0xE7, 0x00, 0x57, 0x87, 0xE7, 0x07,
    0x5F, 0x87, 0xE7, 0x0D, 0x67, 0x87, 0xE7, 0x12, 0x6F, 0x87, 0xE7, 0x15,
    0x77, 0x87, 0xE7, 0x17, 0x7F, 0x87, 0xE7, 0x18, 0x87, 0x87, 0xE7, 0x17,
    0x8F, 0x87, 0xE7, 0x15, 0x97, 0x87, 0xE7, 0x12, 0x9F, 0x87, 0xE7, 0x0D,
    0xA7, 0x87, 0xE7, 0x07, 0xAF, 0x87, 0xE7, 0x00, 0xB7, 0x87, 0xE7, 0x00,
    0xBF, 0x87, 0xE7, 0x00, 0xC7, 0x87, 0xE7, 0x00, 0xCF, 0x87, 0xE7, 0x00,
    0xD7, 0x87, 0xE7, 0x00, 0xDF, 0x87, 0xE7, 0x00, 0xE7, 0x87, 0xE7, 0x00,
    0xEF, 0x87, 0xE7, 0x00, 0xF7, 0x87, 0xE7, 0x00, 0x00, 0x8F, 0xE7, 0x00,
    0x07, 0x8F, 0xE7, 0x00, 0x0F, 0x8F, 0xE7, 0x00, 0x17, 0x8F, 0xE7, 0x00,
    0x1F, 0x8F, 0xE7, 0x00, 0x27, 0x8F, 0xE7, 0x00, 0x2F, 0x8F, 0xE7, 0x00,
    0x37, 0x8F, 0xE7, 0x00, 0x3F, 0x8F, 0xE7, 0x00, 0x47, 0x8F, 0xE7, 0x00,
    0x4F, 0x8F, 0xE7, 0x00, 0x57, 0x8F, 0xE7, 0x05, 0x5F, 0x8F, 0xE7, 0x0B,
    0x67, 0x8F, 0xE7, 0x10, 0x6F, 0x8F, 0xE7, 0x13, 0x77, 0x8F, 0xE7, 0x15,
    0x7F, 0x8F, 0xE7, 0x16, 0x87, 0x8F, 0xE7, 0x15, 0x8F, 0x8F, 0xE7, 0x13,
    0x97, 0x8F, 0xE7, 0x10, 0x9F, 0x8F, 0xE7, 0x0B, 0xA7, 0x8F, 0xE7, 0x05,
    0xAF, 0x8F, 0xE7, 0x00, 0xB7, 0x8F, 0xE7, 0x00, 0xBF, 0x8F, 0xE7, 0x00,
    0xC7, 0x8F, 0xE7, 0x00, 0xCF, 0x8F, 0xE7, 0x00, 0xD7, 0x8F, 0xE7, 0x00,
    0xDF, 0x8F, 0xE7, 0x00, 0xE7, 0x8F, 0xE7, 0x00, 0xEF, 0x8F, 0xE7, 0x00,
    0xF7, 0x8F, 0xE7, 0x00, 0x00, 0x97, 0xE7, 0x00, 0x07, 0x97, 0xE7, 0x00,
    0x0F, 0x97, 0xE7, 0x00, 0x17, 0x97, 0xE7, 0x00, 0x1F, 0x97, 0xE7, 0x00,
    0x27, 0x97, 0xE7, 0x00, 0x2F, 0x97, 0xE7, 0x00, 0x37, 0x97, 0xE7, 0x00,
    0x3F, 0x97, 0xE7, 0x00, 0x47, 0x97, 0xE7, 0x00, 0x4F, 0x97, 0xE7, 0x00,
    0x57, 0x97, 0xE7, 0x02, 0x5F, 0x97, 0xE7, 0x08, 0x67, 0x97, 0xE7, 0x0C,
    0x6F, 0x97, 0xE7, 0x10, 0x77, 0x97, 0xE7, 0x12, 0x7F, 0x97, 0xE7, 0x12,
    0x87, 0x97, 0xE7, 0x12, 0x8F, 0x97, 0xE7, 0x10, 0x97, 0x97, 0xE7, 0x0C,
    0x9F, 0x97, 0xE7, 0x08, 0xA7, 0x97, 0xE7, 0x02, 0xAF, 0x97, 0xE7, 0x00,
    0xB7, 0x97, 0xE7, 0x00, 0xBF, 0x97, 0xE7, 0x00, 0xC7, 0x97, 0xE7, 0x00,
    0xCF, 0x97, 0xE7, 0x00, 0xD7, 0x97, 0xE7, 0x00, 0xDF, 0x97, 0xE7, 0x00,
    0xE7, 0x97, 0xE7, 0x00, 0xEF, 0x97, 0xE7, 0x00, 0xF7, 0x97, 0xE7, 0x00,
    0x00, 0x9F, 0xE7, 0x00, 0x07, 0x9F, 0xE7, 0x00, 0x0F, 0x9F, 0xE7, 0x00,
    0x17, 0x9F, 0xE7, 0x00, 0x1F, 0x9F, 0xE7, 0x00, 0x27, 0x9F, 0xE7, 0x00,
    0x2F, 0x9F, 0xE7, 0x00, 0x37, 0x9F, 0xE7, 0x00, 0x3F, 0x9F, 0xE7, 0x00,
    0x47, 0x9F, 0xE7, 0x00, 0x4F, 0x9F, 0xE7, 0x00, 0x57, 0x9F, 0xE7, 0x00,
    0x5F, 0x9F, 0xE7, 0x03, 0x67, 0x9F, 0xE7, 0x08, 0x6F, 0x9F, 0xE7, 0x0B,
    0x77, 0x9F, 0xE7, 0x0D, 0x7F, 0x9F, 0xE7, 0x0E, 0x87, 0x9F, 0xE7, 0x0D,
    0x8F, 0x9F, 0xE7, 0x0B, 0x97, 0x9F, 0xE7, 0x08, 0x9F, 0x9F, 0xE7, 0x03,
    0xA7, 0x9F, 0xE7, 0x00, 0xAF, 0x9F, 0xE7, 0x00, 0xB7, 0x9F, 0xE7, 0x00,
    0xBF, 0x9F, 0xE7, 0x00, 0xC7, 0x9F, 0xE7, 0x00, 0xCF, 0x9F, 0xE7, 0x00,
    0xD7, 0x9F, 0xE7, 0x00, 0xDF, 0x9F, 0xE7, 0x00, 0xE7, 0x9F, 0xE7, 0x00,
    0xEF, 0x9F, 0xE7, 0x00, 0xF7, 0x9F, 0xE7, 0x00, 0x00, 0xA7, 0xE7, 0x00,
    0x07, 0xA7, 0xE7, 0x00, 0x0F, 0xA7, 0xE7, 0x00, 0x17, 0xA7, 0xE7, 0x00,
    0x1F, 0xA7, 0xE7, 0x00, 0x27, 0xA7, 0xE7, 0x00, 0x2F, 0xA7, 0xE7, 0x00,
    0x37, 0xA7, 0xE7, 0x00, 0x3F, 0xA7, 0xE7, 0x00, 0x47, 0xA7, 0xE7, 0x00,
    0x4F, 0xA7, 0xE7, 0x00, 0x57, 0xA7, 0xE7, 0x00, 0x5F, 0xA7, 0xE7, 0x00,
    0x67, 0xA7, 0xE7, 0x02, 0x6F, 0xA7, 0xE7, 0x05, 0x77, 0xA7, 0xE7, 0x07,
    0x7F, 0xA7, 0xE7, 0x08, 0x87, 0xA7, 0xE7, 0x07, 0x8F, 0xA7, 0xE7, 0x05,
    0x97, 0xA7, 0xE7, 0x02, 0x9F, 0xA7, 0xE7, 0x00, 0xA7, 0xA7, 0xE7, 0x00,
    0xAF, 0xA7, 0xE7, 0x00, 0xB7, 0xA7, 0xE7, 0x00, 0xBF, 0xA7, 0xE7, 0x00,
    0xC7, 0xA7, 0xE7, 0x00, 0xCF, 0xA7, 0xE7, 0x00, 0xD7, 0xA7, 0xE7, 0x00,
    0xDF, 0xA7, 0xE7, 0x00, 0xE7, 0xA7, 0xE7, 0x00, 0xEF, 0xA7, 0xE7, 0x00,
    0xF7, 0xA7, 0xE7, 0x00, 0x00, 0xAF, 0xE7, 0x00, 0x07, 0xAF, 0xE7, 0x00,
    0x0F, 0xAF, 0xE7, 0x00, 0x17, 0xAF, 0xE7, 0x00, 0x1F, 0xAF, 0xE7, 0x00,
    0x27, 0xAF, 0xE7, 0x00, 0x2F, 0xAF, 0xE7, 0x00, 0x37, 0xAF, 0xE7, 0x00,
    0x3F, 0xAF, 0xE7, 0x00, 0x47, 0xAF, 0xE7, 0x00, 0x4F, 0xAF, 0xE7, 0x00,
    0x57, 0xAF, 0xE7, 0x00, 0x5F, 0xAF, 0xE7, 0x00, 0x67, 0xAF, 0xE7, 0x00,
    0x6F, 0xAF, 0xE7, 0x00, 0x77, 0xAF, 0xE7, 0x00, 0x7F, 0xAF, 0xE7, 0x01,
    0x87, 0xAF, 0xE7, 0x00, 0x8F, 0xAF, 0xE7, 0x00, 0x97, 0xAF, 0xE7, 0x00,
    0x9F, 0xAF, 0xE7, 0x00, 0xA7, 0xAF, 0xE7, 0x00, 0xAF, 0xAF, 0xE7, 0x00,
    0xB7, 0xAF, 0xE7, 0x00, 0xBF, 0xAF, 0xE7, 0x00, 0xC7, 0xAF, 0xE7, 0x00,
    0xCF, 0xAF, 0xE7, 0x00, 0xD7, 0xAF, 0xE7, 0x00, 0xDF, 0xAF, 0xE7, 0x00,
    0xE7, 0xAF, 0xE7, 0x00, 0xEF, 0xAF, 0xE7, 0x00, 0xF7, 0xAF, 0xE7, 0x00,
    0x00, 0xB7, 0xE7, 0x00, 0x07, 0xB7, 0xE7, 0x00, 0x0F, 0xB7, 0xE7, 0x00,
    0x17, 0xB7, 0xE7, 0x00, 0x1F, 0xB7, 0xE7, 0x00, 0x27, 0xB7, 0xE7, 0x00,
    0x2F, 0xB7, 0xE7, 0x00, 0x37, 0xB7, 0xE7, 0x00, 0x3F, 0xB7, 0xE7, 0x00,
    0x47, 0xB7, 0xE7, 0x00, 0x4F, 0xB7, 0xE7, 0x00, 0x57, 0xB7, 0xE7, 0x00,
    0x5F, 0xB7, 0xE7, 0x00, 0x67, 0xB7, 0xE7, 0x00, 0x6F, 0xB7, 0xE7, 0x00,
    0x77, 0xB7, 0xE7, 0x00, 0x7F, 0xB7, 0xE7, 0x00, 0x87, 0xB7, 0xE7, 0x00,
    0x8F, 0xB7, 0xE7, 0x00, 0x97, 0xB7, 0xE7, 0x00, 0x9F, 0xB7, 0xE7, 0x00,
    0xA7, 0xB7, 0xE7, 0x00, 0xAF, 0xB7, 0xE7, 0x00, 0xB7, 0xB7, 0xE7, 0x00,
    0xBF, 0xB7, 0xE7, 0x00, 0xC7, 0xB7, 0xE7, 0x00, 0xCF, 0xB7, 0xE7, 0x00,
    0xD7, 0xB7, 0xE7, 0x00, 0xDF, 0xB7, 0xE7, 0x00, 0xE7, 0xB7, 0xE7, 0x00,
    0xEF, 0xB7, 0xE7, 0x00, 0xF7, 0xB7, 0xE7, 0x00, 0x00, 0xBF, 0xE7, 0x00,
    0x07, 0xBF, 0xE7, 0x00, 0x0F, 0xBF, 0xE7, 0x00, 0x17, 0xBF, 0xE7, 0x00,
    0x1F, 0xBF, 0xE7, 0x00, 0x27, 0xBF, 0xE7, 0x00, 0x2F, 0xBF, 0xE7, 0x00,
    0x37, 0xBF, 0xE7, 0x00, 0x3F, 0xBF, 0xE7, 0x00, 0x47, 0xBF, 0xE7, 0x00,
    0x4F, 0xBF, 0xE7, 0x00, 0x57, 0xBF, 0xE7, 0x00, 0x5F, 0xBF, 0xE7, 0x00,
    0x67, 0xBF, 0xE7, 0x00, 0x6F, 0xBF, 0xE7, 0x00, 0x77, 0xBF, 0xE7, 0x00,
    0x7F, 0xBF, 0xE7, 0x00, 0x87, 0xBF, 0xE7, 0x00, 0x8F, 0xBF, 0xE7, 0x00,
    0x97, 0xBF, 0xE7, 0x00, 0x9F, 0xBF, 0xE7, 0x00, 0xA7, 0xBF, 0xE7, 0x00,
    0xAF, 0xBF, 0xE7, 0x00, 0xB7, 0xBF, 0xE7, 0x00, 0xBF, 0xBF, 0xE7, 0x00,
    0xC7, 0xBF, 0xE7, 0x00, 0xCF, 0xBF, 0xE7, 0x00, 0xD7, 0xBF, 0xE7, 0x00,
    0xDF, 0xBF, 0xE7, 0x00, 0xE7, 0xBF, 0xE7, 0x00, 0xEF, 0xBF, 0xE7, 0x00,
    0xF7, 0xBF, 0xE7, 0x00, 0x00, 0xC7, 0xE7, 0x00, 0x07, 0xC7, 0xE7, 0x00,
    0x0F, 0xC7, 0xE7, 0x00, 0x17, 0xC7, 0xE7, 0x00, 0x1F, 0xC7, 0xE7, 0x00,
    0x27, 0xC7, 0xE7, 0x00, 0x2F, 0xC7, 0xE7, 0x00, 0x37, 0xC7, 0xE7, 0x00,
    0x3F, 0xC7, 0xE7, 0x00, 0x47, 0xC7, 0xE7, 0x00, 0x4F, 0xC7, 0xE7, 0x00,
    0x57, 0xC7, 0xE7, 0x00, 0x5F, 0xC7, 0xE7, 0x00, 0x67, 0xC7, 0xE7, 0x00,
    0x6F, 0xC7, 0xE7, 0x00, 0x77, 0xC7, 0xE7, 0x00, 0x7F, 0xC7, 0xE7, 0x00,
    0x87, 0xC7, 0xE7, 0x00, 0x8F, 0xC7, 0xE7, 0x00, 0x97, 0xC7, 0xE7, 0x00,
    0x9F, 0xC7, 0xE7, 0x00, 0xA7, 0xC7, 0xE7, 0x00, 0xAF, 0xC7, 0xE7, 0x00,
    0xB7, 0xC7, 0xE7, 0x00, 0xBF, 0xC7, 0xE7, 0x00, 0xC7, 0xC7, 0xE7, 0x00,
    0xCF, 0xC7, 0xE7, 0x00, 0xD7, 0xC7, 0xE7, 0x00, 0xDF, 0xC7, 0xE7, 0x00,
    0xE7, 0xC7, 0xE7, 0x00, 0xEF, 0xC7, 0xE7, 0x00, 0xF7, 0xC7, 0xE7, 0x00,
    0x00, 0xCF, 0xE7, 0x00, 0x07, 0xCF, 0xE7, 0x00, 0x0F, 0xCF, 0xE7, 0x00,
    0x17, 0xCF, 0xE7, 0x00, 0x1F, 0xCF, 0xE7, 0x00, 0x27, 0xCF, 0xE7, 0x00,
    0x2F, 0xCF, 0xE7, 0x00, 0x37, 0xCF, 0xE7, 0x00, 0x3F, 0xCF, 0xE7, 0x00,
    0x47, 0xCF, 0xE7, 0x00, 0x4F, 0xCF, 0xE7, 0x00, 0x57, 0xCF, 0xE7, 0x00,
    0x5F, 0xCF, 0xE7, 0x00, 0x67, 0xCF, 0xE7, 0x00, 0x6F, 0xCF, 0xE7, 0x00,
    0x77, 0xCF, 0xE7, 0x00, 0x7F, 0xCF, 0xE7, 0x00, 0x87, 0xCF, 0xE7, 0x00,
    0x8F, 0xCF, 0xE7, 0x00, 0x97, 0xCF, 0xE7, 0x00, 0x9F, 0xCF, 0xE7, 0x00,
    0xA7, 0xCF, 0xE7, 0x00, 0xAF, 0xCF, 0xE7, 0x00, 0xB7, 0xCF, 0xE7, 0x00,
    0xBF, 0xCF, 0xE7, 0x00, 0xC7, 0xCF, 0xE7, 0x00, 0xCF, 0xCF, 0xE7, 0x00,
    0xD7, 0xCF, 0xE7, 0x00, 0xDF, 0xCF, 0xE7, 0x00, 0xE7, 0xCF, 0xE7, 0x00,
    0xEF, 0xCF, 0xE7, 0x00, 0xF7, 0xCF, 0xE7, 0x00, 0x00, 0xD7, 0xE7, 0x00,
    0x07, 0xD7, 0xE7, 0x00, 0x0F, 0xD7, 0xE7, 0x00, 0x17, 0xD7, 0xE7, 0x00,
    0x1F, 0xD7, 0xE7, 0x00, 0x27, 0xD7, 0xE7, 0x00, 0x2F, 0xD7, 0xE7, 0x00,
    0x37, 0xD7, 0xE7, 0x00, 0x3F, 0xD7, 0xE7, 0x00, 0x47, 0xD7, 0xE7, 0x00,
    0x4F, 0xD7, 0xE7, 0x00, 0x57, 0xD7, 0xE7, 0x00, 0x5F, 0xD7, 0xE7, 0x00,
    0x67, 0xD7, 0xE7, 0x00, 0x6F, 0xD7, 0xE7, 0x00, 0x77, 0xD7, 0xE7, 0x00,
    0x7F, 0xD7, 0xE7, 0x00, 0x87, 0xD7, 0xE7, 0x00, 0x8F, 0xD7, 0xE7, 0x00,
    0x97, 0xD7, 0xE7, 0x00, 0x9F, 0xD7, 0xE7, 0x00, 0xA7, 0xD7, 0xE7, 0x00,
    0xAF, 0xD7, 0xE7, 0x00, 0xB7, 0xD7, 0xE7, 0x00, 0xBF, 0xD7, 0xE7, 0x00,
    0xC7, 0xD7, 0xE7, 0x00, 0xCF, 0xD7, 0xE7, 0x00, 0xD7, 0xD7, 0xE7, 0x00,
    0xDF, 0xD7, 0xE7, 0x00, 0xE7, 0xD7, 0xE7, 0x00, 0xEF, 0xD7, 0xE7, 0x00,
    0xF7, 0xD7, 0xE7, 0x00, 0x00, 0xDF, 0xE7, 0x00, 0x07, 0xDF, 0xE7, 0x00,
    0x0F, 0xDF, 0xE7, 0x00, 0x17, 0xDF, 0xE7, 0x00, 0x1F, 0xDF, 0xE7, 0x00,
    0x27, 0xDF, 0xE7, 0x00, 0x2F, 0xDF, 0xE7, 0x00, 0x37, 0xDF, 0xE7, 0x00,
    0x3F, 0xDF, 0xE7, 0x00, 0x47, 0xDF, 0xE7, 0x00, 0x4F, 0xDF, 0xE7, 0x00,
    0x57, 0xDF, 0xE7, 0x00, 0x5F, 0xDF, 0xE7, 0x00, 0x67, 0xDF, 0xE7, 0x00,
    0x6F, 0xDF, 0xE7, 0x00, 0x77, 0xDF, 0xE7, 0x00, 0x7F, 0xDF, 0xE7, 0x00,
    0x87, 0xDF, 0xE7, 0x00, 0x8F, 0xDF, 0xE7, 0x00, 0x97, 0xDF, 0xE7, 0x00,
    0x9F, 0xDF, 0xE7, 0x00, 0xA7, 0xDF, 0xE7, 0x00, 0xAF, 0xDF, 0xE7, 0x00,
    0xB7, 0xDF, 0xE7, 0x00, 0xBF, 0xDF, 0xE7, 0x00, 0xC7, 0xDF, 0xE7, 0x00,
    0xCF, 0xDF, 0xE7, 0x00, 0xD7, 0xDF, 0xE7, 0x00, 0xDF, 0xDF, 0xE7, 0x00,
    0xE7, 0xDF, 0xE7, 0x00, 0xEF, 0xDF, 0xE7, 0x00, 0xF7, 0xDF, 0xE7, 0x00,
    0x00, 0xE7, 0xE7, 0x00, 0x07, 0xE7, 0xE7, 0x00, 0x0F, 0xE7, 0xE7, 0x00,
    0x17, 0xE7, 0xE7, 0x00, 0x1F, 0xE7, 0xE7, 0x00, 0x27, 0xE7, 0xE7, 0x00,
    0x2F, 0xE7, 0xE7, 0x00, 0x37, 0xE7, 0xE7, 0x00, 0x3F, 0xE7, 0xE7, 0x00,
    0x47, 0xE7, 0xE7, 0x00, 0x4F, 0xE7, 0xE7, 0x00, 0x57, 0xE7, 0xE7, 0x00,
    0x5F, 0xE7, 0xE7, 0x00, 0x67, 0xE7, 0xE7, 0x00, 0x6F, 0xE7, 0xE7, 0x00,
    0x77, 0xE7, 0xE7, 0x00, 0x7F, 0xE7, 0xE7, 0x00, 0x87, 0xE7, 0xE7, 0x00,
    0x8F, 0xE7, 0xE7, 0x00, 0x97, 0xE7, 0xE7, 0x00, 0x9F, 0xE7, 0xE7, 0x00,
    0xA7, 0xE7, 0xE7, 0x00, 0xAF, 0xE7, 0xE7, 0x00, 0xB7, 0xE7, 0xE7, 0x00,
    0xBF, 0xE7, 0xE7, 0x00, 0xC7, 0xE7, 0xE7, 0x00, 0xCF, 0xE7, 0xE7, 0x00,
    0xD7, 0xE7, 0xE7, 0x00, 0xDF, 0xE7, 0xE7, 0x00, 0xE7, 0xE7, 0xE7, 0x00,
    0xEF, 0xE7, 0xE7, 0x00, 0xF7, 0xE7, 0xE7, 0x00, 0x00, 0xEF, 0xE7, 0x00,
    0x07, 0xEF, 0xE7, 0x00, 0x0F, 0xEF, 0xE7, 0x00, 0x17, 0xEF, 0xE7, 0x00,
    0x1F, 0xEF, 0xE7, 0x00, 0x27, 0xEF, 0xE7, 0x00, 0x2F, 0xEF, 0xE7, 0x00,
    0x37, 0xEF, 0xE7, 0x00, 0x3F, 0xEF, 0xE7, 0x00, 0x47, 0xEF, 0xE7, 0x00,
    0x4F, 0xEF, 0xE7, 0x00, 0x57, 0xEF, 0xE7, 0x00, 0x5F, 0xEF, 0xE7, 0x00,
    0x67, 0xEF, 0xE7, 0x00, 0x6F, 0xEF, 0xE7, 0x00, 0x77, 0xEF, 0xE7, 0x00,
    0x7F, 0xEF, 0xE7, 0x00, 0x87, 0xEF, 0xE7, 0x00, 0x8F, 0xEF, 0xE7, 0x00,
    0x97, 0xEF, 0xE7, 0x00, 0x9F, 0xEF, 0xE7, 0x00, 0xA7, 0xEF, 0xE7, 0x00,
    0xAF, 0xEF, 0xE7, 0x00, 0xB7, 0xEF, 0xE7, 0x00, 0xBF, 0xEF, 0xE7, 0x00,
    0xC7, 0xEF, 0xE7, 0x00, 0xCF, 0xEF, 0xE7, 0x00, 0xD7, 0xEF, 0xE7, 0x00,
    0xDF, 0xEF, 0xE7, 0x00, 0xE7, 0xEF, 0xE7, 0x00, 0xEF, 0xEF, 0xE7, 0x00,
    0xF7, 0xEF, 0xE7, 0x00, 0x00, 0xF7, 0xE7, 0x00, 0x07, 0xF7, 0xE7, 0x00,
    0x0F, 0xF7, 0xE7, 0x00, 0x17, 0xF7, 0xE7, 0x00, 0x1F, 0xF7, 0xE7, 0x00,
    0x27, 0xF7, 0xE7, 0x00, 0x2F, 0xF7, 0xE7, 0x00, 0x37, 0xF7, 0xE7, 0x00,
    0x3F, 0xF7, 0xE7, 0x00, 0x47, 0xF7, 0xE7, 0x00, 0x4F, 0xF7, 0xE7, 0x00,
    0x57, 0xF7, 0xE7, 0x00, 0x5F, 0xF7, 0xE7, 0x00, 0x67, 0xF7, 0xE7, 0x00,
    0x6F, 0xF7, 0xE7, 0x00, 0x77, 0xF7, 0xE7, 0x00, 0x7F, 0xF7, 0xE7, 0x00,
    0x87, 0xF7, 0xE7, 0x00, 0x8F, 0xF7, 0xE7, 0x00, 0x97, 0xF7, 0xE7, 0x00,
    0x9F, 0xF7, 0xE7, 0x00, 0xA7, 0xF7, 0xE7, 0x00, 0xAF, 0xF7, 0xE7, 0x00,
    0xB7, 0xF7, 0xE7, 0x00, 0xBF, 0xF7, 0xE7, 0x00, 0xC7, 0xF7, 0xE7, 0x00,
    0xCF, 0xF7, 0xE7, 0x00, 0xD7, 0xF7, 0xE7, 0x00, 0xDF, 0xF7, 0xE7, 0x00,
    0xE7, 0xF7, 0xE7, 0x00, 0xEF, 0xF7, 0xE7, 0x00, 0xF7, 0xF7, 0xE7, 0x00,
    0x00, 0x00, 0xEF, 0x00, 0x07, 0x00, 0xEF, 0x00, 0x0F, 0x00, 0xEF, 0x00,
    0x17, 0x00, 0xEF, 0x00, 0x1F, 0x00, 0xEF, 0x00, 0x27, 0x00, 0xEF, 0x00,
    0x2F, 0x00, 0xEF, 0x00, 0x37, 0x00, 0xEF, 0x00, 0x3F, 0x00, 0xEF, 0x00,
    0x47, 0x00, 0xEF, 0x00, 0x4F, 0x00, 0xEF, 0x00, 0x57, 0x00, 0xEF, 0x00,
    0x5F, 0x00, 0xEF, 0x00, 0x67, 0x00, 0xEF, 0x00, 0x6F, 0x00, 0xEF, 0x00,
    0x77, 0x00, 0xEF, 0x00, 0x7F, 0x00, 0xEF, 0x00, 0x87, 0x00, 0xEF, 0x00,
    0x8F, 0x00, 0xEF, 0x00, 0x97, 0x00, 0xEF, 0x00, 0x9F, 0x00, 0xEF, 0x00,
    0xA7, 0x00, 0xEF, 0x00, 0xAF, 0x00, 0xEF, 0x00, 0xB7, 0x00, 0xEF, 0x00,
    0xBF, 0x00, 0xEF, 0x00, 0xC7, 0x00, 0xEF, 0x00, 0xCF, 0x00, 0xEF, 0x00,
    0xD7, 0x00, 0xEF, 0x00, 0xDF, 0x00, 0xEF, 0x00, 0xE7, 0x00, 0xEF, 0x00,
    0xEF, 0x00, 0xEF, 0x00, 0xF7, 0x00, 0xEF, 0x00, 0x00, 0x07, 0xEF, 0x00,
    0x07, 0x07, 0xEF, 0x00, 0x0F, 0x07, 0xEF, 0x00, 0x17, 0x07, 0xEF, 0x00,
    0x1F, 0x07, 0xEF, 0x00, 0x27, 0x07, 0xEF, 0x00, 0x2F, 0x07, 0xEF, 0x00,
    0x37, 0x07, 0xEF, 0x00, 0x3F, 0x07, 0xEF, 0x00, 0x47, 0x07, 0xEF, 0x00,
    0x4F, 0x07, 0xEF, 0x00, 0x57, 0x07, 0xEF, 0x00, 0x5F, 0x07, 0xEF, 0x00,
    0x67, 0x07, 0xEF, 0x00, 0x6F, 0x07, 0xEF, 0x00, 0x77, 0x07, 0xEF, 0x00,
    0x7F, 0x07, 0xEF, 0x00, 0x87, 0x07, 0xEF, 0x00, 0x8F, 0x07, 0xEF, 0x00,
    0x97, 0x07, 0xEF, 0x00, 0x9F, 0x07, 0xEF, 0x00, 0xA7, 0x07, 0xEF, 0x00,
    0xAF, 0x07, 0xEF, 0x00, 0xB7, 0x07, 0xEF, 0x00, 0xBF, 0x07, 0xEF, 0x00,
    0xC7, 0x07, 0xEF, 0x00, 0xCF, 0x07, 0xEF, 0x00, 0xD7, 0x07, 0xEF, 0x00,
    0xDF, 0x07, 0xEF, 0x00, 0xE7, 0x07, 0xEF, 0x00, 0xEF, 0x07, 0xEF, 0x00,
    0xF7, 0x07, 0xEF, 0x00, 0x00, 0x0F, 0xEF, 0x00, 0x07, 0x0F, 0xEF, 0x00,
    0x0F, 0x0F, 0xEF, 0x00, 0x17, 0x0F, 0xEF, 0x00, 0x1F, 0x0F, 0xEF, 0x00,
    0x27, 0x0F, 0xEF, 0x00, 0x2F, 0x0F, 0xEF, 0x00, 0x37, 0x0F, 0xEF, 0x00,
    0x3F, 0x0F, 0xEF, 0x00, 0x47, 0x0F, 0xEF, 0x00, 0x4F, 0x0F, 0xEF, 0x00,
    0x57, 0x0F, 0xEF, 0x00, 0x5F, 0x0F, 0xEF, 0x00, 0x67, 0x0F, 0xEF, 0x00,
    0x6F, 0x0F, 0xEF, 0x00, 0x77, 0x0F, 0xEF, 0x00, 0x7F, 0x0F, 0xEF, 0x00,
    0x87, 0x0F, 0xEF, 0x00, 0x8F, 0x0F, 0xEF, 0x00, 0x97, 0x0F, 0xEF, 0x00,
    0x9F, 0x0F, 0xEF, 0x00, 0xA7, 0x0F, 0xEF, 0x00, 0xAF, 0x0F, 0xEF, 0x00,
    0xB7, 0x0F, 0xEF, 0x00, 0xBF, 0x0F, 0xEF, 0x00, 0xC7, 0x0F, 0xEF, 0x00,
    0xCF, 0x0F, 0xEF, 0x00, 0xD7, 0x0F, 0xEF, 0x00, 0xDF, 0x0F, 0xEF, 0x00,
    0xE7, 0x0F, 0xEF, 0x00, 0xEF, 0x0F, 0xEF, 0x00, 0xF7, 0x0F, 0xEF, 0x00,
    0x00, 0x17, 0xEF, 0x00, 0x07, 0x17, 0xEF, 0x00, 0x0F, 0x17, 0xEF, 0x00,
    0x17, 0x17, 0xEF, 0x00, 0x1F, 0x17, 0xEF, 0x00, 0x27, 0x17, 0xEF, 0x00,
    0x2F, 0x17, 0xEF, 0x00, 0x37, 0x17, 0xEF, 0x00, 0x3F, 0x17, 0xEF, 0x00,
    0x47, 0x17, 0xEF, 0x00, 0x4F, 0x17, 0xEF, 0x00, 0x57, 0x17, 0xEF, 0x00,
    0x5F, 0x17, 0xEF, 0x00, 0x67, 0x17, 0xEF, 0x00, 0x6F, 0x17, 0xEF, 0x00,
    0x77, 0x17, 0xEF, 0x00, 0x7F, 0x17, 0xEF, 0x00, 0x87, 0x17, 0xEF, 0x00,
    0x8F, 0x17, 0xEF, 0x00, 0x97, 0x17, 0xEF, 0x00, 0x9F, 0x17, 0xEF, 0x00,
    0xA7, 0x17, 0xEF, 0x00, 0xAF, 0x17, 0xEF, 0x00, 0xB7, 0x17, 0xEF, 0x00,
    0xBF, 0x17, 0xEF, 0x00, 0xC7, 0x17, 0xEF, 0x00, 0xCF, 0x17, 0xEF, 0x00,
    0xD7, 0x17, 0xEF, 0x00, 0xDF, 0x17, 0xEF, 0x00, 0xE7, 0x17, 0xEF, 0x00,
    0xEF, 0x17, 0xEF, 0x00, 0xF7, 0x17, 0xEF, 0x00, 0x00, 0x1F, 0xEF, 0x00,
    0x07, 0x1F, 0xEF, 0x00, 0x0F, 0x1F, 0xEF, 0x00, 0x17, 0x1F, 0xEF, 0x00,
    0x1F, 0x1F, 0xEF, 0x00, 0x27, 0x1F, 0xEF, 0x00, 0x2F, 0x1F, 0xEF, 0x00,
    0x37, 0x1F, 0xEF, 0x00, 0x3F, 0x1F, 0xEF, 0x00, 0x47, 0x1F, 0xEF, 0x00,
    0x4F, 0x1F, 0xEF, 0x00, 0x57, 0x1F, 0xEF, 0x00, 0x5F, 0x1F, 0xEF, 0x00,
    0x67, 0x1F, 0xEF, 0x00, 0x6F, 0x1F, 0xEF, 0x00, 0x77, 0x1F, 0xEF, 0x00,
    0x7F, 0x1F, 0xEF, 0x00, 0x87, 0x1F, 0xEF, 0x00, 0x8F, 0x1F, 0xEF, 0x00,
    0x97, 0x1F, 0xEF, 0x00, 0x9F, 0x1F, 0xEF, 0x00, 0xA7, 0x1F, 0xEF, 0x00,
    0xAF, 0x1F, 0xEF, 0x00, 0xB7, 0x1F, 0xEF, 0x00, 0xBF, 0x1F, 0xEF, 0x00,
    0xC7, 0x1F, 0xEF, 0x00, 0xCF, 0x1F, 0xEF, 0x00, 0xD7, 0x1F, 0xEF, 0x00,
    0xDF, 0x1F, 0xEF, 0x00, 0xE7, 0x1F, 0xEF, 0x00, 0xEF, 0x1F, 0xEF, 0x00,
    0xF7, 0x1F, 0xEF, 0x00, 0x00, 0x27, 0xEF, 0x00, 0x07, 0x27, 0xEF, 0x00,
    0x0F, 0x27, 0xEF, 0x00, 0x17, 0x27, 0xEF, 0x00, 0x1F, 0x27, 0xEF, 0x00,
    0x27, 0x27, 0xEF, 0x00, 0x2F, 0x27, 0xEF, 0x00, 0x37, 0x27, 0xEF, 0x00,
    0x3F, 0x27, 0xEF, 0x00, 0x47, 0x27, 0xEF, 0x00, 0x4F, 0x27, 0xEF, 0x00,
    0x57, 0x27, 0xEF, 0x00, 0x5F, 0x27, 0xEF, 0x00, 0x67, 0x27, 0xEF, 0x00,
    0x6F, 0x27, 0xEF, 0x00, 0x77, 0x27, 0xEF, 0x00, 0x7F, 0x27, 0xEF, 0x00,
    0x87, 0x27, 0xEF, 0x00, 0x8F, 0x27, 0xEF, 0x00, 0x97, 0x27, 0xEF, 0x00,
    0x9F, 0x27, 0xEF, 0x00, 0xA7, 0x27, 0xEF, 0x00, 0xAF, 0x27, 0xEF, 0x00,
    0xB7, 0x27, 0xEF, 0x00, 0xBF, 0x27, 0xEF, 0x00, 0xC7, 0x27, 0xEF, 0x00,
    0xCF, 0x27, 0xEF, 0x00, 0xD7, 0x27, 0xEF, 0x00, 0xDF, 0x27, 0xEF, 0x00,
    0xE7, 0x27, 0xEF, 0x00, 0xEF, 0x27, 0xEF, 0x00, 0xF7, 0x27, 0xEF, 0x00,
    0x00, 0x2F, 0xEF, 0x00, 0x07, 0x2F, 0xEF, 0x00, 0x0F, 0x2F, 0xEF, 0x00,
    0x17, 0x2F, 0xEF, 0x00, 0x1F, 0x2F, 0xEF, 0x00, 0x27, 0x2F, 0xEF, 0x00,
    0x2F, 0x2F, 0xEF, 0x00, 0x37, 0x2F, 0xEF, 0x00, 0x3F, 0x2F, 0xEF, 0x00,
    0x47, 0x2F, 0xEF, 0x00, 0x4F, 0x2F, 0xEF, 0x00, 0x57, 0x2F, 0xEF, 0x00,
    0x5F, 0x2F, 0xEF, 0x00, 0x67, 0x2F, 0xEF, 0x00, 0x6F, 0x2F, 0xEF, 0x00,
    0x77, 0x2F, 0xEF, 0x00, 0x7F, 0x2F, 0xEF, 0x00, 0x87, 0x2F, 0xEF, 0x00,
    0x8F, 0x2F, 0xEF, 0x00, 0x97, 0x2F, 0xEF, 0x00, 0x9F, 0x2F, 0xEF, 0x00,
    0xA7, 0x2F, 0xEF, 0x00, 0xAF, 0x2F, 0xEF, 0x00, 0xB7, 0x2F, 0xEF, 0x00,
    0xBF, 0x2F, 0xEF, 0x00, 0xC7, 0x2F, 0xEF, 0x00, 0xCF, 0x2F, 0xEF, 0x00,
    0xD7, 0x2F, 0xEF, 0x00, 0xDF, 0x2F, 0xEF, 0x00, 0xE7, 0x2F, 0xEF, 0x00,
    0xEF, 0x2F, 0xEF, 0x00, 0xF7, 0x2F, 0xEF, 0x00, 0x00, 0x37, 0xEF, 0x00,
    0x07, 0x37, 0xEF, 0x00, 0x0F, 0x37, 0xEF, 0x00, 0x17, 0x37, 0xEF, 0x00,
    0x1F, 0x37, 0xEF, 0x00, 0x27, 0x37, 0xEF, 0x00, 0x2F, 0x37, 0xEF, 0x00,
    0x37, 0x37, 0xEF, 0x00, 0x3F, 0x37, 0xEF, 0x00, 0x47, 0x37, 0xEF, 0x00,
    0x4F, 0x37, 0xEF, 0x00, 0x57, 0x37, 0xEF, 0x00, 0x5F, 0x37, 0xEF, 0x00,
    0x67, 0x37, 0xEF, 0x00, 0x6F, 0x37, 0xEF, 0x00, 0x77, 0x37, 0xEF, 0x00,
    0x7F, 0x37, 0xEF, 0x00, 0x87, 0x37, 0xEF, 0x00, 0x8F, 0x37, 0xEF, 0x00,
    0x97, 0x37, 0xEF, 0x00, 0x9F, 0x37, 0xEF, 0x00, 0xA7, 0x37, 0xEF, 0x00,
    0xAF, 0x37, 0xEF, 0x00, 0xB7, 0x37, 0xEF, 0x00, 0xBF, 0x37, 0xEF, 0x00,
    0xC7, 0x37, 0xEF, 0x00, 0xCF, 0x37, 0xEF, 0x00, 0xD7, 0x37, 0xEF, 0x00,
    0xDF, 0x37, 0xEF, 0x00, 0xE7, 0x37, 0xEF, 0x00, 0xEF, 0x37, 0xEF, 0x00,
    0xF7, 0x37, 0xEF, 0x00, 0x00, 0x3F, 0xEF, 0x00, 0x07, 0x3F, 0xEF, 0x00,
    0x0F, 0x3F, 0xEF, 0x00, 0x17, 0x3F, 0xEF, 0x00, 0x1F, 0x3F, 0xEF, 0x00,
    0x27, 0x3F, 0xEF, 0x00, 0x2F, 0x3F, 0xEF, 0x00, 0x37, 0x3F, 0xEF, 0x00,
    0x3F, 0x3F, 0xEF, 0x00, 0x47, 0x3F, 0xEF, 0x00, 0x4F, 0x3F, 0xEF, 0x00,
    0x57, 0x3F, 0xEF, 0x00, 0x5F, 0x3F, 0xEF, 0x00, 0x67, 0x3F, 0xEF, 0x00,
    0x6F, 0x3F, 0xEF, 0x00, 0x77, 0x3F, 0xEF, 0x00, 0x7F, 0x3F, 0xEF, 0x00,
    0x87, 0x3F, 0xEF, 0x00, 0x8F, 0x3F, 0xEF, 0x00, 0x97, 0x3F, 0xEF, 0x00,
    0x9F, 0x3F, 0xEF, 0x00, 0xA7, 0x3F, 0xEF, 0x00, 0xAF, 0x3F, 0xEF, 0x00,
    0xB7, 0x3F, 0xEF, 0x00, 0xBF, 0x3F, 0xEF, 0x00, 0xC7, 0x3F, 0xEF, 0x00,
    0xCF, 0x3F, 0xEF, 0x00, 0xD7, 0x3F, 0xEF, 0x00, 0xDF, 0x3F, 0xEF, 0x00,
    0xE7, 0x3F, 0xEF, 0x00, 0xEF, 0x3F, 0xEF, 0x00, 0xF7, 0x3F, 0xEF, 0x00,
    0x00, 0x47, 0xEF, 0x00, 0x07, 0x47, 0xEF, 0x00, 0x0F, 0x47, 0xEF, 0x00,
    0x17, 0x47, 0xEF, 0x00, 0x1F, 0x47, 0xEF, 0x00, 0x27, 0x47, 0xEF, 0x00,
    0x2F, 0x47, 0xEF, 0x00, 0x37, 0x47, 0xEF, 0x00, 0x3F, 0x47, 0xEF, 0x00,
    0x47, 0x47, 0xEF, 0x00, 0x4F, 0x47, 0xEF, 0x00, 0x57, 0x47, 0xEF, 0x00,
    0x5F, 0x47, 0xEF, 0x00, 0x67, 0x47, 0xEF, 0x00, 0x6F, 0x47, 0xEF, 0x00,
    0x77, 0x47, 0xEF, 0x00, 0x7F, 0x47, 0xEF, 0x00, 0x87, 0x47, 0xEF, 0x00,
    0x8F, 0x47, 0xEF, 0x00, 0x97, 0x47, 0xEF, 0x00, 0x9F, 0x47, 0xEF, 0x00,
    0xA7, 0x47, 0xEF, 0x00, 0xAF, 0x47, 0xEF, 0x00, 0xB7, 0x47, 0xEF, 0x00,
    0xBF, 0x47, 0xEF, 0x00, 0xC7, 0x47, 0xEF, 0x00, 0xCF, 0x47, 0xEF, 0x00,
    0xD7, 0x47, 0xEF, 0x00, 0xDF, 0x47, 0xEF, 0x00, 0xE7, 0x47, 0xEF, 0x00,
    0xEF, 0x47, 0xEF, 0x00, 0xF7, 0x47, 0xEF, 0x00, 0x00, 0x4F, 0xEF, 0x00,
    0x07, 0x4F, 0xEF, 0x00, 0x0F, 0x4F, 0xEF, 0x00, 0x17, 0x4F, 0xEF, 0x00,
    0x1F, 0x4F, 0xEF, 0x00, 0x27, 0x4F, 0xEF, 0x00, 0x2F, 0x4F, 0xEF, 0x00,
    0x37, 0x4F, 0xEF, 0x00, 0x3F, 0x4F, 0xEF, 0x00, 0x47, 0x4F, 0xEF, 0x00,
    0x4F, 0x4F, 0xEF, 0x00, 0x57, 0x4F, 0xEF, 0x00, 0x5F, 0x4F, 0xEF, 0x00,
    0x67, 0x4F, 0xEF, 0x00, 0x6F, 0x4F, 0xEF, 0x00, 0x77, 0x4F, 0xEF, 0x00,
    0x7F, 0x4F, 0xEF, 0x00, 0x87, 0x4F, 0xEF, 0x00, 0x8F, 0x4F, 0xEF, 0x00,
    0x97, 0x4F, 0xEF, 0x00, 0x9F, 0x4F, 0xEF, 0x00, 0xA7, 0x4F, 0xEF, 0x00,
    0xAF, 0x4F, 0xEF, 0x00, 0xB7, 0x4F, 0xEF, 0x00, 0xBF, 0x4F, 0xEF, 0x00,
    0xC7, 0x4F, 0xEF, 0x00, 0xCF, 0x4F, 0xEF, 0x00, 0xD7, 0x4F, 0xEF, 0x00,
    0xDF, 0x4F, 0xEF, 0x00, 0xE7, 0x4F, 0xEF, 0x00, 0xEF, 0x4F, 0xEF, 0x00,
    0xF7, 0x4F, 0xEF, 0x00, 0x00, 0x57, 0xEF, 0x00, 0x07, 0x57, 0xEF, 0x00,
    0x0F, 0x57, 0xEF, 0x00, 0x17, 0x57, 0xEF, 0x00, 0x1F, 0x57, 0xEF, 0x00,
    0x27, 0x57, 0xEF, 0x00, 0x2F, 0x57, 0xEF, 0x00, 0x37, 0x57, 0xEF, 0x00,
    0x3F, 0x57, 0xEF, 0x00, 0x47, 0x57, 0xEF, 0x00, 0x4F, 0x57, 0xEF, 0x00,
    0x57, 0x57, 0xEF, 0x00, 0x5F, 0x57, 0xEF, 0x00, 0x67, 0x57, 0xEF, 0x00,
    0x6F, 0x57, 0xEF, 0x00, 0x77, 0x57, 0xEF, 0x00, 0x7F, 0x57, 0xEF, 0x00,
    0x87, 0x57, 0xEF, 0x00, 0x8F, 0x57, 0xEF, 0x00, 0x97, 0x57, 0xEF, 0x00,
    0x9F, 0x57, 0xEF, 0x00, 0xA7, 0x57, 0xEF, 0x00, 0xAF, 0x57, 0xEF, 0x00,
    0xB7, 0x57, 0xEF, 0x00, 0xBF, 0x57, 0xEF, 0x00, 0xC7, 0x57, 0xEF, 0x00,
    0xCF, 0x57, 0xEF, 0x00, 0xD7, 0x57, 0xEF, 0x00, 0xDF, 0x57, 0xEF, 0x00,
    0xE7, 0x57, 0xEF, 0x00, 0xEF, 0x57, 0xEF, 0x00, 0xF7, 0x57, 0xEF, 0x00,
    0x00, 0x5F, 0xEF, 0x00, 0x07, 0x5F, 0xEF, 0x00, 0x0F, 0x5F, 0xEF, 0x00,
    0x17, 0x5F, 0xEF, 0x00, 0x1F, 0x5F, 0xEF, 0x00, 0x27, 0x5F, 0xEF, 0x00,
    0x2F, 0x5F, 0xEF, 0x00, 0x37, 0x5F, 0xEF, 0x00, 0x3F, 0x5F, 0xEF, 0x00,
    0x47, 0x5F, 0xEF, 0x00, 0x4F, 0x5F, 0xEF, 0x00, 0x57, 0x5F, 0xEF, 0x00,
    0x5F, 0x5F, 0xEF, 0x00, 0x67, 0x5F, 0xEF, 0x00, 0x6F, 0x5F, 0xEF, 0x00,
    0x77, 0x5F, 0xEF, 0x00, 0x7F, 0x5F, 0xEF, 0x00, 0x87, 0x5F, 0xEF, 0x00,
    0x8F, 0x5F, 0xEF, 0x00, 0x97, 0x5F, 0xEF, 0x00, 0x9F, 0x5F, 0xEF, 0x00,
    0xA7, 0x5F, 0xEF, 0x00, 0xAF, 0x5F, 0xEF, 0x00, 0xB7, 0x5F, 0xEF, 0x00,
    0xBF, 0x5F, 0xEF, 0x00, 0xC7, 0x5F, 0xEF, 0x00, 0xCF, 0x5F, 0xEF, 0x00,
    0xD7, 0x5F, 0xEF, 0x00, 0xDF, 0x5F, 0xEF, 0x00, 0xE7, 0x5F, 0xEF, 0x00,
    0xEF, 0x5F, 0xEF, 0x00, 0xF7, 0x5F, 0xEF, 0x00, 0x00, 0x67, 0xEF, 0x00,
    0x07, 0x67, 0xEF, 0x00, 0x0F, 0x67, 0xEF, 0x00, 0x17, 0x67, 0xEF, 0x00,
    0x1F, 0x67, 0xEF, 0x00, 0x27, 0x67, 0xEF, 0x00, 0x2F, 0x67, 0xEF, 0x00,
    0x37, 0x67, 0xEF, 0x00, 0x3F, 0x67, 0xEF, 0x00, 0x47, 0x67, 0xEF, 0x00,
    0x4F, 0x67, 0xEF, 0x00, 0x57, 0x67, 0xEF, 0x00, 0x5F, 0x67, 0xEF, 0x00,
    0x67, 0x67, 0xEF, 0x00, 0x6F, 0x67, 0xEF, 0x00, 0x77, 0x67, 0xEF, 0x00,
    0x7F, 0x67, 0xEF, 0x01, 0x87, 0x67, 0xEF, 0x00, 0x8F, 0x67, 0xEF, 0x00,
    0x97, 0x67, 0xEF, 0x00, 0x9F, 0x67, 0xEF, 0x00, 0xA7, 0x67, 0xEF, 0x00,
    0xAF, 0x67, 0xEF, 0x00, 0xB7, 0x67, 0xEF, 0x00, 0xBF, 0x67, 0xEF, 0x00,
    0xC7, 0x67, 0xEF, 0x00, 0xCF, 0x67, 0xEF, 0x00, 0xD7, 0x67, 0xEF, 0x00,
    0xDF, 0x67, 0xEF, 0x00, 0xE7, 0x67, 0xEF, 0x00, 0xEF, 0x67, 0xEF, 0x00,
    0xF7, 0x67, 0xEF, 0x00, 0x00, 0x6F, 0xEF, 0x00, 0x07, 0x6F, 0xEF, 0x00,
    0x0F, 0x6F, 0xEF, 0x00, 0x17, 0x6F, 0xEF, 0x00, 0x1F, 0x6F, 0xEF, 0x00,
    0x27, 0x6F, 0xEF, 0x00, 0x2F, 0x6F, 0xEF, 0x00, 0x37, 0x6F, 0xEF, 0x00,
    0x3F, 0x6F, 0xEF, 0x00, 0x47, 0x6F, 0xEF, 0x00, 0x4F, 0x6F, 0xEF, 0x00,
    0x57, 0x6F, 0xEF, 0x00, 0x5F, 0x6F, 0xEF, 0x00, 0x67, 0x6F, 0xEF, 0x00,
    0x6F, 0x6F, 0xEF, 0x02, 0x77, 0x6F, 0xEF, 0x03, 0x7F, 0x6F, 0xEF, 0x04,
    0x87, 0x6F, 0xEF, 0x03, 0x8F, 0x6F, 0xEF, 0x02, 0x97, 0x6F, 0xEF, 0x00,
    0x9F, 0x6F, 0xEF, 0x00, 0xA7, 0x6F, 0xEF, 0x00, 0xAF, 0x6F, 0xEF, 0x00,
    0xB7, 0x6F, 0xEF, 0x00, 0xBF, 0x6F, 0xEF, 0x00, 0xC7, 0x6F, 0xEF, 0x00,
    0xCF, 0x6F, 0xEF, 0x00, 0xD7, 0x6F, 0xEF, 0x00, 0xDF, 0x6F, 0xEF, 0x00,
    0xE7, 0x6F, 0xEF, 0x00, 0xEF, 0x6F, 0xEF, 0x00, 0xF7, 0x6F, 0xEF, 0x00,
    0x00, 0x77, 0xEF, 0x00, 0x07, 0x77, 0xEF, 0x00, 0x0F, 0x77, 0xEF, 0x00,
    0x17, 0x77, 0xEF, 0x00, 0x1F, 0x77, 0xEF, 0x00, 0x27, 0x77, 0xEF, 0x00,
    0x2F, 0x77, 0xEF, 0x00, 0x37, 0x77, 0xEF, 0x00, 0x3F, 0x77, 0xEF, 0x00,
    0x47, 0x77, 0xEF, 0x00, 0x4F, 0x77, 0xEF, 0x00, 0x57, 0x77, 0xEF, 0x00,
    0x5F, 0x77, 0xEF, 0x00, 0x67, 0x77, 0xEF, 0x00, 0x6F, 0x77, 0xEF, 0x03,
    0x77, 0x77, 0xEF, 0x05, 0x7F, 0x77, 0xEF, 0x06, 0x87, 0x77, 0xEF, 0x05,
    0x8F, 0x77, 0xEF, 0x03, 0x97, 0x77, 0xEF, 0x00, 0x9F, 0x77, 0xEF, 0x00,
    0xA7, 0x77, 0xEF, 0x00, 0xAF, 0x77, 0xEF, 0x00, 0xB7, 0x77, 0xEF, 0x00,
    0xBF, 0x77, 0xEF, 0x00, 0xC7, 0x77, 0xEF, 0x00, 0xCF, 0x77, 0xEF, 0x00,
    0xD7, 0x77, 0xEF, 0x00, 0xDF, 0x77, 0xEF, 0x00, 0xE7, 0x77, 0xEF, 0x00,
    0xEF, 0x77, 0xEF, 0x00, 0xF7, 0x77, 0xEF, 0x00, 0x00, 0x7F, 0xEF, 0x00,
    0x07, 0x7F, 0xEF, 0x00, 0x0F, 0x7F, 0xEF, 0x00, 0x17, 0x7F, 0xEF, 0x00,
    0x1F, 0x7F, 0xEF, 0x00, 0x27, 0x7F, 0xEF, 0x00, 0x2F, 0x7F, 0xEF, 0x00,
    0x37, 0x7F, 0xEF, 0x00, 0x3F, 0x7F, 0xEF, 0x00, 0x47, 0x7F, 0xEF, 0x00,
    0x4F, 0x7F, 0xEF, 0x00, 0x57, 0x7F, 0xEF, 0x00, 0x5F, 0x7F, 0xEF, 0x00,
    0x67, 0x7F, 0xEF, 0x01, 0x6F, 0x7F, 0xEF, 0x04, 0x77, 0x7F, 0xEF, 0x06,
    0x7F, 0x7F, 0xEF, 0x07, 0x87, 0x7F, 0xEF, 0x06, 0x8F, 0x7F, 0xEF, 0x04,
    0x97, 0x7F, 0xEF, 0x01, 0x9F, 0x7F, 0xEF, 0x00, 0xA7, 0x7F, 0xEF, 0x00,
    0xAF, 0x7F, 0xEF, 0x00, 0xB7, 0x7F, 0xEF, 0x00, 0xBF, 0x7F, 0xEF, 0x00,
    0xC7, 0x7F, 0xEF, 0x00, 0xCF, 0x7F, 0xEF, 0x00, 0xD7, 0x7F, 0xEF, 0x00,
    0xDF, 0x7F, 0xEF, 0x00, 0xE7, 0x7F, 0xEF, 0x00, 0xEF, 0x7F, 0xEF, 0x00,
    0xF7, 0x7F, 0xEF, 0x00, 0x00, 0x87, 0xEF, 0x00, 0x07, 0x87, 0xEF, 0x00,
    0x0F, 0x87, 0xEF, 0x00, 0x17, 0x87, 0xEF, 0x00, 0x1F, 0x87, 0xEF, 0x00,
    0x27, 0x87, 0xEF, 0x00, 0x2F, 0x87, 0xEF, 0x00, 0x37, 0x87, 0xEF, 0x00,
    0x3F, 0x87, 0xEF, 0x00, 0x47, 0x87, 0xEF, 0x00, 0x4F, 0x87, 0xEF, 0x00,
    0x57, 0x87, 0xEF, 0x00, 0x5F, 0x87, 0xEF, 0x00, 0x67, 0x87, 0xEF, 0x00,
    0x6F, 0x87, 0xEF, 0x03, 0x77, 0x87, 0xEF, 0x05, 0x7F, 0x87, 0xEF, 0x06,
    0x87, 0x87, 0xEF, 0x05, 0x8F, 0x87, 0xEF, 0x03, 0x97, 0x87, 0xEF, 0x00,
    0x9F, 0x87, 0xEF, 0x00, 0xA7, 0x87, 0xEF, 0x00, 0xAF, 0x87, 0xEF, 0x00,
    0xB7, 0x87, 0xEF, 0x00, 0xBF, 0x87, 0xEF, 0x00, 0xC7, 0x87, 0xEF, 0x00,
    0xCF, 0x87, 0xEF, 0x00, 0xD7, 0x87, 0xEF, 0x00, 0xDF, 0x87, 0xEF, 0x00,
    0xE7, 0x87, 0xEF, 0x00, 0xEF, 0x87, 0xEF, 0x00, 0xF7, 0x87, 0xEF, 0x00,
    0x00, 0x8F, 0xEF, 0x00, 0x07, 0x8F, 0xEF, 0x00, 0x0F, 0x8F, 0xEF, 0x00,
    0x17, 0x8F, 0xEF, 0x00, 0x1F, 0x8F, 0xEF, 0x00, 0x27, 0x8F, 0xEF, 0x00,
    0x2F, 0x8F, 0xEF, 0x00, 0x37, 0x8F, 0xEF, 0x00, 0x3F, 0x8F, 0xEF, 0x00,
    0x47, 0x8F, 0xEF, 0x00, 0x4F, 0x8F, 0xEF, 0x00, 0x57, 0x8F, 0xEF, 0x00,
    0x5F, 0x8F, 0xEF, 0x00, 0x67, 0x8F, 0xEF, 0x00, 0x6F, 0x8F, 0xEF, 0x02,
    0x77, 0x8F, 0xEF, 0x03, 0x7F, 0x8F, 0xEF, 0x04, 0x87, 0x8F, 0xEF, 0x03,
    0x8F, 0x8F, 0xEF, 0x02, 0x97, 0x8F, 0xEF, 0x00, 0x9F, 0x8F, 0xEF, 0x00,
    0xA7, 0x8F, 0xEF, 0x00, 0xAF, 0x8F, 0xEF, 0x00, 0xB7, 0x8F, 0xEF, 0x00,
    0xBF, 0x8F, 0xEF, 0x00, 0xC7, 0x8F, 0xEF, 0x00, 0xCF, 0x8F, 0xEF, 0x00,
    0xD7, 0x8F, 0xEF, 0x00, 0xDF, 0x8F, 0xEF, 0x00, 0xE7, 0x8F, 0xEF, 0x00,
    0xEF, 0x8F, 0xEF, 0x00, 0xF7, 0x8F, 0xEF, 0x00, 0x00, 0x97, 0xEF, 0x00,
    0x07, 0x97, 0xEF, 0x00, 0x0F, 0x97, 0xEF, 0x00, 0x17, 0x97, 0xEF, 0x00,
    0x1F, 0x97, 0xEF, 0x00, 0x27, 0x97, 0xEF, 0x00, 0x2F, 0x97, 0xEF, 0x00,
    0x37, 0x97, 0xEF, 0x00, 0x3F, 0x97, 0xEF, 0x00, 0x47, 0x97, 0xEF, 0x00,
    0x4F, 0x97, 0xEF, 0x00, 0x57, 0x97, 0xEF, 0x00, 0x5F, 0x97, 0xEF, 0x00,
    0x67, 0x97, 0xEF, 0x00, 0x6F, 0x97, 0xEF, 0x00, 0x77, 0x97, 0xEF, 0x00,
    0x7F, 0x97, 0xEF, 0x01, 0x87, 0x97, 0xEF, 0x00, 0x8F, 0x97, 0xEF, 0x00,
    0x97, 0x97, 0xEF, 0x00, 0x9F, 0x97, 0xEF, 0x00, 0xA7, 0x97, 0xEF, 0x00,
    0xAF, 0x97, 0xEF, 0x00, 0xB7, 0x97, 0xEF, 0x00, 0xBF, 0x97, 0xEF, 0x00,
    0xC7, 0x97, 0xEF, 0x00, 0xCF, 0x97, 0xEF, 0x00, 0xD7, 0x97, 0xEF, 0x00,
    0xDF, 0x97, 0xEF, 0x00, 0xE7, 0x97, 0xEF, 0x00, 0xEF, 0x97, 0xEF, 0x00,
    0xF7, 0x97, 0xEF, 0x00, 0x00, 0x9F, 0xEF, 0x00, 0x07, 0x9F, 0xEF, 0x00,
    0x0F, 0x9F, 0xEF, 0x00, 0x17, 0x9F, 0xEF, 0x00, 0x1F, 0x9F, 0xEF, 0x00,
    0x27, 0x9F, 0xEF, 0x00, 0x2F, 0x9F, 0xEF, 0x00, 0x37, 0x9F, 0xEF, 0x00,
    0x3F, 0x9F, 0xEF, 0x00, 0x47, 0x9F, 0xEF, 0x00, 0x4F, 0x9F, 0xEF, 0x00,
    0x57, 0x9F, 0xEF, 0x00, 0x5F, 0x9F, 0xEF, 0x00, 0x67, 0x9F, 0xEF, 0x00,
    0x6F, 0x9F, 0xEF, 0x00, 0x77, 0x9F, 0xEF, 0x00, 0x7F, 0x9F, 0xEF, 0x00,
    0x87, 0x9F, 0xEF, 0x00, 0x8F, 0x9F, 0xEF, 0x00, 0x97, 0x9F, 0xEF, 0x00,
    0x9F, 0x9F, 0xEF, 0x00, 0xA7, 0x9F, 0xEF, 0x00, 0xAF, 0x9F, 0xEF, 0x00,
    0xB7, 0x9F, 0xEF, 0x00, 0xBF, 0x9F, 0xEF, 0x00, 0xC7, 0x9F, 0xEF, 0x00,
    0xCF, 0x9F, 0xEF, 0x00, 0xD7, 0x9F, 0xEF, 0x00, 0xDF, 0x9F, 0xEF, 0x00,
    0xE7, 0x9F, 0xEF, 0x00, 0xEF, 0x9F, 0xEF, 0x00, 0xF7, 0x9F, 0xEF, 0x00,
    0x00, 0xA7, 0xEF, 0x00, 0x07, 0xA7, 0xEF, 0x00, 0x0F, 0xA7, 0xEF, 0x00,
    0x17, 0xA7, 0xEF, 0x00, 0x1F, 0xA7, 0xEF, 0x00, 0x27, 0xA7, 0xEF, 0x00,
    0x2F, 0xA7, 0xEF, 0x00, 0x37, 0xA7, 0xEF, 0x00, 0x3F, 0xA7, 0xEF, 0x00,
    0x47, 0xA7, 0xEF, 0x00, 0x4F, 0xA7, 0xEF, 0x00, 0x57, 0xA7, 0xEF, 0x00,
    0x5F, 0xA7, 0xEF, 0x00, 0x67, 0xA7, 0xEF, 0x00, 0x6F, 0xA7, 0xEF, 0x00,
    0x77, 0xA7, 0xEF, 0x00, 0x7F, 0xA7, 0xEF, 0x00, 0x87, 0xA7, 0xEF, 0x00,
    0x8F, 0xA7, 0xEF, 0x00, 0x97, 0xA7, 0xEF, 0x00, 0x9F, 0xA7, 0xEF, 0x00,
    0xA7, 0xA7, 0xEF, 0x00, 0xAF, 0xA7, 0xEF, 0x00, 0xB7, 0xA7, 0xEF, 0x00,
    0xBF, 0xA7, 0xEF, 0x00, 0xC7, 0xA7, 0xEF, 0x00, 0xCF, 0xA7, 0xEF, 0x00,
    0xD7, 0xA7, 0xEF, 0x00, 0xDF, 0xA7, 0xEF, 0x00, 0xE7, 0xA7, 0xEF, 0x00,
    0xEF, 0xA7, 0xEF, 0x00, 0xF7, 0xA7, 0xEF, 0x00, 0x00, 0xAF, 0xEF, 0x00,
    0x07, 0xAF, 0xEF, 0x00, 0x0F, 0xAF, 0xEF, 0x00, 0x17, 0xAF, 0xEF, 0x00,
    0x1F, 0xAF, 0xEF, 0x00, 0x27, 0xAF, 0xEF, 0x00, 0x2F, 0xAF, 0xEF, 0x00,
    0x37, 0xAF, 0xEF, 0x00, 0x3F, 0xAF, 0xEF, 0x00, 0x47, 0xAF, 0xEF, 0x00,
    0x4F, 0xAF, 0xEF, 0x00, 0x57, 0xAF, 0xEF, 0x00, 0x5F, 0xAF, 0xEF, 0x00,
    0x67, 0xAF, 0xEF, 0x00, 0x6F, 0xAF, 0xEF, 0x00, 0x77, 0xAF, 0xEF, 0x00,
    0x7F, 0xAF, 0xEF, 0x00, 0x87, 0xAF, 0xEF, 0x00, 0x8F, 0xAF, 0xEF, 0x00,
    0x97, 0xAF, 0xEF, 0x00, 0x9F, 0xAF, 0xEF, 0x00, 0xA7, 0xAF, 0xEF, 0x00,
    0xAF, 0xAF, 0xEF, 0x00, 0xB7, 0xAF, 0xEF, 0x00, 0xBF, 0xAF, 0xEF, 0x00,
    0xC7, 0xAF, 0xEF, 0x00, 0xCF, 0xAF, 0xEF, 0x00, 0xD7, 0xAF, 0xEF, 0x00,
    0xDF, 0xAF, 0xEF, 0x00, 0xE7, 0xAF, 0xEF, 0x00, 0xEF, 0xAF, 0xEF, 0x00,
    0xF7, 0xAF, 0xEF, 0x00, 0x00, 0xB7, 0xEF, 0x00, 0x07, 0xB7, 0xEF, 0x00,
    0x0F, 0xB7, 0xEF, 0x00, 0x17, 0xB7, 0xEF, 0x00, 0x1F, 0xB7, 0xEF, 0x00,
    0x27, 0xB7, 0xEF, 0x00, 0x2F, 0xB7, 0xEF, 0x00, 0x37, 0xB7, 0xEF, 0x00,
    0x3F, 0xB7, 0xEF, 0x00, 0x47, 0xB7, 0xEF, 0x00, 0x4F, 0xB7, 0xEF, 0x00,
    0x57, 0xB7, 0xEF, 0x00, 0x5F, 0xB7, 0xEF, 0x00, 0x67, 0xB7, 0xEF, 0x00,
    0x6F, 0xB7, 0xEF, 0x00, 0x77, 0xB7, 0xEF, 0x00, 0x7F, 0xB7, 0xEF, 0x00,
    0x87, 0xB7, 0xEF, 0x00, 0x8F, 0xB7, 0xEF, 0x00, 0x97, 0xB7, 0xEF, 0x00,
    0x9F, 0xB7, 0xEF, 0x00, 0xA7, 0xB7, 0xEF, 0x00, 0xAF, 0xB7, 0xEF, 0x00,
    0xB7, 0xB7, 0xEF, 0x00, 0xBF, 0xB7, 0xEF, 0x00, 0xC7, 0xB7, 0xEF, 0x00,
    0xCF, 0xB7, 0xEF, 0x00, 0xD7, 0xB7, 0xEF, 0x00, 0xDF, 0xB7, 0xEF, 0x00,
    0xE7, 0xB7, 0xEF, 0x00, 0xEF, 0xB7, 0xEF, 0x00, 0xF7, 0xB7, 0xEF, 0x00,
    0x00, 0xBF, 0xEF, 0x00, 0x07, 0xBF, 0xEF, 0x00, 0x0F, 0xBF, 0xEF, 0x00,
    0x17, 0xBF, 0xEF, 0x00, 0x1F, 0xBF, 0xEF, 0x00, 0x27, 0xBF, 0xEF, 0x00,
    0x2F, 0xBF, 0xEF, 0x00, 0x37, 0xBF, 0xEF, 0x00, 0x3F, 0xBF, 0xEF, 0x00,
    0x47, 0xBF, 0xEF, 0x00, 0x4F, 0xBF, 0xEF, 0x00, 0x57, 0xBF, 0xEF, 0x00,
    0x5F, 0xBF, 0xEF, 0x00, 0x67, 0xBF, 0xEF, 0x00, 0x6F, 0xBF, 0xEF, 0x00,
    0x77, 0xBF, 0xEF, 0x00, 0x7F, 0xBF, 0xEF, 0x00, 0x87, 0xBF, 0xEF, 0x00,
    0x8F, 0xBF, 0xEF, 0x00, 0x97, 0xBF, 0xEF, 0x00, 0x9F, 0xBF, 0xEF, 0x00,
    0xA7, 0xBF, 0xEF, 0x00, 0xAF, 0xBF, 0xEF, 0x00, 0xB7, 0xBF, 0xEF, 0x00,
    0xBF, 0xBF, 0xEF, 0x00, 0xC7, 0xBF, 0xEF, 0x00, 0xCF, 0xBF, 0xEF, 0x00,
    0xD7, 0xBF, 0xEF, 0x00, 0xDF, 0xBF, 0xEF, 0x00, 0xE7, 0xBF, 0xEF, 0x00,
    0xEF, 0xBF, 0xEF, 0x00, 0xF7, 0xBF, 0xEF, 0x00, 0x00, 0xC7, 0xEF, 0x00,
    0x07, 0xC7, 0xEF, 0x00, 0x0F, 0xC7, 0xEF, 0x00, 0x17, 0xC7, 0xEF, 0x00,
    0x1F, 0xC7, 0xEF, 0x00, 0x27, 0xC7, 0xEF, 0x00, 0x2F, 0xC7, 0xEF, 0x00,
    0x37, 0xC7, 0xEF, 0x00, 0x3F, 0xC7, 0xEF, 0x00, 0x47, 0xC7, 0xEF, 0x00,
    0x4F, 0xC7, 0xEF, 0x00, 0x57, 0xC7, 0xEF, 0x00, 0x5F, 0xC7, 0xEF, 0x00,
    0x67, 0xC7, 0xEF, 0x00, 0x6F, 0xC7, 0xEF, 0x00, 0x77, 0xC7, 0xEF, 0x00,
    0x7F, 0xC7, 0xEF, 0x00, 0x87, 0xC7, 0xEF, 0x00, 0x8F, 0xC7, 0xEF, 0x00,
    0x97, 0xC7, 0xEF, 0x00, 0x9F, 0xC7, 0xEF, 0x00, 0xA7, 0xC7, 0xEF, 0x00,
    0xAF, 0xC7, 0xEF, 0x00, 0xB7, 0xC7, 0xEF, 0x00, 0xBF, 0xC7, 0xEF, 0x00,
    0xC7, 0xC7, 0xEF, 0x00, 0xCF, 0xC7, 0xEF, 0x00, 0xD7, 0xC7, 0xEF, 0x00,
    0xDF, 0xC7, 0xEF, 0x00, 0xE7, 0xC7, 0xEF, 0x00, 0xEF, 0xC7, 0xEF, 0x00,
    0xF7, 0xC7, 0xEF, 0x00, 0x00, 0xCF, 0xEF, 0x00, 0x07, 0xCF, 0xEF, 0x00,
    0x0F, 0xCF, 0xEF, 0x00, 0x17, 0xCF, 0xEF, 0x00, 0x1F, 0xCF, 0xEF, 0x00,
    0x27, 0xCF, 0xEF, 0x00, 0x2F, 0xCF, 0xEF, 0x00, 0x37, 0xCF, 0xEF, 0x00,
    0x3F, 0xCF, 0xEF, 0x00, 0x47, 0xCF, 0xEF, 0x00, 0x4F, 0xCF, 0xEF, 0x00,
    0x57, 0xCF, 0xEF, 0x00, 0x5F, 0xCF, 0xEF, 0x00, 0x67, 0xCF, 0xEF, 0x00,
    0x6F, 0xCF, 0xEF, 0x00, 0x77, 0xCF, 0xEF, 0x00, 0x7F, 0xCF, 0xEF, 0x00,
    0x87, 0xCF, 0xEF, 0x00, 0x8F, 0xCF, 0xEF, 0x00, 0x97, 0xCF, 0xEF, 0x00,
    0x9F, 0xCF, 0xEF, 0x00, 0xA7, 0xCF, 0xEF, 0x00, 0xAF, 0xCF, 0xEF, 0x00,
    0xB7, 0xCF, 0xEF, 0x00, 0xBF, 0xCF, 0xEF, 0x00, 0xC7, 0xCF, 0xEF, 0x00,
    0xCF, 0xCF, 0xEF, 0x00, 0xD7, 0xCF, 0xEF, 0x00, 0xDF, 0xCF, 0xEF, 0x00,
    0xE7, 0xCF, 0xEF, 0x00, 0xEF, 0xCF, 0xEF, 0x00, 0xF7, 0xCF, 0xEF, 0x00,
    0x00, 0xD7, 0xEF, 0x00, 0x07, 0xD7, 0xEF, 0x00, 0x0F, 0xD7, 0xEF, 0x00,
    0x17, 0xD7, 0xEF, 0x00, 0x1F, 0xD7, 0xEF, 0x00, 0x27, 0xD7, 0xEF, 0x00,
    0x2F, 0xD7, 0xEF, 0x00, 0x37, 0xD7, 0xEF, 0x00, 0x3F, 0xD7, 0xEF, 0x00,
    0x47, 0xD7, 0xEF, 0x00, 0x4F, 0xD7, 0xEF, 0x00, 0x57, 0xD7, 0xEF, 0x00,
    0x5F, 0xD7, 0xEF, 0x00, 0x67, 0xD7, 0xEF, 0x00, 0x6F, 0xD7, 0xEF, 0x00,
    0x77, 0xD7, 0xEF, 0x00, 0x7F, 0xD7, 0xEF, 0x00, 0x87, 0xD7, 0xEF, 0x00,
    0x8F, 0xD7, 0xEF, 0x00, 0x97, 0xD7, 0xEF, 0x00, 0x9F, 0xD7, 0xEF, 0x00,
    0xA7, 0xD7, 0xEF, 0x00, 0xAF, 0xD7, 0xEF, 0x00, 0xB7, 0xD7, 0xEF, 0x00,
    0xBF, 0xD7, 0xEF, 0x00, 0xC7, 0xD7, 0xEF, 0x00, 0xCF, 0xD7, 0xEF, 0x00,
    0xD7, 0xD7, 0xEF, 0x00, 0xDF, 0xD7, 0xEF, 0x00, 0xE7, 0xD7, 0xEF, 0x00,
    0xEF, 0xD7, 0xEF, 0x00, 0xF7, 0xD7, 0xEF, 0x00, 0x00, 0xDF, 0xEF, 0x00,
    0x07, 0xDF, 0xEF, 0x00, 0x0F, 0xDF, 0xEF, 0x00, 0x17, 0xDF, 0xEF, 0x00,
    0x1F, 0xDF, 0xEF, 0x00, 0x27, 0xDF, 0xEF, 0x00, 0x2F, 0xDF, 0xEF, 0x00,
    0x37, 0xDF, 0xEF, 0x00, 0x3F, 0xDF, 0xEF, 0x00, 0x47, 0xDF, 0xEF, 0x00,
    0x4F, 0xDF, 0xEF, 0x00, 0x57, 0xDF, 0xEF, 0x00, 0x5F, 0xDF, 0xEF, 0x00,
    0x67, 0xDF, 0xEF, 0x00, 0x6F, 0xDF, 0xEF, 0x00, 0x77, 0xDF, 0xEF, 0x00,
    0x7F, 0xDF, 0xEF, 0x00, 0x87, 0xDF, 0xEF, 0x00, 0x8F, 0xDF, 0xEF, 0x00,
    0x97, 0xDF, 0xEF, 0x00, 0x9F, 0xDF, 0xEF, 0x00, 0xA7, 0xDF, 0xEF, 0x00,
    0xAF, 0xDF, 0xEF, 0x00, 0xB7, 0xDF, 0xEF, 0x00, 0xBF, 0xDF, 0xEF, 0x00,
    0xC7, 0xDF, 0xEF, 0x00, 0xCF, 0xDF, 0xEF, 0x00, 0xD7, 0xDF, 0xEF, 0x00,
    0xDF, 0xDF, 0xEF, 0x00, 0xE7, 0xDF, 0xEF, 0x00, 0xEF, 0xDF, 0xEF, 0x00,
    0xF7, 0xDF, 0xEF, 0x00, 0x00, 0xE7, 0xEF, 0x00, 0x07, 0xE7, 0xEF, 0x00,
    0x0F, 0xE7, 0xEF, 0x00, 0x17, 0xE7, 0xEF, 0x00, 0x1F, 0xE7, 0xEF, 0x00,
    0x27, 0xE7, 0xEF, 0x00, 0x2F, 0xE7, 0xEF, 0x00, 0x37, 0xE7, 0xEF, 0x00,
    0x3F, 0xE7, 0xEF, 0x00, 0x47, 0xE7, 0xEF, 0x00, 0x4F, 0xE7, 0xEF, 0x00,
    0x57, 0xE7, 0xEF, 0x00, 0x5F, 0xE7, 0xEF, 0x00, 0x67, 0xE7, 0xEF, 0x00,
    0x6F, 0xE7, 0xEF, 0x00, 0x77, 0xE7, 0xEF, 0x00, 0x7F, 0xE7, 0xEF, 0x00,
    0x87, 0xE7, 0xEF, 0x00, 0x8F, 0xE7, 0xEF, 0x00, 0x97, 0xE7, 0xEF, 0x00,
    0x9F, 0xE7, 0xEF, 0x00, 0xA7, 0xE7, 0xEF, 0x00, 0xAF, 0xE7, 0xEF, 0x00,
    0xB7, 0xE7, 0xEF, 0x00, 0xBF, 0xE7, 0xEF, 0x00, 0xC7, 0xE7, 0xEF, 0x00,
    0xCF, 0xE7, 0xEF, 0x00, 0xD7, 0xE7, 0xEF, 0x00, 0xDF, 0xE7, 0xEF, 0x00,
    0xE7, 0xE7, 0xEF, 0x00, 0xEF, 0xE7, 0xEF, 0x00, 0xF7, 0xE7, 0xEF, 0x00,
    0x00, 0xEF, 0xEF, 0x00, 0x07, 0xEF, 0xEF, 0x00, 0x0F, 0xEF, 0xEF, 0x00,
    0x17, 0xEF, 0xEF, 0x00, 0x1F, 0xEF, 0xEF, 0x00, 0x27, 0xEF, 0xEF, 0x00,
    0x2F, 0xEF, 0xEF, 0x00, 0x37, 0xEF, 0xEF, 0x00, 0x3F, 0xEF, 0xEF, 0x00,
    0x47, 0xEF, 0xEF, 0x00, 0x4F, 0xEF, 0xEF, 0x00, 0x57, 0xEF, 0xEF, 0x00,
    0x5F, 0xEF, 0xEF, 0x00, 0x67, 0xEF, 0xEF, 0x00, 0x6F, 0xEF, 0xEF, 0x00,
    0x77, 0xEF, 0xEF, 0x00, 0x7F, 0xEF, 0xEF, 0x00, 0x87, 0xEF, 0xEF, 0x00,
    0x8F, 0xEF, 0xEF, 0x00, 0x97, 0xEF, 0xEF, 0x00, 0x9F, 0xEF, 0xEF, 0x00,
    0xA7, 0xEF, 0xEF, 0x00, 0xAF, 0xEF, 0xEF, 0x00, 0xB7, 0xEF, 0xEF, 0x00,
    0xBF, 0xEF, 0xEF, 0x00, 0xC7, 0xEF, 0xEF, 0x00, 0xCF, 0xEF, 0xEF, 0x00,
    0xD7, 0xEF, 0xEF, 0x00, 0xDF, 0xEF, 0xEF, 0x00, 0xE7, 0xEF, 0xEF, 0x00,
    0xEF, 0xEF, 0xEF, 0x00, 0xF7, 0xEF, 0xEF, 0x00, 0x00, 0xF7, 0xEF, 0x00,
    0x07, 0xF7, 0xEF, 0x00, 0x0F, 0xF7, 0xEF, 0x00, 0x17, 0xF7, 0xEF, 0x00,
    0x1F, 0xF7, 0xEF, 0x00, 0x27, 0xF7, 0xEF, 0x00, 0x2F, 0xF7, 0xEF, 0x00,
    0x37, 0xF7, 0xEF, 0x00, 0x3F, 0xF7, 0xEF, 0x00, 0x47, 0xF7, 0xEF, 0x00,
    0x4F, 0xF7, 0xEF, 0x00, 0x57, 0xF7, 0xEF, 0x00, 0x5F, 0xF7, 0xEF, 0x00,
    0x67, 0xF7, 0xEF, 0x00, 0x6F, 0xF7, 0xEF, 0x00, 0x77, 0xF7, 0xEF, 0x00,
    0x7F, 0xF7, 0xEF, 0x00, 0x87, 0xF7, 0xEF, 0x00, 0x8F, 0xF7, 0xEF, 0x00,
    0x97, 0xF7, 0xEF, 0x00, 0x9F, 0xF7, 0xEF, 0x00, 0xA7, 0xF7, 0xEF, 0x00,
    0xAF, 0xF7, 0xEF, 0x00, 0xB7, 0xF7, 0xEF, 0x00, 0xBF, 0xF7, 0xEF, 0x00,
    0xC7, 0xF7, 0xEF, 0x00, 0xCF, 0xF7, 0xEF, 0x00, 0xD7, 0xF7, 0xEF, 0x00,
    0xDF, 0xF7, 0xEF, 0x00, 0xE7, 0xF7, 0xEF, 0x00, 0xEF, 0xF7, 0xEF, 0x00,
    0xF7, 0xF7, 0xEF, 0x00, 0x00, 0x00, 0xF7, 0x00, 0x07, 0x00, 0xF7, 0x00,
    0x0F, 0x00, 0xF7, 0x00, 0x17, 0x00, 0xF7, 0x00, 0x1F, 0x00, 0xF7, 0x00,
    0x27, 0x00, 0xF7, 0x00, 0x2F, 0x00, 0xF7, 0x00, 0x37, 0x00, 0xF7, 0x00,
    0x3F, 0x00, 0xF7, 0x00, 0x47, 0x00, 0xF7, 0x00, 0x4F, 0x00, 0xF7, 0x00,
    0x57, 0x00, 0xF7, 0x00, 0x5F, 0x00, 0xF7, 0x00, 0x67, 0x00, 0xF7, 0x00,
    0x6F, 0x00, 0xF7, 0x00, 0x77, 0x00, 0xF7, 0x00, 0x7F, 0x00, 0xF7, 0x00,
    0x87, 0x00, 0xF7, 0x00, 0x8F, 0x00, 0xF7, 0x00, 0x97, 0x00, 0xF7, 0x00,
    0x9F, 0x00, 0xF7, 0x00, 0xA7, 0x00, 0xF7, 0x00, 0xAF, 0x00, 0xF7, 0x00,
    0xB7, 0x00, 0xF7, 0x00, 0xBF, 0x00, 0xF7, 0x00, 0xC7, 0x00, 0xF7, 0x00,
    0xCF, 0x00, 0xF7, 0x00, 0xD7, 0x00, 0xF7, 0x00, 0xDF, 0x00, 0xF7, 0x00,
    0xE7, 0x00, 0xF7, 0x00, 0xEF, 0x00, 0xF7, 0x00, 0xF7, 0x00, 0xF7, 0x00,
    0x00, 0x07, 0xF7, 0x00, 0x07, 0x07, 0xF7, 0x00, 0x0F, 0x07, 0xF7, 0x00,
    0x17, 0x07, 0xF7, 0x00, 0x1F, 0x07, 0xF7, 0x00, 0x27, 0x07, 0xF7, 0x00,
    0x2F, 0x07, 0xF7, 0x00, 0x37, 0x07, 0xF7, 0x00, 0x3F, 0x07, 0xF7, 0x00,
    0x47, 0x07, 0xF7, 0x00, 0x4F, 0x07, 0xF7, 0x00, 0x57, 0x07, 0xF7, 0x00,
    0x5F, 0x07, 0xF7, 0x00, 0x67, 0x07, 0xF7, 0x00, 0x6F, 0x07, 0xF7, 0x00,
    0x77, 0x07, 0xF7, 0x00, 0x7F, 0x07, 0xF7, 0x00, 0x87, 0x07, 0xF7, 0x00,
    0x8F, 0x07, 0xF7, 0x00, 0x97, 0x07, 0xF7, 0x00, 0x9F, 0x07, 0xF7, 0x00,
    0xA7, 0x07, 0xF7, 0x00, 0xAF, 0x07, 0xF7, 0x00, 0xB7, 0x07, 0xF7, 0x00,
    0xBF, 0x07, 0xF7, 0x00, 0xC7, 0x07, 0xF7, 0x00, 0xCF, 0x07, 0xF7, 0x00,
    0xD7, 0x07, 0xF7, 0x00, 0xDF, 0x07, 0xF7, 0x00, 0xE7, 0x07, 0xF7, 0x00,
    0xEF, 0x07, 0xF7, 0x00, 0xF7, 0x07, 0xF7, 0x00, 0x00, 0x0F, 0xF7, 0x00,
    0x07, 0x0F, 0xF7, 0x00, 0x0F, 0x0F, 0xF7, 0x00, 0x17, 0x0F, 0xF7, 0x00,
    0x1F, 0x0F, 0xF7, 0x00, 0x27, 0x0F, 0xF7, 0x00, 0x2F, 0x0F, 0xF7, 0x00,
    0x37, 0x0F, 0xF7, 0x00, 0x3F, 0x0F, 0xF7, 0x00, 0x47, 0x0F, 0xF7, 0x00,
    0x4F, 0x0F, 0xF7, 0x00, 0x57, 0x0F, 0xF7, 0x00, 0x5F, 0x0F, 0xF7, 0x00,
    0x67, 0x0F, 0xF7, 0x00, 0x6F, 0x0F, 0xF7, 0x00, 0x77, 0x0F, 0xF7, 0x00,
    0x7F, 0x0F, 0xF7, 0x00, 0x87, 0x0F, 0xF7, 0x00, 0x8F, 0x0F, 0xF7, 0x00,
    0x97, 0x0F, 0xF7, 0x00, 0x9F, 0x0F, 0xF7, 0x00, 0xA7, 0x0F, 0xF7, 0x00,
    0xAF, 0x0F, 0xF7, 0x00, 0xB7, 0x0F, 0xF7, 0x00, 0xBF, 0x0F, 0xF7, 0x00,
    0xC7, 0x0F, 0xF7, 0x00, 0xCF, 0x0F, 0xF7, 0x00, 0xD7, 0x0F, 0xF7, 0x00,
    0xDF, 0x0F, 0xF7, 0x00, 0xE7, 0x0F, 0xF7, 0x00, 0xEF, 0x0F, 0xF7, 0x00,
    0xF7, 0x0F, 0xF7, 0x00, 0x00, 0x17, 0xF7, 0x00, 0x07, 0x17, 0xF7, 0x00,
    0x0F, 0x17, 0xF7, 0x00, 0x17, 0x17, 0xF7, 0x00, 0x1F, 0x17, 0xF7, 0x00,
    0x27, 0x17, 0xF7, 0x00, 0x2F, 0x17, 0xF7, 0x00, 0x37, 0x17, 0xF7, 0x00,
    0x3F, 0x17, 0xF7, 0x00, 0x47, 0x17, 0xF7, 0x00, 0x4F, 0x17, 0xF7, 0x00,
    0x57, 0x17, 0xF7, 0x00, 0x5F, 0x17, 0xF7, 0x00, 0x67, 0x17, 0xF7, 0x00,
    0x6F, 0x17, 0xF7, 0x00, 0x77, 0x17, 0xF7, 0x00, 0x7F, 0x17, 0xF7, 0x00,
    0x87, 0x17, 0xF7, 0x00, 0x8F, 0x17, 0xF7, 0x00, 0x97, 0x17, 0xF7, 0x00,
    0x9F, 0x17, 0xF7, 0x00, 0xA7, 0x17, 0xF7, 0x00, 0xAF, 0x17, 0xF7, 0x00,
    0xB7, 0x17, 0xF7, 0x00, 0xBF, 0x17, 0xF7, 0x00, 0xC7, 0x17, 0xF7, 0x00,
    0xCF, 0x17, 0xF7, 0x00, 0xD7, 0x17, 0xF7, 0x00, 0xDF, 0x17, 0xF7, 0x00,
    0xE7, 0x17, 0xF7, 0x00, 0xEF, 0x17, 0xF7, 0x00, 0xF7, 0x17, 0xF7, 0x00,
    0x00, 0x1F, 0xF7, 0x00, 0x07, 0x1F, 0xF7, 0x00, 0x0F, 0x1F, 0xF7, 0x00,
    0x17, 0x1F, 0xF7, 0x00, 0x1F, 0x1F, 0xF7, 0x00, 0x27, 0x1F, 0xF7, 0x00,
    0x2F, 0x1F, 0xF7, 0x00, 0x37, 0x1F, 0xF7, 0x00, 0x3F, 0x1F, 0xF7, 0x00,
    0x47, 0x1F, 0xF7, 0x00, 0x4F, 0x1F, 0xF7, 0x00, 0x57, 0x1F, 0xF7, 0x00,
    0x5F, 0x1F, 0xF7, 0x00, 0x67, 0x1F, 0xF7, 0x00, 0x6F, 0x1F, 0xF7, 0x00,
    0x77, 0x1F, 0xF7, 0x00, 0x7F, 0x1F, 0xF7, 0x00, 0x87, 0x1F, 0xF7, 0x00,
    0x8F, 0x1F, 0xF7, 0x00, 0x97, 0x1F, 0xF7, 0x00, 0x9F, 0x1F, 0xF7, 0x00,
    0xA7, 0x1F, 0xF7, 0x00, 0xAF, 0x1F, 0xF7, 0x00, 0xB7, 0x1F, 0xF7, 0x00,
    0xBF, 0x1F, 0xF7, 0x00, 0xC7, 0x1F, 0xF7, 0x00, 0xCF, 0x1F, 0xF7, 0x00,
    0xD7, 0x1F, 0xF7, 0x00, 0xDF, 0x1F, 0xF7, 0x00, 0xE7, 0x1F, 0xF7, 0x00,
    0xEF, 0x1F, 0xF7, 0x00, 0xF7, 0x1F, 0xF7, 0x00, 0x00, 0x27, 0xF7, 0x00,
    0x07, 0x27, 0xF7, 0x00, 0x0F, 0x27, 0xF7, 0x00, 0x17, 0x27, 0xF7, 0x00,
    0x1F, 0x27, 0xF7, 0x00, 0x27, 0x27, 0xF7, 0x00, 0x2F, 0x27, 0xF7, 0x00,
    0x37, 0x27, 0xF7, 0x00, 0x3F, 0x27, 0xF7, 0x00, 0x47, 0x27, 0xF7, 0x00,
    0x4F, 0x27, 0xF7, 0x00, 0x57, 0x27, 0xF7, 0x00, 0x5F, 0x27, 0xF7, 0x00,
    0x67, 0x27, 0xF7, 0x00, 0x6F, 0x27, 0xF7, 0x00, 0x77, 0x27, 0xF7, 0x00,
    0x7F, 0x27, 0xF7, 0x00, 0x87, 0x27, 0xF7, 0x00, 0x8F, 0x27, 0xF7, 0x00,
    0x97, 0x27, 0xF7, 0x00, 0x9F, 0x27, 0xF7, 0x00, 0xA7, 0x27, 0xF7, 0x00,
    0xAF, 0x27, 0xF7, 0x00, 0xB7, 0x27, 0xF7, 0x00, 0xBF, 0x27, 0xF7, 0x00,
    0xC7, 0x27, 0xF7, 0x00, 0xCF, 0x27, 0xF7, 0x00, 0xD7, 0x27, 0xF7, 0x00,
    0xDF, 0x27, 0xF7, 0x00, 0xE7, 0x27, 0xF7, 0x00, 0xEF, 0x27, 0xF7, 0x00,
    0xF7, 0x27, 0xF7, 0x00, 0x00, 0x2F, 0xF7, 0x00, 0x07, 0x2F, 0xF7, 0x00,
    0x0F, 0x2F, 0xF7, 0x00, 0x17, 0x2F, 0xF7, 0x00, 0x1F, 0x2F, 0xF7, 0x00,
    0x27, 0x2F, 0xF7, 0x00, 0x2F, 0x2F, 0xF7, 0x00, 0x37, 0x2F, 0xF7, 0x00,
    0x3F, 0x2F, 0xF7, 0x00, 0x47, 0x2F, 0xF7, 0x00, 0x4F, 0x2F, 0xF7, 0x00,
    0x57, 0x2F, 0xF7, 0x00, 0x5F, 0x2F, 0xF7, 0x00, 0x67, 0x2F, 0xF7, 0x00,
    0x6F, 0x2F, 0xF7, 0x00, 0x77, 0x2F, 0xF7, 0x00, 0x7F, 0x2F, 0xF7, 0x00,
    0x87, 0x2F, 0xF7, 0x00, 0x8F, 0x2F, 0xF7, 0x00, 0x97, 0x2F, 0xF7, 0x00,
    0x9F, 0x2F, 0xF7, 0x00, 0xA7, 0x2F, 0xF7, 0x00, 0xAF, 0x2F, 0xF7, 0x00,
    0xB7, 0x2F, 0xF7, 0x00, 0xBF, 0x2F, 0xF7, 0x00, 0xC7, 0x2F, 0xF7, 0x00,
    0xCF, 0x2F, 0xF7, 0x00, 0xD7, 0x2F, 0xF7, 0x00, 0xDF, 0x2F, 0xF7, 0x00,
    0xE7, 0x2F, 0xF7, 0x00, 0xEF, 0x2F, 0xF7, 0x00, 0xF7, 0x2F, 0xF7, 0x00,
    0x00, 0x37, 0xF7, 0x00, 0x07, 0x37, 0xF7, 0x00, 0x0F, 0x37, 0xF7, 0x00,
    0x17, 0x37, 0xF7, 0x00, 0x1F, 0x37, 0xF7, 0x00, 0x27, 0x37, 0xF7, 0x00,
    0x2F, 0x37, 0xF7, 0x00, 0x37, 0x37, 0xF7, 0x00, 0x3F, 0x37, 0xF7, 0x00,
    0x47, 0x37, 0xF7, 0x00, 0x4F, 0x37, 0xF7, 0x00, 0x57, 0x37, 0xF7, 0x00,
    0x5F, 0x37, 0xF7, 0x00, 0x67, 0x37, 0xF7, 0x00, 0x6F, 0x37, 0xF7, 0x00,
    0x77, 0x37, 0xF7, 0x00, 0x7F, 0x37, 0xF7, 0x00, 0x87, 0x37, 0xF7, 0x00,
    0x8F, 0x37, 0xF7, 0x00, 0x97, 0x37, 0xF7, 0x00, 0x9F, 0x37, 0xF7, 0x00,
    0xA7, 0x37, 0xF7, 0x00, 0xAF, 0x37, 0xF7, 0x00, 0xB7, 0x37, 0xF7, 0x00,
    0xBF, 0x37, 0xF7, 0x00, 0xC7, 0x37, 0xF7, 0x00, 0xCF, 0x37, 0xF7, 0x00,
    0xD7, 0x37, 0xF7, 0x00, 0xDF, 0x37, 0xF7, 0x00, 0xE7, 0x37, 0xF7, 0x00,
    0xEF, 0x37, 0xF7, 0x00, 0xF7, 0x37, 0xF7, 0x00, 0x00, 0x3F, 0xF7, 0x00,
    0x07, 0x3F, 0xF7, 0x00, 0x0F, 0x3F, 0xF7, 0x00, 0x17, 0x3F, 0xF7, 0x00,
    0x1F, 0x3F, 0xF7, 0x00, 0x27, 0x3F, 0xF7, 0x00, 0x2F, 0x3F, 0xF7, 0x00,
    0x37, 0x3F, 0xF7, 0x00, 0x3F, 0x3F, 0xF7, 0x00, 0x47, 0x3F, 0xF7, 0x00,
    0x4F, 0x3F, 0xF7, 0x00, 0x57, 0x3F, 0xF7, 0x00, 0x5F, 0x3F, 0xF7, 0x00,
    0x67, 0x3F, 0xF7, 0x00, 0x6F, 0x3F, 0xF7, 0x00, 0x77, 0x3F, 0xF7, 0x00,
    0x7F, 0x3F, 0xF7, 0x00, 0x87, 0x3F, 0xF7, 0x00, 0x8F, 0x3F, 0xF7, 0x00,
    0x97, 0x3F, 0xF7, 0x00, 0x9F, 0x3F, 0xF7, 0x00, 0xA7, 0x3F, 0xF7, 0x00,
    0xAF, 0x3F, 0xF7, 0x00, 0xB7, 0x3F, 0xF7, 0x00, 0xBF, 0x3F, 0xF7, 0x00,
    0xC7, 0x3F, 0xF7, 0x00, 0xCF, 0x3F, 0xF7, 0x00, 0xD7, 0x3F, 0xF7, 0x00,
    0xDF, 0x3F, 0xF7, 0x00, 0xE7, 0x3F, 0xF7, 0x00, 0xEF, 0x3F, 0xF7, 0x00,
    0xF7, 0x3F, 0xF7, 0x00, 0x00, 0x47, 0xF7, 0x00, 0x07, 0x47, 0xF7, 0x00,
    0x0F, 0x47, 0xF7, 0x00, 0x17, 0x47, 0xF7, 0x00, 0x1F, 0x47, 0xF7, 0x00,
    0x27, 0x47, 0xF7, 0x00, 0x2F, 0x47, 0xF7, 0x00, 0x37, 0x47, 0xF7, 0x00,
    0x3F, 0x47, 0xF7, 0x00, 0x47, 0x47, 0xF7, 0x00, 0x4F, 0x47, 0xF7, 0x00,
    0x57, 0x47, 0xF7, 0x00, 0x5F, 0x47, 0xF7, 0x00, 0x67, 0x47, 0xF7, 0x00,
    0x6F, 0x47, 0xF7, 0x00, 0x77, 0x47, 0xF7, 0x00, 0x7F, 0x47, 0xF7, 0x00,
    0x87, 0x47, 0xF7, 0x00, 0x8F, 0x47, 0xF7, 0x00, 0x97, 0x47, 0xF7, 0x00,
    0x9F, 0x47, 0xF7, 0x00, 0xA7, 0x47, 0xF7, 0x00, 0xAF, 0x47, 0xF7, 0x00,
    0xB7, 0x47, 0xF7, 0x00, 0xBF, 0x47, 0xF7, 0x00, 0xC7, 0x47, 0xF7, 0x00,
    0xCF, 0x47, 0xF7, 0x00, 0xD7, 0x47, 0xF7, 0x00, 0xDF, 0x47, 0xF7, 0x00,
    0xE7, 0x47, 0xF7, 0x00, 0xEF, 0x47, 0xF7, 0x00, 0xF7, 0x47, 0xF7, 0x00,
    0x00, 0x4F, 0xF7, 0x00, 0x07, 0x4F, 0xF7, 0x00, 0x0F, 0x4F, 0xF7, 0x00,
    0x17, 0x4F, 0xF7, 0x00, 0x1F, 0x4F, 0xF7, 0x00, 0x27, 0x4F, 0xF7, 0x00,
    0x2F, 0x4F, 0xF7, 0x00, 0x37, 0x4F, 0xF7, 0x00, 0x3F, 0x4F, 0xF7, 0x00,
    0x47, 0x4F, 0xF7, 0x00, 0x4F, 0x4F, 0xF7, 0x00, 0x57, 0x4F, 0xF7, 0x00,
    0x5F, 0x4F, 0xF7, 0x00, 0x67, 0x4F, 0xF7, 0x00, 0x6F, 0x4F, 0xF7, 0x00,
    0x77, 0x4F, 0xF7, 0x00, 0x7F, 0x4F, 0xF7, 0x00, 0x87, 0x4F, 0xF7, 0x00,
    0x8F, 0x4F, 0xF7, 0x00, 0x97, 0x4F, 0xF7, 0x00, 0x9F, 0x4F, 0xF7, 0x00,
    0xA7, 0x4F, 0xF7, 0x00, 0xAF, 0x4F, 0xF7, 0x00, 0xB7, 0x4F, 0xF7, 0x00,
    0xBF, 0x4F, 0xF7, 0x00, 0xC7, 0x4F, 0xF7, 0x00, 0xCF, 0x4F, 0xF7, 0x00,
    0xD7, 0x4F, 0xF7, 0x00, 0xDF, 0x4F, 0xF7, 0x00, 0xE7, 0x4F, 0xF7, 0x00,
    0xEF, 0x4F, 0xF7, 0x00, 0xF7, 0x4F, 0xF7, 0x00, 0x00, 0x57, 0xF7, 0x00,
    0x07, 0x57, 0xF7, 0x00, 0x0F, 0x57, 0xF7, 0x00, 0x17, 0x57, 0xF7, 0x00,
    0x1F, 0x57, 0xF7, 0x00, 0x27, 0x57, 0xF7, 0x00, 0x2F, 0x57, 0xF7, 0x00,
    0x37, 0x57, 0xF7, 0x00, 0x3F, 0x57, 0xF7, 0x00, 0x47, 0x57, 0xF7, 0x00,
    0x4F, 0x57, 0xF7, 0x00, 0x57, 0x57, 0xF7, 0x00, 0x5F, 0x57, 0xF7, 0x00,
    0x67, 0x57, 0xF7, 0x00, 0x6F, 0x57, 0xF7, 0x00, 0x77, 0x57, 0xF7, 0x00,
    0x7F, 0x57, 0xF7, 0x00, 0x87, 0x57, 0xF7, 0x00, 0x8F, 0x57, 0xF7, 0x00,
    0x97, 0x57, 0xF7, 0x00, 0x9F, 0x57, 0xF7, 0x00, 0xA7, 0x57, 0xF7, 0x00,
    0xAF, 0x57, 0xF7, 0x00, 0xB7, 0x57, 0xF7, 0x00, 0xBF, 0x57, 0xF7, 0x00,
    0xC7, 0x57, 0xF7, 0x00, 0xCF, 0x57, 0xF7, 0x00, 0xD7, 0x57, 0xF7, 0x00,
    0xDF, 0x57, 0xF7, 0x00, 0xE7, 0x57, 0xF7, 0x00, 0xEF, 0x57, 0xF7, 0x00,
    0xF7, 0x57, 0xF7, 0x00, 0x00, 0x5F, 0xF7, 0x00, 0x07, 0x5F, 0xF7, 0x00,
    0x0F, 0x5F, 0xF7, 0x00, 0x17, 0x5F, 0xF7, 0x00, 0x1F, 0x5F, 0xF7, 0x00,
    0x27, 0x5F, 0xF7, 0x00, 0x2F, 0x5F, 0xF7, 0x00, 0x37, 0x5F, 0xF7, 0x00,
    0x3F, 0x5F, 0xF7, 0x00, 0x47, 0x5F, 0xF7, 0x00, 0x4F, 0x5F, 0xF7, 0x00,
    0x57, 0x5F, 0xF7, 0x00, 0x5F, 0x5F, 0xF7, 0x00, 0x67, 0x5F, 0xF7, 0x00,
    0x6F, 0x5F, 0xF7, 0x00, 0x77, 0x5F, 0xF7, 0x00, 0x7F, 0x5F, 0xF7, 0x00,
    0x87, 0x5F, 0xF7, 0x00, 0x8F, 0x5F, 0xF7, 0x00, 0x97, 0x5F, 0xF7, 0x00,
    0x9F, 0x5F, 0xF7, 0x00, 0xA7, 0x5F, 0xF7, 0x00, 0xAF, 0x5F, 0xF7, 0x00,
    0xB7, 0x5F, 0xF7, 0x00, 0xBF, 0x5F, 0xF7, 0x00, 0xC7, 0x5F, 0xF7, 0x00,
    0xCF, 0x5F, 0xF7, 0x00, 0xD7, 0x5F, 0xF7, 0x00, 0xDF, 0x5F, 0xF7, 0x00,
    0xE7, 0x5F, 0xF7, 0x00, 0xEF, 0x5F, 0xF7, 0x00, 0xF7, 0x5F, 0xF7, 0x00,
    0x00, 0x67, 0xF7, 0x00, 0x07, 0x67, 0xF7, 0x00, 0x0F, 0x67, 0xF7, 0x00,
    0x17, 0x67, 0xF7, 0x00, 0x1F, 0x67, 0xF7, 0x00, 0x27, 0x67, 0xF7, 0x00,
    0x2F, 0x67, 0xF7, 0x00, 0x37, 0x67, 0xF7, 0x00, 0x3F, 0x67, 0xF7, 0x00,
    0x47, 0x67, 0xF7, 0x00, 0x4F, 0x67, 0xF7, 0x00, 0x57, 0x67, 0xF7, 0x00,
    0x5F, 0x67, 0xF7, 0x00, 0x67, 0x67, 0xF7, 0x00, 0x6F, 0x67, 0xF7, 0x00,
    0x77, 0x67, 0xF7, 0x00, 0x7F, 0x67, 0xF7, 0x00, 0x87, 0x67, 0xF7, 0x00,
    0x8F, 0x67, 0xF7, 0x00, 0x97, 0x67, 0xF7, 0x00, 0x9F, 0x67, 0xF7, 0x00,
    0xA7, 0x67, 0xF7, 0x00, 0xAF, 0x67, 0xF7, 0x00, 0xB7, 0x67, 0xF7, 0x00,
    0xBF, 0x67, 0xF7, 0x00, 0xC7, 0x67, 0xF7, 0x00, 0xCF, 0x67, 0xF7, 0x00,
    0xD7, 0x67, 0xF7, 0x00, 0xDF, 0x67, 0xF7, 0x00, 0xE7, 0x67, 0xF7, 0x00,
    0xEF, 0x67, 0xF7, 0x00, 0xF7, 0x67, 0xF7, 0x00, 0x00, 0x6F, 0xF7, 0x00,
    0x07, 0x6F, 0xF7, 0x00, 0x0F, 0x6F, 0xF7, 0x00, 0x17, 0x6F, 0xF7, 0x00,
    0x1F, 0x6F, 0xF7, 0x00, 0x27, 0x6F, 0xF7, 0x00, 0x2F, 0x6F, 0xF7, 0x00,
    0x37, 0x6F, 0xF7, 0x00, 0x3F, 0x6F, 0xF7, 0x00, 0x47, 0x6F, 0xF7, 0x00,
    0x4F, 0x6F, 0xF7, 0x00, 0x57, 0x6F, 0xF7, 0x00, 0x5F, 0x6F, 0xF7, 0x00,
    0x67, 0x6F, 0xF7, 0x00, 0x6F, 0x6F, 0xF7, 0x00, 0x77, 0x6F, 0xF7, 0x00,
    0x7F, 0x6F, 0xF7, 0x00, 0x87, 0x6F, 0xF7, 0x00, 0x8F, 0x6F, 0xF7, 0x00,
    0x97, 0x6F, 0xF7, 0x00, 0x9F, 0x6F, 0xF7, 0x00, 0xA7, 0x6F, 0xF7, 0x00,
    0xAF, 0x6F, 0xF7, 0x00, 0xB7, 0x6F, 0xF7, 0x00, 0xBF, 0x6F, 0xF7, 0x00,
    0xC7, 0x6F, 0xF7, 0x00, 0xCF, 0x6F, 0xF7, 0x00, 0xD7, 0x6F, 0xF7, 0x00,
    0xDF, 0x6F, 0xF7, 0x00, 0xE7, 0x6F, 0xF7, 0x00, 0xEF, 0x6F, 0xF7, 0x00,
    0xF7, 0x6F, 0xF7, 0x00, 0x00, 0x77, 0xF7, 0x00, 0x07, 0x77, 0xF7, 0x00,
    0x0F, 0x77, 0xF7, 0x00, 0x17, 0x77, 0xF7, 0x00, 0x1F, 0x77, 0xF7, 0x00,
    0x27, 0x77, 0xF7, 0x00, 0x2F, 0x77, 0xF7, 0x00, 0x37, 0x77, 0xF7, 0x00,
    0x3F, 0x77, 0xF7, 0x00, 0x47, 0x77, 0xF7, 0x00, 0x4F, 0x77, 0xF7, 0x00,
    0x57, 0x77, 0xF7, 0x00, 0x5F, 0x77, 0xF7, 0x00, 0x67, 0x77, 0xF7, 0x00,
    0x6F, 0x77, 0xF7, 0x00, 0x77, 0x77, 0xF7, 0x00, 0x7F, 0x77, 0xF7, 0x00,
    0x87, 0x77, 0xF7, 0x00, 0x8F, 0x77, 0xF7, 0x00, 0x97, 0x77, 0xF7, 0x00,
    0x9F, 0x77, 0xF7, 0x00, 0xA7, 0x77, 0xF7, 0x00, 0xAF, 0x77, 0xF7, 0x00,
    0xB7, 0x77, 0xF7, 0x00, 0xBF, 0x77, 0xF7, 0x00, 0xC7, 0x77, 0xF7, 0x00,
    0xCF, 0x77, 0xF7, 0x00, 0xD7, 0x77, 0xF7, 0x00, 0xDF, 0x77, 0xF7, 0x00,
    0xE7, 0x77, 0xF7, 0x00, 0xEF, 0x77, 0xF7, 0x00, 0xF7, 0x77, 0xF7, 0x00,
    0x00, 0x7F, 0xF7, 0x00, 0x07, 0x7F, 0xF7, 0x00, 0x0F, 0x7F, 0xF7, 0x00,
    0x17, 0x7F, 0xF7, 0x00, 0x1F, 0x7F, 0xF7, 0x00, 0x27, 0x7F, 0xF7, 0x00,
    0x2F, 0x7F, 0xF7, 0x00, 0x37, 0x7F, 0xF7, 0x00, 0x3F, 0x7F, 0xF7, 0x00,
    0x47, 0x7F, 0xF7, 0x00, 0x4F, 0x7F, 0xF7, 0x00, 0x57, 0x7F, 0xF7, 0x00,
    0x5F, 0x7F, 0xF7, 0x00, 0x67, 0x7F, 0xF7, 0x00, 0x6F, 0x7F, 0xF7, 0x00,
    0x77, 0x7F, 0xF7, 0x00, 0x7F, 0x7F, 0xF7, 0x00, 0x87, 0x7F, 0xF7, 0x00,
    0x8F, 0x7F, 0xF7, 0x00, 0x97, 0x7F, 0xF7, 0x00, 0x9F, 0x7F, 0xF7, 0x00,
    0xA7, 0x7F, 0xF7, 0x00, 0xAF, 0x7F, 0xF7, 0x00, 0xB7, 0x7F, 0xF7, 0x00,
    0xBF, 0x7F, 0xF7, 0x00, 0xC7, 0x7F, 0xF7, 0x00, 0xCF, 0x7F, 0xF7, 0x00,
    0xD7, 0x7F, 0xF7, 0x00, 0xDF, 0x7F, 0xF7, 0x00, 0xE7, 0x7F, 0xF7, 0x00,
    0xEF, 0x7F, 0xF7, 0x00, 0xF7, 0x7F, 0xF7, 0x00, 0x00, 0x87, 0xF7, 0x00,
    0x07, 0x87, 0xF7, 0x00, 0x0F, 0x87, 0xF7, 0x00, 0x17, 0x87, 0xF7, 0x00,
    0x1F, 0x87, 0xF7, 0x00, 0x27, 0x87, 0xF7, 0x00, 0x2F, 0x87, 0xF7, 0x00,
    0x37, 0x87, 0xF7, 0x00, 0x3F, 0x87, 0xF7, 0x00, 0x47, 0x87, 0xF7, 0x00,
    0x4F, 0x87, 0xF7, 0x00, 0x57, 0x87, 0xF7, 0x00, 0x5F, 0x87, 0xF7, 0x00,
    0x67, 0x87, 0xF7, 0x00, 0x6F, 0x87, 0xF7, 0x00, 0x77, 0x87, 0xF7, 0x00,
    0x7F, 0x87, 0xF7, 0x00, 0x87, 0x87, 0xF7, 0x00, 0x8F, 0x87, 0xF7, 0x00,
    0x97, 0x87, 0xF7, 0x00, 0x9F, 0x87, 0xF7, 0x00, 0xA7, 0x87, 0xF7, 0x00,
    0xAF, 0x87, 0xF7, 0x00, 0xB7, 0x87, 0xF7, 0x00, 0xBF, 0x87, 0xF7, 0x00,
    0xC7, 0x87, 0xF7, 0x00, 0xCF, 0x87, 0xF7, 0x00, 0xD7, 0x87, 0xF7, 0x00,
    0xDF, 0x87, 0xF7, 0x00, 0xE7, 0x87, 0xF7, 0x00, 0xEF, 0x87, 0xF7, 0x00,
    0xF7, 0x87, 0xF7, 0x00, 0x00, 0x8F, 0xF7, 0x00, 0x07, 0x8F, 0xF7, 0x00,
    0x0F, 0x8F, 0xF7, 0x00, 0x17, 0x8F, 0xF7, 0x00, 0x1F, 0x8F, 0xF7, 0x00,
    0x27, 0x8F, 0xF7, 0x00, 0x2F, 0x8F, 0xF7, 0x00, 0x37, 0x8F, 0xF7, 0x00,
    0x3F, 0x8F, 0xF7, 0x00, 0x47, 0x8F, 0xF7, 0x00, 0x4F, 0x8F, 0xF7, 0x00,
    0x57, 0x8F, 0xF7, 0x00, 0x5F, 0x8F, 0xF7, 0x00, 0x67, 0x8F, 0xF7, 0x00,
    0x6F, 0x8F, 0xF7, 0x00, 0x77, 0x8F, 0xF7, 0x00, 0x7F, 0x8F, 0xF7, 0x00,
    0x87, 0x8F, 0xF7, 0x00, 0x8F, 0x8F, 0xF7, 0x00, 0x97, 0x8F, 0xF7, 0x00,
    0x9F, 0x8F, 0xF7, 0x00, 0xA7, 0x8F, 0xF7, 0x00, 0xAF, 0x8F, 0xF7, 0x00,
    0xB7, 0x8F, 0xF7, 0x00, 0xBF, 0x8F, 0xF7, 0x00, 0xC7, 0x8F, 0xF7, 0x00,
    0xCF, 0x8F, 0xF7, 0x00, 0xD7, 0x8F, 0xF7, 0x00, 0xDF, 0x8F, 0xF7, 0x00,
    0xE7, 0x8F, 0xF7, 0x00, 0xEF, 0x8F, 0xF7, 0x00, 0xF7, 0x8F, 0xF7, 0x00,
    0x00, 0x97, 0xF7, 0x00, 0x07, 0x97, 0xF7, 0x00, 0x0F, 0x97, 0xF7, 0x00,
    0x17, 0x97, 0xF7, 0x00, 0x1F, 0x97, 0xF7, 0x00, 0x27, 0x97, 0xF7, 0x00,
    0x2F, 0x97, 0xF7, 0x00, 0x37, 0x97, 0xF7, 0x00, 0x3F, 0x97, 0xF7, 0x00,
    0x47, 0x97, 0xF7, 0x00, 0x4F, 0x97, 0xF7, 0x00, 0x57, 0x97, 0xF7, 0x00,
    0x5F, 0x97, 0xF7, 0x00, 0x67, 0x97, 0xF7, 0x00, 0x6F, 0x97, 0xF7, 0x00,
    0x77, 0x97, 0xF7, 0x00, 0x7F, 0x97, 0xF7, 0x00, 0x87, 0x97, 0xF7, 0x00,
    0x8F, 0x97, 0xF7, 0x00, 0x97, 0x97, 0xF7, 0x00, 0x9F, 0x97, 0xF7, 0x00,
    0xA7, 0x97, 0xF7, 0x00, 0xAF, 0x97, 0xF7, 0x00, 0xB7, 0x97, 0xF7, 0x00,
    0xBF, 0x97, 0xF7, 0x00, 0xC7, 0x97, 0xF7, 0x00, 0xCF, 0x97, 0xF7, 0x00,
    0xD7, 0x97, 0xF7, 0x00, 0xDF, 0x97, 0xF7, 0x00, 0xE7, 0x97, 0xF7, 0x00,
    0xEF, 0x97, 0xF7, 0x00, 0xF7, 0x97, 0xF7, 0x00, 0x00, 0x9F, 0xF7, 0x00,
    0x07, 0x9F, 0xF7, 0x00, 0x0F, 0x9F, 0xF7, 0x00, 0x17, 0x9F, 0xF7, 0x00,
    0x1F, 0x9F, 0xF7, 0x00, 0x27, 0x9F, 0xF7, 0x00, 0x2F, 0x9F, 0xF7, 0x00,
    0x37, 0x9F, 0xF7, 0x00, 0x3F, 0x9F, 0xF7, 0x00, 0x47, 0x9F, 0xF7, 0x00,
    0x4F, 0x9F, 0xF7, 0x00, 0x57, 0x9F, 0xF7, 0x00, 0x5F, 0x9F, 0xF7, 0x00,
    0x67, 0x9F, 0xF7, 0x00, 0x6F, 0x9F, 0xF7, 0x00, 0x77, 0x9F, 0xF7, 0x00,
    0x7F, 0x9F, 0xF7, 0x00, 0x87, 0x9F, 0xF7, 0x00, 0x8F, 0x9F, 0xF7, 0x00,
    0x97, 0x9F, 0xF7, 0x00, 0x9F, 0x9F, 0xF7, 0x00, 0xA7, 0x9F, 0xF7, 0x00,
    0xAF, 0x9F, 0xF7, 0x00, 0xB7, 0x9F, 0xF7, 0x00, 0xBF, 0x9F, 0xF7, 0x00,
    0xC7, 0x9F, 0xF7, 0x00, 0xCF, 0x9F, 0xF7, 0x00, 0xD7, 0x9F, 0xF7, 0x00,
    0xDF, 0x9F, 0xF7, 0x00, 0xE7, 0x9F, 0xF7, 0x00, 0xEF, 0x9F, 0xF7, 0x00,
    0xF7, 0x9F, 0xF7, 0x00, 0x00, 0xA7, 0xF7, 0x00, 0x07, 0xA7, 0xF7, 0x00,
    0x0F, 0xA7, 0xF7, 0x00, 0x17, 0xA7, 0xF7, 0x00, 0x1F, 0xA7, 0xF7, 0x00,
    0x27, 0xA7, 0xF7, 0x00, 0x2F, 0xA7, 0xF7, 0x00, 0x37, 0xA7, 0xF7, 0x00,
    0x3F, 0xA7, 0xF7, 0x00, 0x47, 0xA7, 0xF7, 0x00, 0x4F, 0xA7, 0xF7, 0x00,
    0x57, 0xA7, 0xF7, 0x00, 0x5F, 0xA7, 0xF7, 0x00, 0x67, 0xA7, 0xF7, 0x00,
    0x6F, 0xA7, 0xF7, 0x00, 0x77, 0xA7, 0xF7, 0x00, 0x7F, 0xA7, 0xF7, 0x00,
    0x87, 0xA7, 0xF7, 0x00, 0x8F, 0xA7, 0xF7, 0x00, 0x97, 0xA7, 0xF7, 0x00,
    0x9F, 0xA7, 0xF7, 0x00, 0xA7, 0xA7, 0xF7, 0x00, 0xAF, 0xA7, 0xF7, 0x00,
    0xB7, 0xA7, 0xF7, 0x00, 0xBF, 0xA7, 0xF7, 0x00, 0xC7, 0xA7, 0xF7, 0x00,
    0xCF, 0xA7, 0xF7, 0x00, 0xD7, 0xA7, 0xF7, 0x00, 0xDF, 0xA7, 0xF7, 0x00,
    0xE7, 0xA7, 0xF7, 0x00, 0xEF, 0xA7, 0xF7, 0x00, 0xF7, 0xA7, 0xF7, 0x00,
    0x00, 0xAF, 0xF7, 0x00, 0x07, 0xAF, 0xF7, 0x00, 0x0F, 0xAF, 0xF7, 0x00,
    0x17, 0xAF, 0xF7, 0x00, 0x1F, 0xAF, 0xF7, 0x00, 0x27, 0xAF, 0xF7, 0x00,
    0x2F, 0xAF, 0xF7, 0x00, 0x37, 0xAF, 0xF7, 0x00, 0x3F, 0xAF, 0xF7, 0x00,
    0x47, 0xAF, 0xF7, 0x00, 0x4F, 0xAF, 0xF7, 0x00, 0x57, 0xAF, 0xF7, 0x00,
    0x5F, 0xAF, 0xF7, 0x00, 0x67, 0xAF, 0xF7, 0x00, 0x6F, 0xAF, 0xF7, 0x00,
    0x77, 0xAF, 0xF7, 0x00, 0x7F, 0xAF, 0xF7, 0x00, 0x87, 0xAF, 0xF7, 0x00,
    0x8F, 0xAF, 0xF7, 0x00, 0x97, 0xAF, 0xF7, 0x00, 0x9F, 0xAF, 0xF7, 0x00,
    0xA7, 0xAF, 0xF7, 0x00, 0xAF, 0xAF, 0xF7, 0x00, 0xB7, 0xAF, 0xF7, 0x00,
    0xBF, 0xAF, 0xF7, 0x00, 0xC7, 0xAF, 0xF7, 0x00, 0xCF, 0xAF, 0xF7, 0x00,
    0xD7, 0xAF, 0xF7, 0x00, 0xDF, 0xAF, 0xF7, 0x00, 0xE7, 0xAF, 0xF7, 0x00,
    0xEF, 0xAF, 0xF7, 0x00, 0xF7, 0xAF, 0xF7, 0x00, 0x00, 0xB7, 0xF7, 0x00,
    0x07, 0xB7, 0xF7, 0x00, 0x0F, 0xB7, 0xF7, 0x00, 0x17, 0xB7, 0xF7, 0x00,
    0x1F, 0xB7, 0xF7, 0x00, 0x27, 0xB7, 0xF7, 0x00, 0x2F, 0xB7, 0xF7, 0x00,
    0x37, 0xB7, 0xF7, 0x00, 0x3F, 0xB7, 0xF7, 0x00, 0x47, 0xB7, 0xF7, 0x00,
    0x4F, 0xB7, 0xF7, 0x00, 0x57, 0xB7, 0xF7, 0x00, 0x5F, 0xB7, 0xF7, 0x00,
    0x67, 0xB7, 0xF7, 0x00, 0x6F, 0xB7, 0xF7, 0x00, 0x77, 0xB7, 0xF7, 0x00,
    0x7F, 0xB7, 0xF7, 0x00, 0x87, 0xB7, 0xF7, 0x00, 0x8F, 0xB7, 0xF7, 0x00,
    0x97, 0xB7, 0xF7, 0x00, 0x9F, 0xB7, 0xF7, 0x00, 0xA7, 0xB7, 0xF7, 0x00,
    0xAF, 0xB7, 0xF7, 0x00, 0xB7, 0xB7, 0xF7, 0x00, 0xBF, 0xB7, 0xF7, 0x00,
    0xC7, 0xB7, 0xF7, 0x00, 0xCF, 0xB7, 0xF7, 0x00, 0xD7, 0xB7, 0xF7, 0x00,
    0xDF, 0xB7, 0xF7, 0x00, 0xE7, 0xB7, 0xF7, 0x00, 0xEF, 0xB7, 0xF7, 0x00,
    0xF7, 0xB7, 0xF7, 0x00, 0x00, 0xBF, 0xF7, 0x00, 0x07, 0xBF, 0xF7, 0x00,
    0x0F, 0xBF, 0xF7, 0x00, 0x17, 0xBF, 0xF7, 0x00, 0x1F, 0xBF, 0xF7, 0x00,
    0x27, 0xBF, 0xF7, 0x00, 0x2F, 0xBF, 0xF7, 0x00, 0x37, 0xBF, 0xF7, 0x00,
    0x3F, 0xBF, 0xF7, 0x00, 0x47, 0xBF, 0xF7, 0x00, 0x4F, 0xBF, 0xF7, 0x00,
    0x57, 0xBF, 0xF7, 0x00, 0x5F, 0xBF, 0xF7, 0x00, 0x67, 0xBF, 0xF7, 0x00,
    0x6F, 0xBF, 0xF7, 0x00, 0x77, 0xBF, 0xF7, 0x00, 0x7F, 0xBF, 0xF7, 0x00,
    0x87, 0xBF, 0xF7, 0x00, 0x8F, 0xBF, 0xF7, 0x00, 0x97, 0xBF, 0xF7, 0x00,
    0x9F, 0xBF, 0xF7, 0x00, 0xA7, 0xBF, 0xF7, 0x00, 0xAF, 0xBF, 0xF7, 0x00,
    0xB7, 0xBF, 0xF7, 0x00, 0xBF, 0xBF, 0xF7, 0x00, 0xC7, 0xBF, 0xF7, 0x00,
    0xCF, 0xBF, 0xF7, 0x00, 0xD7, 0xBF, 0xF7, 0x00, 0xDF, 0xBF, 0xF7, 0x00,
    0xE7, 0xBF, 0xF7, 0x00, 0xEF, 0xBF, 0xF7, 0x00, 0xF7, 0xBF, 0xF7, 0x00,
    0x00, 0xC7, 0xF7, 0x00, 0x07, 0xC7, 0xF7, 0x00, 0x0F, 0xC7, 0xF7, 0x00,
    0x17, 0xC7, 0xF7, 0x00, 0x1F, 0xC7, 0xF7, 0x00, 0x27, 0xC7, 0xF7, 0x00,
    0x2F, 0xC7, 0xF7, 0x00, 0x37, 0xC7, 0xF7, 0x00, 0x3F, 0xC7, 0xF7, 0x00,
    0x47, 0xC7, 0xF7, 0x00, 0x4F, 0xC7, 0xF7, 0x00, 0x57, 0xC7, 0xF7, 0x00,
    0x5F, 0xC7, 0xF7, 0x00, 0x67, 0xC7, 0xF7, 0x00, 0x6F, 0xC7, 0xF7, 0x00,
    0x77, 0xC7, 0xF7, 0x00, 0x7F, 0xC7, 0xF7, 0x00, 0x87, 0xC7, 0xF7, 0x00,
    0x8F, 0xC7, 0xF7, 0x00, 0x97, 0xC7, 0xF7, 0x00, 0x9F, 0xC7, 0xF7, 0x00,
    0xA7, 0xC7, 0xF7, 0x00, 0xAF, 0xC7, 0xF7, 0x00, 0xB7, 0xC7, 0xF7, 0x00,
    0xBF, 0xC7, 0xF7, 0x00, 0xC7, 0xC7, 0xF7, 0x00, 0xCF, 0xC7, 0xF7, 0x00,
    0xD7, 0xC7, 0xF7, 0x00, 0xDF, 0xC7, 0xF7, 0x00, 0xE7, 0xC7, 0xF7, 0x00,
    0xEF, 0xC7, 0xF7, 0x00, 0xF7, 0xC7, 0xF7, 0x00, 0x00, 0xCF, 0xF7, 0x00,
    0x07, 0xCF, 0xF7, 0x00, 0x0F, 0xCF, 0xF7, 0x00, 0x17, 0xCF, 0xF7, 0x00,
    0x1F, 0xCF, 0xF7, 0x00, 0x27, 0xCF, 0xF7, 0x00, 0x2F, 0xCF, 0xF7, 0x00,
    0x37, 0xCF, 0xF7, 0x00, 0x3F, 0xCF, 0xF7, 0x00, 0x47, 0xCF, 0xF7, 0x00,
    0x4F, 0xCF, 0xF7, 0x00, 0x57, 0xCF, 0xF7, 0x00, 0x5F, 0xCF, 0xF7, 0x00,
    0x67, 0xCF, 0xF7, 0x00, 0x6F, 0xCF, 0xF7, 0x00, 0x77, 0xCF, 0xF7, 0x00,
    0x7F, 0xCF, 0xF7, 0x00, 0x87, 0xCF, 0xF7, 0x00, 0x8F, 0xCF, 0xF7, 0x00,
    0x97, 0xCF, 0xF7, 0x00, 0x9F, 0xCF, 0xF7, 0x00, 0xA7, 0xCF, 0xF7, 0x00,
    0xAF, 0xCF, 0xF7, 0x00, 0xB7, 0xCF, 0xF7, 0x00, 0xBF, 0xCF, 0xF7, 0x00,
    0xC7, 0xCF, 0xF7, 0x00, 0xCF, 0xCF, 0xF7, 0x00, 0xD7, 0xCF, 0xF7, 0x00,
    0xDF, 0xCF, 0xF7, 0x00, 0xE7, 0xCF, 0xF7, 0x00, 0xEF, 0xCF, 0xF7, 0x00,
    0xF7, 0xCF, 0xF7, 0x00, 0x00, 0xD7, 0xF7, 0x00, 0x07, 0xD7, 0xF7, 0x00,
    0x0F, 0xD7, 0xF7, 0x00, 0x17, 0xD7, 0xF7, 0x00, 0x1F, 0xD7, 0xF7, 0x00,
    0x27, 0xD7, 0xF7, 0x00, 0x2F, 0xD7, 0xF7, 0x00, 0x37, 0xD7, 0xF7, 0x00,
    0x3F, 0xD7, 0xF7, 0x00, 0x47, 0xD7, 0xF7, 0x00, 0x4F, 0xD7, 0xF7, 0x00,
    0x57, 0xD7, 0xF7, 0x00, 0x5F, 0xD7, 0xF7, 0x00, 0x67, 0xD7, 0xF7, 0x00,
    0x6F, 0xD7, 0xF7, 0x00, 0x77, 0xD7, 0xF7, 0x00, 0x7F, 0xD7, 0xF7, 0x00,
    0x87, 0xD7, 0xF7, 0x00, 0x8F, 0xD7, 0xF7, 0x00, 0x97, 0xD7, 0xF7, 0x00,
    0x9F, 0xD7, 0xF7, 0x00, 0xA7, 0xD7, 0xF7, 0x00, 0xAF, 0xD7, 0xF7, 0x00,
    0xB7, 0xD7, 0xF7, 0x00, 0xBF, 0xD7, 0xF7, 0x00, 0xC7, 0xD7, 0xF7, 0x00,
    0xCF, 0xD7, 0xF7, 0x00, 0xD7, 0xD7, 0xF7, 0x00, 0xDF, 0xD7, 0xF7, 0x00,
    0xE7, 0xD7, 0xF7, 0x00, 0xEF, 0xD7, 0xF7, 0x00, 0xF7, 0xD7, 0xF7, 0x00,
    0x00, 0xDF, 0xF7, 0x00, 0x07, 0xDF, 0xF7, 0x00, 0x0F, 0xDF, 0xF7, 0x00,
    0x17, 0xDF, 0xF7, 0x00, 0x1F, 0xDF, 0xF7, 0x00, 0x27, 0xDF, 0xF7, 0x00,
    0x2F, 0xDF, 0xF7, 0x00, 0x37, 0xDF, 0xF7, 0x00, 0x3F, 0xDF, 0xF7, 0x00,
    0x47, 0xDF, 0xF7, 0x00, 0x4F, 0xDF, 0xF7, 0x00, 0x57, 0xDF, 0xF7, 0x00,
    0x5F, 0xDF, 0xF7, 0x00, 0x67, 0xDF, 0xF7, 0x00, 0x6F, 0xDF, 0xF7, 0x00,
    0x77, 0xDF, 0xF7, 0x00, 0x7F, 0xDF, 0xF7, 0x00, 0x87, 0xDF, 0xF7, 0x00,
    0x8F, 0xDF, 0xF7, 0x00, 0x97, 0xDF, 0xF7, 0x00, 0x9F, 0xDF, 0xF7, 0x00,
    0xA7, 0xDF, 0xF7, 0x00, 0xAF, 0xDF, 0xF7, 0x00, 0xB7, 0xDF, 0xF7, 0x00,
    0xBF, 0xDF, 0xF7, 0x00, 0xC7, 0xDF, 0xF7, 0x00, 0xCF, 0xDF, 0xF7, 0x00,
    0xD7, 0xDF, 0xF7, 0x00, 0xDF, 0xDF, 0xF7, 0x00, 0xE7, 0xDF, 0xF7, 0x00,
    0xEF, 0xDF, 0xF7, 0x00, 0xF7, 0xDF, 0xF7, 0x00, 0x00, 0xE7, 0xF7, 0x00,
    0x07, 0xE7, 0xF7, 0x00, 0x0F, 0xE7, 0xF7, 0x00, 0x17, 0xE7, 0xF7, 0x00,
    0x1F, 0xE7, 0xF7, 0x00, 0x27, 0xE7, 0xF7, 0x00, 0x2F, 0xE7, 0xF7, 0x00,
    0x37, 0xE7, 0xF7, 0x00, 0x3F, 0xE7, 0xF7, 0x00, 0x47, 0xE7, 0xF7, 0x00,
    0x4F, 0xE7, 0xF7, 0x00, 0x57, 0xE7, 0xF7, 0x00, 0x5F, 0xE7, 0xF7, 0x00,
    0x67, 0xE7, 0xF7, 0x00, 0x6F, 0xE7, 0xF7, 0x00, 0x77, 0xE7, 0xF7, 0x00,
    0x7F, 0xE7, 0xF7, 0x00, 0x87, 0xE7, 0xF7, 0x00, 0x8F, 0xE7, 0xF7, 0x00,
    0x97, 0xE7, 0xF7, 0x00, 0x9F, 0xE7, 0xF7, 0x00, 0xA7, 0xE7, 0xF7, 0x00,
    0xAF, 0xE7, 0xF7, 0x00, 0xB7, 0xE7, 0xF7, 0x00, 0xBF, 0xE7, 0xF7, 0x00,
    0xC7, 0xE7, 0xF7, 0x00, 0xCF, 0xE7, 0xF7, 0x00, 0xD7, 0xE7, 0xF7, 0x00,
    0xDF, 0xE7, 0xF7, 0x00, 0xE7, 0xE7, 0xF7, 0x00, 0xEF, 0xE7, 0xF7, 0x00,
    0xF7, 0xE7, 0xF7, 0x00, 0x00, 0xEF, 0xF7, 0x00, 0x07, 0xEF, 0xF7, 0x00,
    0x0F, 0xEF, 0xF7, 0x00, 0x17, 0xEF, 0xF7, 0x00, 0x1F, 0xEF, 0xF7, 0x00,
    0x27, 0xEF, 0xF7, 0x00, 0x2F, 0xEF, 0xF7, 0x00, 0x37, 0xEF, 0xF7, 0x00,
    0x3F, 0xEF, 0xF7, 0x00, 0x47, 0xEF, 0xF7, 0x00, 0x4F, 0xEF, 0xF7, 0x00,
    0x57, 0xEF, 0xF7, 0x00, 0x5F, 0xEF, 0xF7, 0x00, 0x67, 0xEF, 0xF7, 0x00,
    0x6F, 0xEF, 0xF7, 0x00, 0x77, 0xEF, 0xF7, 0x00, 0x7F, 0xEF, 0xF7, 0x00,
    0x87, 0xEF, 0xF7, 0x00, 0x8F, 0xEF, 0xF7, 0x00, 0x97, 0xEF, 0xF7, 0x00,
    0x9F, 0xEF, 0xF7, 0x00, 0xA7, 0xEF, 0xF7, 0x00, 0xAF, 0xEF, 0xF7, 0x00,
    0xB7, 0xEF, 0xF7, 0x00, 0xBF, 0xEF, 0xF7, 0x00, 0xC7, 0xEF, 0xF7, 0x00,
    0xCF, 0xEF, 0xF7, 0x00, 0xD7, 0xEF, 0xF7, 0x00, 0xDF, 0xEF, 0xF7, 0x00,
    0xE7, 0xEF, 0xF7, 0x00, 0xEF, 0xEF, 0xF7, 0x00, 0xF7, 0xEF, 0xF7, 0x00,
    0x00, 0xF7, 0xF7, 0x00, 0x07, 0xF7, 0xF7, 0x00, 0x0F, 0xF7, 0xF7, 0x00,
    0x17, 0xF7, 0xF7, 0x00, 0x1F, 0xF7, 0xF7, 0x00, 0x27, 0xF7, 0xF7, 0x00,
    0x2F, 0xF7, 0xF7, 0x00, 0x37, 0xF7, 0xF7, 0x00, 0x3F, 0xF7, 0xF7, 0x00,
    0x47, 0xF7, 0xF7, 0x00, 0x4F, 0xF7, 0xF7, 0x00, 0x57, 0xF7, 0xF7, 0x00,
    0x5F, 0xF7, 0xF7, 0x00, 0x67, 0xF7, 0xF7, 0x00, 0x6F, 0xF7, 0xF7, 0x00,
    0x77, 0xF7, 0xF7, 0x00, 0x7F, 0xF7, 0xF7, 0x00, 0x87, 0xF7, 0xF7, 0x00,
    0x8F, 0xF7, 0xF7, 0x00, 0x97, 0xF7, 0xF7, 0x00, 0x9F, 0xF7, 0xF7, 0x00,
    0xA7, 0xF7, 0xF7, 0x00, 0xAF, 0xF7, 0xF7, 0x00, 0xB7, 0xF7, 0xF7, 0x00,
    0xBF, 0xF7, 0xF7, 0x00, 0xC7, 0xF7, 0xF7, 0x00, 0xCF, 0xF7, 0xF7, 0x00,
    0xD7, 0xF7, 0xF7, 0x00, 0xDF, 0xF7, 0xF7, 0x00, 0xE7, 0xF7, 0xF7, 0x00,
    0xEF, 0xF7, 0xF7, 0x00, 0xF7, 0xF7, 0xF7, 0x00,
};

#endif // SMOKE_VOLUME_H
